time,seconds_elapsed,z,y,x
1746739108197301000,0.025301025390625,-0.0037187347188591957,-0.0006624800153076649,-0.05533047020435333
1746739108207380000,0.0353798828125,-0.004034586250782013,-0.0015133600682020187,-0.053551480174064636
1746739108217459000,0.045458984375,-0.008539647795259953,-0.005207089241594076,-0.04889095202088356
1746739108227538200,0.0555380859375,-0.0061140405014157295,-0.011434359475970268,-0.04667466878890991
1746739108237617000,0.065616943359375,-0.003982239402830601,-0.016776666045188904,-0.040712807327508926
1746739108247696000,0.07569580078125,0.0010210410691797733,-0.015931379050016403,-0.034441862255334854
1746739108257775000,0.085775146484375,0.005751895718276501,-0.007367075886577368,-0.02428305335342884
1746739108267854000,0.09585400390625,0.009484581649303436,-0.0045065744780004025,-0.019249945878982544
1746739108277932800,0.105932861328125,0.010318964719772339,0.0012874249368906021,-0.020079756155610085
1746739108288012000,0.116011962890625,0.006374024786055088,0.00350024551153183,-0.018759094178676605
1746739108298090000,0.126090087890625,0.005279968027025461,0.0026439018547534943,-0.021275460720062256
1746739108308169000,0.1361689453125,0.006432317662984133,0.0013703787699341774,-0.016566991806030273
1746739108318248000,0.146248046875,0.006425231229513884,0.0019218232482671738,-0.007258047349750996
1746739108328327000,0.156326904296875,0.0037881690077483654,0.008922474458813667,-0.008263124153017998
1746739108338406100,0.16640625,0.0031459927558898926,0.013899516314268112,-0.010269919410347939
1746739108348485000,0.176485107421875,0.004914598073810339,0.006975031457841396,-0.012598853558301926
1746739108358563800,0.186563720703125,0.0024596829898655415,-0.004846306052058935,-0.00776353944092989
1746739108368643000,0.19664306640625,0.002423730446025729,-0.014416907913982868,0.004364496096968651
1746739108378722000,0.20672216796875,-0.001442781649529934,-0.01726638153195381,0.021640123799443245
1746739108388801000,0.216801025390625,-0.008246625773608685,-0.01445674616843462,0.030666377395391464
1746739108398880000,0.2268798828125,-0.0055014099925756454,-0.00010092044249176979,0.03619648888707161
1746739108408959000,0.236958984375,-0.004107777960598469,0.006574292667210102,0.027794748544692993
1746739108419038000,0.247037841796875,-0.0025055608712136745,0.012127256020903587,0.012974148616194725
1746739108429117000,0.257116943359375,-0.0015667970292270184,0.002666907850652933,-0.00441815797239542
1746739108439196200,0.267196044921875,0.002514187479391694,-0.009203572757542133,-0.017271235585212708
1746739108449275100,0.277275146484375,0.006746216677129269,-0.00831594131886959,-0.033263254910707474
1746739108459353900,0.287353759765625,0.0023831294383853674,-0.006525293458253145,-0.03964237868785858
1746739108469433000,0.29743310546875,0.00484202615916729,-0.006054446566849947,-0.04301420599222183
1746739108479512000,0.307511962890625,0.0037066324148327112,-0.0030249725095927715,-0.04091494157910347
1746739108489590800,0.3175908203125,0.005253929179161787,-0.006717445328831673,-0.031440746039152145
1746739108499670000,0.327669921875,0.004051380790770054,-0.0015131272375583649,-0.026470834389328957
1746739108509749000,0.3377490234375,0.004103844985365868,-0.00020977621898055077,-0.014522295445203781
1746739108519828000,0.347827880859375,0.0015933699905872345,-0.0012291022576391697,0.010168510489165783
1746739108529906000,0.357906005859375,0.0006956183351576328,-0.0016477513127028942,0.033309515565633774
1746739108539985000,0.36798486328125,0.0003150966949760914,-0.0027320249937474728,0.04067019745707512
1746739108550064000,0.378064208984375,0.00008260272443294525,0.0016230428591370583,0.038130875676870346
1746739108560143000,0.38814306640625,-0.002798178233206272,-0.00008347071707248688,0.02656622976064682
1746739108570221800,0.398221923828125,-0.0037313494831323624,0.0029551959596574306,0.01274948287755251
1746739108580301000,0.408301025390625,-0.0021302462555468082,0.0037592980079352856,0.0020139378029853106
1746739108590380000,0.418380126953125,0.0001001511700451374,0.0018620616756379604,-0.0060381293296813965
1746739108600459000,0.428458984375,0.006345354486256838,-0.007564660161733627,-0.009845705702900887
1746739108610538000,0.4385380859375,0.010246885940432549,-0.016136575490236282,-0.010490989312529564
1746739108620616700,0.44861669921875,0.008324464783072472,-0.010191603563725948,-0.01271254476159811
1746739108630696000,0.458696044921875,0.006017634645104408,-0.005057295318692923,-0.008156674914062023
1746739108640774700,0.468774658203125,0.0010088351555168629,-0.0014284388162195683,-0.003169719595462084
1746739108650853600,0.478853515625,-0.0025848345831036568,0.0028376788832247257,0.0008601758745498955
1746739108660932900,0.488932861328125,-0.007376186084002256,0.004879256244748831,0.007908073253929615
1746739108671011600,0.499011474609375,-0.003922332543879747,0.0065261549316346645,0.004595899023115635
1746739108681090600,0.509090576171875,-0.0028617712669074535,0.003792754840105772,-0.0011251571122556925
1746739108691169800,0.519169677734375,0.004333290737122297,0.00753928953781724,-0.005349729675799608
1746739108701248800,0.529248779296875,0.007564430125057697,0.0024885726161301136,-0.007580047473311424
1746739108711327700,0.53932763671875,0.009866200387477875,-0.005936071276664734,-0.00909432116895914
1746739108721406700,0.54940673828125,0.01029779203236103,-0.008253122679889202,-0.011454387567937374
1746739108731485700,0.559485595703125,0.007724113762378693,0.0022738203406333923,-0.011120693758130074
1746739108741564700,0.569564697265625,0.00767342746257782,0.003215381409972906,-0.007670142222195864
1746739108751643600,0.5796435546875,0.005668865982443094,0.0033722412772476673,0.000022132619051262736
1746739108761723000,0.589722900390625,0.004822378046810627,-0.0026057236827909946,0.0070151411928236485
1746739108771800800,0.59980078125,0.0046934811398386955,-0.004404156468808651,0.009375234134495258
1746739108781879600,0.609879638671875,-0.0018292805179953575,-0.0009162817150354385,0.01264682225883007
1746739108791958800,0.619958740234375,-0.004346500616520643,0.002167925238609314,0.01204334944486618
1746739108802037800,0.630037841796875,-0.0013755513355135918,0.003256059717386961,0.01825658418238163
1746739108812116700,0.64011669921875,-0.0007417192682623863,-0.0017842389643192291,0.01795937493443489
1746739108822195700,0.65019580078125,0.0006843460723757744,-0.003779743565246463,0.019921164959669113
1746739108832274700,0.660274658203125,0.0032231376972049475,-0.006620271131396294,0.015023079700767994
1746739108842354000,0.67035400390625,0.004454018548130989,-0.005129501223564148,0.003804993350058794
1746739108852432600,0.6804326171875,0.003257193835452199,-0.0022319816052913666,-0.007576824631541967
1746739108862511600,0.69051171875,0.0030336230993270874,-0.001790197566151619,-0.013531998731195927
1746739108872590800,0.7005908203125,0.003034954657778144,-0.003997425548732281,-0.011322373524308205
1746739108882669600,0.710669677734375,0.00249371025711298,-0.0021777539514005184,-0.011925526894629002
1746739108892748500,0.72074853515625,0.0021496296394616365,-0.0032531381584703922,-0.01215881947427988
1746739108902827800,0.730827880859375,0.0014885594137012959,0.0007737935520708561,-0.018329283222556114
1746739108912906800,0.74090673828125,0.0010557956993579865,0.005772014614194632,-0.016536977142095566
1746739108922985700,0.75098583984375,0.0028802535962313414,-0.000500562135130167,-0.010804175399243832
1746739108933064700,0.761064697265625,0.007947184145450592,-0.0036111341323703527,0.009019862860441208
1746739108943143700,0.771143798828125,0.006486943922936916,-0.00377318705432117,0.025740304961800575
1746739108953222700,0.78122265625,0.0035042036324739456,0.0045100427232682705,0.034336987882852554
1746739108963301600,0.791301513671875,-0.003988067619502544,0.007927410304546356,0.03330687806010246
1746739108973380900,0.801380859375,-0.005511661991477013,0.009197473526000977,0.027720632031559944
1746739108983459600,0.81145947265625,-0.00278240954503417,0.004647097084671259,0.027304086834192276
1746739108993538600,0.82153857421875,0.0036738922353833914,-0.004708055406808853,0.02714722789824009
1746739109003617800,0.83161767578125,0.007744074799120426,-0.004437711555510759,0.020103618502616882
1746739109013695700,0.84169580078125,0.008665528148412704,-0.0049141510389745235,0.01781569793820381
1746739109023774700,0.851774658203125,0.0032401494681835175,-0.003353172680363059,0.006052967626601458
1746739109033853700,0.861853759765625,0.0008065528236329556,0.0013614213094115257,-0.005965878255665302
1746739109043932700,0.8719326171875,0.006094244308769703,0.005743889138102531,-0.018732568249106407
1746739109054012000,0.882011962890625,0.00774620333686471,-0.00024635856971144676,-0.02127482183277607
1746739109064090600,0.892090576171875,0.009507485665380955,-0.0010594590567052364,-0.01430860348045826
1746739109074169600,0.902169677734375,0.010513627901673317,-0.004003849811851978,0.0004327924980316311
1746739109084248800,0.912248779296875,0.007432989776134491,-0.0028423429466784,0.010000702925026417
1746739109094327800,0.922327880859375,0.0023735163267701864,0.001681036315858364,0.014207165688276291
1746739109104406500,0.932406494140625,-0.0005051703192293644,0.005127016920596361,0.014251233078539371
1746739109114485800,0.94248583984375,-0.002755275461822748,0.00799071416258812,0.006723541766405106
1746739109124564700,0.952564697265625,0.003719551023095846,0.004494698252528906,0.004476695321500301
1746739109134643700,0.962643798828125,0.005691355559974909,-0.00485406257212162,0.0027754679322242737
1746739109144722700,0.97272265625,0.007016053888946772,-0.006520436145365238,0.0012631922727450728
1746739109154801700,0.9828017578125,0.00301252375356853,-0.00448205228894949,0.0013417555019259453
1746739109164880600,0.992880615234375,0.005721372086554766,0.0008712341077625751,0.00172349251806736
1746739109174959600,1.002959716796875,0.0001934487372636795,0.0038638287223875523,-0.007069466169923544
1746739109185038800,1.013038818359375,0.0006512617692351341,0.00046886177733540535,-0.009177863597869873
1746739109195117800,1.023117919921875,0.0013338299468159676,-0.004612982273101807,-0.013370211236178875
1746739109205196500,1.033196533203125,0.0009569479152560234,-0.006223028060048819,-0.013316921889781952
1746739109215275800,1.04327587890625,0.0014043590053915977,-0.005237924866378307,-0.011991732753813267
1746739109225354800,1.053354736328125,0.0006985636427998543,-0.005614763125777245,-0.013681934215128422
1746739109235432700,1.0634326171875,0.0028408102225512266,-0.004863485228270292,-0.013004692271351814
1746739109245511700,1.07351171875,0.0020665102638304234,-0.00911994930356741,-0.007525664754211903
1746739109255590700,1.083590576171875,-0.000011554453521966934,-0.0077838413417339325,-0.008497718721628189
1746739109265670000,1.093669921875,0.00001998990774154663,-0.004619006998836994,-0.008687175810337067
1746739109275748600,1.10374853515625,-0.00018933415412902832,0.0003118356689810753,-0.01454879343509674
1746739109285827600,1.11382763671875,-0.0014269063249230385,0.0019164634868502617,-0.015759043395519257
1746739109295906800,1.12390673828125,0.004316733218729496,0.0003595794551074505,-0.01339894998818636
1746739109305985800,1.13398583984375,0.0045429980382323265,-0.006471598986536264,0.0011058251839131117
1746739109316064500,1.144064453125,0.005071368999779224,-0.00585614237934351,0.019071510061621666
1746739109326143700,1.154143798828125,0.0022252188064157963,-0.004502592608332634,0.026283936575055122
1746739109336222700,1.16422265625,-0.002977532334625721,0.0029063215479254723,0.018888337537646294
1746739109346301700,1.1743017578125,-0.00609894935041666,0.007314418908208609,0.0028754700906574726
1746739109356380700,1.184380615234375,-0.004511439241468906,0.009575443342328072,-0.013996987603604794
1746739109366459600,1.194459716796875,0.002174811437726021,0.0012822928838431835,-0.01823391579091549
1746739109376539000,1.204538818359375,0.005159682594239712,-0.0075519452802836895,-0.014839185401797295
1746739109386617600,1.21461767578125,0.007913301698863506,-0.016661085188388824,-0.0016615457134321332
1746739109396696800,1.22469677734375,0.003306831931695342,-0.014680493623018265,0.0034218961372971535
1746739109406775800,1.23477587890625,0.0020155690144747496,-0.005495346616953611,0.0005173176759853959
1746739109416854500,1.2448544921875,-0.0013373508118093014,0.0030675148591399193,-0.004294481594115496
1746739109426933800,1.254933837890625,0.0014707455411553383,0.007894421927630901,-0.01106503326445818
1746739109437012700,1.2650126953125,0.0017413226887583733,-0.0019259843975305557,-0.008555004373192787
1746739109447090700,1.275090576171875,0.004161129705607891,-0.005234956741333008,-0.005498868878930807
1746739109457169700,1.285169677734375,0.00719340518116951,-0.00672552827745676,-0.0011267573572695255
1746739109467248600,1.29524853515625,0.005420865025371313,-0.004039802588522434,0.0023281641770154238
1746739109477328000,1.305327880859375,0.0028386639896780252,-0.0016016787849366665,0.001374486368149519
1746739109487406800,1.31540673828125,0.001252099871635437,0.0015571638941764832,-0.0021405136212706566
1746739109497485600,1.325485595703125,0.0018848669715225697,-0.001669522374868393,-0.0064156861044466496
1746739109507564800,1.335564697265625,0.003648190526291728,-0.0032331645488739014,-0.01693599857389927
1746739109517643800,1.345643798828125,0.003594394540414214,-0.0069101909175515175,-0.020935799926519394
1746739109527722500,1.355722412109375,0.0013012955896556377,-0.00532492995262146,-0.018138689920306206
1746739109537801700,1.3658017578125,-0.0023584202863276005,-0.0022902577184140682,-0.009250123053789139
1746739109547880700,1.375880615234375,-0.0015640896745026112,-0.001482133287936449,0.002515888772904873
1746739109557959700,1.385959716796875,-0.0008849836885929108,0.007181928493082523,0.002522014081478119
1746739109568038700,1.39603857421875,-0.0033505666069686413,0.0005135880783200264,0.008078373037278652
1746739109578117600,1.40611767578125,-0.002092755399644375,0.00041931215673685074,0.009054954163730145
1746739109588196900,1.41619677734375,0.002063401974737644,-0.0016246126033365726,0.00586987379938364
1746739109598275600,1.426275634765625,0.0051460107788443565,-0.0024714977480471134,0.0020429114811122417
1746739109608354800,1.436354736328125,0.006684667430818081,-0.011194880120456219,0.00527343200519681
1746739109618434300,1.446434326171875,0.009327588602900505,-0.010656388476490974,0.00415916508063674
1746739109628513000,1.456512939453125,0.003618806367740035,-0.00434989295899868,0.004299035761505365
1746739109638591000,1.466591064453125,0.003035307861864567,0.001768719870597124,0.0005026995204389095
1746739109648670200,1.476670166015625,0.0017455415800213814,0.005624530371278524,-0.004467674531042576
1746739109658749200,1.486749267578125,0.0038896524347364902,0.008525244891643524,-0.012173265218734741
1746739109668828000,1.496827880859375,0.006467841565608978,-0.0017480128444731236,-0.011144665069878101
1746739109678907100,1.5069072265625,0.011221317574381828,-0.006150484085083008,-0.010308432392776012
1746739109688986000,1.516986083984375,0.008026620373129845,-0.0062249936163425446,-0.01000157929956913
1746739109699065000,1.527065185546875,0.0030268013942986727,-0.007113424129784107,-0.008587174117565155
1746739109709144000,1.53714404296875,-0.0004071085713803768,-0.0029996982775628567,-0.004562395624816418
1746739109719223000,1.54722314453125,-0.005735295359045267,-0.0027437685057520866,0.0022422471083700657
1746739109729302300,1.55730224609375,-0.00645130081102252,0.002142797689884901,0.009112298488616943
1746739109739381000,1.567381103515625,-0.002400366123765707,0.0067972042597830296,0.013010633178055286
1746739109749460000,1.5774599609375,-0.0016991118900477886,0.0036982474848628044,0.011981029994785786
1746739109759539200,1.587539306640625,-0.0005542188882827759,0.0026809200644493103,0.011243334040045738
1746739109769618000,1.597617919921875,-0.00007138773798942566,0.000332011841237545,-0.00028895243303850293
1746739109779697200,1.607697265625,0.0013603274710476398,-0.0013742754235863686,-0.01032214518636465
1746739109789776100,1.617776123046875,0.0017429357394576073,-0.007217844948172569,-0.020595772191882133
1746739109799855000,1.627855224609375,0.0033893019426614046,-0.00866367481648922,-0.022059444338083267
1746739109809934000,1.63793408203125,0.004134912509471178,-0.003222605213522911,-0.011726299300789833
1746739109820013000,1.648012939453125,0.0006914455443620682,-0.0013671806082129478,-0.00183904729783535
1746739109830091000,1.658091064453125,-0.0005759089253842831,-0.00024129869416356087,0.008669761009514332
1746739109840170200,1.668170166015625,0.0009708553552627563,0.002739044837653637,0.011890321969985962
1746739109850249000,1.6782490234375,-0.0008721407502889633,0.00002282625064253807,0.013732480816543102
1746739109860328200,1.688328125,-0.00092673534527421,-0.0019777403213083744,0.0169431883841753
1746739109870407200,1.6984072265625,-0.000940701924264431,-0.0022639608941972256,0.011623894795775414
1746739109880486000,1.70848583984375,-0.0008520190604031086,0.0017717927694320679,0.008509327657520771
1746739109890565000,1.718565185546875,0.002899798797443509,0.0011937245726585388,0.003831243608146906
1746739109900644000,1.72864404296875,0.0007586171850562096,0.0025647198781371117,-0.005746548529714346
1746739109910723000,1.73872314453125,0.0016422825865447521,0.0025959312915802,-0.009653345681726933
1746739109920802000,1.748802001953125,0.00359917338937521,-0.00036949804052710533,-0.016181020066142082
1746739109930881000,1.758881103515625,0.002581801265478134,-0.002820303663611412,-0.01820046827197075
1746739109940960300,1.768960205078125,0.002786065684631467,-0.004030444193631411,-0.016837196424603462
1746739109951039000,1.7790390625,0.005009657237678766,-0.006551726721227169,-0.008530370891094208
1746739109961118000,1.789117919921875,0.004605655558407307,-0.009829279035329819,-0.0013494231970980763
1746739109971197200,1.799197265625,0.004247271455824375,-0.010241147130727768,0.007925902493298054
1746739109981276200,1.809276123046875,0.004530365113168955,-0.009490402415394783,0.015510317869484425
1746739109991355100,1.819355224609375,0.0038728879299014807,-0.013924913480877876,0.018026215955615044
1746739110001434000,1.82943408203125,0.005765063688158989,-0.008688073605298996,0.018734082579612732
1746739110011513000,1.83951318359375,0.0025755304377526045,-0.004785430617630482,0.014310112223029137
1746739110021591300,1.84959130859375,0.0031118912156671286,-0.001703087706118822,0.016407351940870285
1746739110031670000,1.859669921875,0.002863195724785328,-0.007855360396206379,0.01192203164100647
1746739110041749000,1.8697490234375,0.004516752436757088,-0.0026704519987106323,0.009658611379563808
1746739110051828200,1.879828125,0.0065898890607059,-0.0029418733902275562,0.00539055559784174
1746739110061907000,1.889906982421875,0.005717437248677015,-0.005395177286118269,-0.0020891984459012747
1746739110071986200,1.899986083984375,0.0050057219341397285,-0.0053895157761871815,-0.00878135021775961
1746739110082065200,1.910065185546875,0.003920217510312796,-0.0040390267968177795,-0.004261433612555265
1746739110092144000,1.92014404296875,0.0034364836756139994,-0.006564673501998186,-0.0023978841491043568
1746739110102223000,1.93022314453125,0.002507040509954095,-0.005604337435215712,0.001385668758302927
1746739110112302000,1.940302001953125,0.00118960440158844,-0.0031146779656410217,0.004486864898353815
1746739110122381000,1.950381103515625,0.0033747281413525343,-0.0040342677384614944,0.013398866169154644
1746739110132460000,1.9604599609375,0.00866505317389965,0.002033049240708351,0.009954093024134636
1746739110142539000,1.9705390625,0.005421589594334364,-0.002685273066163063,0.007018756587058306
1746739110152618200,1.9806181640625,0.007602614816278219,-0.008620033971965313,0.009967278689146042
1746739110162697000,1.990697021484375,0.006988755892962217,-0.005246341228485107,0.010508965700864792
1746739110172776000,2.00077587890625,0.003381298156455159,0.0009444523602724075,0.01683572679758072
1746739110182855200,2.010855224609375,0.00039616087451577187,0.001117025502026081,0.01984935998916626
1746739110192934100,2.02093408203125,-0.000005028676241636276,0.005737147759646177,0.02750525251030922
1746739110203012000,2.03101220703125,0.003452020464465022,0.0028137951157987118,0.03466303274035454
1746739110213091000,2.041091064453125,0.003740279469639063,0.0020051682367920876,0.032607998698949814
1746739110223170000,2.051170166015625,0.0030507869087159634,0.013017338700592518,0.029303014278411865
1746739110233249300,2.061249267578125,0.003839139360934496,0.010742650367319584,0.01972363330423832
1746739110243328000,2.071327880859375,-0.0003356318920850754,0.007383606396615505,0.024312259629368782
1746739110253407000,2.081406982421875,0.000727873295545578,-0.005116831511259079,0.012386220507323742
1746739110263486200,2.091486328125,0.0008059036917984486,-0.010968329384922981,0.0034507829695940018
1746739110273565000,2.10156494140625,-0.00017791427671909332,-0.00830568466335535,0.004200072027742863
1746739110283644200,2.11164404296875,-0.0031934119760990143,-0.004859554581344128,0.00720784580335021
1746739110293723100,2.12172314453125,-0.011816401965916157,0.0004204362630844116,0.007873792201280594
1746739110303802000,2.131802001953125,-0.00810608547180891,0.00302767101675272,0.0035062083043158054
1746739110313881000,2.141881103515625,-0.0011813188903033733,0.0012819957919418812,0.003045245073735714
1746739110323960000,2.1519599609375,0.0011867638677358627,0.001341118011623621,0.0025562886148691177
1746739110334039000,2.1620390625,0.0026484145782887936,-0.0007721022702753544,-0.0005279080360196531
1746739110344118000,2.172117919921875,0.0017764957156032324,0.0016487105749547482,0.00539256539195776
1746739110354197000,2.182197021484375,-0.000918226782232523,-0.0013026525266468525,0.007295854855328798
1746739110364276200,2.192276123046875,-0.0018146466463804245,0.0029655960388481617,0.0010597970103845
1746739110374355200,2.202355224609375,-0.0041341111063957214,0.004715094808489084,-0.003309013554826379
1746739110384433200,2.21243310546875,-0.0020515196956694126,0.0022692480124533176,-0.0026863666716963053
1746739110394512100,2.22251220703125,0.0016854554414749146,0.003354270476847887,-0.005999543238431215
1746739110404591000,2.232591064453125,-0.001173448283225298,0.0023699658922851086,-0.01148618757724762
1746739110414670000,2.242670166015625,-0.0022172285243868828,0.0027800309471786022,-0.013095752336084843
1746739110424749000,2.2527490234375,-0.00010534189641475677,0.003421320114284754,-0.012728502042591572
1746739110434828000,2.262828125,0.0015530525706708431,0.005345883779227734,-0.012002549134194851
1746739110444907300,2.2729072265625,0.00032826466485857964,0.0038111042231321335,-0.006035204511135817
1746739110454986000,2.282986083984375,-0.0015592309646308422,-0.0007371436804533005,-0.006246143486350775
1746739110465065000,2.29306494140625,0.0017958194948732853,-0.004570497665554285,-0.011973537504673004
1746739110475144200,2.303144287109375,0.002474003005772829,-0.013285985216498375,-0.016448484733700752
1746739110485223200,2.31322314453125,0.008106854744255543,-0.0178394578397274,-0.01992364414036274
1746739110495302000,2.323302001953125,0.006981403101235628,-0.01933935098350048,-0.01704290322959423
1746739110505381000,2.333381103515625,0.012356194667518139,-0.02414236217737198,-0.022847527638077736
1746739110515460000,2.343460205078125,0.013122299686074257,-0.016606472432613373,-0.02419956773519516
1746739110525539000,2.3535390625,0.014009397476911545,-0.016970260068774223,-0.018805067986249924
1746739110535618000,2.3636181640625,0.011121435090899467,-0.010869631543755531,-0.010234160348773003
1746739110545697000,2.373697021484375,0.00845854077488184,-0.006841334048658609,-0.0052916002459824085
1746739110555776000,2.38377587890625,0.0015289518050849438,0.0017165732569992542,-0.002709641121327877
1746739110565854000,2.39385400390625,-0.00222344184294343,0.000889661256223917,-0.0024023125879466534
1746739110575933000,2.403932861328125,-0.0022835489362478256,0.0027588075026869774,0.0002505218726582825
1746739110586012200,2.41401220703125,-0.0002073482610285282,0.000208298210054636,-0.003914661705493927
1746739110596091100,2.424091064453125,-0.0014005689881742,0.007000655401498079,-0.0066244639456272125
1746739110606170000,2.434170166015625,0.002277256455272436,-0.0008013411425054073,-0.004894474521279335
1746739110616249000,2.4442490234375,0.000127522274851799,-0.0051424335688352585,-0.005976193584501743
1746739110626328300,2.454328369140625,0.0023917416110634804,-0.007286278065294027,-0.009779720567166805
1746739110636407000,2.464406982421875,0.002369445515796542,-0.00912622082978487,-0.009484723210334778
1746739110646486300,2.474486328125,0.0017750279512256384,-0.005501658655703068,-0.012013927102088928
1746739110656565200,2.484565185546875,-0.0010685776360332966,0.005310438573360443,-0.010208941996097565
1746739110666644200,2.494644287109375,-0.0007484657689929008,0.009960850700736046,-0.01044995803385973
1746739110676723200,2.50472314453125,0.00036279764026403427,0.005284836981445551,-0.014854745008051395
1746739110686802200,2.51480224609375,0.00031246384605765343,0.006517348345369101,-0.014677378349006176
1746739110696881400,2.52488134765625,-0.003014326561242342,0.004620518069714308,-0.010274430736899376
1746739110706960100,2.534960205078125,-0.0015953942202031612,0.0005176523700356483,-0.0020290177781134844
1746739110717039000,2.5450390625,0.001742004882544279,-0.005177285522222519,0.0012848341139033437
1746739110727118300,2.555118408203125,0.002062915824353695,-0.00428299605846405,0.010088445618748665
1746739110737196300,2.5651962890625,0.004074252676218748,-0.002334164921194315,0.005961506627500057
1746739110747275000,2.57527490234375,0.0038436229806393385,0.0033879028633236885,-0.0025030849501490593
1746739110757354200,2.585354248046875,0.0040358598344028,0.003660715650767088,-0.013497387990355492
1746739110767433200,2.59543310546875,0.0014523272402584553,0.005320663098245859,-0.02155851013958454
1746739110777512200,2.60551220703125,0.0004724152386188507,0.004487581551074982,-0.02445184253156185
1746739110787591200,2.615591064453125,-0.0008714157156646252,0.0015628980472683907,-0.016213087365031242
1746739110797670100,2.625670166015625,-0.0008022473193705082,-0.004163998179137707,-0.010020358487963676
1746739110807749400,2.635749267578125,-0.00016042543575167656,-0.006532613653689623,-0.005422144662588835
1746739110817828000,2.645828125,-0.0009705731645226479,-0.0022473460994660854,-0.0010591188911348581
1746739110827907300,2.6559072265625,-0.0033399872481822968,0.001650989055633545,0.0005454356432892382
1746739110837986300,2.665986328125,-0.007593929301947355,0.002633127849549055,-0.0018992654513567686
1746739110848065000,2.67606494140625,-0.006593379657715559,0.0008964804001152515,-0.0018902109004557133
1746739110858144300,2.686144287109375,-0.004830825142562389,0.0027135899290442467,-0.0023345069494098425
1746739110868223200,2.69622314453125,-0.0025455662980675697,-0.0034249958116561174,0.00039816281059756875
1746739110878302200,2.70630224609375,0.0031766495667397976,-0.0045248111709952354,-0.0012832521460950375
1746739110888381200,2.716381103515625,0.0022000684402883053,0.00010828999802470207,-0.0017772684805095196
1746739110898460200,2.726460205078125,0.005635499954223633,0.0006361445412039757,-0.0029883324168622494
1746739110908539400,2.736539306640625,0.005414191167801619,-0.00003550434485077858,-0.007415305357426405
1746739110918617300,2.746617431640625,0.00523793650791049,-0.0016597826033830643,-0.007550202775746584
1746739110928696000,2.756696044921875,0.006108523812144995,-0.00041954824700951576,-0.003832696471363306
1746739110938775300,2.766775390625,0.0037261343095451593,0.0036580520682036877,0.0004937946214340627
1746739110948854300,2.776854248046875,0.0041471803560853004,0.00201621325686574,0.002931385999545455
1746739110958933000,2.78693310546875,0.005167686380445957,-0.0009922077879309654,0.009254883043467999
1746739110969012200,2.79701220703125,0.00414742948487401,-0.005582698620855808,0.008266584016382694
1746739110979091200,2.80709130859375,0.0018530457746237516,0.00073624262586236,0.006655065808445215
1746739110989170400,2.81717041015625,-0.0016604629345238209,0.008996302261948586,0.012734263204038143
1746739110999249200,2.827249267578125,-0.004640526603907347,0.010075703263282776,0.01849471405148506
1746739111009328000,2.837328125,-0.004581670742481947,0.008992861956357956,0.01943933591246605
1746739111019407400,2.847407470703125,-0.0007392624393105507,0.0028074043802917004,0.019165830686688423
1746739111029486000,2.857486083984375,0.0024424162693321705,0.002544283401221037,0.014045902527868748
1746739111039565000,2.86756494140625,0.006468893028795719,0.004061647225171328,0.010235960595309734
1746739111049644300,2.877644287109375,0.006602051202207804,0.006007353309541941,-0.00035676269908435643
1746739111059723300,2.88772314453125,0.006090147886425257,-0.0012981253676116467,-0.0038630561903119087
1746739111069802200,2.89780224609375,0.003909551538527012,-0.009592007845640182,-0.013251231983304024
1746739111079881200,2.907881103515625,0.002321390900760889,-0.0037468329537659883,-0.015821078792214394
1746739111089959200,2.917959228515625,-0.0012483103200793266,-0.0003614225424826145,-0.022325582802295685
1746739111100038400,2.928038330078125,-0.0004405733197927475,-0.003638442140072584,-0.021292010322213173
1746739111110117000,2.9381171875,-0.0010704109445214272,-0.003685313742607832,-0.014540363103151321
1746739111120196000,2.948196044921875,0.00214185006916523,0.00046666013076901436,-0.013093443587422371
1746739111130275300,2.958275390625,0.004517123568803072,0.004203340969979763,-0.011056924238801003
1746739111140354000,2.96835400390625,0.004837114829570055,-0.0020894636400043964,-0.0030499063432216644
1746739111150433300,2.978433349609375,0.0021750188898295164,-0.002534477971494198,0.009651240892708302
1746739111160512300,2.98851220703125,-0.003352962899953127,0.001374055165797472,0.016015123575925827
1746739111170591200,2.99859130859375,-0.0037622912786900997,0.004566386807709932,0.018247652798891068
1746739111180670200,3.008670166015625,-0.0018653515726327896,0.002856764942407608,0.02177080512046814
1746739111190749200,3.018749267578125,-0.0006381669081747532,-0.0029396051540970802,0.014855640940368176
1746739111200828400,3.028828369140625,0.0037128617987036705,-0.006012789439409971,0.0056051756255328655
1746739111210907100,3.0389072265625,0.0031322927679866552,-0.0017376169562339783,-0.005781702231615782
1746739111220986000,3.048986083984375,0.0010365522466599941,-0.0009797578677535057,-0.013367968611419201
1746739111231065300,3.0590654296875,-0.0003496231511235237,-0.003192844334989786,-0.015060673467814922
1746739111241144000,3.06914404296875,-0.00045144930481910706,-0.0059557631611824036,-0.013112133368849754
1746739111251223000,3.07922314453125,-0.002288497518748045,-0.004257731139659882,-0.012717985548079014
1746739111261302300,3.08930224609375,-0.0004800488241016865,-0.0021630623377859592,-0.013936512172222137
1746739111271380200,3.099380126953125,-0.0009775273501873016,-0.003084249794483185,-0.011859779246151447
1746739111281459200,3.109459228515625,0.0013961219228804111,-0.0031410190276801586,-0.00021676984033547342
1746739111291538200,3.1195380859375,0.005025477614253759,0.0016382895410060883,0.01578456722199917
1746739111301617200,3.1296171875,0.0034135065507143736,0.004371562972664833,0.032296791672706604
1746739111311696400,3.1396962890625,0.0015138736926019192,0.00510499719530344,0.04002581909298897
1746739111321775000,3.149775146484375,-0.0015943287871778011,0.009956693276762962,0.0363822877407074
1746739111331854000,3.15985400390625,-0.0010577021166682243,0.01109146699309349,0.023367686197161674
1746739111341933300,3.169933349609375,0.0005702446214854717,0.00908807571977377,0.010974155738949776
1746739111352012000,3.180011962890625,0.00047889817506074905,0.004383602179586887,-0.004887897055596113
1746739111362091300,3.19009130859375,0.0015364368446171284,-0.006709352135658264,-0.014314037747681141
1746739111372170200,3.200170166015625,-0.0009184647351503372,-0.007863033562898636,-0.016538575291633606
1746739111382249200,3.210249267578125,-0.0012506050989031792,-0.00877666100859642,-0.01391240768134594
1746739111392328200,3.220328125,-0.001325173769146204,-0.011221708729863167,-0.008187410421669483
1746739111402407200,3.2304072265625,-0.00041835149750113487,-0.005891811568289995,-0.004181570373475552
1746739111412486400,3.240486328125,0.0007425206713378429,-0.004438258707523346,0.00002941999991890043
1746739111422565000,3.250565185546875,0.0007488070987164974,0.0016777832061052322,0.0014777837786823511
1746739111432644000,3.26064404296875,-0.0012054205872118473,0.005655215121805668,0.00504402257502079
1746739111442722300,3.270722412109375,0.000999573152512312,0.00406593456864357,0.0065371268428862095
1746739111452801300,3.28080126953125,0.0019196951761841774,-0.0006518554873764515,0.002639058046042919
1746739111462880300,3.29088037109375,0.005170824471861124,-0.0066582695581018925,-0.006007167510688305
1746739111472959200,3.300959228515625,0.0008730152621865273,0.00036981282755732536,-0.015384157188236713
1746739111483038200,3.3110380859375,0.0004589376039803028,0.005197485443204641,-0.022872989997267723
1746739111493117200,3.3211171875,-0.0021080835722386837,0.006911229807883501,-0.023796841502189636
1746739111503196200,3.331196044921875,0.0013356809504330158,-0.0011316430754959583,-0.01973531022667885
1746739111513275100,3.341275146484375,0.0035221362486481667,-0.004966328851878643,-0.014129357412457466
1746739111523354400,3.351354248046875,0.003042221534997225,-0.005585534498095512,-0.00926459301263094
1746739111533433000,3.36143310546875,0.002564983209595084,-0.002496267668902874,0.000815205043181777
1746739111543512000,3.371511962890625,0.0026019832585006952,-0.0030029197223484516,0.0022416836582124233
1746739111553591300,3.38159130859375,0.001483189407736063,0.00003601331263780594,0.0023820321075618267
1746739111563670300,3.391670166015625,0.0012292121537029743,-0.0010065543465316296,0.00127410760615021
1746739111573749200,3.401749267578125,-0.00012979889288544655,-0.0007010898552834988,-0.0052916500717401505
1746739111583828200,3.411828125,-0.0019302410073578358,-0.0009985407814383507,-0.004578680265694857
1746739111593907200,3.4219072265625,0.0005848482251167297,0.00034395838156342506,-0.002483838004991412
1746739111603986200,3.431986083984375,0.0008435286581516266,0.0035416721366345882,-0.005691130645573139
1746739111614064000,3.442064208984375,0.003745841793715954,0.0021238052286207676,-0.007233100943267345
1746739111624143400,3.452143310546875,0.006496131420135498,-0.0030718608759343624,-0.01078232005238533
1746739111634222300,3.462222412109375,0.00698908232152462,-0.00659176055341959,-0.009962599724531174
1746739111644301300,3.47230126953125,0.005993994884192944,-0.006258550100028515,-0.008809644728899002
1746739111654380300,3.48238037109375,0.003483166452497244,-0.0006022625602781773,-0.00532037066295743
1746739111664459300,3.492459228515625,-0.0010826182551681995,0.006724079605191946,-0.003317293943837285
1746739111674538500,3.50253857421875,0.00035708677023649216,0.006369612645357847,0.0008766522514633834
1746739111684617200,3.5126171875,0.002761611482128501,0.009768176823854446,-0.006400943733751774
1746739111694696400,3.522696533203125,-0.00041261035948991776,-0.0009228168055415154,0.0036508915945887566
1746739111704775400,3.532775390625,0.004956750199198723,-0.004206402227282524,0.004263289272785187
1746739111714854100,3.542854248046875,0.004921330139040947,-0.004197081550955772,0.0005926542216911912
1746739111724933400,3.552933349609375,0.003916371148079634,-0.004819796420633793,-0.0002460803370922804
1746739111735012400,3.563012451171875,0.0034207566641271114,0.00010784994810819626,0.0029001780785620213
1746739111745091300,3.57309130859375,0.005425942596048117,-0.003600982017815113,0.0032456868793815374
1746739111755170300,3.58317041015625,0.004746303893625736,-0.002508553210645914,0.001729815499857068
1746739111765249300,3.593249267578125,0.0038906303234398365,-0.0035274787805974483,-0.005086811725050211
1746739111775328500,3.60332861328125,0.00476840790361166,-0.005656942259520292,-0.0048993248492479324
1746739111785406500,3.613406494140625,0.0010890723206102848,-0.004400673322379589,-0.005142519250512123
1746739111795485200,3.623485107421875,0.002906945999711752,-0.005941045470535755,-0.0069960798136889935
1746739111805564400,3.633564453125,-0.0007750364020466805,-0.0013881968334317207,-0.007828720845282078
1746739111815643400,3.643643310546875,-0.0034965206868946552,-0.002414312679320574,-0.0039705997332930565
1746739111825722000,3.65372216796875,-0.004063834436237812,0.0035327784717082977,-0.005318844690918922
1746739111835801300,3.66380126953125,-0.0019359691068530083,0.0012158285826444626,-0.0005962615250609815
1746739111845880300,3.67388037109375,0.002131476765498519,-0.005197329446673393,0.004233913961797953
1746739111855959300,3.683959228515625,0.00452033244073391,-0.007630926091223955,0.010783425532281399
1746739111866038300,3.694038330078125,0.003639581613242626,-0.002903976943343878,0.004012096673250198
1746739111876117200,3.7041171875,0.0010608425363898277,0.0026748129166662693,0.0018461478175595403
1746739111886196500,3.714196533203125,0.0018355995416641235,0.000587056390941143,0.004298628773540258
1746739111896275200,3.724275146484375,0.003219377947971225,-0.0034961022902280092,0.0074515449814498425
1746739111906354400,3.7343544921875,0.000444779172539711,-0.005524828098714352,0.012308456934988499
1746739111916433400,3.744433349609375,-0.0037611513398587704,-0.004016413353383541,0.01219873409718275
1746739111926512000,3.75451220703125,-0.004553188104182482,-0.005683573894202709,0.006600737106055021
1746739111936591400,3.76459130859375,-0.001868988387286663,-0.00729958014562726,-0.0012486637569963932
1746739111946670300,3.77467041015625,0.0008312473073601723,-0.008674654178321362,-0.006711863912642002
1746739111956749300,3.784749267578125,0.003755131969228387,-0.008369987830519676,-0.009697800502181053
1746739111966827500,3.79482763671875,0.004120251163840294,-0.006135329604148865,-0.0044756075367331505
1746739111976906200,3.80490625,0.006112295668572187,-0.0040399543941020966,0.0036259947810322046
1746739111986985500,3.8149853515625,0.002873905934393406,-0.0007442673668265343,0.014437127858400345
1746739111997064400,3.825064453125,0.0018318109214305878,-0.004457779228687286,0.017791645601391792
1746739112007143200,3.83514306640625,0.0008940678089857101,0.004702266305685043,0.02422560192644596
1746739112017222400,3.845222412109375,-0.0008705426007509232,0.00958543922752142,0.03307049348950386
1746739112027301400,3.85530126953125,-0.004663900937885046,0.012174554169178009,0.039595622569322586
1746739112037380000,3.865380126953125,-0.009137479588389397,0.009602205827832222,0.032672736793756485
1746739112047459300,3.875459228515625,-0.007934294641017914,-0.011081107892096043,0.007124290801584721
1746739112057538300,3.885538330078125,0.0025423155166208744,-0.011681650765240192,-0.008090348914265633
1746739112067617500,3.895617431640625,0.0069352868013083935,-0.010641629807651043,-0.025087488815188408
1746739112077696300,3.9056962890625,0.008056744001805782,-0.013975108042359352,-0.03159838542342186
1746739112087775200,3.915775146484375,0.0001296396367251873,-0.007838373072445393,-0.03199451416730881
1746739112097854500,3.9258544921875,-0.0031721475534141064,-0.006900407373905182,-0.023490505293011665
1746739112107933200,3.93593310546875,-0.005697876680642366,-0.0016614156775176525,-0.014836530201137066
1746739112118012400,3.946012451171875,-0.007566083688288927,-0.002610033843666315,-0.01543094776570797
1746739112128090400,3.95609033203125,-0.008414758369326591,0.003611678723245859,-0.015552468597888947
1746739112138169300,3.96616943359375,-0.007012337911874056,0.004591188859194517,-0.01737700030207634
1746739112148248300,3.976248291015625,-0.00418200483545661,0.0006978786550462246,-0.012808267027139664
1746739112158327300,3.986327392578125,0.0002468316815793514,0.004346942063421011,-0.003721561748534441
1746739112168406300,3.99640625,0.002299313899129629,0.00255931681022048,0.007464600261300802
1746739112178485500,4.006485595703125,0.002847392577677965,-0.0040724873542785645,0.01770045980811119
1746739112188564200,4.016564208984375,0.00432202871888876,-0.0018693571910262108,0.02171514928340912
1746739112198643500,4.0266435546875,0.007150305900722742,0.003972819074988365,0.025309352204203606
1746739112208722400,4.036722412109375,0.009824315086007118,-0.002323905937373638,0.01356823742389679
1746739112218801200,4.04680126953125,0.013548213057219982,-0.014292151667177677,-0.0008964561275206506
1746739112228880400,4.05688037109375,0.01524757593870163,-0.020858975127339363,-0.01107239443808794
1746739112238959400,4.06695947265625,0.016003645956516266,-0.029835691675543785,-0.019482124596834183
1746739112249038300,4.077038330078125,0.009346555918455124,-0.022978559136390686,-0.018772359937429428
1746739112259117300,4.087117431640625,0.004469243343919516,-0.012641234323382378,-0.010721624828875065
1746739112269196300,4.0971962890625,0.00032961275428533554,-0.0044088950380682945,-0.0027726530097424984
1746739112279275500,4.107275634765625,-0.001695987768471241,0.0029302448965609074,-0.0012458628043532372
1746739112289354200,4.117354248046875,0.0005482560954988003,0.005626075901091099,-0.0006193704903125763
1746739112299433200,4.12743310546875,-0.0013087661936879158,-0.00027176039293408394,0.003908802289515734
1746739112309511400,4.137511474609375,-0.002441970631480217,-0.0035694213584065437,0.004081163089722395
1746739112319590400,4.14759033203125,-0.004389540292322636,-0.003879679599776864,0.01863294094800949
1746739112329669000,4.157669189453125,-0.00541837839409709,-0.002422857563942671,0.025401096791028976
1746739112339748400,4.167748291015625,-0.004578950349241495,0.003236359916627407,0.02427271567285061
1746739112349827300,4.177827392578125,-0.0033082379959523678,0.002798468340188265,0.016262352466583252
1746739112359906600,4.187906494140625,-0.004484556149691343,0.002781690564006567,0.002873576944693923
1746739112369985300,4.1979853515625,-0.00041092513129115105,0.002996002323925495,-0.005843479186296463
1746739112380064300,4.208064208984375,-0.0007352982647716999,0.004053011536598206,-0.00760036613792181
1746739112390143500,4.2181435546875,0.0016175303608179092,-0.001988935749977827,-0.006907598581165075
1746739112400222200,4.22822216796875,0.003624754725024104,-0.006880629807710648,-0.0028611912857741117
1746739112410301400,4.238301513671875,0.006063337903469801,-0.012474555522203445,-0.001304339966736734
1746739112420380400,4.24838037109375,0.007305436301976442,-0.017296208068728447,0.0017377889016643167
1746739112430459100,4.258459228515625,0.01202547550201416,-0.014379126951098442,0.0007684043375775218
1746739112440538400,4.268538330078125,0.007758292369544506,-0.0015863659791648388,0.009323010221123695
1746739112450617300,4.278617431640625,0.0013533895835280418,0.0031316899694502354,0.025523019954562187
1746739112460696300,4.2886962890625,-0.0031635980121791363,0.007262519095093012,0.029361167922616005
1746739112470775300,4.298775390625,-0.001737711951136589,0.008538840338587761,0.024950651451945305
1746739112480854300,4.308854248046875,-0.004049335606396198,0.007770251482725143,0.010531232692301273
1746739112490933500,4.31893359375,-0.002405396196991205,0.002178011927753687,-0.005522515159100294
1746739112501012200,4.32901220703125,0.0008503184653818607,-0.001217518001794815,-0.024553196504712105
1746739112511091200,4.33909130859375,0.00479123555123806,-0.008631357923150063,-0.036933112889528275
1746739112521169400,4.34916943359375,0.00008036987856030464,-0.0070550329983234406,-0.03779198229312897
1746739112531248400,4.359248291015625,0.00004071742296218872,0.0013034301809966564,-0.0289215799421072
1746739112541327400,4.369327392578125,-0.0023516002111136913,0.0018294048495590687,-0.014620671980082989
1746739112551406300,4.37940625,-0.0007107811979949474,0.003526270855218172,-0.0019781405571848154
1746739112561485300,4.3894853515625,0.00042665470391511917,0.0021576727740466595,0.0016301763243973255
1746739112571564500,4.399564453125,0.0004180585965514183,0.0008412390016019344,0.005519270431250334
1746739112581643300,4.409643310546875,0.001046032179147005,0.005242911633104086,0.002391920192167163
1746739112591722200,4.41972216796875,0.0015173666179180145,0.0013273651711642742,0.0019261603010818362
1746739112601801500,4.429801513671875,-0.0010693618096411228,0.0010623806156218052,-0.0011087780585512519
1746739112611880200,4.439880126953125,0.0029912337195128202,-0.004460982047021389,-0.007155032828450203
1746739112621959400,4.44995947265625,0.004164089914411306,-0.00670576049014926,-0.009947623126208782
1746739112632038400,4.460038330078125,0.004706416744738817,-0.009839929640293121,-0.010799331590533257
1746739112642117400,4.470117431640625,0.005384457763284445,-0.00881141610443592,-0.018858322873711586
1746739112652196400,4.4801962890625,0.0073022847063839436,-0.004290839657187462,-0.02517176978290081
1746739112662275300,4.490275390625,0.0035664024762809277,0.0034123542718589306,-0.02540666051208973
1746739112672354600,4.5003544921875,0.004158202093094587,0.015104597434401512,-0.03613416478037834
1746739112682433300,4.510433349609375,-0.0012176549062132835,0.003715855535119772,-0.03186991065740585
1746739112692512300,4.52051220703125,-0.003072886262089014,-0.009731010533869267,-0.022007882595062256
1746739112702591500,4.530591552734375,0.004206864163279533,-0.006087806075811386,-0.010018863715231419
1746739112712670200,4.540670166015625,0.001650586724281311,-0.004109540022909641,0.0009162875358015299
1746739112722749400,4.55074951171875,-0.0019444143399596214,0.00027934927493333817,0.006788823753595352
1746739112732828400,4.560828369140625,-0.0024709217250347137,-0.0014074970968067646,0.002330958843231201
1746739112742907400,4.570907470703125,0.001141123939305544,0.0006010588258504868,0.005256973672658205
1746739112752986400,4.580986328125,0.006707975175231695,-0.007742189336568117,0.012353205122053623
1746739112763065300,4.5910654296875,0.00789521262049675,-0.007336589973419905,0.01935385726392269
1746739112773143300,4.601143310546875,0.006117580458521843,-0.0023936335928738117,0.019440092146396637
1746739112783222500,4.611222412109375,0.0002959100529551506,0.0002508857287466526,0.017428074032068253
1746739112793301200,4.62130126953125,-0.004382153041660786,0.005601877346634865,0.01366979256272316
1746739112803380500,4.63138037109375,-0.00810471922159195,0.007049039006233215,0.00852163601666689
1746739112813459500,4.64145947265625,-0.005588546860963106,0.0025438102893531322,-0.0017442948883399367
1746739112823538200,4.6515380859375,-0.0015312209725379944,-0.00027754250913858414,-0.002932064700871706
1746739112833617400,4.661617431640625,0.004441579803824425,-0.0036059364210814238,-0.00008799048373475671
1746739112843696400,4.6716962890625,0.0070749130100011826,-0.0043891724199056625,0.008590718731284142
1746739112853775400,4.681775390625,0.004105488769710064,-0.007086954079568386,0.016793787479400635
1746739112863854300,4.691854248046875,0.003574986942112446,-0.0029619839042425156,0.01893976330757141
1746739112873933300,4.701933349609375,0.0020908641163259745,-0.0007851202972233295,0.014088178053498268
1746739112884012500,4.712012451171875,-0.0008676415309309959,0.0000889291986823082,0.007946395315229893
1746739112894091300,4.72209130859375,-0.0016831583343446255,0.0022681979462504387,-0.00047627935418859124
1746739112904170200,4.732170166015625,-0.0017774342559278011,0.002204548567533493,-0.0036180103197693825
1746739112914249500,4.74224951171875,0.0012973328121006489,0.0005393391475081444,-0.009125852957367897
1746739112924328400,4.752328369140625,0.001015570480376482,-0.0003940989263355732,-0.01305614598095417
1746739112934407400,4.762407470703125,0.005852063186466694,-0.001519051380455494,-0.011008627712726593
1746739112944486400,4.772486328125,0.00594713818281889,-0.0005781566724181175,-0.004717443138360977
1746739112954565400,4.7825654296875,0.004511591978371143,0.005182365421205759,-0.000821639783680439
1746739112964644400,4.792644287109375,0.0021179430186748505,0.0029812627471983433,0.0030532595701515675
1746739112974723300,4.802723388671875,-0.0010671233758330345,0.0005500954575836658,0.008966995403170586
1746739112984802600,4.812802490234375,0.0010732589289546013,0.003941896837204695,0.016384964808821678
1746739112994881300,4.82288134765625,-0.0023281481117010117,0.005881439428776503,0.020055042579770088
1746739113004960300,4.832960205078125,-0.0015252050943672657,0.00840744748711586,0.018784714862704277
1746739113015039500,4.84303955078125,-0.003008016850799322,0.004822379443794489,0.015380974858999252
1746739113025118500,4.853118408203125,0.0028940802440047264,0.004482826683670282,0.005329673178493977
1746739113035197200,4.863197265625,0.005690932273864746,0.005718000698834658,-0.003920550923794508
1746739113045275400,4.873275390625,0.0055362023413181305,0.0016489564441144466,-0.013207260519266129
1746739113055354400,4.883354248046875,0.003146649105474353,-0.003193308599293232,-0.014470260590314865
1746739113065433300,4.893433349609375,0.006063875742256641,-0.00875185802578926,-0.01745167002081871
1746739113075512300,4.90351220703125,0.0038012820295989513,-0.0028813229873776436,-0.008383125066757202
1746739113085591300,4.91359130859375,-0.0015077297575771809,0.000130445696413517,-0.006803870666772127
1746739113095670500,4.92367041015625,-0.004311000928282738,0.0006826557219028473,0.0015952583635225892
1746739113105749200,4.933749267578125,-0.002309368923306465,-0.00009125843644142151,0.00042826117714866996
1746739113115828200,4.943828125,-0.0027423533610999584,-0.00302908755838871,0.001748627983033657
1746739113125907500,4.953907470703125,-0.0021303584799170494,-0.0022831358946859837,0.00015259554493241012
1746739113135986400,4.963986328125,-0.0003030169755220413,-0.005988594610244036,0.0012933352263644338
1746739113146065400,4.9740654296875,-0.000704621896147728,-0.01059959176927805,0.000636599725112319
1746739113156144400,4.984144287109375,0.00021528033539652824,-0.004493326414376497,0.0013886478263884783
1746739113166223400,4.994223388671875,-0.00002520345151424408,0.0005626846104860306,0.0024517816491425037
1746739113176302300,5.00430224609375,-0.004158759489655495,0.0049907793290913105,0.0027143743354827166
1746739113186381300,5.01438134765625,0.0011236206628382206,0.004926064517349005,-0.002767210127785802
1746739113196460500,5.02446044921875,-0.00039627309888601303,0.00635045999661088,-0.002615624340251088
1746739113206539500,5.03453955078125,0.0011273212730884552,-0.004573293961584568,0.001590838422998786
1746739113216618200,5.0446181640625,0.0036291403230279684,-0.008544163778424263,0.006689432077109814
1746739113226697500,5.054697509765625,0.0014360272325575352,-0.007552935276180506,0.0017149136401712894
1746739113236776400,5.0647763671875,0.0007083602249622345,-0.00449170358479023,-0.0031314510852098465
1746739113246855200,5.074855224609375,0.0022191714961081743,-0.0031886189244687557,-0.004708841443061829
1746739113256934400,5.084934326171875,0.004543063696473837,-0.0006676306948065758,-0.009020742028951645
1746739113267013400,5.095013427734375,0.0026370391715317965,-0.001979770138859749,-0.0092894546687603
1746739113277092400,5.10509228515625,0.0037000083830207586,-0.0006781225092709064,-0.008198222145438194
1746739113287171300,5.11517138671875,-0.0006063231267035007,-0.0009700050577521324,-0.006159306038171053
1746739113297250300,5.125250244140625,-0.0017356961034238338,-0.001426970586180687,-0.00444457633420825
1746739113307329500,5.13532958984375,-0.001983902882784605,0.000985853374004364,0.0010497914627194405
1746739113317408300,5.145408203125,-0.003657176624983549,-0.004051869735121727,0.004527420736849308
1746739113327487500,5.155487548828125,-0.0017263852059841156,0.0024009691551327705,-0.0004886430688202381
1746739113337566500,5.16556640625,-0.002962329890578985,0.005711407400667667,-0.0022128240671008825
1746739113347644400,5.17564453125,-0.0019372794777154922,0.002599503844976425,-0.010825220495462418
1746739113357723400,5.185723388671875,-0.0010420442558825016,0.002957496326416731,-0.010492750443518162
1746739113367802400,5.19580224609375,0.001199538353830576,0.0022163386456668377,-0.013032873161137104
1746739113377881300,5.20588134765625,0.0014429795555770397,-0.0004810485988855362,-0.015339754521846771
1746739113387960300,5.215960205078125,0.0014166138134896755,0.0020225895568728447,-0.01756642386317253
1746739113398039300,5.226039306640625,0.00391571456566453,-0.002770921215415001,-0.02351798303425312
1746739113408118500,5.236118408203125,0.0021415166556835175,0.0012158313766121864,-0.026503121480345726
1746739113418197500,5.246197509765625,0.0010319799184799194,0.002624697517603636,-0.02463836781680584
1746739113428276200,5.256276123046875,-0.0021345186978578568,-0.000328215304762125,-0.015937287360429764
1746739113438355500,5.26635546875,-0.0009081326425075531,0.0010792654938995838,-0.004077699966728687
1746739113448434400,5.276434326171875,-0.0027635572478175163,-0.0003931964747607708,0.007207977585494518
1746739113458513200,5.28651318359375,-0.0032232007943093777,0.00338533753529191,0.01070606242865324
1746739113468592400,5.29659228515625,-0.003141708206385374,0.0055185300298035145,0.00578320911154151
1746739113478671400,5.30667138671875,0.0010374253615736961,0.0021963967010378838,0.008478198200464249
1746739113488750300,5.316750244140625,0.0004472690634429455,0.00012019649147987366,0.00573434354737401
1746739113498829300,5.326829345703125,0.0012707742862403393,0.0007447008974850178,-0.001442446606233716
1746739113508908300,5.336908203125,0.0029237985145300627,0.0023268847726285458,-0.007733365520834923
1746739113518987500,5.346987548828125,0.00331490533426404,0.0020230356603860855,-0.013404895551502705
1746739113529066200,5.357066162109375,0.0028136984910815954,0.0028334353119134903,-0.018141327425837517
1746739113539145500,5.3671455078125,0.003528500674292445,0.001993294805288315,-0.01881331577897072
1746739113549224400,5.377224365234375,0.0026294176932424307,0.0027363160625100136,-0.023004332557320595
1746739113559303200,5.38730322265625,0.005138069856911898,0.0010777967981994152,-0.020705463364720345
1746739113569382400,5.39738232421875,0.0035215308889746666,-0.0012386203743517399,-0.014694975689053535
1746739113579461400,5.40746142578125,0.0009690001606941223,-0.0015924405306577682,-0.009848056361079216
1746739113589540600,5.41754052734375,-0.0023415754549205303,-0.0005660583265125751,-0.0037821740843355656
1746739113599619300,5.427619384765625,-0.002242852933704853,0.0019848733209073544,0.0009280405938625336
1746739113609698300,5.4376982421875,-0.0035802917554974556,0.0012754076160490513,0.009249620139598846
1746739113619777500,5.447777587890625,-0.00240069767460227,0.0031724870204925537,0.01464769896119833
1746739113629856500,5.4578564453125,-0.0031184195540845394,0.00833076424896717,0.010519532486796379
1746739113639935700,5.467935791015625,-0.001845960970968008,0.004909134469926357,0.0028134104795753956
1746739113650013700,5.478013671875,0.0014366512186825275,0.0018132096156477928,-0.005442122463136911
1746739113660092700,5.4880927734375,0.0010189027525484562,-0.0012948052026331425,-0.011804544366896152
1746739113670171600,5.498171630859375,0.005052792839705944,-0.0042439899407327175,-0.01182158850133419
1746739113680250600,5.508250732421875,0.003927543759346008,-0.004880428314208984,-0.010275086387991905
1746739113690329900,5.518329833984375,0.001657465472817421,-0.0019256509840488434,-0.010507580824196339
1746739113700408600,5.52840869140625,0.0010686758905649185,-0.004753581248223782,-0.0050115687772631645
1746739113710487600,5.538487548828125,0.00039915740489959717,-0.0010531186126172543,-0.00555645115673542
1746739113720566800,5.54856689453125,0.0025809581857174635,0.0029333499260246754,-0.0005918742390349507
1746739113730645800,5.558645751953125,0.001968963770195842,-0.0008936128579080105,0.008021587505936623
1746739113740724700,5.568724853515625,-0.00015124445781111717,0.0008271052502095699,0.011092220433056355
1746739113750803700,5.5788037109375,-0.003290844615548849,0.00233205733820796,0.007822125218808651
1746739113760882700,5.588882568359375,-0.006520433351397514,0.0012922217138111591,0.004665429703891277
1746739113770961700,5.598961669921875,-0.0011578919366002083,0.0030741426162421703,-0.0014984564622864127
1746739113781040600,5.60904052734375,-0.002643897198140621,0.003809529822319746,-0.009815200231969357
1746739113791120000,5.619119873046875,-0.0005080425180494785,0.0007689991034567356,-0.016437949612736702
1746739113801198800,5.62919873046875,0.001970541663467884,-0.0032987594604492188,-0.017426002770662308
1746739113811277600,5.639277587890625,0.00394554203376174,-0.004978149197995663,-0.01893574930727482
1746739113821356800,5.649356689453125,0.004277500323951244,-0.006085469387471676,-0.011184265837073326
1746739113831435800,5.659435791015625,-0.00044934405013918877,-0.001497375313192606,-0.00873841904103756
1746739113841514500,5.669514404296875,0.001645177137106657,-0.004101404920220375,-0.001425809459760785
1746739113851593700,5.67959375,-0.002730663400143385,0.00011011818423867226,0.0006429339991882443
1746739113861672700,5.689672607421875,-0.00015126261860132217,-0.0023689954541623592,-0.0024478451814502478
1746739113871751700,5.699751708984375,-0.0012037437409162521,-0.0035511727910488844,-0.004017246421426535
1746739113881830700,5.70983056640625,-0.0022830921225249767,0.0025101914070546627,-0.00453938078135252
1746739113891909600,5.71990966796875,-0.00041302014142274857,0.005123817827552557,-0.006170566659420729
1746739113901988900,5.72998876953125,-0.0011884719133377075,0.001375481951981783,-0.009661606512963772
1746739113912067600,5.740067626953125,-0.0012963302433490753,0.0003818562254309654,-0.00970767904073
1746739113922146800,5.750146728515625,0.0021408922038972378,-0.0007499223574995995,-0.01753540150821209
1746739113932225800,5.760225830078125,0.004009632393717766,-0.0009387405589222908,-0.018636085093021393
1746739113942304500,5.770304443359375,0.0018475770484656096,0.003385806456208229,-0.01974649354815483
1746739113952383700,5.7803837890625,0.002771427622064948,0.0018241284415125847,-0.019821327179670334
1746739113962462700,5.790462646484375,0.004969793371856213,0.0007042381912469864,-0.014355110935866833
1746739113972541700,5.800541748046875,0.0036741658113896847,-0.001972505357116461,-0.009335584938526154
1746739113982619600,5.81061962890625,0.005541327875107527,-0.0033857987727969885,-0.006017532665282488
1746739113992698600,5.82069873046875,0.005373548716306686,-0.005030833184719086,-0.00006589993427041918
1746739114002777900,5.83077783203125,0.001290143933147192,-0.0024520456790924072,0.0039032939821481705
1746739114012856800,5.84085693359375,-0.003261198755353689,0.00204416923224926,0.0020446740090847015
1746739114022935600,5.850935546875,-0.003774254582822323,0.007147415541112423,-0.001738061779178679
1746739114033014800,5.861014892578125,-0.00396919809281826,0.003630977123975754,-0.006406583357602358
1746739114043093800,5.87109375,-0.0034808823838829994,-0.0005035535432398319,-0.009332931600511074
1746739114053172500,5.88117236328125,0.0013008229434490204,-0.004818407353013754,-0.006110506597906351
1746739114063251700,5.891251708984375,0.001071106642484665,-0.005303500685840845,-0.002703568432480097
1746739114073330700,5.90133056640625,0.0017281086184084415,-0.004500824026763439,0.0014011617749929428
1746739114083409700,5.91140966796875,0.000983409583568573,-0.002431207802146673,0.004285554867237806
1746739114093488600,5.921488525390625,-0.0008387253619730473,0.00031664175912737846,0.0035987261217087507
1746739114103567600,5.931567626953125,-0.002295822836458683,0.0003809761255979538,0.002594598103314638
1746739114113646800,5.941646728515625,-0.0005621043965220451,-0.00038335099816322327,0.006535543594509363
1746739114123725600,5.9517255859375,0.0003780447877943516,-0.00163292046636343,0.009739493019878864
1746739114133804800,5.9618046875,0.002182869240641594,0.0003689774312078953,0.011287854984402657
1746739114143883800,5.9718837890625,0.004529399797320366,0.004278809297829866,0.004417186602950096
1746739114153962500,5.98196240234375,0.005072418600320816,0.003915288019925356,0.0003806332824751735
1746739114164041700,5.992041748046875,0.008558742702007294,0.0035133715718984604,0.00408586859703064
1746739114174120700,6.00212060546875,0.006585873197764158,-0.00037750648334622383,0.010073453187942505
1746739114184200000,6.012199951171875,0.004192756954580545,0.001249951310455799,0.013264186680316925
1746739114194278700,6.022278564453125,0.0015831254422664642,-0.0013381089083850384,0.01510096900165081
1746739114204357600,6.032357666015625,-0.0031559416092932224,-0.002016820013523102,0.023791879415512085
1746739114214436900,6.042436767578125,-0.004379131365567446,-0.0031316191889345646,0.024857675656676292
1746739114224515600,6.052515625,-0.0037149940617382526,-0.0016604778356850147,0.020374344661831856
1746739114234594800,6.0625947265625,-0.0019027134403586388,-0.00002476433292031288,0.01447091531008482
1746739114244673800,6.072673828125,-0.0021023224107921124,0.0028591929003596306,0.005174705293029547
1746739114254752500,6.08275244140625,0.002385636791586876,-0.0017795003950595856,0.003020740579813719
1746739114264831700,6.092831787109375,0.005727775860577822,0.0006458200514316559,0.00202330038882792
1746739114274910700,6.10291064453125,0.0019910945557057858,0.0004953509196639061,-0.005000254139304161
1746739114284989700,6.11298974609375,0.0018824839498847723,-0.0016328752972185612,-0.007358512841165066
1746739114295068700,6.123068603515625,0.0004566274583339691,-0.003017985727638006,-0.004091879352927208
1746739114305147600,6.133147705078125,0.0006035338155925274,-0.0029262620955705643,0.002434590831398964
1746739114315227000,6.143226806640625,-0.0013059526681900024,0.0061489916406571865,0.0014146000612527132
1746739114325305600,6.1533056640625,-0.004545891657471657,0.009097978472709656,0.0017662332393229008
1746739114335384600,6.163384521484375,-0.0049054184928536415,0.007456139661371708,-0.0034708729945123196
1746739114345462800,6.173462890625,-0.0026064468547701836,0.008326094597578049,-0.0032136288937181234
1746739114355541800,6.183541748046875,-0.0017108255997300148,0.0013880273327231407,-0.00420991750434041
1746739114365620700,6.193620849609375,0.0005666627548635006,-0.009304736740887165,-0.0030458196997642517
1746739114375699700,6.20369970703125,0.002474817680194974,-0.005098540335893631,-0.0016423336928710341
1746739114385778700,6.21377880859375,0.0006864997558295727,-0.0002649757079780102,0.001970576588064432
1746739114395858000,6.22385791015625,-0.005601223558187485,0.0012676739133894444,-0.0013131009181961417
1746739114405936600,6.2339365234375,-0.0037199147045612335,0.003985408693552017,-0.0015851056668907404
1746739114416015600,6.244015625,-0.003264513798058033,0.0007504671812057495,0.00020427218987606466
1746739114426094800,6.2540947265625,-0.0048011778853833675,-0.00022456469014286995,-0.005499705672264099
1746739114436173600,6.264173583984375,-0.00734289875254035,0.00020953034982085228,-0.008806551806628704
1746739114446252800,6.274252685546875,-0.005181064363569021,0.0012618089094758034,-0.012857911176979542
1746739114456331800,6.284331787109375,-0.0016827359795570374,0.0022668857127428055,-0.012629944831132889
1746739114466410800,6.29441064453125,-0.0016127945855259895,0.0019207843579351902,-0.010584508068859577
1746739114476489700,6.30448974609375,-0.004032010678201914,0.0009170384146273136,-0.007857698015868664
1746739114486568700,6.314568603515625,0.00076315738260746,-0.0023074541240930557,0.005521599669009447
1746739114496647700,6.324647705078125,0.0006097592413425446,-0.0017684302292764187,0.01750875450670719
1746739114506726700,6.3347265625,0.0019258004613220692,0.0009045079350471497,0.029448028653860092
1746739114516805600,6.3448056640625,0.00003442354500293732,0.010949152521789074,0.029818208888173103
1746739114526884900,6.354884765625,0.0010109515860676765,0.006156541872769594,0.017513703554868698
1746739114536963600,6.364963623046875,0.004395829513669014,0.00021609477698802948,-0.002377444878220558
1746739114547042600,6.37504248046875,0.009323302656412125,-0.006701651960611343,-0.015194500796496868
1746739114557121800,6.385121826171875,0.006333105731755495,-0.006872094236314297,-0.023625535890460014
1746739114567200800,6.39520068359375,0.006251766346395016,-0.0030982550233602524,-0.0279478058218956
1746739114577279700,6.40527978515625,0.004720981232821941,-0.0054764579981565475,-0.023580754175782204
1746739114587358700,6.415358642578125,0.004769610706716776,-0.0045911893248558044,-0.01603449136018753
1746739114597437700,6.425437744140625,0.0013538403436541557,-0.003974401392042637,-0.010172874666750431
1746739114607516700,6.4355166015625,0.0006225891411304474,-0.003583734156563878,-0.004454099107533693
1746739114617595600,6.445595703125,-0.0011478802189230919,0.00023657036945223808,0.0011955307563766837
1746739114627674000,6.455674072265625,-0.0014155278913676739,0.005975150037556887,0.00500012282282114
1746739114637753300,6.46575341796875,-0.0019862432964146137,0.005143444519490004,0.00981218833476305
1746739114647832000,6.47583203125,-0.002121531870216131,0.00623400928452611,0.007667811121791601
1746739114657911300,6.485911376953125,-0.0022933059372007847,0.0028872149996459484,0.00779511034488678
1746739114667990300,6.495990234375,0.0006912252865731716,-0.00013017840683460236,-0.0007684717420488596
1746739114678069000,6.506069091796875,0.002851049182936549,-0.0019531124271452427,-0.009477540850639343
1746739114688148200,6.516148193359375,0.0043564606457948685,-0.005651474930346012,-0.01804511807858944
1746739114698227200,6.526227294921875,0.004818519111722708,-0.006438172422349453,-0.022050779312849045
1746739114708306400,6.536306396484375,0.002884411718696356,-0.004259111825376749,-0.02133241482079029
1746739114718385200,6.54638525390625,0.0016809292137622833,-0.0036521772854030132,-0.026643291115760803
1746739114728464100,6.556464111328125,0.002890177769586444,-0.011631619185209274,-0.02459792234003544
1746739114738542300,6.566542236328125,0.0004845443181693554,-0.007161503192037344,-0.017649736255407333
1746739114748621300,6.576621337890625,0.007754195015877485,-0.002877761609852314,-0.008426657877862453
1746739114758700000,6.586699951171875,0.008492689579725266,0.004564708564430475,0.0028939074836671352
1746739114768779300,6.596779296875,0.007205337751656771,0.0033535524271428585,0.013872007839381695
1746739114778858200,6.606858154296875,0.006882296409457922,0.0027892286889255047,0.01819671504199505
1746739114788937200,6.616937255859375,0.00565753411501646,-0.00047275377437472343,0.01851784437894821
1746739114799016200,6.62701611328125,-0.0015175542794167995,0.003876720555126667,0.019398551434278488
1746739114809095200,6.63709521484375,-0.008006637915968895,0.004422013182193041,0.031192142516374588
1746739114819174400,6.64717431640625,-0.006194356828927994,0.010315323248505592,0.02944830432534218
1746739114829253000,6.657253173828125,-0.009548481553792953,0.008002378046512604,0.02034597657620907
1746739114839332000,6.66733203125,-0.003913499880582094,0.0028182691894471645,0.0034871019888669252
1746739114849411300,6.677411376953125,-0.0009725247509777546,0.00019176676869392395,-0.0062419879250228405
1746739114859490000,6.687489990234375,0.004452334251254797,-0.005420578643679619,-0.011022628284990788
1746739114869569300,6.6975693359375,0.006320541724562645,-0.006413671653717756,-0.009236179292201996
1746739114879648300,6.707648193359375,0.00468323053792119,-0.005029093939810991,-0.00817757286131382
1746739114889727200,6.717727294921875,0.0034548607654869556,-0.007821355946362019,-0.003661808790639043
1746739114899806200,6.72780615234375,0.0032346174120903015,-0.004302521236240864,-0.005281010642647743
1746739114909885200,6.73788525390625,-0.000026809051632881165,0.0009000259451568127,-0.003868094878271222
1746739114919964400,6.74796435546875,-0.0009759599342942238,0.004048681352287531,-0.0017524798167869449
1746739114930043100,6.758043212890625,-0.0013511991128325462,0.0004512835294008255,-0.0010462095960974693
1746739114940122000,6.7681220703125,-0.0020478819496929646,0.0007751244120299816,0.001822547521442175
1746739114950201300,6.778201416015625,-0.004803967196494341,0.0026660170406103134,-0.0008003810653463006
1746739114960280000,6.788280029296875,-0.0024308250285685062,-0.0003603990189731121,-0.0006754788337275386
1746739114970359000,6.798359130859375,-0.0013048136606812477,-0.004801895469427109,-0.00048697559395805
1746739114980438300,6.808438232421875,-0.0024062972515821457,-0.005647182930260897,-0.00301325018517673
1746739114990517200,6.818517333984375,-0.0024542729370296,-0.003639250760897994,-0.0056897676549851894
1746739115000596200,6.82859619140625,0.0021492678206413984,-0.007899509742856026,-0.00762109225615859
1746739115010675200,6.83867529296875,0.0006101918406784534,-0.005560660734772682,-0.00664439145475626
1746739115020754200,6.848754150390625,-0.0013091485016047955,0.002957726363092661,-0.000825650931801647
1746739115030833200,6.858833251953125,-0.000935219693928957,0.005258748307824135,0.004010667558759451
1746739115040912100,6.868912109375,-0.0021890359930694103,0.0008038124069571495,0.013304566964507103
1746739115050991400,6.878991455078125,-0.00040493160486221313,0.0015132580883800983,0.01515456847846508
1746739115061070000,6.889070068359375,0.00028855539858341217,0.0018821056000888348,0.0068279290571808815
1746739115071149000,6.899149169921875,0.0008389842696487904,0.0016955123282968998,0.0016638231463730335
1746739115081228300,6.909228271484375,0.00497434101998806,-0.0038571783807128668,-0.00651074992492795
1746739115091307300,6.919307373046875,0.003117585089057684,-0.003794860327616334,-0.0039269509725272655
1746739115101386200,6.92938623046875,0.006149061024188995,-0.004811921622604132,-0.004924837499856949
1746739115111465200,6.93946533203125,0.002559412969276309,0.0010442286729812622,-0.00637923926115036
1746739115121544200,6.949544189453125,-0.0009101531468331814,0.0038003334775567055,-0.006470585707575083
1746739115131623200,6.959623046875,0.001423155888915062,0.0010451562702655792,-0.001454296289011836
1746739115141702100,6.9697021484375,0.0013182270340621471,-0.00006484938785433769,0.007605777587741613
1746739115151781400,6.979781494140625,-0.0003860965371131897,0.0003531542606651783,0.019603723660111427
1746739115161860400,6.9898603515625,-0.0034607164561748505,-0.0012455410324037075,0.025470133870840073
1746739115171939000,6.99993896484375,-0.005171716678887606,0.0035453299060463905,0.0293656587600708
1746739115182018300,7.010018310546875,-0.00540927005931735,0.005389036610722542,0.019653111696243286
1746739115192096300,7.02009619140625,-0.0011190799996256828,0.0027290629222989082,0.00563990930095315
1746739115202175200,7.03017529296875,0.004423224367201328,-0.0020691538229584694,-0.003625760320574045
1746739115212254200,7.040254150390625,0.00543864443898201,-0.0009683161042630672,-0.01713920198380947
1746739115222333200,7.050333251953125,0.004475378897041082,-0.006644844077527523,-0.02681899443268776
1746739115232412200,7.060412109375,0.007627914659678936,-0.008860991336405277,-0.025239963084459305
1746739115242491100,7.0704912109375,0.005468890070915222,-0.007181868422776461,-0.023191193118691444
1746739115252570000,7.080570068359375,0.0034112054854631424,-0.004403405357152224,-0.015443614684045315
1746739115262649300,7.0906494140625,-0.0002453145571053028,-0.002674481365829706,-0.00599951297044754
1746739115272728300,7.100728271484375,-0.0015639187768101692,0.0007098331116139889,0.01092122495174408
1746739115282807000,7.11080712890625,-0.0049040550366044044,0.003814279567450285,0.020410068333148956
1746739115292886300,7.12088623046875,-0.007661632727831602,0.002575655933469534,0.025722632184624672
1746739115302965200,7.13096533203125,-0.0069710747338831425,0.0004483223892748356,0.027325589209794998
1746739115313044200,7.141044189453125,-0.006617992650717497,0.0013897689059376717,0.015972895547747612
1746739115323123200,7.151123291015625,-0.0010429313406348228,-0.0008637979626655579,0.006536785047501326
1746739115333202200,7.1612021484375,0.0020194118842482567,-0.0009094602428376675,-0.004453234374523163
1746739115343281200,7.17128125,0.003768575843423605,-0.004647739697247744,-0.009572362527251244
1746739115353360100,7.181360107421875,0.005168092902749777,-0.009609352797269821,-0.01397568080574274
1746739115363439400,7.191439453125,0.0034389023203402758,-0.00326863257214427,-0.01676534302532673
1746739115373518300,7.201518310546875,0.004046348854899406,-0.0038990522734820843,-0.015174920670688152
1746739115383597000,7.21159716796875,0.0007110061123967171,-0.0007551908493041992,-0.008393446914851665
1746739115393676300,7.22167626953125,0.0044679478742182255,-0.0002816310152411461,0.0015404283767566085
1746739115403755300,7.23175537109375,0.001752322306856513,0.0027495790272951126,0.013019984588027
1746739115413834000,7.241833984375,1.2945383787155151e-7,0.0034996382892131805,0.018654827028512955
1746739115423913200,7.251913330078125,-0.003752264194190502,0.005219774320721626,0.017921391874551773
1746739115433992200,7.2619921875,-0.0042609963566064835,0.007364192511886358,0.01588461920619011
1746739115444071200,7.2720712890625,-0.0052415719255805016,0.0058781481347978115,0.006750775966793299
1746739115454150100,7.282150146484375,0.00018044793978333473,0.0018277615308761597,0.0004910181742161512
1746739115464229000,7.29222900390625,0.001819090684875846,-0.001565106213092804,-0.008247878402471542
1746739115474308400,7.302308349609375,0.004906105808913708,0.0017476603388786316,-0.007827254943549633
1746739115484387000,7.312386962890625,0.0044807991944253445,-0.00047261686995625496,-0.006126560736447573
1746739115494466300,7.32246630859375,0.004361417144536972,-0.0005099312402307987,-0.0015509056393057108
1746739115504545300,7.332545166015625,0.0017334097065031528,0.0011159288696944714,0.00020172064250800759
1746739115514624000,7.3426240234375,0.0022363350726664066,0.00037444429472088814,0.0006439617718569934
1746739115524703200,7.352703125,-0.0012638573534786701,-0.00018615089356899261,0.0022120310459285975
1746739115534782200,7.3627822265625,-0.0019500977359712124,0.0036120950244367123,0.002443566918373108
1746739115544861400,7.372861328125,-0.0015761898830533028,0.003967361059039831,0.0008848186698742211
1746739115554940200,7.382940185546875,0.0015539377927780151,-0.0022885361686348915,-0.002115276176482439
1746739115565019100,7.39301904296875,0.002883121371269226,-0.004527987912297249,-0.005906286183744669
1746739115575098400,7.403098388671875,-0.00018365401774644852,0.0016108034178614616,-0.011799437925219536
1746739115585177000,7.413177001953125,-0.0019440031610429287,0.0013359654694795609,-0.007214007433503866
1746739115595256000,7.423256103515625,-0.003417092375457287,-0.0020665740594267845,-0.007723940536379814
1746739115605335300,7.433335205078125,-0.0014894967898726463,-0.004888992290943861,-0.007915155962109566
1746739115615414000,7.4434140625,-0.0012598796747624874,-0.00589568680152297,-0.0074414755217731
1746739115625493000,7.453492919921875,0.001911944942548871,-0.007883204147219658,-0.012094018049538136
1746739115635572000,7.463572021484375,0.002480696886777878,-0.00918298028409481,-0.007043206132948399
1746739115645651000,7.47365087890625,-0.00015476718544960022,-0.006822620984166861,-0.006578750908374786
1746739115655730000,7.48372998046875,-0.0015154019929468632,-0.0054802438244223595,-0.0011370660504326224
1746739115665809000,7.493808837890625,-0.0024789338931441307,-0.0028743408620357513,0.011157683096826077
1746739115675888000,7.50388818359375,-0.005924823693931103,-0.0023436942137777805,0.021507572382688522
1746739115685966000,7.513966064453125,-0.008415412157773972,-0.0006480594165623188,0.028146034106612206
1746739115696045800,7.5240458984375,-0.007000934332609177,0.0036748144775629044,0.024214064702391624
1746739115706124000,7.5341240234375,-0.004450958222150803,0.0023751920089125633,0.014446123503148556
1746739115716203000,7.544203125,-0.002241327427327633,-0.002319092396646738,0.008308270946145058
1746739115726282000,7.554281982421875,0.0012109284289181232,-0.003381427377462387,0.0014756652526557446
1746739115736361000,7.56436083984375,0.0018998824525624514,-0.002733017783612013,-0.003354444866999984
1746739115746440000,7.57443994140625,0.007323143538087606,-0.00429549440741539,-0.0024670797865837812
1746739115756519000,7.584518798828125,0.004796023480594158,-0.0037774185184389353,-0.0061414120718836784
1746739115766598000,7.594597900390625,0.0047046770341694355,-0.005440030246973038,-0.0025309643242508173
1746739115776676900,7.6046767578125,0.005835914518684149,-0.0052304696291685104,0.0026700012385845184
1746739115786756000,7.614756103515625,0.004745349753648043,-0.004343370907008648,0.0056314365938305855
1746739115796835000,7.6248349609375,0.0012933826074004173,-0.001266831997781992,0.01454345416277647
1746739115806913800,7.634913818359375,0.0002848436124622822,0.0019404124468564987,0.018214087933301926
1746739115816993000,7.644992919921875,0.0005481354892253876,0.001056424342095852,0.016333427280187607
1746739115827072000,7.655072021484375,-0.0017925170250236988,0.0009712027385830879,0.010923482477664948
1746739115837151000,7.66515087890625,-0.002127980347722769,-0.002291083801537752,0.0020479022059589624
1746739115847230000,7.67522998046875,-0.0005801510997116566,-0.002347010187804699,-0.011510251089930534
1746739115857309000,7.685308837890625,-0.0017427420243620872,0.00044990191236138344,-0.0141578558832407
1746739115867388000,7.695387939453125,-0.00013632327318191528,-0.002551480196416378,-0.017208240926265717
1746739115877467000,7.705466796875,0.0016188211739063263,-0.002858070656657219,-0.01641685888171196
1746739115887546000,7.715546142578125,0.004015399608761072,-0.008508766070008278,-0.0038416783791035414
1746739115897625000,7.725625,0.0044955904595553875,-0.011370273306965828,0.009453900158405304
1746739115907703800,7.735703857421875,0.0058223772794008255,-0.007933996617794037,0.015279298648238182
1746739115917783000,7.745782958984375,0.002440823009237647,-0.0007591056637465954,0.018314268440008163
1746739115927862000,7.755862060546875,-0.0031286454759538174,0.006044472102075815,0.019045040011405945
1746739115937941000,7.76594091796875,-0.0009456789121031761,0.008489398285746574,0.016595780849456787
1746739115948020000,7.77602001953125,-0.005513000302016735,0.00658230809494853,0.012848446145653725
1746739115958099000,7.786098876953125,-0.0052570016123354435,-0.0026626246981322765,0.003413116792216897
1746739115968178000,7.796177978515625,-0.0010047322139143944,-0.006637658923864365,-0.0036871370393782854
1746739115978257000,7.8062568359375,-0.001116220373660326,-0.0066462974064052105,-0.007350173778831959
1746739115988335900,7.8163359375,0.004506511613726616,-0.002779920119792223,-0.010690310038626194
1746739115998415000,7.8264150390625,0.0028329812921583652,-0.0025370395742356777,-0.005137885920703411
1746739116008493800,7.836493896484375,-0.0001540202647447586,-0.00417381851002574,-0.001001730328425765
1746739116018573000,7.846572998046875,0.002656585769727826,-0.0027432520873844624,0.0018306036945432425
1746739116028652000,7.856652099609375,0.0029340870678424835,-0.0027283383533358574,0.007944689132273197
1746739116038730800,7.866730712890625,0.0009352127090096474,0.0010899193584918976,0.006413841620087624
1746739116048810000,7.87681005859375,-0.0011082305572926998,0.0030010035261511803,0.009972091764211655
1746739116058889000,7.886888916015625,0.0003727278672158718,0.0057604508474469185,0.011062170378863811
1746739116068968000,7.896968017578125,0.000898436177521944,0.006778577342629433,0.009536178782582283
1746739116079047000,7.907046875,0.002840996952727437,0.003908197861164808,0.004023873712867498
1746739116089126000,7.9171259765625,0.0010422980412840843,0.0011204010806977749,-0.001296855742111802
1746739116099205000,7.927205078125,0.0017296336591243744,-0.006036966107785702,0.004414340015500784
1746739116109283800,7.937283935546875,0.0009895414113998413,-0.010885517112910748,0.011672786436975002
1746739116119363000,7.947363037109375,-0.000733670312911272,-0.013574570417404175,0.014860480092465878
1746739116129442000,7.957442138671875,-0.001514775212854147,-0.010335899889469147,0.008485138416290283
1746739116139520800,7.967520751953125,-0.00003749364987015724,-0.006786585319787264,0.0015267846174538136
1746739116149600000,7.97760009765625,-0.001426864881068468,-0.0068686106242239475,0.001968070399016142
1746739116159679000,7.987678955078125,-0.00014627398923039436,-0.0033330018632113934,0.0008172234520316124
1746739116169758000,7.997758056640625,-0.002184391487389803,-0.0018608062528073788,-0.002233960200101137
1746739116179837000,8.0078369140625,-0.0047884779050946236,-0.0024785702116787434,-0.008665994741022587
1746739116189916000,8.017916015625,-0.003870219923555851,-0.0012231562286615372,-0.011382418684661388
1746739116199995100,8.0279951171875,-0.00020086579024791718,-0.0027907174080610275,-0.020355235785245895
1746739116210073900,8.038073974609375,0.0005725165829062462,-0.007274148985743523,-0.021629557013511658
1746739116220152800,8.04815283203125,0.0029287568759173155,-0.006710363086313009,-0.01414750050753355
1746739116230232000,8.058232177734375,0.002819833578541875,-0.00405146274715662,-0.005789969116449356
1746739116240310800,8.068310791015625,-0.000562720000743866,-0.0030477475374937057,-0.002483310177922249
1746739116250390000,8.07839013671875,-0.0012085363268852234,0.0009459285065531731,-0.0011522623244673014
1746739116260469000,8.088468994140625,-0.0049359919503331184,0.005724085494875908,-0.0005838803481310606
1746739116270548000,8.0985478515625,-0.007088092155754566,0.008442108519375324,-0.004683018196374178
1746739116280627000,8.108626953125,-0.005769805517047644,0.01195300929248333,-0.007844176143407822
1746739116290706000,8.118705810546874,-0.006424676161259413,0.005946516990661621,-0.015820875763893127
1746739116300785200,8.12878515625,0.0004763975739479065,0.0031553772278130054,-0.018864382058382034
1746739116310864000,8.13886376953125,0.00577662093564868,-0.001733653713017702,-0.015027832239866257
1746739116320941800,8.14894189453125,0.008782556280493736,-0.00426326971501112,-0.009752156212925911
1746739116331022000,8.15902197265625,0.00883448775857687,-0.00016013765707612038,-0.008767319843173027
1746739116341100000,8.16910009765625,0.0060461112298071384,0.0022807405330240726,-0.007993640378117561
1746739116351179000,8.179178955078125,0.003808523528277874,0.004812607076019049,-0.011549759656190872
1746739116361258000,8.189258056640625,-0.0006864587776362896,0.003210298717021942,-0.01359893660992384
1746739116371337000,8.1993369140625,-0.0033600060269236565,0.00692620687186718,-0.00897009577602148
1746739116381416000,8.209416015625,-0.007308576256036758,0.005536986980587244,-0.00401727482676506
1746739116391495000,8.219494873046875,-0.004949281923472881,-0.003012292552739382,0.0020376883912831545
1746739116401574000,8.229573974609375,-0.004303297959268093,-0.008540633134543896,0.008431796915829182
1746739116411653000,8.239653076171875,-0.0023235036060214043,-0.003348001977428794,0.011428652331233025
1746739116421731800,8.24973193359375,0.0007906756363809109,0.0014622602611780167,0.014669829048216343
1746739116431810800,8.259810791015624,0.0023502230178564787,0.0030542975291609764,0.013170469552278519
1746739116441890000,8.26989013671875,0.0034227005671709776,0.00402827188372612,0.003873388981446624
1746739116451969000,8.279968994140624,0.0016405130736529827,0.004234400577843189,-0.003371208207681775
1746739116462048000,8.290048095703124,0.0015478124842047691,0.002318998798727989,-0.007857583463191986
1746739116472127000,8.300126953125,0.0028556908946484327,0.0014430852606892586,-0.008956138044595718
1746739116482206000,8.3102060546875,0.00005450565367937088,-0.0002816086634993553,-0.01172255165874958
1746739116492285000,8.320284912109376,-0.0029085278511047363,0.003095545805990696,-0.009660732001066208
1746739116502364000,8.330364013671876,-0.002208191901445389,-0.0000910172238945961,-0.00041276702540926635
1746739116512443100,8.340443115234375,-0.0007570353336632252,-0.004543822258710861,0.0044317892752587795
1746739116522521900,8.35052197265625,0.0026994089130312204,-0.0050384001806378365,0.0061019351705908775
1746739116532600800,8.360600830078125,0.0015169652178883553,-0.0029014800675213337,0.005778361111879349
1746739116542680000,8.37068017578125,0.0018020693678408861,0.0032747159712016582,0.006226149387657642
1746739116552759000,8.380759033203125,-0.0003510965034365654,0.004894982557743788,0.0042737857438623905
1746739116562837800,8.390837646484375,0.0001513720490038395,0.008715319447219372,0.0003126179799437523
1746739116572917000,8.4009169921875,0.002874986734241247,0.004645742475986481,-0.0032719967421144247
1746739116582996000,8.410995849609375,0.0028879859019070864,-0.004203115589916706,-0.008461606688797474
1746739116593075000,8.421074951171875,0.006318137049674988,-0.0019522118382155895,-0.01731714978814125
1746739116603154000,8.43115380859375,0.002669460838660598,0.0028909542597830296,-0.026804771274328232
1746739116613233000,8.44123291015625,0.004829550627619028,0.0030880277045071125,-0.02625269815325737
1746739116623312000,8.451311767578124,0.0022552418522536755,0.0000864989124238491,-0.012304801493883133
1746739116633391000,8.46139111328125,0.002611040137708187,-0.0029002362862229347,0.0016315202228724957
1746739116643470000,8.471469970703126,-0.00116047915071249,-0.0009724050760269165,0.01279540080577135
1746739116653549300,8.48154931640625,-0.005810624919831753,0.0057406253181397915,0.018505483865737915
1746739116663628000,8.4916279296875,-0.005891971755772829,0.0036205416545271873,0.025105440989136696
1746739116673707000,8.50170703125,-0.004940956365317106,0.0017121201381087303,0.022088611498475075
1746739116683786200,8.5117861328125,-0.0042008161544799805,0.0015857978723943233,0.012527299113571644
1746739116693865000,8.521864990234375,-0.00044948747381567955,0.0006118793971836567,-0.0009275235352106392
1746739116703944200,8.531944091796875,0.0011892281472682953,-0.003018511924892664,-0.011587702669203281
1746739116714023200,8.542023193359375,0.0027269371785223484,-0.004414807073771954,-0.017398454248905182
1746739116724102100,8.55210205078125,0.0020720886532217264,-0.005903720390051603,-0.02223740518093109
1746739116734181000,8.56218115234375,0.003674512729048729,-0.001707377377897501,-0.018212836235761642
1746739116744260000,8.572260009765625,0.004359477665275335,0.00009158765897154808,-0.0061226170510053635
1746739116754339300,8.58233935546875,0.006844739429652691,-0.0015278803184628487,0.004061310552060604
1746739116764418000,8.59241796875,0.009331722743809223,-0.004926873836666346,0.011149944737553596
1746739116774497000,8.6024970703125,0.005918881390243769,-0.0008879238739609718,0.017473619431257248
1746739116784576300,8.612576171875,0.003909477032721043,0.00220563355833292,0.026115668937563896
1746739116794655000,8.622655029296874,0.0024668427649885416,0.00445946678519249,0.030871009454131126
1746739116804734200,8.632734130859374,-0.0027278712950646877,0.00576566020026803,0.032522935420274734
1746739116814813200,8.642813232421876,-0.0015970929525792599,0.008211774751543999,0.02292064018547535
1746739116824892200,8.65289208984375,0.002708031563088298,0.005387820303440094,0.009981709532439709
1746739116834971100,8.66297119140625,0.0002011982724070549,0.006683713756501675,0.00017994562222156674
1746739116845050000,8.673050048828125,-0.0001719389110803604,0.006778073962777853,-0.008822230622172356
1746739116855129000,8.683129150390625,0.002221710281446576,0.000627503264695406,-0.007774809375405312
1746739116865208000,8.6932080078125,0.002624722197651863,-0.0025431648828089237,-0.002685380633920431
1746739116875287000,8.703287109375,0.0002430570311844349,-0.005952543579041958,-0.0018211849965155125
1746739116885366300,8.7133662109375,-0.00017905374988913536,-0.0028901747427880764,0.0012782018166035414
1746739116895445000,8.723445068359375,-0.0023612482473254204,-0.0024568787775933743,-0.0013604580890387297
1746739116905524000,8.73352392578125,-0.0008282847702503204,-0.0010838424786925316,0.0016054727602750063
1746739116915603200,8.743603271484375,-0.0004509151913225651,0.003874697256833315,-0.004551755264401436
1746739116925682200,8.75368212890625,-0.0010611927136778831,0.008995572105050087,-0.021176056936383247
1746739116935761200,8.76376123046875,-0.0006129825487732887,0.00759767834097147,-0.02191162109375
1746739116945840000,8.773840087890624,0.0016853013075888157,-0.0027903635054826736,-0.009957446716725826
1746739116955919000,8.783919189453124,0.003991066012531519,-0.0055070542730391026,-0.003002335550263524
1746739116965998000,8.793998046875,-0.0021702293306589127,-0.004302747547626495,-0.005606619641184807
1746739116976077000,8.8040771484375,-0.0034767761826515198,-0.005175997503101826,-0.004464922472834587
1746739116986156300,8.81415625,-0.0024515059776604176,0.0012023616582155228,-0.0037684733979403973
1746739116996235000,8.824235107421876,-0.0011177952401340008,-0.0023098154924809933,-0.0013934666058048606
1746739117006314000,8.83431396484375,0.0001427982933819294,-0.0016934075392782688,0.00257325847633183
1746739117016393200,8.844393310546875,0.0003100447356700897,-0.004810637794435024,0.016489874571561813
1746739117026472200,8.85447216796875,0.000505451112985611,-0.0032997382804751396,0.027772847563028336
1746739117036551200,8.86455126953125,-0.0012322613038122654,0.0032822638750076294,0.026261502876877785
1746739117046630100,8.874630126953125,0.0015470362268388271,0.005964123643934727,0.020890722051262856
1746739117056709000,8.884709228515625,-0.0007217107340693474,0.0012093158438801765,0.011311864480376244
1746739117066788000,8.8947880859375,-0.0033468864858150482,0.0030296510085463524,0.0038613183423876762
1746739117076867000,8.9048671875,0.0005634324625134468,0.002757210284471512,-0.00249404925853014
1746739117086946000,8.914946044921875,-0.00037194229662418365,0.0009726495482027531,-0.009090411476790905
1746739117097025300,8.925025390625,-0.001549858134239912,-0.0005730492994189262,-0.017078561708331108
1746739117107104000,8.93510400390625,0.001674019731581211,-0.0036290858406573534,-0.02194879576563835
1746739117117183200,8.945183349609374,0.0017658986616879702,0.0002902885898947716,-0.021373286843299866
1746739117127262200,8.95526220703125,-0.0002104584127664566,-0.0005125044845044613,-0.015545979142189026
1746739117137341000,8.9653408203125,-0.0020067603327333927,-0.0019692531786859035,-0.008893403224647045
1746739117147420200,8.975420166015626,-0.0028732316568493843,0.003448890056461096,0.005185819696635008
1746739117157499100,8.9854990234375,-0.0049872491508722305,0.007929392158985138,0.01195104792714119
1746739117167578000,8.995578125,-0.006224213168025017,0.008426422253251076,0.014639906585216522
1746739117177656000,9.005656005859375,-0.003849206492304802,0.004322758410125971,0.019784068688750267
1746739117187736000,9.015736083984375,-0.004139879252761602,0.00480505870655179,0.014858719892799854
1746739117197814300,9.025814208984375,-0.0031659607775509357,0.003985603805631399,0.008440235629677773
1746739117207893200,9.035893310546875,-0.0009062932804226875,0.0007955539040267467,-0.0010192680638283491
1746739117217972000,9.045971923828125,-0.00003570597618818283,0.0026360643096268177,-0.014981955289840698
1746739117228051200,9.05605126953125,-0.0001045851968228817,-0.0005848840810358524,-0.026872558519244194
1746739117238130200,9.066130126953125,0.003601736156269908,-0.0001537185162305832,-0.03270195424556732
1746739117248209200,9.076209228515625,0.006305958144366741,0.0015434273518621922,-0.030637236312031746
1746739117258288000,9.0862880859375,0.005644429009407759,-0.0028518540784716606,-0.022318586707115173
1746739117268367000,9.0963671875,0.004454117268323898,-0.004715325310826302,-0.007026826497167349
1746739117278446000,9.106446044921874,0.0011970712803304195,-0.0028465851210057735,0.001991169061511755
1746739117288525000,9.116525146484374,-0.0005673449486494064,0.00026800669729709625,0.012521862052381039
1746739117298604000,9.12660400390625,-0.0011931881308555603,0.007894767448306084,0.013098170049488544
1746739117308683300,9.136683349609376,-0.0019259452819824219,0.008840726688504219,0.007527537178248167
1746739117318762000,9.146761962890626,-0.00393103901296854,0.007299554999917746,0.007887862622737885
1746739117328841200,9.15684130859375,-0.0022513093426823616,0.00796729326248169,0.002137164119631052
1746739117338920200,9.166920166015625,-0.00045767100527882576,0.00785650685429573,-0.0035196563694626093
1746739117348999000,9.1769990234375,-0.0023025888949632645,0.00394186656922102,-0.012076502665877342
1746739117359078100,9.187078125,-0.0014546383172273636,0.0022318512201309204,-0.013246162794530392
1746739117369157000,9.1971572265625,-0.0016572079621255398,0.003242344595491886,-0.016825517639517784
1746739117379236000,9.207236083984375,-0.0002694348804652691,-0.0001894044689834118,-0.021642908453941345
1746739117389315000,9.217315185546875,-0.00047800876200199127,0.0018168422393500805,-0.02009131945669651
1746739117399394000,9.22739404296875,-0.0022261077538132668,-0.0000769314356148243,-0.013970308937132359
1746739117409473300,9.237473388671875,0.00036236364394426346,-0.0057728951796889305,-0.010851847007870674
1746739117419552000,9.247552001953125,0.0006553116254508495,-0.006139612291008234,-0.005036569200456142
1746739117429631200,9.25763134765625,0.0014698756858706474,-0.00037449412047863007,-0.001940577756613493
1746739117439710200,9.267710205078124,-0.002805029973387718,0.020431717857718468,0.0085365641862154
1746739117449789000,9.277788818359374,-0.008136555552482605,0.0027659032493829727,-0.0016232974594458938
1746739117459868200,9.2878681640625,-0.0008916929364204407,-0.0021103443577885628,-0.009480156004428864
1746739117469947100,9.297947021484376,0.0059190732426941395,-0.0011575217358767986,-0.014801093377172947
1746739117480026000,9.308026123046876,0.00605729129165411,-0.006739773787558079,-0.020423825830221176
1746739117490105000,9.31810498046875,0.0032065976411104202,-0.006102333776652813,-0.023065706714987755
1746739117500184000,9.32818408203125,-0.0015383563004434109,-0.002129696309566498,-0.019763920456171036
1746739117510263300,9.33826318359375,-0.004522406030446291,-0.007213611621409655,-0.016662919893860817
1746739117520342000,9.348342041015625,-0.0009785373695194721,0.001714902464300394,-0.015405642800033092
1746739117530421000,9.3584208984375,0.00596754252910614,0.0071177189238369465,-0.014535842463374138
1746739117540500200,9.368500244140625,0.0022982393857091665,0.023099880665540695,0.004957697354257107
1746739117550579000,9.378578857421875,-0.011139731854200363,0.03732092306017876,0.032282449305057526
1746739117560658200,9.388658203125,-0.015592535957694054,0.03927941247820854,0.04186530411243439
1746739117570737200,9.398737060546875,-0.021614452823996544,0.022252023220062256,0.03319006785750389
1746739117580816100,9.408816162109375,-0.016085462644696236,-0.0010125520639121532,0.012579064816236496
1746739117590895000,9.41889501953125,-0.008280271664261818,-0.015047358348965645,-0.0008233485277742147
1746739117600974000,9.42897412109375,0.00159073481336236,-0.02332739345729351,-0.01154230535030365
1746739117611053300,9.43905322265625,0.012323226779699326,-0.010393230244517326,-0.016689522191882133
1746739117621132000,9.449132080078124,0.02010897919535637,0.001705243717879057,-0.013948863372206688
1746739117631211500,9.45921142578125,0.016459405422210693,0.00809885561466217,-0.003878748742863536
1746739117641290500,9.46929052734375,0.007299729622900486,0.010003814473748207,-0.0018755188211798668
1746739117651369500,9.479369384765626,0.002181715564802289,0.0070985411293804646,0.0002951336791738868
1746739117661448400,9.489448486328126,-0.002511839382350445,0.00511688319966197,0.004071229603141546
1746739117671527400,9.49952734375,-0.0019143489189445972,0.0027421447448432446,0.001029268722049892
1746739117681606700,9.509606689453125,-0.00043602799996733665,-0.0018049362115561962,-0.0012868824414908886
1746739117691685400,9.519685302734375,0.0003392673097550869,0.00012795394286513329,-0.008427971974015236
1746739117701764600,9.5297646484375,-0.0011454452760517597,0.0007394151762127876,-0.013727130368351936
1746739117711843600,9.539843505859375,-0.001044438686221838,0.005483278539031744,-0.01571733132004738
1746739117721922300,9.54992236328125,-0.0015397868119180202,0.005645199213176966,-0.017386600375175476
1746739117732001500,9.56000146484375,-0.0003176135942339897,0.008795153349637985,-0.014646830037236214
1746739117742080500,9.57008056640625,-0.00024757254868745804,0.008663592860102654,-0.009485890157520771
1746739117752159500,9.580159423828125,0.0025301524437963963,0.007132452912628651,-0.0012034924002364278
1746739117762238500,9.590238525390625,-0.0010701753199100494,0.004867700859904289,0.008635289967060089
1746739117772317400,9.6003173828125,0.0006000152789056301,0.005168265197426081,0.014831876382231712
1746739117782396700,9.610396728515624,-0.002267143689095974,0.006406101863831282,0.023686353117227554
1746739117792475400,9.620475341796874,-0.0027491282671689987,0.010150203481316566,0.028554260730743408
1746739117802554600,9.6305546875,-0.0036063995212316513,0.013063700869679451,0.024636216461658478
1746739117812633600,9.640633544921876,-0.0036560073494911194,0.01171110663563013,0.019362647086381912
1746739117822712300,9.65071240234375,-0.0007694070227444172,0.009451680816709995,0.015715712681412697
1746739117832791600,9.66079150390625,-0.000989940483123064,0.008939702063798904,0.010167861357331276
1746739117842870500,9.67087060546875,-0.0012530605308711529,0.008595090359449387,0.006509477272629738
1746739117852949500,9.680949462890625,0.000054939184337854385,0.006426103878766298,0.0061853136867284775
1746739117863028500,9.691028564453125,-0.004119832068681717,0.006487090606242418,0.006615414284169674
1746739117873107500,9.701107421875,-0.003571196924895048,0.00887046754360199,0.002749259816482663
1746739117883186700,9.711186767578125,-0.004585861694067717,0.005202495958656073,-0.004101722035557032
1746739117893265400,9.721265380859375,-0.004558165092021227,0.00422325124964118,-0.0009573276620358229
1746739117903344400,9.731344482421875,-0.0077499630860984325,0.009673943743109703,-0.0003650407015811652
1746739117913423600,9.741423583984375,-0.006972925737500191,0.011242302134633064,0.004991397261619568
1746739117923502300,9.75150244140625,-0.006596354767680168,0.010930711403489113,0.015008877962827682
1746739117933581600,9.76158154296875,-0.004515141248703003,0.0070052011869847775,0.01932094246149063
1746739117943660500,9.77166064453125,-0.0030735721811652184,0.008026523515582085,0.017772048711776733
1746739117953739500,9.781739501953124,0.0000929245725274086,0.00433356361463666,0.013791901990771294
1746739117963818500,9.791818603515624,0.0004402007907629013,-0.0005322983488440514,0.0025978372432291508
1746739117973897500,9.8018974609375,0.0021238529589027166,-0.002282573375850916,-0.005831814371049404
1746739117983976700,9.811976806640626,0.0003339424729347229,0.00521342596039176,-0.011387434788048267
1746739117994055400,9.822055419921876,-0.0014542751014232635,0.00446846429258585,-0.014117348939180374
1746739118004134400,9.832134521484376,0.0004930282011628151,0.00495182815939188,-0.007527622859925032
1746739118014213600,9.842213623046876,-0.0029595158994197845,0.005435028579086065,0.005647664424031973
1746739118024292400,9.852292236328125,0.0003896751441061497,0.002039498183876276,0.016855046153068542
1746739118034371600,9.86237158203125,-0.0002533099614083767,0.0017581721767783165,0.020008031278848648
1746739118044450600,9.872450439453125,-0.0010804878547787666,0.003235694020986557,0.015128852799534798
1746739118054529500,9.882529541015625,0.001850442960858345,0.000132629182189703,0.01455525029450655
1746739118064608500,9.8926083984375,-0.0023267255164682865,-0.001966740470379591,0.0068342131562530994
1746739118074687500,9.9026875,-0.0009333109483122826,0.0024195602163672447,-0.0007999259396456182
1746739118084766500,9.912766357421875,-0.0023098993115127087,0.003409990109503269,-0.006577653810381889
1746739118094845400,9.922845458984375,0.0016934843733906746,-0.00022470299154520035,-0.009056421928107738
1746739118104924400,9.93292431640625,0.007157225627452135,-0.0010974211618304253,-0.0117177190259099
1746739118115003600,9.943003662109374,0.008251277729868889,0.00023832684382796288,-0.013478436507284641
1746739118125082400,9.953082275390624,0.007422235794365406,0.0006673624739050865,-0.013001464307308197
1746739118135161300,9.963161376953124,0.002447860548272729,0.005569444037973881,-0.0030360135715454817
1746739118145240600,9.973240478515624,-0.0007077190093696117,0.009681097231805325,0.005989438854157925
1746739118155319600,9.983319580078126,-0.0006805295124650002,0.008699309080839157,0.015977580100297928
1746739118165398500,9.9933984375,-0.00695120869204402,0.0063930111937224865,0.024623798206448555
1746739118175477500,10.0034775390625,-0.008582176640629768,0.0022368673235177994,0.027559543028473854
1746739118185556500,10.013556396484375,-0.0065621682442724705,0.0017481772229075432,0.023647893220186234
1746739118195635500,10.023635498046875,-0.003232831135392189,0.005813748110085726,0.020370176061987877
1746739118205714400,10.03371435546875,-0.00290632713586092,0.008872920647263527,0.01538953185081482
1746739118215793700,10.043793701171875,-0.0008816234767436981,0.02683664858341217,0.018848512321710587
1746739118225872600,10.05387255859375,-0.008515574038028717,0.009804935194551945,-0.0019385248888283968
1746739118235951400,10.063951416015625,0.0010390006937086582,-0.015946945175528526,-0.02642732299864292
1746739118246030600,10.074030517578125,0.009984292089939117,-0.01693151704967022,-0.03753243759274483
1746739118256109600,10.084109619140625,0.013938069343566895,-0.02564205601811409,-0.026523973792791367
1746739118266188300,10.094188232421875,0.008841312490403652,-0.021115746349096298,-0.011183368042111397
1746739118276267500,10.104267578125,-0.0003552366979420185,-0.010159178636968136,0.007764602079987526
1746739118286346500,10.114346435546874,-0.009764451533555984,0.0011651148088276386,0.03421644866466522
1746739118296425500,10.124425537109374,-0.017047058790922165,0.019734300673007965,0.06006234884262085
1746739118306504400,10.13450439453125,-0.02344450354576111,0.019329767674207687,0.06863586604595184
1746739118316583400,10.14458349609375,-0.020878087729215622,0.004367566201835871,0.052836738526821136
1746739118326662700,10.15466259765625,-0.01022091694176197,-0.003911136649549007,0.03570276126265526
1746739118336741400,10.164741455078126,-0.0005502528510987759,-0.008220159448683262,0.01598639041185379
1746739118346820600,10.174820556640626,0.004223729949444532,-0.012485744431614876,-0.0034275208599865437
1746739118356899600,10.184899658203125,0.010577717795968056,-0.013403862714767456,-0.02071385458111763
1746739118366978300,10.194978271484375,0.016334673389792442,-0.020380811765789986,-0.03298783302307129
1746739118377057500,10.2050576171875,0.01915515400469303,-0.01881548762321472,-0.04023096337914467
1746739118387136500,10.215136474609375,0.015526862815022469,-0.017140094190835953,-0.03364044055342674
1746739118397215500,10.225215576171875,0.009832249954342842,-0.007246335968375206,-0.019302556291222572
1746739118407294500,10.23529443359375,-0.004489697515964508,0.006637521553784609,-0.004531866870820522
1746739118417373400,10.24537353515625,-0.0058537195436656475,0.010917721316218376,0.006696996279060841
1746739118427452700,10.25545263671875,-0.006777836475521326,0.007063062395900488,0.013900579884648323
1746739118437531400,10.265531494140625,-0.002532202284783125,0.0031155203469097614,0.019220789894461632
1746739118447610400,10.2756103515625,-0.0020067603327333927,0.001096844207495451,0.023682117462158203
1746739118457689600,10.285689697265624,-0.0011017448268830776,0.0033544343896210194,0.023011986166238785
1746739118467768300,10.295768310546874,0.0006868341006338596,0.0027115470729768276,0.012133774347603321
1746739118477847600,10.30584765625,0.0021997035946696997,-0.0016393358819186687,-0.006055751349776983
1746739118487926500,10.315926513671876,0.004318514838814735,0.0015340866521000862,-0.012767981737852097
1746739118498005500,10.326005615234376,0.005468248855322599,0.00792829878628254,-0.015525773167610168
1746739118508084500,10.33608447265625,0.003741721622645855,0.006093114148825407,-0.019243013113737106
1746739118518163500,10.34616357421875,0.004249852616339922,0.007476093713194132,-0.01884780079126358
1746739118528242700,10.35624267578125,0.003069273428991437,0.0050835092552006245,-0.016605151817202568
1746739118538321400,10.3663212890625,0.0032815998420119286,0.004041176754981279,-0.012538583017885685
1746739118548400400,10.376400390625,0.0075413258746266365,-0.004554175306111574,-0.003685968928039074
1746739118558479600,10.386479736328125,0.0026908398140221834,-0.0020934888161718845,0.004285002127289772
1746739118568558300,10.396558349609375,0.0006633754819631577,0.0027867532335221767,0.00697878934442997
1746739118578637600,10.406637451171875,-0.0032525616697967052,0.0058797309175133705,0.0032186086755245924
1746739118588716500,10.416716552734375,-0.002938575576990843,0.006422483362257481,-0.004180984105914831
1746739118598795500,10.42679541015625,0.0002804356627166271,0.007135590072721243,-0.007856978103518486
1746739118608874500,10.43687451171875,0.0032570508774369955,0.002142163459211588,-0.020064376294612885
1746739118618953500,10.446953369140624,0.006583847105503082,-0.008460262790322304,-0.030543072149157524
1746739118629033000,10.457032958984374,0.007176666520535946,-0.00723547488451004,-0.027066048234701157
1746739118639111700,10.467111572265624,0.0012669186107814312,-0.004324877168983221,-0.008124393410980701
1746739118649191000,10.47719091796875,-0.0007408387027680874,-0.0023525399155914783,0.010800029151141644
1746739118659270000,10.487269775390626,-0.0065021272748708725,0.0029069622978568077,0.025283651426434517
1746739118669348600,10.4973486328125,-0.007998557761311531,0.0035365335643291473,0.030204907059669495
1746739118679427800,10.507427734375,-0.005815273616462946,0.00588550278916955,0.028713282197713852
1746739118689506800,10.5175068359375,-0.004963861312717199,0.005569385830312967,0.020736848935484886
1746739118699585800,10.527585693359375,-0.0012907073833048344,-0.00021111033856868744,0.010662052780389786
1746739118709664800,10.537664794921875,0.00007389625534415245,-0.004812519997358322,0.0016571064479649067
1746739118719743700,10.54774365234375,0.0002252110280096531,-0.002991489600390196,-0.006731404922902584
1746739118729823000,10.557822998046875,-0.0014275466091930866,-0.002450601663440466,-0.01390090025961399
1746739118739901700,10.567901611328125,0.0011396445333957672,-0.006783707533031702,-0.014085071161389351
1746739118749981000,10.57798095703125,-0.000635884702205658,-0.00862475112080574,-0.0165474284440279
1746739118760060000,10.588059814453125,0.005790757481008768,-0.011395865119993687,-0.01454280037432909
1746739118770138600,10.598138671875,0.006057340186089277,-0.0028138281777501106,-0.0106932008638978
1746739118780217900,10.6082177734375,0.0019319099374115467,0.00245073763653636,0.0020281095057725906
1746739118790296800,10.618296875,0.00032655661925673485,0.007890509441494942,0.01940470188856125
1746739118800376000,10.6283759765625,-0.00002849055454134941,0.009746504947543144,0.02714979462325573
1746739118810454800,10.638454833984374,0.002103103557601571,0.007130481768399477,0.032003406435251236
1746739118820533800,10.64853369140625,-0.0009539639577269554,0.005363728851079941,0.024310000240802765
1746739118830613000,10.658613037109374,0.0012905481271445751,0.01218568254262209,0.017213474959135056
1746739118840691700,10.668691650390626,0.0009928066283464432,0.003179882187396288,0.013159400783479214
1746739118850770700,10.678770751953126,0.00156059255823493,0.0020642834715545177,0.008160914294421673
1746739118860850000,10.688849853515626,-0.0031809485517442226,-0.0009431373327970505,0.0020660373847931623
1746739118870928600,10.6989287109375,0.001749095506966114,-0.0019133267924189568,-0.006851824000477791
1746739118881007900,10.7090078125,0.0026016966439783573,-0.003394149011000991,-0.016297580674290657
1746739118891086800,10.7190869140625,0.0023910405579954386,-0.0030503347516059875,-0.020439328625798225
1746739118901165800,10.729165771484375,0.003749832510948181,0.00042238831520080566,-0.023197120055556297
1746739118911244800,10.739244873046875,0.0055426727049052715,-0.00241041649132967,-0.019695064052939415
1746739118921323800,10.74932373046875,0.004916805773973465,-0.00067947618663311,-0.0077422200702130795
1746739118931403000,10.759403076171875,0.0034408820793032646,-0.002080831676721573,0.002907761372625828
1746739118941481700,10.769481689453125,-0.00153722008690238,0.0006679249927401543,0.008429349400103092
1746739118951560700,10.779560791015625,-0.0000802045688033104,0.004126305691897869,0.011848848313093185
1746739118961640000,10.789639892578125,-0.0021102596074342728,0.003748381044715643,0.012717283330857754
1746739118971719000,10.799718994140624,-0.002144348341971636,-0.0031079272739589214,0.01615302637219429
1746739118981798000,10.8097978515625,-0.0028788968920707703,-0.0018423073925077915,0.010916486382484436
1746739118991876900,10.819876953125,-0.000777130015194416,0.000700212549418211,0.006915886886417866
1746739119001955800,10.829955810546876,-0.0011356151662766933,-0.0029547731392085552,0.004304646048694849
1746739119012034800,10.840034912109376,0.001152039971202612,-0.0035361414775252342,0.0002920611295849085
1746739119022113800,10.85011376953125,0.0010862108319997787,-0.005041324533522129,-0.0007310365908779204
1746739119032193000,10.860193115234376,0.00009977631270885468,-0.0015728236176073551,-0.005920206196606159
1746739119042271700,10.870271728515625,-0.0009401645511388779,-0.0023663309402763844,-0.009781301021575928
1746739119052350700,10.880350830078125,-0.0016150092706084251,-0.0019016088917851448,-0.00891896989196539
1746739119062430000,10.890429931640625,0.0012453231029212475,-0.00017658574506640434,-0.008664172142744064
1746739119072509000,10.900509033203125,-0.0009853406809270382,0.0017214496619999409,-0.00947883352637291
1746739119082587600,10.910587646484375,0.002753328764811158,0.0014736764132976532,-0.010263461619615555
1746739119092667000,10.9206669921875,0.004389574751257896,-0.004118962213397026,-0.009638683870434761
1746739119102745900,10.930745849609375,0.002463938668370247,-0.0061556086875498295,-0.00526722427457571
1746739119112824800,10.940824951171875,0.0029419760685414076,-0.0036839288659393787,0.003513484261929989
1746739119122903800,10.95090380859375,-0.0019778767600655556,0.0008890596218407154,0.006367464084178209
1746739119132982800,10.960982666015624,-0.0035672513768076897,0.0011085043661296368,0.004094189964234829
1746739119143061800,10.971061767578124,0.00019523873925209045,0.0003411327488720417,0.0052404580637812614
1746739119153140700,10.981140625,0.0029422894585877657,-0.001299640629440546,0.0004387788358144462
1746739119163220000,10.991219970703124,0.0023682096507400274,-0.00026437360793352127,-0.007752906996756792
1746739119173299000,11.001298828125,0.005172251723706722,-0.0013677212409675121,-0.006023982539772987
1746739119183377700,11.011377685546876,0.002687448635697365,0.000662690494209528,-0.003109128214418888
1746739119193457000,11.021456787109376,-0.0005618738941848278,0.004326934460550547,0.0016246405430138111
1746739119203536000,11.031535888671876,-0.0017626932822167873,0.006273172330111265,0.004789008758962154
1746739119213614800,11.04161474609375,-0.0006106100045144558,0.005896335002034903,0.01348742563277483
1746739119223693800,11.05169384765625,-0.0008402960374951363,0.0011469111777842045,0.008470140397548676
1746739119233772800,11.061772705078125,0.0011757169850170612,-0.003985798917710781,0.0037408992648124695
1746739119243851000,11.07185107421875,0.0012605050578713417,-0.008226033300161362,-0.002382256556302309
1746739119253930800,11.0819306640625,0.004888529423624277,-0.007347723003476858,0.0002063359133899212
1746739119264009700,11.092009765625,0.0007840399630367756,-0.0034939327742904425,0.0007765109185129404
1746739119274089000,11.1020888671875,-0.001996300183236599,0.0013716625981032848,0.005831190850585699
1746739119284167700,11.112167724609375,-0.0014076214283704758,0.0008491412736475468,-0.0015371418558061123
1746739119294247000,11.122246826171875,0.000498402863740921,0.0013870992697775364,-0.013739479705691338
1746739119304326000,11.132325927734374,0.0027053658850491047,0.001289314590394497,-0.018825532868504524
1746739119314404600,11.142404541015624,0.0059384433552622795,-0.006467142142355442,-0.022554224357008934
1746739119324483800,11.15248388671875,0.005754711106419563,-0.012652795761823654,-0.014624654315412045
1746739119334562800,11.162562744140626,0.0024052534718066454,-0.008523831143975258,-0.003235379233956337
1746739119344642000,11.17264208984375,-0.0025217183865606785,0.001065779011696577,0.003847358515486121
1746739119354720800,11.182720703125,-0.004314824473112822,0.00685868738219142,0.005102772731333971
1746739119364799700,11.1927998046875,-0.0031092604622244835,0.007528557907789946,0.016203127801418304
1746739119374879000,11.20287890625,-0.004416606388986111,0.0036459355615079403,0.02033901773393154
1746739119384957700,11.212957763671875,-0.0005224575288593769,-0.0012108893133699894,0.018485965207219124
1746739119395037000,11.223036865234375,0.0007262984290719032,0.006032642442733049,0.006640756968408823
1746739119405116000,11.233115966796875,-0.00021880818530917168,0.0030373018234968185,-0.0029218902345746756
1746739119415194600,11.243194580078125,0.004382601473480463,-0.004049103707075119,-0.005155483260750771
1746739119425273900,11.25327392578125,0.006454321090131998,-0.012113995850086212,-0.008366541936993599
1746739119435352800,11.263352783203125,0.008181114681065083,-0.01042129099369049,-0.00879531167447567
1746739119445432000,11.27343212890625,0.005759671330451965,-0.006035159341990948,-0.00919258687645197
1746739119455510800,11.2835107421875,-0.0007336479611694813,0.00185019476339221,-0.0072633931413292885
1746739119465589800,11.29358984375,-0.0026627192273736,0.009802024811506271,-0.0068120467476546764
1746739119475669000,11.3036689453125,0.001630829181522131,0.005331109743565321,0.005824918858706951
1746739119485747700,11.313747802734374,0.0010068975389003754,0.001123274676501751,0.02555699273943901
1746739119495826700,11.32382666015625,0.0030932179652154446,0.0026561906561255455,0.04190667346119881
1746739119505906000,11.333906005859374,0.002558408072218299,0.006305028218775988,0.04600030183792114
1746739119515985000,11.34398486328125,0.00014212215319275856,0.004183553624898195,0.033500488847494125
1746739119526063900,11.35406396484375,-0.0008638515137135983,0.003885448444634676,0.023635411635041237
1746739119536142800,11.364142822265626,-0.0011245748028159142,0.006370709743350744,0.013093819841742516
1746739119546221800,11.374221923828125,-0.0012376145459711552,-0.0004810132086277008,0.005318566225469112
1746739119556300800,11.38430078125,0.0020433999598026276,-0.008913113735616207,-0.002726044273003936
1746739119566379800,11.3943798828125,0.002800730289891362,-0.009774409234523773,-0.010656061582267284
1746739119576457700,11.404457763671875,-0.00019559217616915703,-0.0009686672128736973,-0.011730647645890713
1746739119586537700,11.414537841796875,-0.001973808277398348,-0.0014641275629401207,-0.006427717860788107
1746739119596616700,11.42461669921875,-0.0002371608279645443,-0.006663683336228132,-0.005713990423828363
1746739119606696000,11.434696044921875,0.0002600261941552162,-0.0008298303000628948,0.0011926422594115138
1746739119616775000,11.44477490234375,-0.00048699043691158295,0.0013765986077487469,0.006124550476670265
1746739119626854000,11.45485400390625,0.0004106885753571987,-0.001031992956995964,0.012417943216860294
1746739119636932600,11.4649326171875,-0.0001107584685087204,-0.00488691870123148,0.014734894037246704
1746739119647011600,11.475011474609374,0.000997214112430811,-0.0030846609733998775,0.011482838541269302
1746739119657090600,11.485090576171874,-0.0009671333245933056,-0.0034606994595378637,0.003818528028205037
1746739119667169500,11.49516943359375,0.0007917140610516071,-0.002347356639802456,-0.001885550795122981
1746739119677248500,11.50524853515625,-0.0021521439775824547,0.0027890820056200027,-0.00955918338149786
1746739119687327700,11.51532763671875,-0.000730208121240139,0.000574914738535881,-0.011287068016827106
1746739119697406500,11.525406494140626,-0.0007248814217746258,-0.0023763999342918396,-0.014248503372073174
1746739119707485700,11.535485595703125,0.001796166179701686,-0.006634427700191736,-0.01046608667820692
1746739119717564700,11.545564697265625,0.0011876337230205536,-0.003289231099188328,-0.003174351528286934
1746739119727643400,11.555643310546875,0.0035976951476186514,-0.008649209514260292,0.004354209639132023
1746739119737722600,11.56572265625,0.0005592945963144302,-0.006545312236994505,0.01360336784273386
1746739119747801600,11.575801513671875,-0.0014401301741600037,-0.0014496282674372196,0.01430721115320921
1746739119757880600,11.585880615234375,-0.0006190775893628597,0.0007719807326793671,0.007651705294847488
1746739119767959600,11.59595947265625,-0.0026909252628684044,0.0028118714690208435,0.004612871911376715
1746739119778038500,11.60603857421875,-0.003060571849346161,0.00324197206646204,-0.0027366538997739553
1746739119788117800,11.61611767578125,-0.002828949596732855,-0.0014958195388317108,-0.0073425136506557465
1746739119798196500,11.626196533203125,0.00045579345896840096,-0.0031573656015098095,-0.016555452719330788
1746739119808275500,11.636275390625,0.001423490233719349,-0.004669914022088051,-0.025581851601600647
1746739119818354700,11.646354736328124,0.0020155110396444798,-0.004952209535986185,-0.02733447775244713
1746739119828433400,11.656433349609374,0.0024977840948849916,-0.0049767810851335526,-0.02801891788840294
1746739119838512600,11.6665126953125,0.0021814005449414253,-0.006068410351872444,-0.02501087822020054
1746739119848591600,11.676591552734376,0.003983587026596069,-0.004126097075641155,-0.012215712107717991
1746739119858670600,11.686670654296876,-0.002460197079926729,0.0024971850216388702,-0.009760278277099133
1746739119868749600,11.69674951171875,-0.0031659603118896484,0.002691791858524084,-0.006652642972767353
1746739119878828500,11.70682861328125,-0.0036559822037816048,0.0002400856465101242,-0.0028941240161657333
1746739119888907800,11.71690771484375,-0.0016432865522801876,0.0025546951219439507,-0.004361147526651621
1746739119898986500,11.726986572265625,-0.0014382232911884785,0.004303859546780586,-0.006739084143191576
1746739119909065500,11.7370654296875,0.00037178583443164825,0.0026499396190047264,-0.004328719340264797
1746739119919144700,11.747144775390625,0.000022112857550382614,0.0026089269667863846,0.0010764324106276035
1746739119929223400,11.757223388671875,0.002524513751268387,-0.0006743459962308407,0.0025495742447674274
1746739119939302700,11.767302734375,0.000910638365894556,-0.0014898059889674187,-0.0018441088031977415
1746739119949381600,11.777381591796875,-0.00023895269259810448,-0.005411437246948481,-0.008121564984321594
1746739119959460600,11.787460693359375,-0.0017066211439669132,-0.0038761247415095568,-0.008154056966304779
1746739119969539600,11.79753955078125,-0.001979157794266939,-0.0013278857804834843,-0.004793026950210333
1746739119979618600,11.80761865234375,-0.004373605828732252,0.0017472663894295692,-0.0006318379892036319
1746739119989697800,11.81769775390625,-0.004394789692014456,0.0005298792384564877,-0.005083690397441387
1746739119999776500,11.827776611328124,0.0009144884534180164,0.001735492143779993,-0.0023976259399205446
1746739120009855500,11.83785546875,0.0016361325979232788,-0.003452639328315854,-0.0050053163431584835
1746739120019934700,11.847934814453126,0.0021820806432515383,-0.006570402067154646,-0.008572620339691639
1746739120030013400,11.858013427734376,0.0030362289398908615,-0.0047663492150604725,-0.007611030247062445
1746739120040092400,11.868092529296876,0.0011602984741330147,0.004176012706011534,-0.002588840899989009
1746739120050171600,11.878171630859375,-0.0018338472582399845,0.0046249800361692905,0.0056801894679665565
1746739120060250600,11.888250732421875,-0.003313499502837658,0.007002650294452906,0.007750797085464001
1746739120070329600,11.89832958984375,-0.0012151459231972694,0.0049498011358082294,0.009127616882324219
1746739120080408600,11.90840869140625,0.001110592857003212,0.0033444478176534176,0.009087668731808662
1746739120090487600,11.918487548828125,0.001193127129226923,0.0025810739025473595,0.0028644369449466467
1746739120100566500,11.92856640625,-0.0001528346911072731,0.0032215649262070656,0.0011070170439779758
1746739120110645500,11.9386455078125,0.0008401866070926189,-0.0007082242518663406,-0.004035736434161663
1746739120120724700,11.948724853515625,0.0034298442769795656,-0.0007702759467065334,-0.007457632105797529
1746739120130803700,11.9588037109375,0.002227525692433119,-0.006667478010058403,-0.01794416457414627
1746739120140882400,11.96888232421875,0.0010711811482906342,-0.006863220129162073,-0.02071225456893444
1746739120150961700,11.978961669921874,0.0022741309367120266,-0.0085748340934515,-0.012939287349581718
1746739120161040600,11.98904052734375,-0.0009829150512814522,-0.006500497926026583,0.006443465128540993
1746739120171119600,11.99911962890625,-0.0014404677785933018,0.0007152282632887363,0.021903954446315765
1746739120181198600,12.009198486328126,-0.0013347403146326542,0.007790714967995882,0.03289055824279785
1746739120191277600,12.019277587890626,-0.0019724960438907146,0.00900088157504797,0.027981476858258247
1746739120201356500,12.0293564453125,0.0009378064423799515,0.008409126661717892,0.022419998422265053
1746739120211435500,12.039435546875,0.002031537238508463,0.006801343057304621,0.013070649467408657
1746739120221514500,12.049514404296875,0.0007955641485750675,0.0024729077704250813,0.00565720908343792
1746739120231593700,12.05959375,0.0012422511354088783,0.0032851584255695343,-0.0037877189461141825
1746739120241672400,12.06967236328125,0.001887002494186163,0.0025996603071689606,-0.005981098394840956
1746739120251751700,12.079751708984375,-0.0021810648031532764,0.0013664504513144493,-0.009673142805695534
1746739120261830700,12.08983056640625,-0.001738979946821928,-0.005628608632832766,-0.009146369993686676
1746739120271909400,12.099909423828125,-0.00019801221787929535,-0.0031738770194351673,-0.015048903413116932
1746739120281988600,12.109988525390625,0.0003319568932056427,-0.0008630524389445782,-0.018456151708960533
1746739120292067600,12.120067626953125,0.004219735041260719,-0.006059803068637848,-0.011551493778824806
1746739120302146600,12.130146484375,0.003636769251897931,-0.0033662819769233465,-0.005760184023529291
1746739120312225500,12.1402255859375,0.0028592965099960566,-0.0026164776645600796,0.005971161182969809
1746739120322304500,12.150304443359374,0.0021210683044046164,-0.0020255218259990215,0.006124825682491064
1746739120332383700,12.1603837890625,-0.0016289027407765388,-0.0013910862617194653,0.005474222358316183
1746739120342462500,12.17046240234375,-0.0033487719483673573,0.0022989893332123756,0.0019809543155133724
1746739120352541700,12.180541748046876,-0.0007163095287978649,-0.002317361067980528,0.0017682446632534266
1746739120362620700,12.19062060546875,-0.0005221650935709476,-0.0029397420585155487,-0.004505363758653402
1746739120372699400,12.200699462890626,0.0013481955975294113,-0.0013055149465799332,-0.00632647518068552
1746739120382778600,12.210778564453125,0.0001271362416446209,0.0004391218535602093,-0.013339643366634846
1746739120392857600,12.220857666015625,-0.0018174494616687298,-0.0042763883247971535,-0.012423239648342133
1746739120402936600,12.2309365234375,-0.002543959766626358,-0.002016163896769285,-0.00993984192609787
1746739120413015600,12.241015625,-0.0031123291701078415,-0.0008248509839177132,-0.004898707382380962
1746739120423094500,12.251094482421875,-0.0023903455585241318,-0.002707705833017826,0.0027759901713579893
1746739120433173800,12.261173828125,-0.004621225409209728,-0.0024529220536351204,0.008963009342551231
1746739120443252500,12.27125244140625,-0.0002168896608054638,0.002237970009446144,0.0062987832352519035
1746739120453331500,12.28133154296875,0.0017144344747066498,0.0037125619128346443,0.006194121204316616
1746739120463410700,12.29141064453125,0.002831896999850869,0.0026222635060548782,0.00937366858124733
1746739120473489400,12.301489501953125,0.004508862271904945,-0.001878820825368166,0.007807725574821234
1746739120483568600,12.311568603515624,0.002153562381863594,0.004222214221954346,0.0031868750229477882
1746739120493647600,12.321647705078124,0.0023025828413665295,0.00218518590554595,-0.001929432270117104
1746739120503726600,12.3317265625,0.0024570461828261614,-0.0034468674566596746,-0.005534553434699774
1746739120513805600,12.3418056640625,0.0015476662665605545,-0.007353021297603846,-0.007843677885830402
1746739120523884500,12.351884521484376,-0.0005405182018876076,-0.00107674952596426,-0.010564896278083324
1746739120533963800,12.3619638671875,-0.0006509404629468918,0.0014147376641631126,-0.011330359615385532
1746739120544042500,12.37204248046875,0.0022660200484097004,0.001560412347316742,-0.007057051174342632
1746739120554121500,12.38212158203125,0.00298044690862298,-0.00528960395604372,0.001328248530626297
1746739120564200700,12.39220068359375,0.004534934181720018,-0.0014703646302223206,0.010572346858680248
1746739120574279400,12.402279541015625,0.00204534363001585,0.0031578796915709972,0.019428279250860214
1746739120584358700,12.412358642578125,0.0016836863942444324,0.003906760830432177,0.022940989583730698
1746739120594437600,12.422437744140625,-0.002134393434971571,0.006175643764436245,0.021114476025104523
1746739120604516600,12.4325166015625,-0.0022238758392632008,0.007601499557495117,0.010473550297319889
1746739120614595600,12.442595703125,-0.0021966611966490746,0.00813431665301323,0.0007921247743070126
1746739120624674600,12.452674560546875,-0.0030326275154948235,0.0010372591204941273,-0.004918757826089859
1746739120634753500,12.46275341796875,0.0029288583900779486,-0.008386868983507156,-0.008418950252234936
1746739120644832500,12.47283251953125,0.008294595405459404,-0.004625686910003424,-0.015898171812295914
1746739120654911500,12.482911376953124,0.003661544295027852,-0.01180325448513031,-0.018460966646671295
1746739120664990700,12.49299072265625,0.00007160333916544914,-0.009688704274594784,-0.024609940126538277
1746739120675069700,12.503069580078124,0.0003167535178363323,-0.0073916371911764145,-0.020151210948824883
1746739120685148400,12.5131484375,0.0018507339991629124,-0.002496214583516121,-0.009108413010835648
1746739120695227600,12.5232275390625,0.0014904849231243134,0.0004702717997133732,0.01035740040242672
1746739120705306600,12.533306640625,-0.00041793612763285637,0.0032471497543156147,0.024515829980373383
1746739120715385600,12.543385498046876,-0.0004962552338838577,0.008381616324186325,0.030160440132021904
1746739120725464600,12.553464599609375,-0.00007414445281028748,0.006329117342829704,0.034428421407938004
1746739120735543600,12.56354345703125,0.0007644076831638813,0.0019255871884524822,0.024165429174900055
1746739120745622500,12.57362255859375,0.001449106726795435,-0.0006307815201580524,0.013402796350419521
1746739120755701500,12.583701416015625,0.0030230346601456404,-0.0010584848932921886,-0.006705400999635458
1746739120765780700,12.59378076171875,0.0023662992753088474,-0.00021506194025278091,-0.026846356689929962
1746739120775859700,12.603859619140625,0.0019981749355793,-0.0018387781456112862,-0.036306943744421005
1746739120785938400,12.6139384765625,0.00007776962593197823,-0.004788495600223541,-0.04035015404224396
1746739120796017700,12.624017578125,0.003181686857715249,-0.010822992771863937,-0.035215262323617935
1746739120806096600,12.6340966796875,0.00146501325070858,-0.0099947489798069,-0.022634223103523254
1746739120816175600,12.644175537109374,0.0010059792548418045,-0.004090116359293461,-0.0038550617173314095
1746739120826254600,12.654254638671874,0.00343851069919765,-0.0007790080271661282,0.013019791804254055
1746739120836333600,12.66433349609375,0.0012875250540673733,0.002151982858777046,0.024747252464294434
1746739120846412500,12.67441259765625,0.000496565829962492,0.0047480324283242226,0.03617248311638832
1746739120856491500,12.684491455078126,-0.000894429162144661,0.0035780351608991623,0.03630882874131203
1746739120866570500,12.694570556640626,-0.0017825933173298836,0.005236119031906128,0.028816554695367813
1746739120876649700,12.704649658203126,-0.0016695046797394753,0.0034207692369818687,0.012781516648828983
1746739120886728400,12.714728515625,0.0026461477391421795,0.002186393365263939,-0.006179657764732838
1746739120896807700,12.7248076171875,0.005477820057421923,0.0004709889180958271,-0.019234083592891693
1746739120906886700,12.73488671875,0.0071654655039310455,0.0010893750004470348,-0.026327945291996002
1746739120916965400,12.74496533203125,0.009474835358560085,-0.001910621766000986,-0.03146853297948837
1746739120927044600,12.755044677734375,0.010756349191069603,-0.0031609758734703064,-0.026137417182326317
1746739120937123600,12.76512353515625,0.008788002654910088,-0.005564176011830568,-0.007265505846589804
1746739120947202600,12.77520263671875,0.0033626107033342123,0.00001195073127746582,0.006712893955409527
1746739120957281500,12.785281494140625,-0.0027586324140429497,0.003986760508269072,0.01574372500181198
1746739120967360500,12.795360595703125,-0.0033144336193799973,0.0067924014292657375,0.02277367003262043
1746739120977439700,12.805439697265625,-0.0040150173008441925,0.005688387434929609,0.021369269117712975
1746739120987518500,12.8155185546875,-0.004491456784307957,0.0054987710900604725,0.017640843987464905
1746739120997597700,12.82559765625,-0.0011011366732418537,0.004689948167651892,0.011005952022969723
1746739121007676700,12.8356767578125,0.0037261093966662884,0.0016329060308635235,0.00003346153243910521
1746739121017755400,12.84575537109375,0.005231544375419617,-0.0005960767157375813,-0.009958417154848576
1746739121027834600,12.855834716796876,0.0042139505967497826,-0.00001550791785120964,-0.014634661376476288
1746739121037913600,12.86591357421875,0.0025653871707618237,-0.003347185207530856,-0.017428459599614143
1746739121047992600,12.87599267578125,0.0009419242851436138,-0.005980518646538258,-0.021534521132707596
1746739121058071600,12.886071533203125,0.0012098881416022778,-0.005599234253168106,-0.018908681347966194
1746739121068150500,12.896150634765625,-0.000011437572538852692,-0.007688484154641628,-0.016439132392406464
1746739121078229800,12.906229736328125,-0.00359528511762619,-0.00441283592954278,-0.005086662247776985
1746739121088308500,12.91630859375,-0.0035446854308247566,0.001976087223738432,0.0015193092403933406
1746739121098387500,12.926387451171875,-0.002840463537722826,0.0012218402698636055,0.006307154893875122
1746739121108466700,12.936466796875,-0.0034985304810106754,0.004024018533527851,0.01242763176560402
1746739121118545400,12.94654541015625,-0.0031801387667655945,-0.0001911795698106289,0.009961125440895557
1746739121128624600,12.956624755859375,0.0003163251094520092,0.0027920929715037346,0.009234881959855556
1746739121138703600,12.96670361328125,-0.0006741597317159176,-0.002309344243258238,0.005154643207788467
1746739121148782600,12.976782470703125,0.002927765715867281,-0.00123981898650527,0.0008176855044439435
1746739121158861600,12.986861572265624,0.004277749452739954,-0.004178275819867849,-0.0055778902024030685
1746739121168940500,12.9969404296875,0.005083621945232153,-0.0028195311315357685,-0.006914264522492886
1746739121179019800,13.007019775390624,0.0025006444193422794,-0.0004425514489412308,-0.015126163139939308
1746739121189098500,13.017098388671876,0.00004094885662198067,-0.0005871606990695,-0.01892223209142685
1746739121199177500,13.027177490234376,-0.0013445722870528698,-0.0033968498464673758,-0.022551966831088066
1746739121209256700,13.037256591796876,-0.000506475567817688,-0.006966550834476948,-0.02046431414783001
1746739121219335700,13.047335693359376,-0.00440265703946352,-0.007156058680266142,-0.017281081527471542
1746739121229414400,13.057414306640625,-0.006364341825246811,0.0021005566231906414,-0.010295076295733452
1746739121239493600,13.06749365234375,-0.000318960752338171,0.0011724126525223255,0.0011717421002686024
1746739121249572600,13.077572509765625,0.0007385807111859322,-0.0009956671856343746,0.013922957703471184
1746739121259651600,13.087651611328125,-0.00003928458318114281,-0.0008465796709060669,0.01682811789214611
1746739121269730600,13.09773046875,0.000816921703517437,0.003122328780591488,0.012851753272116184
1746739121279809500,13.1078095703125,0.0019018494058400393,0.006386615801602602,0.00740034319460392
1746739121289888500,13.117888427734375,0.0017396628390997648,0.008675070479512215,0.0069952760823071
1746739121299967500,13.127967529296875,0.00089303869754076,0.0055730524472892284,0.0035419100895524025
1746739121310046700,13.138046630859375,0.0027005260344594717,0.0006920103915035725,-0.0006115560536272824
1746739121320125700,13.148125732421875,0.0020473082549870014,-0.003486867994070053,-0.010701199062168598
1746739121330204400,13.158204345703124,0.0018038952257484198,-0.004277028143405914,-0.018974576145410538
1746739121340283600,13.16828369140625,-0.0017657550051808357,0.0006095264106988907,-0.016714654862880707
1746739121350362600,13.178362548828124,-0.003532495815306902,0.0027693500742316246,-0.011110564693808556
1746739121360441600,13.188441650390626,-0.0002529360353946686,-0.004675996024161577,0.0037404007744044065
1746739121370520600,13.1985205078125,0.00006690947338938713,-0.006281349342316389,0.01475390326231718
1746739121380599600,13.208599609375,0.0015655136667191982,0.0016273874789476395,0.017336556687951088
1746739121390678500,13.218678466796876,-0.00011893594637513161,0.006218144670128822,0.016523227095603943
1746739121400757500,13.228757568359375,-0.0010769017972052097,0.00794805958867073,0.007615214679390192
1746739121410836700,13.238836669921875,0.0005843783728778362,0.005336563568562269,0.00310568418353796
1746739121420915700,13.248915771484375,0.001104692928493023,0.0012429594062268734,0.0004714073147624731
1746739121430994400,13.258994384765625,0.00287036900408566,-0.004309997893869877,-0.0006897309212945402
1746739121441073700,13.26907373046875,0.00334776914678514,-0.008490163832902908,-0.011271510273218155
1746739121451152600,13.279152587890625,0.0016513355076313019,0.0027345274575054646,-0.01364784874022007
1746739121461231400,13.2892314453125,0.0007980857044458389,0.0038486002013087273,-0.016261734068393707
1746739121471310600,13.299310546875,0.0022337958216667175,0.00464728195220232,-0.005121998023241758
1746739121481389600,13.3093896484375,-0.0022383946925401688,0.0016630999743938446,-0.0015421692514792085
1746739121491468500,13.319468505859374,0.00019120704382658005,0.005200310610234737,-0.00035999203100800514
1746739121501547500,13.329547607421874,-0.0031391815282404423,0.004180779680609703,0.0017870761221274734
1746739121511626500,13.33962646484375,-0.0018909578211605549,-0.0007564551196992397,0.00470297085121274
1746739121521705700,13.349705810546874,-0.0033067897893488407,-0.0007161120884120464,0.0025866753421723843
1746739121531784400,13.359784423828126,-0.003277228679507971,0.0018849978223443031,-0.0033266074024140835
1746739121541863700,13.36986376953125,-0.00012310175225138664,-0.004077766090631485,-0.0018676152685657144
1746739121551942700,13.379942626953126,-0.0022080903872847557,-0.005671135149896145,-0.007431757636368275
1746739121562022700,13.390022705078126,0.002733309753239155,-0.0057975053787231445,-0.010454594157636166
1746739121572100600,13.4001005859375,0.0030800532549619675,-0.004209994804114103,-0.008695043623447418
1746739121582180600,13.4101806640625,-0.0014531505294144154,0.0001491457223892212,-0.004776198882609606
1746739121592259600,13.420259521484375,-0.0010590027086436749,0.0030139083974063396,-0.0005606809281744063
1746739121602338600,13.430338623046875,0.00013006990775465965,0.0037219636142253876,0.001682496047578752
1746739121612417800,13.440417724609375,0.00229015969671309,0.0038961349055171013,0.0026092762127518654
1746739121622496500,13.45049658203125,0.003045288845896721,0.002902455162256956,0.006288852542638779
1746739121632575000,13.460574951171875,0.004075665958225727,0.006013559643179178,0.005432114005088806
1746739121642654000,13.470654052734375,-0.00011995062232017517,0.0015418194234371185,0.00524177448824048
1746739121652733200,13.480733154296875,0.0006140163168311119,-0.001226802822202444,0.007918251678347588
1746739121662812000,13.49081201171875,-0.0008715493604540825,-0.0027864989824593067,0.004284623544663191
1746739121672891000,13.500890869140624,-0.001477950718253851,-0.0020149811170995235,0.0028981820214539766
1746739121682970000,13.51097021484375,-0.0029610320925712585,0.002046647947281599,0.002942707622423768
1746739121693048800,13.521048828125,-0.0027320003136992455,0.0019241427071392536,0.002022319007664919
1746739121703128000,13.531128173828124,-0.0016103275120258331,0.002390542533248663,-0.0009302909020334482
1746739121713207000,13.54120703125,0.0037852367386221886,-0.001998879946768284,-0.004279482644051313
1746739121723286000,13.5512861328125,0.007060996722429991,-0.0029384163208305836,-0.006554697174578905
1746739121733365000,13.561364990234376,0.006029821000993252,-0.00573207251727581,-0.00814114324748516
1746739121743444000,13.57144384765625,0.0030785733833909035,-0.0028238394297659397,-0.008590539917349815
1746739121753523200,13.581523193359375,0.0030727144330739975,-0.003056067042052746,-0.003988065756857395
1746739121763602000,13.591601806640625,0.001204578671604395,-0.0005353568121790886,-0.0004999344237148762
1746739121773681000,13.601680908203125,0.0007582325488328934,0.0023610973730683327,0.0005789121496491134
1746739121783760100,13.611760009765625,-0.0032608378678560257,0.0010102028027176857,0.0011785083916038275
1746739121793839000,13.621839111328125,-0.0034941313788294792,-0.0025853305123746395,0.002465614350512624
1746739121803917800,13.631917724609375,-0.002601650543510914,-0.002746828366070986,0.0016325850738212466
1746739121813997000,13.6419970703125,-0.0034583890810608864,-0.0011177724227309227,0.0007952872547321022
1746739121824076000,13.652075927734375,-0.0016121473163366318,0.0002522403374314308,0.00025979470228776336
1746739121834155000,13.662155029296875,0.0015112077817320824,0.0027098050341010094,-0.0033935296814888716
1746739121844234000,13.67223388671875,0.006054922007024288,0.00019352184608578682,-0.008522629737854004
1746739121854313000,13.68231298828125,0.006040008272975683,-0.0026842900551855564,-0.009189486503601074
1746739121864392000,13.692391845703124,0.009321732446551323,0.0023816735483705997,-0.015324713662266731
1746739121874471000,13.702470947265626,0.008086824789643288,0.004677318502217531,-0.016534587368369102
1746739121884550100,13.712550048828126,0.00624207453802228,-0.002895805984735489,-0.010821880772709846
1746739121894629000,13.722629150390626,0.0037019518204033375,-0.0015642251819372177,-0.004187946207821369
1746739121904707800,13.732707763671876,0.0012518162839114666,-0.0013107690028846264,-0.00005179515574127436
1746739121914787000,13.742787109375,-0.002542921807616949,-0.0007698806002736092,0.0033615785650908947
1746739121924866000,13.752865966796875,0.0004904242232441902,0.0003936239518225193,0.001522976323030889
1746739121934945000,13.762945068359375,0.009025056846439838,-0.0011800378561019897,0.0005442646215669811
1746739121945024000,13.77302392578125,0.00925587397068739,-0.0040823472663760185,0.008239234797656536
1746739121955103000,13.78310302734375,0.005375914741307497,-0.001317719928920269,0.008634448051452637
1746739121965182000,13.793181884765625,0.0034880999010056257,0.005477438680827618,0.009115342050790787
1746739121975261000,13.803260986328125,-0.0010722973383963108,0.004643070511519909,0.0037235065829008818
1746739121985340000,13.81333984375,-0.0030182506889104843,0.00804726779460907,-0.0029416747856885195
1746739121995419100,13.823419189453125,-0.0030757756903767586,0.0029752771370112896,-0.005475406069308519
1746739122005497900,13.833497802734374,-0.0038842069916427135,0.0010131285525858402,-0.011046498082578182
1746739122015577000,13.8435771484375,-0.0025393101386725903,-0.006451978348195553,-0.015174130909144878
1746739122025656000,13.853656005859374,0.0005711345002055168,-0.006892112083733082,-0.02202797494828701
1746739122035734800,13.86373486328125,-0.0023285155184566975,-0.006264671217650175,-0.023724675178527832
1746739122045814000,13.87381396484375,-0.00019655562937259674,-0.004334842786192894,-0.018643701449036598
1746739122055893000,13.88389306640625,0.0005216989666223526,-0.001049034297466278,-0.010951426811516285
1746739122065972000,13.893971923828126,-0.00018771691247820854,0.00019671116024255753,0.001248211250640452
1746739122076051000,13.904051025390626,-0.003266597166657448,0.0012787538580596447,0.005240023601800203
1746739122086130000,13.9141298828125,-0.0007855519652366638,-0.0014952435158193111,0.006162993144243956
1746739122096209200,13.924209228515625,-0.002302221953868866,0.002713083755224943,0.004273746628314257
1746739122106287900,13.934287841796875,0.001339656300842762,0.004368738736957312,0.00480988621711731
1746739122116367000,13.9443671875,-0.0009740982204675674,0.0002509588375687599,0.008126853965222836
1746739122126446000,13.954446044921875,-0.002121560275554657,0.0036199926398694515,0.0028366337064653635
1746739122136524800,13.96452490234375,-0.0018922621384263039,0.0025800284929573536,0.0033189321402460337
1746739122146604000,13.97460400390625,-0.0002982383593916893,0.0020702448673546314,-0.004344427026808262
1746739122156683000,13.98468310546875,0.002231764839962125,0.0013349461369216442,-0.009646248072385788
1746739122166762200,13.99476220703125,0.0032886513508856297,-0.0025651990436017513,-0.009607252664864063
1746739122176841000,14.004841064453124,-0.0002909032627940178,-0.00491783581674099,-0.008536928333342075
1746739122186920000,14.014919921875,0.0012451643124222755,-0.006544976029545069,-0.005473680794239044
1746739122196999200,14.024999267578124,0.00026458827778697014,-0.0017880373634397984,0.00025983902742154896
1746739122207078000,14.035077880859374,-0.0019716466777026653,0.00007654819637537003,0.005428728647530079
1746739122217156900,14.045156982421876,-0.0030174702405929565,0.0038220174610614777,0.0033480008132755756
1746739122227236000,14.055236083984376,-0.004119125194847584,0.0019590058363974094,0.004736721981316805
1746739122237314800,14.065314697265626,0.001729442272335291,0.0011486061848700047,0.003518325975164771
1746739122247394000,14.07539404296875,0.004326868802309036,0.0014345832169055939,0.0008926325244829059
1746739122257473000,14.08547314453125,0.0039042248390614986,-0.0006203115917742252,0.0009541515610180795
1746739122267552000,14.095552001953125,0.003931782208383083,-0.003636963665485382,-0.0019482277566567063
1746739122277631000,14.105630859375,0.0022952700965106487,0.0003479244187474251,-0.007689469959586859
1746739122287710000,14.1157099609375,0.004008143208920956,-0.0008254912681877613,-0.006333578377962112
1746739122297789200,14.1257890625,0.0014272741973400116,-0.0008457312360405922,-0.006341301836073399
1746739122307868000,14.135867919921875,0.000256548635661602,-0.00024971552193164825,0.0014180844882503152
1746739122317947000,14.14594677734375,0.0003793202340602875,0.0013918564654886723,0.010368436574935913
1746739122328026000,14.156026123046875,0.00014280294999480247,0.001661025919020176,0.013932273723185062
1746739122338105000,14.16610498046875,0.003281338606029749,0.000787775032222271,0.01449420116841793
1746739122348184000,14.17618408203125,0.0037174427416175604,0.0023865243420004845,0.012529966421425343
1746739122358263000,14.186262939453124,0.004159527365118265,0.0034472616389393806,0.013545962050557137
1746739122368342000,14.196342041015624,-0.00004254654049873352,-0.00007218960672616959,0.006995316129177809
1746739122378421000,14.2064208984375,0.0023849247954785824,-0.0006857817061245441,0.0026146825402975082
1746739122388500000,14.2165,-0.0018207980319857597,-0.0015050838701426983,-0.0060142832808196545
1746739122398579000,14.226578857421876,0.0007922956719994545,-0.0023245387710630894,-0.01754577085375786
1746739122408658000,14.236657958984376,0.00023758457973599434,-0.0071900635957717896,-0.02061612159013748
1746739122418737000,14.24673681640625,0.0015318812802433968,-0.009395959787070751,-0.018059488385915756
1746739122428816100,14.256816162109375,0.002130370121449232,-0.003448330797255039,-0.007209266070276499
1746739122438895000,14.26689501953125,0.00048427004367113113,-0.0025391275994479656,0.0022191230673342943
1746739122448973800,14.276973876953125,0.0009181997738778591,-0.00016188481822609901,0.012177675031125546
1746739122459053000,14.287052978515625,-0.00048555247485637665,0.0012285513803362846,0.02108301967382431
1746739122469132000,14.297132080078125,-0.0017084535211324692,0.00006112828850746155,0.02069256082177162
1746739122479211000,14.3072109375,-0.0032456303015351295,0.0027301483787596226,0.013298292644321918
1746739122489290000,14.3172900390625,0.0014499053359031677,-0.0016555655747652054,0.007249563001096249
1746739122499369000,14.327368896484375,0.0031191748566925526,-0.004463336430490017,-0.0004871864803135395
1746739122509448000,14.337447998046875,0.0038473601453006268,-0.0013807336799800396,-0.0011245119385421276
1746739122519527000,14.34752685546875,0.0030617278534919024,0.00045045604929327965,-0.0037264202255755663
1746739122529606100,14.357606201171874,0.002603708766400814,0.0005356278270483017,-0.004826121032238007
1746739122539685000,14.36768505859375,0.003445534035563469,0.002372676506638527,-0.0035600541159510612
1746739122549763800,14.377763916015626,0.00506154540926218,-0.004264218267053366,-0.0012686256086453795
1746739122559843000,14.387843017578126,0.005379526875913143,-0.0043566301465034485,0.0033599482849240303
1746739122569922000,14.397922119140626,0.004825705662369728,-0.005864801350980997,0.008955624885857105
1746739122580001000,14.4080009765625,0.0011412221938371658,0.001390981487929821,0.01769212633371353
1746739122590080000,14.418080078125,-0.002423422411084175,0.0032650851644575596,0.023080717772245407
1746739122600159000,14.428158935546875,-0.0016287346370518208,0.0051362221129238605,0.02286180481314659
1746739122610238000,14.438238037109375,-0.003412056714296341,0.006878929678350687,0.022647812962532043
1746739122620317000,14.44831689453125,-0.002044789493083954,0.005969460587948561,0.018792087212204933
1746739122630396000,14.45839599609375,-0.0030265748500823975,0.006021071225404739,0.005853538867086172
1746739122640474600,14.468474609375,0.0027263856027275324,0.00427670031785965,-0.0024723014794290066
1746739122650553300,14.47855322265625,0.004527121316641569,0.0022214041091501713,-0.002001870423555374
1746739122660632600,14.488632568359375,0.007544483058154583,0.0024475068785250187,0.00011161423026351258
1746739122670711600,14.498711669921875,0.007676764391362667,0.0013494901359081268,0.00340597634203732
1746739122680790800,14.508790771484374,0.00832843966782093,0.0036456668749451637,0.007491265423595905
1746739122690869500,14.518869384765624,0.004217417910695076,0.00630467152222991,0.0062789227813482285
1746739122700948500,14.528948486328124,0.004362293519079685,0.005698536057025194,0.006568408105522394
1746739122711027700,14.53902783203125,0.0015074070543050766,-0.0036157616414129734,0.006552388425916433
1746739122721106400,14.5491064453125,-0.0027741570957005024,-0.004953467287123203,0.008237903006374836
1746739122731185700,14.559185546875,-0.00550864078104496,-0.006383400410413742,0.005412253085523844
1746739122741265400,14.569265380859376,-0.0037384377792477608,-0.004919194616377354,0.004922764375805855
1746739122751344600,14.5793447265625,-0.0065430402755737305,-0.0016632890328764915,0.0012601135531440377
1746739122761422600,14.589422607421875,-0.009184096939861774,0.0025956383906304836,-0.0008397889323532581
1746739122771501600,14.59950146484375,-0.008670372888445854,0.002456887159496546,-0.006195938214659691
1746739122781581600,14.60958154296875,-0.005850351415574551,-0.0006590108387172222,-0.0014576422981917858
1746739122791660500,14.61966064453125,-0.0036924369633197784,-0.003552220528945327,0.0010745731415227056
1746739122801739800,14.62973974609375,0.0005542398430407047,-0.0017061172984540462,0.005285563413053751
1746739122811818500,14.639818603515625,0.002695687348023057,-0.0032193255610764027,0.012373832985758781
1746739122821897500,14.6498974609375,0.0042949155904352665,-0.006056124810129404,0.011680612340569496
1746739122831976700,14.659976806640625,0.004784822463989258,-0.003135942853987217,0.01671760529279709
1746739122842055700,14.6700556640625,0.0025751974899321795,0.0047621941193938255,0.017060885205864906
1746739122852134400,14.680134521484375,0.00018958095461130142,0.0029900730587542057,0.013215201906859875
1746739122862213600,14.690213623046875,0.0005674837157130241,0.002877154853194952,0.0033119716681540012
1746739122872292600,14.700292724609374,0.00009622611105442047,0.003946094308048487,-0.0009169750846922398
1746739122882371600,14.71037158203125,0.003997224383056164,-0.0023874351754784584,-0.004282145760953426
1746739122892450600,14.720450439453124,0.0033041757997125387,-0.002960413694381714,-0.007795271463692188
1746739122902529500,14.730529541015626,0.0012759123928844929,-0.004240861162543297,-0.008017378859221935
1746739122912608500,14.7406083984375,0.0030255590099841356,-0.0012865378521382809,-0.013005975633859634
1746739122922687500,14.7506875,0.00250357948243618,-0.0010694903321564198,-0.005861246958374977
1746739122932766700,14.7607666015625,0.0008216928690671921,-0.00005759391933679581,0.0038657556287944317
1746739122942845700,14.770845703125,0.000796658918261528,0.002944587729871273,0.004114761017262936
1746739122952924400,14.78092431640625,-0.0018658745102584362,0.0006842324510216713,0.004494676366448402
1746739122963003600,14.791003662109375,0.0034359467681497335,0.0008312389254570007,0.006517081055790186
1746739122973082600,14.80108251953125,0.002069794340059161,-0.001361955888569355,0.012372271157801151
1746739122983161600,14.81116162109375,-0.0010218694806098938,0.0037830048240721226,0.004967085551470518
1746739122993240600,14.821240478515625,-0.00047413352876901627,-0.0003840336576104164,0.0011904860148206353
1746739123003319600,14.831319580078125,0.001887025311589241,-0.002158497925847769,-0.0041259825229644775
1746739123013398500,14.8413984375,-0.00010125851258635521,-0.0026929532177746296,-0.006897216662764549
1746739123023477500,14.8514775390625,0.000047612469643354416,-0.0012974566780030727,-0.004761627875268459
1746739123033556500,14.861556396484374,-0.0009052669629454613,-0.0030000153928995132,-0.005676157306879759
1746739123043635700,14.8716357421875,0.001762155443429947,-0.0034444972407072783,-0.0076690008863806725
1746739123053714400,14.88171435546875,-0.0006993375718593597,-0.0022556032054126263,-0.0056120967492461205
1746739123063793700,14.891793701171874,-0.000619709026068449,0.0012805415317416191,-0.008939449675381184
1746739123073872600,14.90187255859375,0.000462094321846962,0.001627893652766943,-0.0044051469303667545
1746739123083951400,14.911951416015626,0.0028056760784238577,-0.002846216782927513,-0.00011106613965239376
1746739123094030600,14.922030517578126,-0.002061445266008377,-0.004030231386423111,0.004870300181210041
1746739123104109600,14.932109619140626,-0.0019368096254765987,-0.002478141337633133,0.005835962016135454
1746739123114188500,14.9421884765625,-0.004262497648596764,0.0006821509450674057,0.0074183763936161995
1746739123124267500,14.952267578125,-0.002304275520145893,-0.0014446494169533253,-0.0002454024797771126
1746739123134346500,14.962346435546875,0.0015444313175976276,-0.0009321239776909351,-0.0044669294729828835
1746739123144425700,14.97242578125,0.002645381959155202,-0.0017909933812916279,-0.008256607688963413
1746739123154504400,14.98250439453125,0.0005777701735496521,-0.003280442673712969,-0.011559047736227512
1746739123164583700,14.992583740234375,-0.00022703735157847404,0.003508221358060837,-0.011306846514344215
1746739123174662700,15.00266259765625,0.001863477984443307,-0.000745703000575304,-0.003905002260580659
1746739123184741400,15.012741455078125,0.004902411252260208,-0.004173723980784416,0.0022018924355506897
1746739123194820600,15.022820556640625,0.00190349156036973,-0.003217858262360096,0.00738028809428215
1746739123204899600,15.032899658203124,0.003444929141551256,-0.004336119629442692,0.011880498379468918
1746739123214978800,15.042978759765624,-0.0008281571790575981,0.0017860042862594128,0.00788264162838459
1746739123225057500,15.0530576171875,-0.0028883786872029305,0.00366566376760602,0.007516456767916679
1746739123235136500,15.063136474609376,-0.002673344686627388,0.002780938521027565,0.009662806987762451
1746739123245215700,15.0732158203125,-0.004272839054465294,0.004545815289020538,0.009846298955380917
1746739123255294500,15.08329443359375,-0.0015263156965374947,0.004863499663770199,0.008371218107640743
1746739123265373400,15.09337353515625,-0.003713304176926613,0.003254151903092861,0.0035780612379312515
1746739123275452700,15.10345263671875,-0.0016938499175012112,-0.0030227587558329105,-0.003490994218736887
1746739123285531600,15.11353173828125,-0.0003074081614613533,-0.005903233774006367,-0.008913456462323666
1746739123295610600,15.123610595703125,-0.0002506393939256668,-0.005148281343281269,-0.013357819058001041
1746739123305689600,15.133689697265625,-0.00000243261456489563,-0.008002391085028648,-0.009053085930645466
1746739123315768600,15.1437685546875,-0.0006062439642846584,-0.0046263281255960464,-0.008042339235544205
1746739123325847600,15.15384765625,-0.00309763103723526,0.0004888055846095085,-0.0029423856176435947
1746739123335926500,15.163926513671875,-0.0013799695298075676,0.0022515575401484966,0.004405573010444641
1746739123346005800,15.174005859375,-0.0005184370093047619,-0.0023700916208326817,0.0048535168170928955
1746739123356084500,15.18408447265625,0.0012847008183598518,-0.001899410504847765,0.006018279120326042
1746739123366163500,15.19416357421875,-0.0013193381018936634,0.002461516298353672,0.0033726945985108614
1746739123376242700,15.20424267578125,-0.00315801240503788,0.0053586880676448345,-0.005342503078281879
1746739123386321700,15.21432177734375,-0.0029311105608940125,0.005255890544503927,-0.013639048673212528
1746739123396400600,15.224400634765624,-0.0013611773028969765,-0.0006906818598508835,-0.021697772666811943
1746739123406479600,15.234479736328124,-0.00010176887735724449,-0.0041147079318761826,-0.022269820794463158
1746739123416558600,15.24455859375,0.0008998028934001923,-0.007749869488179684,-0.027668502181768417
1746739123426637600,15.254637451171876,0.002630857517942786,-0.008705944754183292,-0.030914895236492157
1746739123436716500,15.264716552734376,0.00337300100363791,-0.004876850172877312,-0.030572379007935524
1746739123446795500,15.27479541015625,0.0031607470009475946,-0.0058321263641119,-0.027568867430090904
1746739123456874500,15.28487451171875,0.002087255707010627,-0.003421354340389371,-0.013885807245969772
1746739123466953500,15.294953369140625,0.0009474228136241436,0.00039122719317674637,-0.0023287534713745117
1746739123477032700,15.30503271484375,-0.0012788856402039528,0.004734443034976721,0.010287323035299778
1746739123487111700,15.315111572265625,-0.0021593268029391766,0.0034811594523489475,0.018946059048175812
1746739123497190400,15.3251904296875,-0.002755803056061268,0.0031770546920597553,0.021364664658904076
1746739123507269600,15.33526953125,0.002877048682421446,0.0005530421622097492,0.019922295585274696
1746739123517348600,15.3453486328125,0.0001461436040699482,0.00047224434092640877,0.013326517306268215
1746739123527427600,15.355427490234375,-0.0031463224440813065,0.002276536077260971,0.0066076284274458885
1746739123537506600,15.365506591796875,-0.0054181707091629505,0.0017837239429354668,0.002097712829709053
1746739123547585500,15.37558544921875,-0.0035691377706825733,-0.0015521515160799026,-0.0059807198122143745
1746739123557664500,15.38566455078125,-0.00240665627643466,-0.0012139924801886082,-0.011080051772296429
1746739123567743500,15.395743408203124,-0.0019741584546864033,0.002283004578202963,-0.018736639991402626
1746739123577822700,15.40582275390625,0.00038866279646754265,-0.0025002453476190567,-0.019626520574092865
1746739123587901700,15.415901611328126,0.0020560678094625473,-0.0063322680070996284,-0.008814353495836258
1746739123597980400,15.42598046875,0.003919382579624653,-0.005230354145169258,-0.0008064225548878312
1746739123608059600,15.4360595703125,0.0022911259438842535,-0.003170931711792946,0.00737107964232564
1746739123618138600,15.446138671875,0.0022233431227505207,0.0019851294346153736,0.01269467081874609
1746739123628217600,15.456217529296875,0.00043982407078146935,0.002905783709138632,0.013424110598862171
1746739123638297300,15.46629736328125,-0.00017437944188714027,0.0026932666078209877,0.008708749897778034
1746739123648376600,15.47637646484375,0.0012216498143970966,0.0014841919764876366,0.008160671219229698
1746739123658455300,15.486455322265625,0.001782028703019023,-0.0028017153963446617,0.0060452865436673164
1746739123668534300,15.4965341796875,0.00047707976773381233,0.000260121189057827,-0.004708025138825178
1746739123678613500,15.506613525390625,0.0008009704761207104,-0.0008185403421521187,-0.013623792678117752
1746739123688692200,15.516692138671875,0.003176243742927909,-0.0032681156881153584,-0.01375748310238123
1746739123698771500,15.526771484375,0.0024746519047766924,-0.001200143713504076,-0.01581408642232418
1746739123708850400,15.536850341796875,0.0011515934020280838,0.004215394612401724,-0.01370939053595066
1746739123718929400,15.546929443359375,0.0006165136583149433,0.0005328548140823841,-0.004670584574341774
1746739123729008400,15.55700830078125,0.0017267856746912003,-0.0016520028002560139,0.008069978095591068
1746739123739087400,15.56708740234375,0.0021932206582278013,-0.0008885003626346588,0.021551009267568588
1746739123749167400,15.57716748046875,-0.0026838257908821106,-0.00010872678831219673,0.026895441114902496
1746739123759246300,15.587246337890624,-0.0025830864906311035,0.004014140460640192,0.02685515023767948
1746739123769325300,15.5973251953125,-0.0053911227732896805,0.003980850335210562,0.020694993436336517
1746739123779404300,15.607404296875,-0.0014786957763135433,0.003169543109834194,0.009932932443916798
1746739123789483300,15.617483154296876,0.0015538460575044155,0.0015910882502794266,0.0020763413049280643
1746739123799562500,15.6275625,0.0016184672713279724,0.0005802847445011139,-0.011952009983360767
1746739123809641500,15.637641357421876,-0.0006007449701428413,-0.004323925822973251,-0.023119177669286728
1746739123819720200,15.64772021484375,0.00013184035196900368,-0.006470620632171631,-0.032224755734205246
1746739123829799400,15.65779931640625,0.004736712202429771,-0.011978037655353546,-0.03440694883465767
1746739123839878400,15.66787841796875,0.0031369731295853853,-0.008223138749599457,-0.03181599825620651
1746739123849957400,15.677957275390625,0.0015686377882957458,-0.002852608449757099,-0.02435275726020336
1746739123860036400,15.688036376953125,0.0015656580217182636,-0.0007294551469385624,-0.014793302863836288
1746739123870115300,15.698115234375,0.0020804470404982567,-0.00023890100419521332,0.002283418318256736
1746739123880194300,15.7081943359375,0.0034037944860756397,0.00273303035646677,0.01844024285674095
1746739123890273300,15.718273193359375,0.00311856996268034,0.0047567663714289665,0.031027408316731453
1746739123900352500,15.7283525390625,-0.00026748981326818466,0.003951979801058769,0.028487708419561386
1746739123910431500,15.738431396484375,-0.002407073974609375,0.0018976172432303429,0.021811431273818016
1746739123920510200,15.74851025390625,-0.003412028308957815,-0.0009325770661234856,0.016297508031129837
1746739123930589400,15.75858935546875,0.00036886148154735565,-0.0027592391707003117,0.002496474888175726
1746739123940668400,15.76866845703125,-0.0004594591446220875,-0.0065901922062039375,-0.0045640659518539906
1746739123950747400,15.778747314453126,0.002243116730824113,-0.004842093214392662,-0.015215111896395683
1746739123960826400,15.788826416015626,-0.00003210967406630516,0.0001293327659368515,-0.017165983095765114
1746739123970905300,15.7989052734375,0.0020536778029054403,-0.004799645859748125,-0.009238818660378456
1746739123980984600,15.808984619140626,0.002556886523962021,-0.002755322027951479,-0.0006854737875983119
1746739123991063300,15.819063232421875,0.0029329247772693634,-0.00021493248641490936,0.003663468174636364
1746739124001142300,15.829142333984375,0.002337753539904952,0.0014100819826126099,0.010490665212273598
1746739124011221500,15.839221435546875,0.003922068048268557,0.001742977648973465,0.017070269212126732
1746739124021300200,15.84930029296875,0.0022278919350355864,0.004359443672001362,0.017957836389541626
1746739124031379500,15.85937939453125,-0.0007508536800742149,0.0068665435537695885,0.014480013400316238
1746739124041458400,15.86945849609375,-0.002116500400006771,0.0049550351686775684,0.014545220881700516
1746739124051537200,15.879537109375,-0.0038805780932307243,0.0038128052838146687,0.004409229848533869
1746739124061616400,15.889616455078125,-0.004687488079071045,0.00034464849159121513,-0.0078056203201413155
1746739124071695400,15.8996953125,-0.0007998053915798664,-0.005136136896908283,-0.014170842245221138
1746739124081774600,15.909774658203125,0.001471604686230421,-0.008023004047572613,-0.020248176530003548
1746739124091853300,15.919853271484374,0.004565665032714605,-0.0066727809607982635,-0.017707785591483116
1746739124101932300,15.929932373046874,0.0030073055531829596,-0.008006012067198753,-0.012916340492665768
1746739124112011500,15.940011474609374,-0.00020792894065380096,-0.004278652369976044,-0.0027278850320726633
1746739124122090200,15.95009033203125,-0.0009032366797327995,0.001073717139661312,0.007910830900073051
1746739124132169500,15.96016943359375,-0.004450567066669464,0.00635343324393034,0.01341158989816904
1746739124142248400,15.97024853515625,-0.002961442805826664,0.007275179959833622,0.01665654219686985
1746739124152327400,15.980327392578126,0.0005256999284029007,0.00672044325619936,0.017509285360574722
1746739124162406400,15.990406494140625,0.0037278570234775543,0.006029005628079176,0.01267191767692566
1746739124172485400,16.0004853515625,0.006948683876544237,0.002883812878280878,0.003253648057579994
1746739124182564400,16.010564453125,0.0076255653984844685,0.003110314253717661,-0.00519271707162261
1746739124192643300,16.020643310546873,0.011387546546757221,-0.0008101249113678932,-0.012262344360351562
1746739124202722300,16.030722412109377,0.006848066113889217,-0.0015541589818894863,-0.013017237186431885
1746739124212801500,16.040801513671877,0.005092776846140623,-0.0024769441224634647,-0.00721367634832859
1746739124222880300,16.05088037109375,0.0033505368046462536,-0.0007719886489212513,0.001486071734689176
1746739124232959200,16.060959228515625,0.0009614150039851665,0.0004424131475389004,0.010394878685474396
1746739124243038500,16.07103857421875,0.002810131758451462,0.005501700099557638,0.01827733963727951
1746739124253117400,16.081117431640624,0.0030551424715667963,0.006667099427431822,0.021509883925318718
1746739124263196400,16.091196533203124,0.002693923655897379,0.006072548683732748,0.02446397766470909
1746739124273275400,16.101275390625,0.0007892311550676823,0.003996082115918398,0.020206915214657784
1746739124283354400,16.111354248046876,0.0004833280108869076,0.0032641119323670864,0.011433281004428864
1746739124293433300,16.121433349609376,0.0009254124015569687,0.005581594537943602,-0.004478307440876961
1746739124303512300,16.13151220703125,0.0015741866081953049,0.0010982435196638107,-0.015884090214967728
1746739124313591600,16.141591552734376,0.005052807275205851,-0.005445409100502729,-0.0213097482919693
1746739124323670300,16.151670166015624,0.003069306956604123,-0.004949955269694328,-0.020053841173648834
1746739124333749200,16.161749267578124,0.0038474826142191887,-0.006621355656534433,-0.015353628434240818
1746739124343828500,16.171828369140623,0.004704315215349197,-0.005885922349989414,-0.0019343429012224078
1746739124353907500,16.181907470703123,0.0029285193886607885,-0.002135125920176506,0.004128876142203808
1746739124363986200,16.191986083984375,-0.001701523084193468,-0.000045423395931720734,0.010200812481343746
1746739124374065400,16.2020654296875,-0.0030970191583037376,0.00042808661237359047,0.012344390153884888
1746739124384144400,16.212144287109375,-0.003656289540231228,0.00029735080897808075,0.00984603725373745
1746739124394223400,16.222223388671875,-0.004621152766048908,-0.00112078245729208,0.001917806570418179
1746739124404302300,16.23230224609375,-0.003616875037550926,0.0007964274846017361,-0.0031973267905414104
1746739124414381300,16.24238134765625,-0.0023899562656879425,-0.0005934764631092548,-0.0045701866038143635
1746739124424460300,16.252460205078126,0.0017508261371403933,0.0006561847403645515,-0.010210835374891758
1746739124434539300,16.262539306640626,0.001422458328306675,-0.0025614462792873383,-0.018870370462536812
1746739124444618500,16.272618408203126,0.0014764419756829739,-0.003993958234786987,-0.026563143357634544
1746739124454697500,16.282697509765626,0.0004657725803554058,-0.0052152834832668304,-0.02412129007279873
1746739124464776200,16.292776123046874,0.0021288448479026556,-0.0067809829488396645,-0.02050490863621235
1746739124474855400,16.30285546875,0.0011890153400599957,-0.0070680719800293446,-0.010270114056766033
1746739124484934400,16.312934326171874,-0.0007354929111897945,-0.002063189633190632,-0.007927668280899525
1746739124495013400,16.323013427734374,-0.0017171339131891727,-0.0004911255091428757,-0.0030021509155631065
1746739124505092400,16.33309228515625,-0.001292468048632145,0.0005418290384113789,0.006635063793510199
1746739124515171300,16.34317138671875,0.002150466665625572,0.0014736694283783436,0.014522015117108822
1746739124525250600,16.35325048828125,0.0019227522425353527,0.0020479834638535976,0.01960740238428116
1746739124535329300,16.363329345703125,0.0007757288403809071,0.006167094688862562,0.013449108228087425
1746739124545408500,16.373408447265625,0.00340729090385139,0.003831899259239435,0.007379649206995964
1746739124555487500,16.383487548828125,0.00015210919082164764,0.0018007061444222927,0.0007174856727942824
1746739124565566200,16.393566162109376,-0.0005174814723432064,0.0024267896078526974,0.0025034777354449034
1746739124575645400,16.4036455078125,0.001162706408649683,-0.0025051189586520195,0.0024970860686153173
1746739124585724400,16.413724365234376,-0.00233652675524354,-0.0076317815110087395,0.0003833653754554689
1746739124595803100,16.42380322265625,0.00023102667182683945,-0.005450120195746422,-0.005242828745394945
1746739124605882400,16.43388232421875,0.0012063328176736832,-0.0022549694404006004,-0.009324115701019764
1746739124615962400,16.44396240234375,0.000681157223880291,0.004370708949863911,-0.0148323317989707
1746739124626041300,16.454041259765624,0.00269356369972229,0.0024851388297975063,-0.010329040698707104
1746739124636120300,16.464120361328124,0.0035452425945550203,0.002584740985184908,-0.0033723306842148304
1746739124646199600,16.474199462890624,0.0031753082294017076,-0.0007717455737292767,0.005410812795162201
1746739124656278300,16.4842783203125,0.002007245784625411,0.00027194712311029434,0.01298723928630352
1746739124666357200,16.494357177734376,0.005015638656914234,0.000463852658867836,0.015586326830089092
1746739124676436500,16.5044365234375,0.0020920205861330032,-0.0008075404912233353,0.013265648856759071
1746739124686515500,16.514515380859375,0.003045043908059597,0.004747601691633463,0.00611916882917285
1746739124696594400,16.524594482421875,-0.000700958538800478,0.007398779038339853,0.001156102167442441
1746739124706673400,16.53467333984375,-0.0006667976267635822,0.0007683336734771729,-0.0015007441397756338
1746739124716752400,16.54475244140625,-0.001305956393480301,-0.0025987005792558193,-0.006057945545762777
1746739124726831400,16.554831298828127,-0.0042773825116455555,-0.004028900992125273,-0.015564167872071266
1746739124736910300,16.564910400390627,-0.0018730806186795235,-0.004612665623426437,-0.020178627222776413
1746739124746989600,16.574989501953127,-0.0008257320150732994,-0.005370893981307745,-0.023387661203742027
1746739124757068300,16.585068359375,0.002787644974887371,-0.007314735092222691,-0.021700015291571617
1746739124767147300,16.595147216796875,0.0017305142246186733,-0.006048881448805332,-0.019132614135742188
1746739124777226500,16.6052265625,0.0033987180795520544,-0.006465666461735964,-0.011795871891081333
1746739124787305500,16.615305419921874,0.0034570135176181793,-0.0033120312727987766,0.0015412356005981565
1746739124797384200,16.62538427734375,-0.0014426703564822674,0.0013695391826331615,0.009472661651670933
1746739124807463400,16.63546337890625,0.000024011358618736267,0.0023282780312001705,0.019893577322363853
1746739124817542400,16.64554248046875,-0.00015708385035395622,0.0038875588215887547,0.020629407837986946
1746739124827621400,16.655621337890626,0.0022375297266989946,0.0036991657689213753,0.013905267231166363
1746739124837700400,16.665700439453126,0.0037510041147470474,0.0044283391907811165,0.006431371904909611
1746739124847779300,16.675779296875,0.0033226741943508387,0.004003965295851231,0.004514544736593962
1746739124857858300,16.6858583984375,0.0012880191206932068,0.0005996469408273697,-0.0005031173350289464
1746739124867937300,16.695937255859373,0.00002732919529080391,-0.0002984502352774143,-0.002732486929744482
1746739124878016500,16.7060166015625,-0.0019410131499171257,0.0003481651656329632,-0.004999635741114616
1746739124888095500,16.716095458984373,-0.0004264512099325657,-0.0017870520241558552,-0.004435617011040449
1746739124898174200,16.72617431640625,-0.00012045400217175484,-0.0024927896447479725,-0.008860459551215172
1746739124908253400,16.73625341796875,0.0038616261444985867,0.0026382706128060818,-0.009595605544745922
1746739124918332400,16.74633251953125,0.0026605406310409307,0.0008819154463708401,-0.000937668897677213
1746739124928411400,16.756411376953125,0.0037273243069648743,-0.0020531550981104374,0.014439723454415798
1746739124938490400,16.766490478515625,0.0025400870945304632,-0.0016954927705228329,0.02532353065907955
1746739124948569300,16.7765693359375,0.0006726561114192009,0.0009699584916234016,0.025254327803850174
1746739124958648300,16.7866484375,-0.0004938081838190556,0.005150056444108486,0.014138293452560902
1746739124968727300,16.796727294921876,-0.0043214973993599415,0.004848080221563578,0.0037361762952059507
1746739124978806300,16.80680615234375,-0.0032202801667153835,-0.0002649226225912571,-0.002802416682243347
1746739124988885500,16.816885498046876,-0.003567290026694536,-0.001624466385692358,-0.010859809815883636
1746739124998964200,16.826964111328124,-0.002023722045123577,-0.002948590088635683,-0.01606149598956108
1746739125009043500,16.83704345703125,-0.0003601456992328167,-0.0020754439756274223,-0.02069878578186035
1746739125019122400,16.847122314453124,-0.00019582826644182205,-0.0054763006046414375,-0.017170364037156105
1746739125029201200,16.857201171875,0.0013288813643157482,-0.0039474619552493095,-0.016579709947109222
1746739125039280400,16.8672802734375,0.000380530022084713,-0.0037091088015586138,-0.007692743092775345
1746739125049359400,16.877359375,-0.0014462904073297977,0.0019491291604936123,-0.005366771947592497
1746739125059438600,16.8874384765625,-0.002651104237884283,0.0009802705608308315,-0.0011382047086954117
1746739125069517300,16.897517333984375,-0.0004908503033220768,0.004665708635002375,0.0029405024833977222
1746739125079596300,16.90759619140625,-0.0021167099475860596,0.0036459839902818203,0.010096948593854904
1746739125089675500,16.917675537109375,-0.004070987459272146,0.001609809696674347,0.007940358482301235
1746739125099754200,16.927754150390626,-0.0004837093874812126,-0.0025247475132346153,0.0020787410903722048
1746739125109833500,16.93783349609375,-0.0003456799313426018,-0.002244210336357355,-0.009596862830221653
1746739125119912400,16.947912353515626,-0.0005227802321314812,-0.0013933307491242886,-0.015974335372447968
1746739125129991200,16.9579912109375,0.0001624082215130329,-0.0018622581847012043,-0.017992399632930756
1746739125140070400,16.9680703125,-0.001157986931502819,-0.004616233054548502,-0.01712207868695259
1746739125150149400,16.9781494140625,0.0003683646209537983,0.00019410066306591034,-0.010796121321618557
1746739125160228600,16.988228515625,0.0033412515185773373,-0.0028211302123963833,-0.0019802593160420656
1746739125170307300,16.998307373046874,0.002315184334293008,-0.0002267584204673767,0.0064134541898965836
1746739125180386300,17.00838623046875,0.0001423112116754055,0.002740269061177969,0.016457034274935722
1746739125190465500,17.018465576171874,-0.0013838065788149834,0.003825826570391655,0.016153279691934586
1746739125200544300,17.028544189453125,-0.00018325354903936386,0.006247438490390778,0.011291413567960262
1746739125210623200,17.038623291015625,-0.0016382019966840744,0.007939566858112812,0.0043393466621637344
1746739125220702500,17.048702392578125,-0.0009175506420433521,0.006469767540693283,0.003576351096853614
1746739125230781400,17.058781494140625,0.0008239750750362873,0.0011971266940236092,0.004793261643499136
1746739125240860400,17.0688603515625,0.0021603491622954607,-0.0036295868922024965,0.0023082660045474768
1746739125250939400,17.078939453125,0.00018864544108510017,-0.0032446524128317833,0.002289549680426717
1746739125261018400,17.089018310546876,0.0018299517687410116,-0.002825471106916666,-0.003466606605798006
1746739125271097300,17.099097412109376,-0.0033098976127803326,-0.0028806766495108604,-0.004709275439381599
1746739125281176300,17.10917626953125,-0.0016270466148853302,-0.0020990390330553055,-0.008124778978526592
1746739125291255600,17.119255615234376,0.0008945055305957794,-0.00038633449003100395,-0.008540574461221695
1746739125301334300,17.129334228515624,-0.0002226904034614563,0.006208451464772224,-0.003332763444632292
1746739125311413200,17.139413330078124,-0.000959484837949276,0.0015325844287872314,-0.0005932459025643766
1746739125321492500,17.149492431640624,-0.0006782547570765018,-0.0029140952974557877,0.003775669727474451
1746739125331572200,17.159572265625,0.0003671660088002682,-0.0009347605518996716,0.006335041951388121
1746739125341651500,17.1696513671875,0.00026809656992554665,-0.0028599598444998264,0.00599841820076108
1746739125351730400,17.17973046875,-0.000060098711401224136,-0.001977520529180765,0.00220459490083158
1746739125361809200,17.18980908203125,-0.0007653036154806614,0.0024598385207355022,0.0008575679385103285
1746739125371888400,17.199888427734376,-0.0030233757570385933,0.005625090096145868,-0.0025502126663923264
1746739125381967400,17.20996728515625,-0.002756260335445404,0.0020711016841232777,-0.006337760481983423
1746739125392046300,17.22004638671875,-0.0026063923723995686,-0.0013833101838827133,-0.008423738181591034
1746739125402125300,17.230125244140623,-0.0018330104649066925,-0.008737096562981606,-0.007339565549045801
1746739125412204300,17.240204345703123,-0.002387675456702709,-0.0024472172372043133,-0.011756494641304016
1746739125422283500,17.250283447265623,-0.002190069295465946,-0.0031881090253591537,-0.010249411687254906
1746739125432362200,17.2603623046875,-0.0005741342902183533,-0.002809166442602873,-0.005851923953741789
1746739125442441500,17.27044140625,0.00029991520568728447,-0.0003140508197247982,-0.009744133800268173
1746739125452520400,17.2805205078125,-0.0008116881363093853,-0.0011777142062783241,-0.0024934113025665283
1746739125462599200,17.29059912109375,0.002679982455447316,0.00006465055048465729,0.004496587440371513
1746739125472678400,17.300678466796874,0.0028738200198858976,0.004322043154388666,0.010371595621109009
1746739125482757400,17.31075732421875,-0.0020234668627381325,0.0060999696142971516,0.008135339245200157
1746739125492836400,17.32083642578125,-0.0005789371207356453,0.007458937354385853,0.0021644183434545994
1746739125502915300,17.330915283203126,0.004246178083121777,0.004137709736824036,-0.0003139193286187947
1746739125512994300,17.340994384765626,0.0033377623185515404,0.004192447289824486,-0.003786072600632906
1746739125523073500,17.351073486328126,0.0027492037042975426,0.003329317085444927,-0.008504129014909267
1746739125533152300,17.36115234375,0.0009531374089419842,0.00456280680373311,-0.013708476908504963
1746739125543231500,17.3712314453125,0.000777901615947485,-0.00030305515974760056,-0.008222365751862526
1746739125553310500,17.381310546875,0.0012082685716450214,0.0005254540592432022,0.00048697044258005917
1746739125563389200,17.39138916015625,0.002768880920484662,-0.0006769630126655102,0.006581347901374102
1746739125573468400,17.401468505859373,0.0008913013152778149,0.0036267833784222603,0.011235793121159077
1746739125583547400,17.41154736328125,-0.00016757193952798843,0.007831381633877754,0.008671967312693596
1746739125593626400,17.42162646484375,0.0025303128641098738,0.007848004810512066,0.012992070987820625
1746739125603705300,17.431705322265625,0.0010599815286695957,0.0032228929921984673,0.01091320812702179
1746739125613784300,17.441784423828125,-0.0006749965250492096,0.0015752208419144154,0.00753704272210598
1746739125623863600,17.451863525390625,0.0010675098747015,0.00036641210317611694,-0.004027201794087887
1746739125633942300,17.4619423828125,0.0010985461995005608,0.00464642932638526,-0.011276478879153728
1746739125644020700,17.472020751953124,0.0014080055989325047,-0.0004519261419773102,-0.017643297091126442
1746739125654099700,17.482099609375,0.001566341146826744,-0.0004801033064723015,-0.02102699503302574
1746739125664178700,17.4921787109375,0.002178601920604706,-0.0020561618730425835,-0.022673893719911575
1746739125674257700,17.502257568359376,0.0014230632223188877,-0.0024103624746203423,-0.018117757514119148
1746739125684336600,17.512336669921876,-0.0022675450891256332,-0.004099339246749878,-0.011400999501347542
1746739125694416000,17.522415771484376,-0.004003783222287893,-0.0021301456727087498,-0.0033059418201446533
1746739125704494600,17.53249462890625,-0.00591300381347537,0.0007692375220358372,0.004938139580190182
1746739125714573600,17.542573486328124,-0.004679080098867416,0.00007496029138565063,0.006845723371952772
1746739125724652800,17.55265283203125,-0.004147246479988098,-0.0010017557069659233,0.007077418267726898
1746739125734731800,17.562731689453123,-0.00035411538556218147,-0.0021791220642626286,-0.0012830810155719519
1746739125744810800,17.572810791015623,-0.00133815361186862,-0.00199323333799839,-0.005709254648536444
1746739125754889700,17.5828896484375,-0.002258194610476494,-0.00221213698387146,-0.01316561084240675
1746739125764968700,17.59296875,0.00029630959033966064,0.00001985812559723854,-0.014655916020274162
1746739125775047700,17.603047607421875,0.002796659478917718,-0.003792849835008383,-0.012036584317684174
1746739125785126700,17.613126708984375,-0.0020119440741837025,-0.005535356234759092,-0.008217877708375454
1746739125795205600,17.62320556640625,-0.0014962125569581985,-0.006180590018630028,-0.010964015498757362
1746739125805284900,17.633284912109374,-0.00045571569353342056,-0.0030210153199732304,-0.015010688453912735
1746739125815363600,17.643363525390626,-0.004033631179481745,-0.005244284402579069,-0.013861075975000858
1746739125825442800,17.65344287109375,-0.00268367538228631,-0.0037425276823341846,-0.007275611627846956
1746739125835521800,17.663521728515626,-0.0013599703088402748,0.0007202350534498692,0.001032874919474125
1746739125845600500,17.6736005859375,-0.0017626401968300343,0.006823934148997068,0.007304086349904537
1746739125855679700,17.6836796875,-0.0016602636314928532,0.006353577598929405,0.014419639483094215
1746739125865759500,17.693759521484374,0.0009696083143353462,0.0039609940722584724,0.016934728249907494
1746739125875838700,17.703838623046874,0.003924180753529072,0.002135705668479204,0.013436553068459034
1746739125885917700,17.713917724609374,-0.0007872176356613636,0.0005234279669821262,0.0060920873656868935
1746739125895997000,17.723996826171874,-0.0002811863087117672,-0.00146933039650321,-0.0014241521712392569
1746739125906075600,17.73407568359375,-0.0003562876954674721,0.0003104601055383682,-0.006859131157398224
1746739125916154600,17.744154541015625,0.0005807764828205109,0.0008235396817326546,-0.013738532550632954
1746739125926233900,17.75423388671875,0.001989056123420596,0.005093651823699474,-0.01664510741829872
1746739125936312600,17.7643125,0.0017993056681007147,0.005376679822802544,-0.013843006454408169
1746739125946391800,17.774391845703125,0.002005168003961444,0.0011627599596977234,-0.007077512331306934
1746739125956470800,17.784470703125,0.001041647046804428,0.0015101549215614796,-0.001744340406730771
1746739125966549800,17.7945498046875,-0.00023294147104024887,0.0028686332516372204,-0.0026229172945022583
1746739125976628700,17.804628662109376,0.0023616834077984095,-0.0010846932418644428,-0.0044995322823524475
1746739125986707700,17.814707763671876,-0.0033212355338037014,-0.0011842953972518444,-0.0011937505332753062
1746739125996786700,17.82478662109375,0.000761441420763731,0.0024601640179753304,-0.0005666142678819597
1746739126006865700,17.83486572265625,-0.004469539504498243,0.0031605754047632217,-0.0022348184138536453
1746739126016944600,17.844944580078124,-0.004538380075246096,0.004771594423800707,-0.005037188529968262
1746739126027024000,17.85502392578125,-0.005417756270617247,-0.0003344840370118618,-0.007666793651878834
1746739126037102600,17.8651025390625,0.0012700441293418407,-0.0031516849994659424,-0.008403388783335686
1746739126047181600,17.875181640625,0.001019441056996584,-0.0006291386671364307,-0.005579372402280569
1746739126057260800,17.8852607421875,0.001628586556762457,-0.004797645844519138,-0.0022042300552129745
1746739126067339800,17.89533984375,0.0027764090336859226,-0.009411039762198925,0.007951734587550163
1746739126077418800,17.905418701171875,-0.0011755982413887978,-0.0038243120070546865,0.011543160304427147
1746739126087497700,17.915497802734375,-0.004277115687727928,-0.000654085073620081,0.012740517035126686
1746739126097576700,17.92557666015625,-0.001195061020553112,0.0034926198422908783,0.007081869523972273
1746739126107655700,17.93565576171875,-0.004840129055082798,0.00004169624298810959,0.0038394713774323463
1746739126117734700,17.945734619140627,-0.0009997282177209854,0.001054977998137474,-0.0008512689382769167
1746739126127814000,17.95581396484375,-0.0006881384178996086,0.002311723306775093,-0.003568758489564061
1746739126137892600,17.965892578125,-0.0001500961370766163,-0.0019615679048001766,-0.005070025101304054
1746739126147971600,17.9759716796875,0.0007170289754867554,-0.0037703868001699448,-0.0074077476747334
1746739126158050800,17.98605078125,0.001798455137759447,-0.004372544586658478,-0.00597385922446847
1746739126168129800,17.9961298828125,-0.00039039691910147667,0.00157083198428154,-0.004734157584607601
1746739126178208500,18.00620849609375,0.0028850764501839876,0.000005616806447505951,0.0033279908820986748
1746739126188287700,18.016287841796874,-0.0008878237567842007,-0.000578681007027626,0.01395240519195795
1746739126198366700,18.02636669921875,0.0006451322697103024,0.0016846773214638233,0.017264237627387047
1746739126208445700,18.03644580078125,0.000726891215890646,0.005494062323123217,0.015975801274180412
1746739126218524700,18.046524658203126,0.0011987737379968166,0.003312848974019289,0.019295431673526764
1746739126228603600,18.056603759765625,0.0007233996875584126,0.002668363507837057,0.017020292580127716
1746739126238682600,18.0666826171875,0.0030436383094638586,-0.002620409708470106,0.010758663527667522
1746739126248761600,18.07676171875,0.004058568738400936,-0.002021198160946369,-0.0019235755316913128
1746739126258840800,18.0868408203125,0.0022087176330387592,0.001419241540133953,-0.011481625027954578
1746739126268919800,18.096919921875,0.0030750439036637545,-0.0011642915196716785,-0.018634874373674393
1746739126278998500,18.10699853515625,0.004755362868309021,-0.005150454118847847,-0.011314296163618565
1746739126289077800,18.117077880859377,0.004338578321039677,-0.0055049206130206585,-0.009525450877845287
1746739126299156700,18.12715673828125,-0.0026196776889264584,-0.0004905303940176964,-0.002841221634298563
1746739126309235700,18.137235595703125,-0.012257391586899757,-0.002139293123036623,0.010529977269470692
1746739126319314700,18.147314697265625,-0.00687536783516407,0.000892919022589922,0.014239152893424034
1746739126329393700,18.1573935546875,-0.007791229523718357,0.005150781478732824,0.009368764236569405
1746739126339473000,18.167472900390624,-0.00654457276687026,0.0018006120808422565,0.004491450265049934
1746739126349552600,18.177552734375,-0.001497616060078144,-0.0007506962865591049,0.005403582938015461
1746739126359632000,18.1876318359375,-0.0006645992398262024,-0.003882407210767269,0.008105929009616375
1746739126369710600,18.197710693359376,0.0001569860614836216,-0.0013641221448779106,0.0068574389442801476
1746739126379789600,18.20778955078125,-0.0008156322874128819,0.0005881516262888908,0.0008144624880515039
1746739126389868800,18.217868896484376,0.0026012035086750984,0.00247766450047493,0.00043096730951219797
1746739126399947500,18.227947509765624,0.0010045995004475117,-0.001410486176609993,0.0007942955126054585
1746739126410026800,18.23802685546875,0.0012855627574026585,-0.005796445999294519,-0.000054187607020139694
1746739126420105700,18.248105712890624,0.002862654160708189,-0.004512893036007881,0.0010198680683970451
1746739126430184700,18.258184814453124,0.0009457110427320004,-0.005473229102790356,0.002051843097433448
1746739126440263700,18.268263671875,-0.003238460049033165,0.0003565666265785694,0.0034024750348180532
1746739126450342700,18.2783427734375,-0.0006266976706683636,0.0037651467137038708,0.004499164875596762
1746739126460422000,18.288421875,-0.0028308462351560593,0.005334170535206795,0.009181582368910313
1746739126470500600,18.29850048828125,-0.004133930429816246,0.006387184374034405,0.015582223422825336
1746739126480579600,18.30857958984375,-0.0051107145845890045,0.004304509609937668,0.015566237270832062
1746739126490658800,18.318658935546875,-0.0004432578571140766,0.0020240452140569687,0.008677172474563122
1746739126500737800,18.32873779296875,0.00020360155031085014,0.0002445429563522339,0.00148923194501549
1746739126510816800,18.338816650390626,0.002250773599371314,-0.004930778406560421,-0.0047007533721625805
1746739126520895700,18.348895751953126,0.0016575739718973637,-0.005874834023416042,-0.007066021673381329
1746739126530974700,18.358974609375,0.0015023117884993553,-0.0022446787916123867,-0.008074028417468071
1746739126541053700,18.3690537109375,0.0050119804218411446,-0.0013617994263768196,-0.007945248857140541
1746739126551132700,18.379132568359374,0.004358441103249788,0.0016132178716361523,-0.0008290163823403418
1746739126561211600,18.389211669921874,0.0023607718758285046,0.0009382800199091434,0.00350341759622097
1746739126571290600,18.39929052734375,-0.0013444842770695686,0.002633914817124605,0.006763393059372902
1746739126581369600,18.40936962890625,-0.0016065910458564758,0.004211914725601673,0.012819460593163967
1746739126591448800,18.41944873046875,0.00007572770118713379,0.0010054688900709152,0.012161127291619778
1746739126601527800,18.42952783203125,0.0006981603801250458,-0.0019334061071276665,0.008720017038285732
1746739126611606500,18.4396064453125,-0.000672035850584507,0.00140007259324193,0.006505332887172699
1746739126621685800,18.449685791015625,-0.0031813569366931915,0.0024697394110262394,-0.001860876102000475
1746739126631764700,18.4597646484375,-0.002618098631501198,0.000015636440366506577,-0.005388232879340649
1746739126641844200,18.46984423828125,0.0006107175722718239,-0.0017851931042969227,-0.005628183484077454
1746739126651923200,18.479923095703125,-0.00048623839393258095,-0.004219056107103825,-0.007602917496114969
1746739126662002400,18.49000244140625,0.000841755885630846,-0.0013403953053057194,-0.007439550943672657
1746739126672081200,18.5000810546875,0.005042093340307474,-0.00577881932258606,-0.007955138571560383
1746739126682160000,18.51016015625,0.004424035549163818,-0.007582006976008415,-0.0016752500087022781
1746739126692239400,18.5202392578125,0.0020775243174284697,-0.007131400052458048,0.000034233060432597995
1746739126702318000,18.530318115234376,-0.0033649923279881477,-0.002122664824128151,0.0027425489388406277
1746739126712397300,18.540397216796876,-0.005323747172951698,-0.0023173419758677483,0.011222319677472115
1746739126722476300,18.550476318359376,-0.004948325455188751,0.0007287664338946342,0.01569620706140995
1746739126732555300,18.56055517578125,-0.0032644085586071014,0.003144785761833191,0.013856761157512665
1746739126742634200,18.57063427734375,0.0015890076756477356,0.003665192984044552,0.014577336609363556
1746739126752713200,18.580713134765624,0.0011730222031474113,0.0019668955355882645,0.00876392237842083
1746739126762792400,18.59079248046875,0.0024596983566880226,0.0014977608807384968,0.0035136889200657606
1746739126772871200,18.60087109375,0.003340672003105283,-0.00012596789747476578,-0.0004711990477517247
1746739126782951400,18.610951416015624,0.0015129544772207737,0.002738113049417734,-0.00552755082026124
1746739126793030100,18.621030029296875,-0.0012335632927715778,-0.002407647203654051,-0.0026100578252226114
1746739126803109000,18.631109130859375,-0.0012475037947297096,-0.0028221644461154938,0.0020516535732895136
1746739126813188400,18.641188232421875,-0.0011862507089972496,0.0016689901240170002,0.00786320399492979
1746739126823267300,18.651267333984375,-0.002194266766309738,0.0004528784193098545,0.006098131649196148
1746739126833346000,18.661345947265627,0.0008249590173363686,0.0033573214896023273,0.0030456166714429855
1746739126843425300,18.67142529296875,0.002318355720490217,-0.0011382107622921467,0.0012427357723936439
1746739126853504300,18.681504150390627,0.0015007653273642063,0.0003851172514259815,-0.0038979642558842897
1746739126863583200,18.691583251953126,0.002765469951555133,0.0019011665135622025,-0.015516268089413643
1746739126873662200,18.701662109375,0.004774026107043028,-0.0007726475596427917,-0.020529404282569885
1746739126883741200,18.7117412109375,0.0030219112522900105,-0.003760816529393196,-0.01655726134777069
1746739126893820200,18.721820068359374,0.0017715571448206902,-0.0007043066434562206,-0.010676202364265919
1746739126903899100,18.731899169921874,0.0013560447841882706,-0.0016148737631738186,-0.0069588543847203255
1746739126913978400,18.741978271484374,0.0006191479042172432,-0.001832454465329647,-0.00216303369961679
1746739126924057300,18.752057373046874,0.0025064069777727127,-0.0014702146872878075,0.0043280040845274925
1746739126934136000,18.762135986328126,-0.0010739467106759548,-0.0018856674432754517,0.01556707639247179
1746739126944215300,18.77221533203125,-0.0023642992600798607,0.002649769652634859,0.02037971466779709
1746739126954294300,18.782294189453125,-0.003129958175122738,0.0008337595500051975,0.019201532006263733
1746739126964373200,18.792373291015625,-0.003766752779483795,0.0027253124862909317,0.01660308800637722
1746739126974452200,18.8024521484375,-0.0014804289676249027,0.0030118683353066444,0.009098833426833153
1746739126984531200,18.81253125,-0.0019136220216751099,0.0027203685604035854,-0.003313972381874919
1746739126994610400,18.8226103515625,0.0006214412860572338,-0.0017398940399289131,-0.008224042132496834
1746739127004689200,18.832689208984377,0.0012473687529563904,-0.005016360431909561,-0.015350705944001675
1746739127014768400,18.842768310546877,0.000766135286539793,-0.0057463329285383224,-0.019250905141234398
1746739127024847400,18.852847412109377,-0.0010078283958137035,-0.004575968720018864,-0.01962028071284294
1746739127034926000,18.862926025390625,0.003862560261040926,-0.010573940351605415,-0.017193075269460678
1746739127045005300,18.87300537109375,0.00025671161711215973,-0.010795223526656628,-0.011256433092057705
1746739127055084300,18.883084228515624,-0.0012812642380595207,-0.004623347893357277,-0.01026866678148508
1746739127065163000,18.8931630859375,-0.0020964890718460083,-0.0013951556757092476,-0.006355946883559227
1746739127075242200,18.9032421875,-0.0031676129437983036,-0.000504594761878252,-0.003022202057763934
1746739127085321200,18.9133212890625,-0.001466515939682722,-0.0008479324169456959,0.0027626333758234978
1746739127095400400,18.923400390625,-0.002529383171349764,0.0017763464711606503,0.0019349227659404278
1746739127105479200,18.933479248046876,-0.002735596150159836,0.009073123335838318,0.0029232660308480263
1746739127115558100,18.94355810546875,-0.0013478230684995651,0.002318281214684248,0.006465003825724125
1746739127125637400,18.953637451171875,0.0016495445743203163,0.0019405451603233814,0.014603394083678722
1746739127135716000,18.963716064453124,0.0012790989130735397,-0.0015993285924196243,0.016461480408906937
1746739127145795300,18.97379541015625,0.00135722104460001,-0.001637021079659462,0.016593461856245995
1746739127155874300,18.983874267578123,-0.00131952203810215,0.0017571775242686272,0.006744826212525368
1746739127165953300,18.993953369140623,0.00031318003311753273,0.003826708998531103,-0.0011828315909951925
1746739127176032300,19.0040322265625,0.0028314650990068913,0.0031886151991784573,-0.0071323337033391
1746739127186111200,19.014111328125,0.0023980496916919947,0.0017302017658948898,-0.013261381536722183
1746739127196191200,19.024191162109375,0.0012265252880752087,-0.0029572281055152416,-0.01537459995597601
1746739127206270200,19.034270263671875,0.0031307428143918514,-0.007341029588133097,-0.012715272605419159
1746739127216349400,19.044349365234375,0.005207742098718882,-0.0018051168881356716,-0.015619716607034206
1746739127226428200,19.05442822265625,0.00586065836250782,-0.0005626091733574867,-0.011254151351749897
1746739127236507100,19.064507080078126,0.0042145587503910065,-0.00045608263462781906,-0.005130745004862547
1746739127246586400,19.07458642578125,0.0005051740445196629,0.0035855905152857304,0.000026281370082870126
1746739127256665300,19.084665283203126,0.00024125445634126663,0.004642332438379526,0.0037840018048882484
1746739127266744000,19.094744140625,-0.003685383126139641,0.005740594118833542,0.007082934956997633
1746739127276823300,19.1048232421875,-0.0013034516014158726,-0.00046563614159822464,0.014295574277639389
1746739127286902300,19.11490234375,-0.0022701341658830643,-0.002434159629046917,0.00931469351053238
1746739127296981200,19.124981201171874,-0.0019859750755131245,-0.0027947518974542618,-0.002128644147887826
1746739127307060200,19.135060302734374,-0.0019639944657683372,-0.001685230527073145,-0.011408313177525997
1746739127317139200,19.14513916015625,0.0010562967509031296,-0.004358511418104172,-0.021940050646662712
1746739127327218200,19.15521826171875,0.003676158143207431,-0.0021015265956521034,-0.025272343307733536
1746739127337297200,19.165297119140625,0.0055081467144191265,-0.0063439421355724335,-0.015755804255604744
1746739127347376400,19.17537646484375,0.006906235124915838,-0.006689911708235741,-0.005051684565842152
1746739127357455400,19.185455322265625,0.006037245504558086,-0.00005038455128669739,0.0011952919885516167
1746739127367534000,19.1955341796875,0.0022112776059657335,0.0026931785978376865,0.004537634551525116
1746739127377613300,19.20561328125,0.0038853406440466642,0.00656648026779294,0.011325233615934849
1746739127387692300,19.2156923828125,0.0024658949114382267,0.006661921739578247,0.015820346772670746
1746739127397771300,19.225771240234376,-0.0004270970821380615,0.008229724131524563,0.01539211068302393
1746739127407850200,19.235850341796876,-0.0025967424735426903,0.012114571407437325,0.018155934289097786
1746739127417929200,19.24592919921875,-0.0025109881535172462,0.0070345900021493435,0.015803566202521324
1746739127428008200,19.25600830078125,-0.004184765741229057,0.004169926512986422,0.010752045549452305
1746739127438087200,19.266087158203124,-0.0032039228826761246,0.0008047563023865223,0.004881107248365879
1746739127448166100,19.276166259765624,-0.0021124561317265034,0.00368668045848608,-0.0014138866681605577
1746739127458245400,19.286245361328124,-0.00308477645739913,-0.0001607881858944893,-0.0030341537203639746
1746739127468324000,19.296323974609376,-0.0014385334216058254,0.0027383784763514996,-0.006087885238230228
1746739127478403300,19.3064033203125,0.0011756252497434616,0.004783953074365854,-0.0077132126316428185
1746739127488482300,19.316482421875,0.002884751884266734,0.005871998146176338,-0.0030499068088829517
1746739127498561000,19.32656103515625,0.00440275389701128,0.0031710201874375343,0.001039643306285143
1746739127508640300,19.33664013671875,0.0016256426461040974,0.0050265430472791195,0.005482322070747614
1746739127518719200,19.34671923828125,-0.0010779984295368195,0.0016488558612763882,0.00872152391821146
1746739127528798500,19.356798583984375,-0.002862301655113697,0.00041655683889985085,0.01452361699193716
1746739127538877200,19.366877197265627,-0.0002337619662284851,-0.001216227188706398,0.011616510339081287
1746739127548956200,19.3769560546875,-0.0003439546562731266,0.002017559949308634,0.006963699124753475
1746739127559035400,19.387035400390626,-0.002919231541454792,-0.000159574206918478,0.00010073278099298477
1746739127569115100,19.397115234375,-0.0036559654399752617,0.0006810696795582771,-0.005858011543750763
1746739127579194400,19.4071943359375,-0.0019550039432942867,-0.002440687734633684,-0.007997862063348293
1746739127589273000,19.417273193359375,0.00016453443095088005,-0.005631978623569012,-0.008738944306969643
1746739127599352300,19.427352294921874,-0.000882886815816164,-0.0038519217632710934,-0.004038464277982712
1746739127609431300,19.437431396484374,0.0026620072312653065,-0.005397021304816008,-0.0007608394371345639
1746739127619510300,19.44751025390625,0.0008635744452476501,-0.004277428612112999,0.007497090380638838
1746739127629589200,19.45758935546875,0.0008210553787648678,0.0005456809885799885,0.004387738183140755
1746739127639668200,19.467668212890626,0.004457601811736822,-0.000921986997127533,0.005182958208024502
1746739127649747200,19.477747314453126,0.0005992795340716839,0.000688349362462759,0.0017243013717234135
1746739127659826200,19.487826171875,-0.0005741091445088387,-0.000158003531396389,0.0015980674652382731
1746739127669905200,19.4979052734375,-0.0006251521408557892,0.001020032912492752,-0.004077504854649305
1746739127679984000,19.507984130859374,-0.0011788229458034039,-0.003833045018836856,-0.007726568728685379
1746739127690063400,19.5180634765625,0.0016629002057015896,-0.005854327231645584,-0.009675652720034122
1746739127700142000,19.52814208984375,0.0024149769451469183,-0.004541122820228338,-0.010140907019376755
1746739127710221300,19.53822119140625,0.003634807886555791,-0.0024379086680710316,-0.013194565661251545
1746739127720300300,19.54830029296875,0.00475253676995635,-0.0006503947079181671,-0.00841578934341669
1746739127730379000,19.55837890625,0.0029847302939742804,0.0009640133939683437,-0.009610483422875404
1746739127740458200,19.568458251953125,0.0008459459058940411,0.001163750421255827,-0.0018668107222765684
1746739127750537200,19.578537109375,-0.00014285370707511902,0.002219787798821926,-0.0029922667890787125
1746739127760616200,19.5886162109375,-0.0021317023783922195,0.005642215721309185,-0.0067177629098296165
1746739127770695200,19.598695068359376,-0.0029484741389751434,0.0029376079328358173,-0.00727732852101326
1746739127780774100,19.608774169921876,-0.0029010698199272156,0.000908012967556715,-0.009993486106395721
1746739127790853400,19.618853271484376,-0.0035276408307254314,-0.0012904019095003605,-0.01206550095230341
1746739127800932000,19.62893212890625,-0.0024977964349091053,-0.0038630154449492693,-0.010251621715724468
1746739127811011300,19.63901123046875,-0.00045987311750650406,-0.0050371792167425156,-0.007589335553348064
1746739127821090300,19.64909033203125,0.0007207063026726246,-0.0052435738034546375,-0.0004749670624732971
1746739127831169000,19.6591689453125,0.000994908157736063,-0.0017682644538581371,-0.0020054071210324764
1746739127841248300,19.669248291015624,0.0002944967709481716,0.0002552052028477192,0.0029193104710429907
1746739127851327200,19.6793271484375,0.002382660983130336,-0.0018040514551103115,0.006208617240190506
1746739127861406200,19.68940625,-0.0031444639898836613,-0.0026104566641151905,0.011936810798943043
1746739127871485200,19.699485107421875,-0.0022913292050361633,0.00043082330375909805,0.009786725044250488
1746739127881564200,19.709564208984375,-0.0003147306852042675,-0.0003710542805492878,0.006552316248416901
1746739127891643400,19.719643310546875,-0.003749605268239975,0.0023880056105554104,-0.006654108874499798
1746739127901722000,19.72972216796875,-0.0018883217126131058,0.0022686957381665707,-0.014771423302590847
1746739127911801000,19.739801025390626,-0.0017467322759330273,0.002083749510347843,-0.020487520843744278
1746739127921880300,19.74988037109375,0.0005760765634477139,-0.0009916690178215504,-0.015702353790402412
1746739127931960000,19.7599599609375,0.00039993273094296455,-0.004620444029569626,-0.015341617166996002
1746739127942039300,19.770039306640626,-0.0011777239851653576,-0.005468394607305527,-0.009832868352532387
1746739127952118300,19.7801181640625,-0.0017802882939577103,-0.007364080753177404,-0.0053170910105109215
1746739127962197200,19.790197265625,-0.0022431458346545696,-0.006978454999625683,0.00010084402310894802
1746739127972276200,19.800276123046874,-0.0014989874325692654,-0.002860384527593851,0.0016091829165816307
1746739127982355200,19.810355224609374,-0.0021591847762465477,-0.003354401094838977,0.00002140639116987586
1746739127992434200,19.82043408203125,-0.0032148100435733795,0.0027697300538420677,0.00015718748909421265
1746739128002513200,19.83051318359375,-0.002302677370607853,0.002037627622485161,0.00373274739831686
1746739128012592400,19.84059228515625,0.0015203426592051983,0.002725715283304453,0.010084346868097782
1746739128022671000,19.850671142578125,0.003592814551666379,0.0012162351049482822,0.009524017572402954
1746739128032750000,19.86075,0.0050262329168617725,0.0035863048397004604,0.012945564463734627
1746739128042829300,19.870829345703125,0.006268064957112074,0.009085733443498611,0.00796598568558693
1746739128052908300,19.880908203125,0.005898299627006054,0.005454660393297672,0.006769212894141674
1746739128062987000,19.890987060546873,0.0030207543168216944,0.001584555022418499,0.008150327950716019
1746739128073066200,19.901066162109377,0.0008044405840337276,0.004593304358422756,0.011475552804768085
1746739128083145200,19.911145263671877,-0.0012661670334637165,0.004333646036684513,0.011013761162757874
1746739128093224200,19.92122412109375,-0.005012813024222851,0.0018012863583862782,0.010452249087393284
1746739128103303200,19.93130322265625,-0.004041558131575584,0.00040552346035838127,0.00904077384620905
1746739128113382100,19.941382080078125,0.0010184478014707565,0.0017163311131298542,0.004874258302152157
1746739128123461000,19.951461181640624,0.002492773812264204,0.002057482022792101,-0.004745611920952797
1746739128133540000,19.9615400390625,0.0025543440133333206,0.0030648824758827686,-0.008453571237623692
1746739128143619300,19.971619384765624,0.002989504486322403,0.006967745255678892,-0.010347611270844936
1746739128153698300,19.9816982421875,0.0038398518227040768,0.0025929701514542103,-0.012146576307713985
1746739128163777000,19.991777099609376,0.003265141509473324,-0.0018595685251057148,-0.01629152148962021
1746739128173856300,20.001856201171876,0.0038341879844665527,-0.0031136758625507355,-0.011076442897319794
1746739128183935200,20.011935302734376,-0.0006476459093391895,0.002299731597304344,-0.006937091704457998
1746739128194014200,20.02201416015625,-0.003302146214991808,0.0016240407712757587,-0.006493497174233198
1746739128204093200,20.03209326171875,-0.0031002783216536045,0.0037505743093788624,-0.0014675797428935766
1746739128214172200,20.042172119140623,-0.0015478851273655891,0.00011768145486712456,0.008511217311024666
1746739128224251400,20.05225146484375,-0.004538348875939846,0.0008750841952860355,0.009395919740200043
1746739128234330000,20.062330078125,0.00023384811356663704,0.002797749824821949,0.010669832117855549
1746739128244409300,20.072409423828127,-0.003276997245848179,0.001584680750966072,0.011420045047998428
1746739128254489000,20.082489013671875,-0.0005812658928334713,-0.002524388488382101,0.015344765037298203
1746739128264568000,20.092568115234375,0.0005982480943202972,-0.0014727064408361912,0.012456034310162067
1746739128274647300,20.102647216796875,0.0022948950063437223,-0.003708092961460352,0.007715915329754353
1746739128284726000,20.11272607421875,0.002877328312024474,-0.0025645317509770393,0.009279989637434483
1746739128294805200,20.12280517578125,0.0027618901804089546,-0.0020377105101943016,0.005354340188205242
1746739128304884200,20.13288427734375,-0.0019614924676716328,-0.0017996239475905895,-0.002271621720865369
1746739128314963200,20.142963134765626,-0.0017250701785087585,-0.002078648190945387,-0.009726597927510738
1746739128325042200,20.153042236328126,-0.0017972416244447231,-0.002037901896983385,-0.014231600798666477
1746739128335121200,20.16312109375,-0.002373269759118557,-0.006400695536285639,-0.010543625801801682
1746739128345200400,20.173200439453126,-0.0036100419238209724,-0.007521886378526688,-0.007380588911473751
1746739128355279000,20.183279052734374,-0.0038512717001140118,-0.006334720645099878,-0.00431453250348568
1746739128365358000,20.193358154296874,-0.002732743974775076,-0.004963725805282593,-0.0014361878857016563
1746739128375437300,20.203437255859374,-0.0029495395720005035,-0.0030582332983613014,0.004023263230919838
1746739128385516300,20.213516357421874,-0.0025761639699339867,-0.002021198160946369,0.0046523017808794975
1746739128395595300,20.22359521484375,-0.004407568369060755,-0.0018875817768275738,0.006528192199766636
1746739128405674200,20.23367431640625,-0.003282116260379553,-0.000486759003251791,0.0034277404192835093
1746739128415753200,20.243753173828125,0.00011284369975328445,-0.0033964551985263824,0.0022267235908657312
1746739128425832200,20.253832275390625,-0.0014427085407078266,-0.0013578054495155811,-0.0026950642932206392
1746739128435911200,20.2639111328125,-0.002919945865869522,-0.0033436291851103306,-0.006543898954987526
1746739128445990400,20.273990478515625,-0.0014293743297457695,-0.0014357403852045536,-0.0026777880266308784
1746739128456069000,20.284069091796876,-0.0025368724018335342,-0.0031135776080191135,-0.0025192094035446644
1746739128466148000,20.294148193359376,-0.003915591165423393,-0.0017819972708821297,-0.003363431431353092
1746739128476227300,20.304227294921876,-0.00320838438346982,0.0002036057412624359,0.00000138636096380651
1746739128486306300,20.314306396484376,-0.0025298106484115124,-0.004946681205183268,0.004012373276054859
1746739128496385000,20.324385009765624,-0.000764383003115654,-0.005132208112627268,0.00027592398691922426
1746739128506464300,20.33446435546875,0.0013842550106346607,-0.004256294574588537,0.0014397252816706896
1746739128516543200,20.344543212890624,0.002560684224590659,-0.002246452495455742,-0.0030577005818486214
1746739128526622200,20.354622314453124,0.004621704574674368,0.0006926120258867741,-0.008844750002026558
1746739128536701200,20.364701171875,0.0038662662263959646,-0.001104727853089571,-0.01209409162402153
1746739128546780200,20.3747802734375,0.005483604036271572,0.00015734415501356125,-0.00410514185205102
1746739128556859100,20.384859130859375,0.00602515134960413,0.0016436967998743057,-0.001134561374783516
1746739128566938000,20.394938232421875,0.004077848047018051,-0.0002996115945279598,0.0022814753465354443
1746739128577018400,20.405018310546875,0.0021910695359110832,0.00713249621912837,-0.00026777770835906267
1746739128587097000,20.41509716796875,0.002553792204707861,0.009926950559020042,0.0037171102594584227
1746739128597176300,20.42517626953125,0.0024414220824837685,0.003909009043127298,0.005306511651724577
1746739128607255300,20.43525537109375,-0.002277965657413006,0.004767879378050566,0.007628521416336298
1746739128617334000,20.445333984375,-0.002543482929468155,-0.0017238426953554153,0.010891427285969257
1746739128627413200,20.455413330078127,-0.002513655461370945,-0.0022317073307931423,0.008637594059109688
1746739128637492200,20.4654921875,-0.0011476119980216026,-0.0022096550092101097,0.002839482855051756
1746739128647571200,20.4755712890625,-0.0011526718735694885,-0.0020565232262015343,-0.00516970781609416
1746739128657650000,20.48564990234375,0.0005680681206285954,-0.006719693541526794,-0.012008514255285263
1746739128667729200,20.495729248046874,0.0017281407490372658,-0.002625882625579834,-0.015815503895282745
1746739128677808000,20.50580810546875,0.00012877024710178375,-0.0041159698739647865,-0.014946895651519299
1746739128687887000,20.51588720703125,-0.004318175837397575,-0.0024927728809416294,-0.016084598377346992
1746739128697966000,20.525966064453126,-0.0024096653796732426,-0.0025096959434449673,-0.010649995878338814
1746739128708045000,20.536045166015626,-0.0029912996105849743,0.00013375747948884964,-0.0009915092960000038
1746739128718124000,20.5461240234375,-0.0019794213585555553,0.0013111908920109272,0.005232146941125393
1746739128728203000,20.556203125,-0.0011557056568562984,0.0016254442743957043,0.01345998328179121
1746739128738282000,20.566281982421874,-0.0033583384938538074,0.00506218196824193,0.012027190066874027
1746739128748361200,20.576361328125,0.0002537062391638756,0.004660577047616243,0.007899556308984756
1746739128758440000,20.58643994140625,0.0006638700142502785,0.007836321368813515,0.0008714068098925054
1746739128768519200,20.596519287109373,-0.00021417392417788506,0.002899352926760912,0.0015499801374971867
1746739128778598100,20.60659814453125,0.002487210091203451,0.00003401702269911766,0.00350358453579247
1746739128788676900,20.6166767578125,0.00044057099148631096,-0.0018626861274242401,0.00014746887609362602
1746739128798756000,20.626756103515625,0.00033108005300164223,-0.002575184218585491,-0.003792669391259551
1746739128808835000,20.6368349609375,0.0031497697345912457,-0.004453245550394058,-0.01135018840432167
1746739128818914000,20.6469140625,0.0023421943187713623,-0.003761212807148695,-0.015408230014145374
1746739128828993000,20.656992919921876,0.004047682508826256,-0.0012120348401367664,-0.01089656911790371
1746739128839072000,20.667072021484376,0.001544345635920763,-0.0021296609193086624,-0.003899653209373355
1746739128849151200,20.677151123046876,-0.0018754196353256702,-0.0033379369415342808,0.0034368226770311594
1746739128859230000,20.68722998046875,-0.0025824704207479954,0.0010153609327971935,0.0077508436515927315
1746739128869309200,20.69730908203125,-0.0024455846287310123,-0.00007573608309030533,0.005389418452978134
1746739128879388200,20.70738818359375,-0.004165876656770706,0.0004528542049229145,0.0035162726417183876
1746739128889467000,20.717466796875,-0.004438051953911781,0.001069109421223402,-0.00007127161370590329
1746739128899547100,20.727547119140624,-0.0026914277113974094,-0.003452188801020384,-0.003722847206518054
1746739128909626000,20.737626220703124,-0.00041895220056176186,-0.0027485815808176994,-0.007766857743263245
1746739128919705000,20.747705078125,-0.0015523601323366165,-0.001995075959712267,-0.014745943248271942
1746739128929784000,20.7577841796875,0.00038908468559384346,-0.0010922644287347794,-0.01761762984097004
1746739128939863000,20.767863037109375,0.00042042043060064316,-0.0011256732977926731,-0.014172189868986607
1746739128949942000,20.77794189453125,0.00013652723282575607,-0.002544072922319174,-0.007080723997205496
1746739128960021000,20.78802099609375,0.001271356362849474,-0.0032021179795265198,-0.0020218861754983664
1746739128970100200,20.798100341796875,0.000738990493118763,-0.002041512168943882,0.004614444449543953
1746739128980179000,20.808178955078127,-0.0008028559386730194,-0.0009014620445668697,0.005810088478028774
1746739128990258000,20.8182578125,-0.00008966168388724327,0.001520948950201273,0.008487364277243614
1746739129000337200,20.828337158203126,-0.0030319220386445522,0.003802746068686247,0.007817313075065613
1746739129010416000,20.838416015625,-0.0052647157572209835,0.0034022065810859203,0.00881866179406643
1746739129020495000,20.8484951171875,-0.003988123033195734,0.0024466211907565594,0.007584729231894016
1746739129030574000,20.858573974609374,-0.0036256671883165836,0.0004247492179274559,-0.0016947891563177109
1746739129040653000,20.868653076171874,-0.001580213662236929,-0.003447079099714756,-0.008215750567615032
1746739129050732000,20.87873193359375,0.0012493948452174664,-0.0015229452401399612,-0.014518920332193375
1746739129060811000,20.88881103515625,0.0016727806068956852,-0.000503777526319027,-0.02349287085235119
1746739129070890200,20.89889013671875,0.002954826457425952,-0.0008132369257509708,-0.02073010616004467
1746739129080969200,20.90896923828125,0.0030802087858319283,0.0002473057247698307,-0.016080718487501144
1746739129091048000,20.9190478515625,0.0026751419063657522,-0.0010792152024805546,-0.009116020053625107
1746739129101127200,20.929127197265625,0.0026113877538591623,0.00012201536446809769,-0.0038503375835716724
1746739129111206100,20.9392060546875,-0.0016179783269762993,-0.0009491080418229103,0.008226831443607807
1746739129121284900,20.949284912109373,-0.002977293450385332,0.003049702849239111,0.010031725279986858
1746739129131364000,20.959364013671873,-0.004674526397138834,-0.0008070874027907848,0.008471112698316574
1746739129141443000,20.969443115234377,-0.006491900887340307,-0.0034335956443101168,0.00954996608197689
1746739129151522000,20.97952197265625,-0.0063608731143176556,-0.002124918159097433,0.006852183490991592
1746739129161601000,20.98960107421875,-0.006439012475311756,-0.0005016704089939594,-0.0036173583939671516
1746739129171680000,20.999679931640625,-0.005152971483767033,-0.005997369531542063,-0.009923723526299
1746739129181759200,21.00975927734375,-0.001757897436618805,-0.0076902201399207115,-0.009805617853999138
1746739129191838000,21.019837890625,-0.0018812022171914577,-0.004538901150226593,-0.010198966600000858
1746739129201918200,21.029918212890625,-0.00017429934814572334,-0.0051320516504347324,-0.007856970652937889
1746739129211997000,21.039996826171876,0.0021754074841737747,-0.0024225516244769096,0.0027581234462559223
1746739129222076200,21.050076171875,0.0009144553914666176,-0.0013700560666620731,0.007199910935014486
1746739129232155100,21.060155029296876,-0.00035773683339357376,0.004735507071018219,0.016056252643465996
1746739129242234000,21.070234130859376,-0.0013240743428468704,0.003555679228156805,0.017993319779634476
1746739129252313000,21.08031298828125,0.00007168808951973915,0.004199897404760122,0.013830798678100109
1746739129262392000,21.09039208984375,0.002680201316252351,0.0032637836411595345,0.005739148706197739
1746739129272471300,21.10047119140625,0.0015140031464397907,0.004451286979019642,-0.0043710097670555115
1746739129282550000,21.110550048828124,-0.00004222383722662926,0.0007572532631456852,-0.011425896547734737
1746739129292629000,21.12062890625,-0.0002757832407951355,-0.0014166850596666336,-0.013333518989384174
1746739129302708200,21.130708251953124,0.0007639527320861816,-0.003500948892906308,-0.01693311519920826
1746739129312787000,21.140786865234375,0.000706961378455162,-0.004019199870526791,-0.01323638204485178
1746739129322866000,21.150865966796875,-0.0023071705363690853,-0.005331241525709629,-0.010072553530335426
1746739129332945200,21.160945068359375,-0.0012996969744563103,-0.003200978972017765,-0.00876707211136818
1746739129343024000,21.171024169921875,-0.00226242421194911,0.0006308769807219505,-0.005719681270420551
1746739129353103000,21.18110302734375,-0.002402240876108408,0.0013094497844576836,-0.004510872066020966
1746739129363182000,21.19118212890625,-0.002557755447924137,0.0005746795795857906,-0.003972883336246014
1746739129373261000,21.201260986328126,0.0005493541248142719,0.002296945545822382,-0.0005328780389390886
1746739129383340000,21.211340087890626,-0.0004506465047597885,0.004518560599535704,-0.0010284662712365389
1746739129393419000,21.2214189453125,0.001227943692356348,0.005710591096431017,-0.00012911675730720162
1746739129403498200,21.231498291015626,0.002543350216001272,0.0020021633245050907,0.0008577759144827724
1746739129413577000,21.241576904296874,0.0038767950609326363,0.0006426195614039898,0.0036274634767323732
1746739129423656000,21.251656005859374,0.0036427779123187065,0.0018302411772310734,-0.004406897816807032
1746739129433735200,21.261735107421874,0.0035650136414915323,0.0035570343025028706,-0.006964864209294319
1746739129443814100,21.271814208984374,0.001964363269507885,0.0015222569927573204,-0.007548252120614052
1746739129453893000,21.28189306640625,-0.0008644461631774902,0.0001914757303893566,-0.010087575763463974
1746739129463972000,21.29197216796875,-0.0016869544051587582,0.0039180852472782135,-0.009854434058070183
1746739129474051000,21.302051025390625,-0.003332255408167839,0.0019028708338737488,-0.00412331148982048
1746739129484130000,21.312130126953125,-0.0019267657771706581,0.0027771429158747196,0.001829829765483737
1746739129494209000,21.322208984375,-0.00035097310319542885,0.001767005305737257,0.009045930579304695
1746739129504289000,21.3322890625,0.0020918049849569798,-0.00022552721202373505,0.010250301100313663
1746739129514368000,21.342367919921877,-0.00008639460429549217,0.0034906482324004173,0.006668349727988243
1746739129524447000,21.352447021484377,0.0016678492538630962,0.0020664879120886326,0.0030876947566866875
1746739129534526200,21.362526123046877,0.002809812780469656,-0.000461651012301445,-0.0015206392854452133
1746739129544605000,21.37260498046875,0.001769439084455371,-0.0030513578094542027,-0.003731711069121957
1746739129554684200,21.38268408203125,0.0033692000433802605,-0.0018052649684250355,-0.012003489769995213
1746739129564763100,21.39276318359375,0.0021299386862665415,-0.004002049565315247,-0.016371171921491623
1746739129574841900,21.402841796875,0.0013770628720521927,0.0013706116005778313,-0.01948041096329689
1746739129584921000,21.412921142578124,0.0015941644087433815,0.0003641340881586075,-0.011327452026307583
1746739129595000000,21.423,0.0012050764635205269,-0.000003648456186056137,-0.0007208811584860086
1746739129605079300,21.433079345703124,0.0005677463486790657,-0.003082900308072567,0.006108006462454796
1746739129615158000,21.443157958984376,-0.0014389455318450928,-0.000934794545173645,0.006820668466389179
1746739129625237000,21.453237060546876,-0.0023007262498140335,0.0004040705971419811,0.006031807046383619
1746739129635316200,21.463316162109376,-0.0004618135280907154,-0.0026545696891844273,0.004417132586240768
1746739129645395000,21.47339501953125,-0.001891931053251028,-0.005733184050768614,0.0029497304931282997
1746739129655474200,21.48347412109375,-0.002967315725982189,-0.0015821149572730064,0.00044742447789758444
1746739129665553200,21.49355322265625,-0.0021357154473662376,0.0002960893325507641,-0.005211444105952978
1746739129675631900,21.5036318359375,-0.0013159946538507938,0.0024135690182447433,-0.00824531726539135
1746739129685711000,21.513711181640623,-0.0011760029010474682,0.002686955500394106,-0.009660678915679455
1746739129695790000,21.5237900390625,-0.0026857489719986916,-0.0007421304471790791,-0.00978158600628376
1746739129705869300,21.533869384765627,-0.003065746743232012,-0.003976703621447086,-0.00944576971232891
1746739129715948000,21.543947998046875,-0.0002912660129368305,-0.0073919412679970264,-0.004908276256173849
1746739129726027000,21.554027099609375,-0.0007876427844166756,-0.0010204068385064602,-0.002255567815154791
1746739129736106200,21.564106201171874,-0.004245224874466658,0.0010968060232698917,0.005811147391796112
1746739129746185000,21.57418505859375,-0.001322333700954914,0.0016955090686678886,0.007234531920403242
1746739129756264000,21.584263916015626,0.0007831617258489132,0.00037724385038018227,0.004799603950232267
1746739129766343200,21.59434326171875,0.0018500583246350288,0.0002910587936639786,0.004460042342543602
1746739129776422100,21.604422119140626,0.002829036209732294,0.0016053286381065845,0.0026839803904294968
1746739129786501000,21.614501220703126,0.0027514139655977488,0.003781976643949747,-0.003884057281538844
1746739129796581000,21.6245810546875,0.0008400632068514824,0.0044576204381883144,-0.005250258836895227
1746739129806660000,21.63466015625,0.001136244274675846,0.001724875532090664,-0.008269285783171654
1746739129816739000,21.644739013671874,0.0033448035828769207,-0.002668009139597416,-0.0067118690349161625
1746739129826818000,21.654818115234374,0.0028716467786580324,-0.0008703460916876793,-0.005845858249813318
1746739129836897000,21.66489697265625,-0.0013342835009098053,0.0009568487294018269,-0.0063409400172531605
1746739129846976000,21.67497607421875,-0.0032426156103610992,0.0013042422942817211,-0.005505348090082407
1746739129857055200,21.68505517578125,-0.0021067773923277855,-0.004347251728177071,-0.004687757696956396
1746739129867134200,21.69513427734375,0.00023470865562558174,-0.007170898839831352,-0.00495568010956049
1746739129877213000,21.705212890625,-0.000913380179554224,-0.0018783989362418652,-0.002036323072388768
1746739129887292200,21.715292236328125,0.0003355187363922596,-0.0013872655108571053,-0.004768609534949064
1746739129897371100,21.72537109375,0.0011384617537260056,-0.0006221393123269081,-0.006645072717219591
1746739129907450000,21.7354501953125,0.0012729349546134472,-0.0014258869923651218,-0.006079976446926594
1746739129917529000,21.745529052734376,0.004728120286017656,-0.003192894160747528,-0.005146005656570196
1746739129927608000,21.755608154296876,0.005813907366245985,-0.002219769638031721,-0.0034700522664934397
1746739129937687000,21.76568701171875,0.006701272446662188,-0.002795811276882887,-0.0019440610194578767
1746739129947766000,21.77576611328125,0.005596770439296961,-0.0016654147766530514,0.0014992470387369394
1746739129957845000,21.785844970703124,0.0008400985971093178,-0.00022198166698217392,-0.00408673333004117
1746739129967924200,21.79592431640625,-0.00008268468081951141,0.005385124124586582,-0.009086343459784985
1746739129978003000,21.8060029296875,-0.001551151741296053,-0.000483684241771698,-0.008030400611460209
1746739129988082200,21.816082275390624,-0.0014749872498214245,-0.004330706782639027,-0.0037293368950486183
1746739129998161200,21.8261611328125,-0.004183688201010227,-0.0017258687876164913,-0.0016427503433078527
1746739130008239900,21.836239990234375,-0.002939191646873951,-0.0006938078440725803,-0.0037403141614049673
1746739130018319000,21.846319091796875,0.0005428916774690151,-0.0005752970464527607,0.0004373867704998702
1746739130028398000,21.856398193359375,0.00261481199413538,-0.004386642016470432,0.004814326297491789
1746739130038477000,21.86647705078125,0.0020909681916236877,-0.00309527525678277,0.004334957338869572
1746739130048556000,21.87655615234375,0.00487945694476366,-0.00504651851952076,0.010866234079003334
1746739130058635000,21.886635009765627,0.0024200277402997017,0.0005764802917838097,0.008495754562318325
1746739130068715000,21.896715087890627,-0.001334833912551403,-0.0003231591545045376,0.0038589993491768837
1746739130078794000,21.9067939453125,0.0014068903401494026,0.0013264026492834091,0.0016664190916344523
1746739130088873200,21.916873291015627,0.00021842867136001587,0.0003643324598670006,-0.0015915115363895893
1746739130098952000,21.926951904296875,0.0001595728099346161,0.0023071086034178734,-0.007343939505517483
1746739130109031000,21.937031005859374,0.00009281747043132782,0.0035454118624329567,-0.006990968249738216
1746739130119110100,21.947110107421874,0.0008933637291193008,0.002686542458832264,-0.0031983607914298773
1746739130129189000,21.957189208984374,0.0024133394472301006,0.0012744884006679058,0.001230863155797124
1746739130139268000,21.96726806640625,0.0000436585396528244,0.002124836202710867,0.0075995465740561485
1746739130149347000,21.97734716796875,-0.001509073656052351,0.0048980312421917915,0.01325917523354292
1746739130159426000,21.987426025390626,-0.0008009392768144608,-0.0011470778845250607,0.019062204286456108
1746739130169505000,21.997505126953126,0.0017113788053393364,-0.0034325500018894672,0.020228544250130653
1746739130179584000,22.007583984375,0.0007292050868272781,0.0004729758948087692,0.01823330484330654
1746739130189663200,22.017663330078125,0.0008071111515164375,0.0033162129111588,0.009626350365579128
1746739130199742000,22.027741943359374,0.0026966240257024765,0.005788958165794611,0.0021652381401509047
1746739130209821000,22.037821044921873,0.0019114711321890354,-0.002395662944763899,-0.00616135960444808
1746739130219900200,22.047900146484373,0.0033104296308010817,-0.004350689239799976,-0.01634369045495987
1746739130229979100,22.057979248046873,0.002116480376571417,-0.004197572357952595,-0.01983579434454441
1746739130240058000,22.06805810546875,0.0010301768779754639,-0.004624210763722658,-0.017399534583091736
1746739130250137000,22.07813720703125,0.0006485665217041969,-0.004445063881576061,-0.0017604795284569263
1746739130260216000,22.088216064453125,-0.00006436137482523918,-0.0010450063273310661,0.007416773587465286
1746739130270295000,22.098294921875,0.0003015361726284027,-0.0011399970389902592,0.019312405958771706
1746739130280374000,22.1083740234375,0.0009151282720267773,-0.0006105606444180012,0.023597165942192078
1746739130290453200,22.118453369140624,-0.0010599778033792973,-0.00002266187220811844,0.024107780307531357
1746739130300532200,22.1285322265625,-0.003272532019764185,0.00021063117310404778,0.013824781402945518
1746739130310611000,22.13861083984375,-0.004955596756190062,-0.000023263972252607346,0.004428042098879814
1746739130320690200,22.148690185546876,-0.004359048325568438,-0.0015814793296158314,-0.004099399317055941
1746739130330769200,22.15876904296875,-0.0030472101643681526,-0.004918256774544716,-0.012897409498691559
1746739130340847900,22.168847900390624,-0.000847971998155117,-0.00548311322927475,-0.019184067845344543
1746739130350928100,22.17892822265625,0.0025021794717758894,-0.0038259513676166534,-0.021654866635799408
1746739130361006800,22.1890068359375,0.0037551966961473227,-0.004814250394701958,-0.018553614616394043
1746739130371086000,22.199086181640624,0.0035942336544394493,-0.0025182869285345078,-0.000809629273135215
1746739130381165000,22.2091650390625,0.0012439941056072712,-0.0027925921604037285,0.008513032458722591
1746739130391244300,22.219244384765624,-0.0026022503152489662,0.000028019770979881287,0.017403336241841316
1746739130401323000,22.229322998046875,-0.0051543572917580605,0.004089340567588806,0.023729674518108368
1746739130411402000,22.239402099609375,-0.006626996677368879,0.0010622404515743256,0.02510083094239235
1746739130421481200,22.249481201171875,-0.0018407637253403664,0.0035312576219439507,0.019354261457920074
1746739130431560000,22.259559814453127,-0.00015484075993299484,-0.0005057831294834614,0.010531592182815075
1746739130441639200,22.26963916015625,0.0027437438257038593,0.00006679678335785866,-0.0004193265049252659
1746739130451718100,22.27971826171875,0.0022829456720501184,-0.000833108089864254,-0.009880131110548973
1746739130461797000,22.289797119140626,0.004475526046007872,-0.0026488513685762882,-0.010536068119108677
1746739130471876000,22.2998759765625,0.003299492411315441,0.0010397196747362614,-0.00832274742424488
1746739130481955000,22.309955078125,0.003123457543551922,-0.0010181046091020107,-0.008473481982946396
1746739130492034300,22.320034423828126,0.0028956152964383364,0.0028692646883428097,-0.002843144116923213
1746739130502113000,22.330113037109374,-0.0009822137653827667,0.002106802072376013,0.0026261897291988134
1746739130512192000,22.34019189453125,-0.0019539655186235905,0.002767636440694332,0.007114671170711517
1746739130522271200,22.350271240234374,-0.0013435687869787216,-0.002949104644358158,0.008344519883394241
1746739130532350000,22.360349853515626,-0.0027774320915341377,-0.0039441525004804134,0.009289706125855446
1746739130542429000,22.370428955078125,-0.002495137043297291,-0.0019055027514696121,0.003186540212482214
1746739130552508200,22.380508056640625,-0.004724167753010988,0.00036449264734983444,-0.002949446439743042
1746739130562587100,22.390587158203125,-0.0013792379759252071,-0.0012429915368556976,-0.01424604281783104
1746739130572666000,22.400666015625,0.0005457657389342785,-0.0018272660672664642,-0.016635505482554436
1746739130582745000,22.4107451171875,0.0008219354785978794,-0.004500813782215118,-0.012700951658189297
1746739130592824000,22.420823974609377,0.003807287197560072,-0.007193275727331638,-0.0061497469432652
1746739130602903000,22.430903076171877,0.002644551219418645,-0.006143191363662481,-0.0005192919634282589
1746739130612982000,22.44098193359375,0.0037135800812393427,-0.003497873665764928,0.0027173941489309072
1746739130623062000,22.45106201171875,0.005429454613476992,0.0009184465743601322,0.011428593657910824
1746739130633141000,22.46114111328125,-0.0011919108219444752,0.00866143312305212,0.013617726974189281
1746739130643221000,22.471220947265625,-0.002285937312990427,0.006507202051579952,0.01868598908185959
1746739130653300000,22.481300048828125,-0.0025374996475875378,0.0063630654476583,0.018484249711036682
1746739130663379000,22.49137890625,-0.005585221108049154,0.004639467690140009,0.016159042716026306
1746739130673458000,22.5014580078125,-0.0005805725231766701,0.0037107462994754314,0.017846621572971344
1746739130683537000,22.511536865234376,0.000466848723590374,-0.00018093083053827286,0.006854156963527203
1746739130693615900,22.521615966796876,0.001189451664686203,-0.004491226281970739,-0.000012054471881128848
1746739130703695000,22.531695068359376,0.0036185209173709154,-0.004631841089576483,-0.009811155498027802
1746739130713774000,22.541774169921876,0.001171075738966465,-0.0035340862814337015,-0.012787237763404846
1746739130723852800,22.551852783203124,0.0061386702582240105,-0.002717294730246067,-0.012266590259969234
1746739130733932000,22.56193212890625,0.004792336840182543,-0.004316648468375206,-0.008689348585903645
1746739130744011000,22.572010986328124,0.0025097413454204798,-0.0006681177765130997,-0.00025431846734136343
1746739130754090000,22.582090087890624,0.0007292400114238262,0.002908008173108101,0.004017873201519251
1746739130764169000,22.5921689453125,-0.0012737237848341465,0.004634534940123558,0.009208640083670616
1746739130774248000,22.602248046875,-0.0009814146906137466,0.006824858020991087,0.009519781917333603
1746739130784327000,22.612326904296875,-0.0005009802989661694,0.00446529733017087,0.01238987036049366
1746739130794406000,22.622406005859375,-0.0022666561417281628,0.005591548513621092,0.010601557791233063
1746739130804484900,22.63248486328125,-0.0009918007999658585,0.004590998869389296,0.006246757227927446
1746739130814564000,22.642564208984375,0.0015908093191683292,-0.0003071180544793606,0.005626410245895386
1746739130824642800,22.652642822265626,0.0012906710617244244,0.0006444291211664677,0.006098322570323944
1746739130834722000,22.66272216796875,-0.001588489394634962,-0.0038809028919786215,0.004031207412481308
1746739130844801000,22.672801025390626,0.002139669843018055,-0.0017567658796906471,0.0018468829803168774
1746739130854879700,22.682879638671874,0.0018373469356447458,-0.0012187398970127106,-0.0007957280613481998
1746739130864960000,22.6929599609375,0.002763594500720501,-0.0025854744017124176,-0.0034730038605630398
1746739130875039000,22.7030390625,0.0023298708256334066,-0.001323731616139412,-0.0012723046820610762
1746739130885118000,22.713117919921874,0.0023053698241710663,0.0010709832422435284,-0.0010355496779084206
1746739130895197000,22.723197021484374,-0.000010656658560037613,-0.0002252236008644104,-0.005087666213512421
1746739130905276200,22.733276123046874,-0.0008831080049276352,0.0010983673855662346,-0.0028109299018979073
1746739130915355000,22.74335498046875,-0.0021149450913071632,0.0014006826095283031,-0.00026776030426844954
1746739130925433900,22.753433837890626,-0.0018358458764851093,0.0012062718160450459,0.0015490481164306402
1746739130935513000,22.76351318359375,-0.0009816810488700867,-0.00020535476505756378,0.0025162012316286564
1746739130945591800,22.773591796875,-0.0016288291662931442,0.00009398488327860832,0.003699443768709898
1746739130955671000,22.783671142578125,0.00025161122903227806,-0.0009700409136712551,0.005158355925232172
1746739130965750000,22.79375,-0.0020520230755209923,-0.00348939117975533,0.00033084372989833355
1746739130975829000,22.8038291015625,-0.00101782800629735,-0.001988127361983061,-0.0013904118677601218
1746739130985908000,22.813907958984377,-0.0021265018731355667,-0.0031210361048579216,-0.0006998542812652886
1746739130995987000,22.823987060546877,-0.0012674201279878616,-0.002211153507232666,-0.0009888182394206524
1746739131006066000,22.83406591796875,-0.0020338776521384716,-0.0006638569757342339,-0.0024245285894721746
1746739131016145000,22.844144775390625,-0.0017577079124748707,0.0019500353373587132,-0.002639179350808263
1746739131026223900,22.854223876953125,-0.00047832541167736053,0.0015092822723090649,-0.0008572580991312861
1746739131036303000,22.86430322265625,-0.0011303913779556751,0.0027113985270261765,0.001195145770907402
1746739131046381800,22.8743818359375,-0.0006864424794912338,-0.0004819980822503567,0.0034945188090205193
1746739131056460800,22.884460693359376,-0.0005096448585391045,-0.0020126220770180225,0.006689524278044701
1746739131066540000,22.8945400390625,-0.0008689053356647491,-0.0009827776812016964,0.003619698341935873
1746739131076619000,22.904618896484376,-0.0019311336800456047,-0.0034846896305680275,-0.0015743498224765062
1746739131086698000,22.914697998046876,0.00008274847641587257,-0.0005996874533593655,-0.004083047620952129
1746739131096777000,22.92477685546875,0.000705378595739603,-0.0021121082827448845,-0.008883152157068253
1746739131106856000,22.93485595703125,0.002835907507687807,-0.0023776250891387463,-0.006899096537381411
1746739131116936000,22.94493603515625,0.00359574262984097,0.0004936326295137405,-0.0061512901447713375
1746739131127015000,22.955014892578124,0.004100411664694548,0.0016409223899245262,-0.007309232372790575
1746739131137094100,22.96509423828125,0.0032135271467268467,0.0023045772686600685,-0.0017207618802785873
1746739131147172900,22.9751728515625,0.0027008685283362865,0.0073222387582063675,-0.00025868642842397094
1746739131157252000,22.985252197265623,0.0017626909539103508,0.0029937373474240303,0.0019285237649455667
1746739131167331000,22.9953310546875,-0.000029350165277719498,0.005387386307120323,0.004579966887831688
1746739131177409800,23.005409912109375,-0.00031269341707229614,0.004392517264932394,0.006845487747341394
1746739131187489000,23.015489013671875,-0.0015127137303352356,0.0034204632975161076,0.007286773528903723
1746739131197568000,23.025568115234375,-0.004519885405898094,-0.0017539593391120434,0.007335648871958256
1746739131207646700,23.035646728515626,-0.004175539128482342,-0.005234444513916969,0.005482355132699013
1746739131217726000,23.045725830078126,-0.0019302633590996265,-0.0023474968038499355,0.00039072229992598295
1746739131227805000,23.055804931640626,-0.0008828421123325825,0.00128265842795372,-0.00702644744887948
1746739131237884200,23.06588427734375,-0.0010922551155090332,0.0017528594471514225,-0.013583577238023281
1746739131247963000,23.075962890625,0.001514713279902935,0.0032671322114765644,-0.015733281150460243
1746739131258041900,23.086041748046874,0.0040610674768686295,-0.0031061391346156597,-0.013692904263734818
1746739131268121000,23.09612109375,0.0034991404972970486,-0.002495476044714451,-0.00883663073182106
1746739131278199800,23.10619970703125,0.004557001404464245,-0.001974365208297968,-0.001284214318729937
1746739131288279000,23.116279052734374,0.0011103381402790546,-0.0019219010137021542,0.005378481931984425
1746739131298358000,23.12635791015625,-0.00010896287858486176,-0.002457589842379093,0.010861482471227646
1746739131308437000,23.13643701171875,-0.0018195114098489285,0.0018277023918926716,0.009538690559566021
1746739131318516000,23.146515869140625,-0.0028483429923653603,0.004192048218101263,0.006111297756433487
1746739131328595000,23.156594970703125,-0.003364730626344681,0.004673547577112913,0.0051584187895059586
1746739131338674200,23.166674072265625,-0.002503126859664917,0.0020136856473982334,0.005991859827190638
1746739131348753000,23.1767529296875,-0.0028826268389821053,0.000060789287090301514,-0.0014048040611669421
1746739131358833000,23.1868330078125,-0.0006545553915202618,-0.0009656501933932304,-0.003688751021400094
1746739131368912000,23.196911865234377,0.0025074156001210213,-0.001967797987163067,-0.008546357043087482
1746739131378990800,23.206990966796877,0.004382530227303505,-0.005479531362652779,-0.007254692725837231
1746739131389070000,23.217070068359376,0.00026075588539242744,-0.005595379043370485,-0.004590998869389296
1746739131399149000,23.227149169921876,0.000500811729580164,-0.004252942278981209,0.0014124279841780663
1746739131409227800,23.237227783203124,-0.0019807214848697186,-0.0002797720953822136,0.0035741159226745367
1746739131419307000,23.24730712890625,-0.003306548111140728,-0.0015266016125679016,0.005721027031540871
1746739131429386000,23.257385986328124,0.0016426700167357922,0.001443621702492237,0.006712788250297308
1746739131439465000,23.26746484375,0.0016621989198029041,0.0034283213317394257,0.004259911831468344
1746739131449544000,23.2775439453125,0.0014137262478470802,0.006221710704267025,-0.0010102179367095232
1746739131459623000,23.287622802734376,0.0026827927213162184,0.0066907163709402084,-0.0017128342296928167
1746739131469702000,23.297701904296876,0.0038439310155808926,0.004005717113614082,-0.0016723541775718331
1746739131479780900,23.30778076171875,0.002393964910879731,0.004364133812487125,-0.0007550126756541431
1746739131489860000,23.317860107421875,0.0015635914169251919,0.0013624848797917366,0.004870648495852947
1746739131499939000,23.32793896484375,0.0013723932206630707,0.0026827044785022736,0.009333807975053787
1746739131510017800,23.338017822265623,-0.0015075490809977055,0.0008435249328613281,0.015414338558912277
1746739131520097000,23.348096923828123,-0.0023199720308184624,0.001352852676063776,0.01586725562810898
1746739131530176000,23.358176025390627,-0.001066688448190689,0.0020537967793643475,0.0090186707675457
1746739131540255000,23.3682548828125,-0.00008783489465713501,0.0030816360376775265,0.0033757612109184265
1746739131550334000,23.378333984375,-0.00013284245505928993,0.0006600241176784039,-0.0007625246071256697
1746739131560413000,23.388412841796875,-0.0011837789788842201,-0.0022992934100329876,-0.009753257967531681
1746739131570492000,23.398491943359375,0.002567549468949437,-0.003442322136834264,-0.01263772789388895
1746739131580571000,23.40857080078125,0.0020994560327380896,-0.0029378775507211685,-0.014777101576328278
1746739131590649900,23.41864990234375,0.0014184857718646526,-0.003600205760449171,-0.012164806947112083
1746739131600729000,23.42872900390625,-0.0001964210532605648,-0.0015880088321864605,-0.0020693570841103792
1746739131610808800,23.438808837890626,-0.0002587391063570976,-0.000655103474855423,0.007070078980177641
1746739131620888000,23.44888818359375,0.0013900590129196644,-0.004594534169882536,0.015271752141416073
1746739131630966800,23.458966796875,0.0010734093375504017,-0.0018347003497183323,0.019102709367871284
1746739131641045500,23.46904541015625,-0.0012089377269148827,-0.0015932433307170868,0.016055552288889885
1746739131651124500,23.47912451171875,-0.002222270704805851,-0.0020121587440371513,0.008083646185696125
1746739131661203500,23.489203369140625,-0.004533290397375822,-0.0025237291119992733,-0.0029712098184973
1746739131671282400,23.499282470703125,-0.0015947585925459862,-0.005131496116518974,-0.01665746048092842
1746739131681361400,23.509361328125,0.0009189643897116184,-0.007158876396715641,-0.023693734779953957
1746739131691440400,23.5194404296875,0.0026742538902908564,-0.007415605243295431,-0.029651226475834846
1746739131701519600,23.52951953125,0.0014226227067410946,-0.002209991216659546,-0.024992868304252625
1746739131711598300,23.539598388671877,0.0020050557795912027,-0.00015243329107761383,-0.014280836097896099
1746739131721677600,23.549677490234377,0.002241278300061822,0.000956240575760603,0.003037167713046074
1746739131731756500,23.559756591796877,0.0015054470859467983,0.0020305602811276913,0.01866140216588974
1746739131741835300,23.569835205078125,-0.0006453581154346466,0.006563766859471798,0.02620076574385166
1746739131751914500,23.57991455078125,-0.0003561386838555336,0.007070566527545452,0.03174546733498573
1746739131761993500,23.589993408203124,-0.0024585812352597713,0.011283026076853275,0.030659634619951248
1746739131772072400,23.600072509765624,-0.0022971932776272297,0.0063982559368014336,0.023235274478793144
1746739131782151400,23.6101513671875,-0.0014736903831362724,0.002428480889648199,0.010869642719626427
1746739131792230400,23.62023046875,0.0034472986590117216,0.003625039476901293,-0.005150337237864733
1746739131802309600,23.6303095703125,0.0019535147584974766,0.00267926137894392,-0.023551950231194496
1746739131812388400,23.640388427734376,0.0048742033541202545,-0.00275252154096961,-0.03067217767238617
1746739131822467600,23.650467529296876,0.008022909983992577,-0.0016286633908748627,-0.030589979141950607
1746739131832546600,23.660546630859375,0.0061997100710868835,-0.0021857968531548977,-0.02165214531123638
1746739131842625300,23.670625244140624,0.0019450441468507051,-0.0017146836034953594,-0.0044822124764323235
1746739131852705500,23.68070556640625,-0.0011649955995380878,0.00207286374643445,0.009659438394010067
1746739131862784500,23.690784423828124,-0.002084956504404545,0.0032668225467205048,0.020548442378640175
1746739131872863500,23.700863525390623,-0.002741691656410694,0.0051483456045389175,0.023445162922143936
1746739131882942500,23.7109423828125,-0.003858338575810194,0.004765738733112812,0.024560995399951935
1746739131893021400,23.721021484375,-0.002739278133958578,0.005068806000053883,0.01959366723895073
1746739131903100400,23.731100341796875,-0.0024349666200578213,0.000025998800992965698,0.004452104680240154
1746739131913179400,23.741179443359375,-0.002171579748392105,-0.0028853691183030605,-0.0036614814307540655
1746739131923258600,23.751258544921875,-0.0002540694549679756,-0.007718293461948633,-0.010124236345291138
1746739131933337300,23.76133740234375,0.0022146806586533785,-0.00856091734021902,-0.017141399905085564
1746739131943416300,23.771416259765626,0.00013644015416502953,-0.004733647219836712,-0.01648045890033245
1746739131953495600,23.78149560546875,-0.00043347664177417755,-0.003112314734607935,-0.01755770854651928
1746739131963574500,23.791574462890626,0.002431622939184308,-0.0003154403530061245,-0.008138979785144329
1746739131973653500,23.801653564453126,0.0006129504181444645,-0.0035711550153791904,-0.0019977306947112083
1746739131983732500,23.811732421875,0.0005595963448286057,-0.0053155673667788506,0.009272024035453796
1746739131993811500,23.8218115234375,0.0003350921906530857,-0.00406547961756587,0.010169243440032005
1746739132003890400,23.831890380859374,0.000726879108697176,-0.0024295803159475327,0.0018273580353707075
1746739132013969400,23.841969482421874,0.0013183671981096268,0.0022802199237048626,-0.008816497400403023
1746739132024048600,23.852048583984374,-0.002290730830281973,0.0029050102457404137,-0.012522264383733273
1746739132034127400,23.86212744140625,-0.0005626054480671883,-0.0012644347734749317,-0.014033608138561249
1746739132044206300,23.872206298828125,-0.0001353980042040348,-0.0007846895605325699,-0.009334206581115723
1746739132054285600,23.88228564453125,-0.002335701137781143,-0.0029956456273794174,-0.0020555213559418917
1746739132064364500,23.892364501953125,0.0006334199570119381,-0.0029656621627509594,0.0003032530948985368
1746739132074443300,23.902443359375,0.0006581875495612621,-0.001473226584494114,0.0061443643644452095
1746739132084522500,23.9125224609375,0.0013220771215856075,-0.0031484602950513363,0.008013914339244366
1746739132094602200,23.922602294921877,-0.0011365530081093311,0.003650056663900614,0.01065470464527607
1746739132104681500,23.932681396484377,-0.00029611121863126755,0.0007898155599832535,0.003187561873346567
1746739132114760400,23.942760498046876,-0.001583749894052744,-0.00002218177542090416,-0.00006602193752769381
1746739132124839400,23.95283935546875,0.00015144143253564835,0.00294116185978055,-0.005057733040302992
1746739132134918400,23.96291845703125,0.0009213611483573914,0.0009059743024408817,-0.007308104541152716
1746739132144997400,23.972997314453124,0.004705891944468021,0.0016587385907769203,-0.004525795113295317
1746739132155076600,23.98307666015625,0.006872373167425394,0.0007181102409958839,-0.007193483412265778
1746739132165155300,23.9931552734375,0.005175250116735697,0.004101792350411415,-0.0018896206747740507
1746739132175234600,24.003234619140624,0.004474306013435125,0.0036937957629561424,-0.0035927121061831713
1746739132185313500,24.0133134765625,0.003564531682059169,0.006690537557005882,0.0011919373646378517
1746739132195392300,24.023392333984376,0.0012281406670808792,0.005668682046234608,0.0026883676182478666
1746739132205471500,24.033471435546875,-0.0006814706139266491,0.008191007189452648,0.008195103146135807
1746739132215550500,24.043550537109375,-0.00210040295496583,0.006418140605092049,0.015172851271927357
1746739132225629700,24.053629638671875,0.0013988828286528587,0.0060885753482580185,0.02386283315718174
1746739132235708400,24.06370849609375,0.004184016492217779,0.004177491180598736,0.02722134441137314
1746739132245787400,24.073787353515623,0.004082038067281246,0.0057975128293037415,0.018530670553445816
1746739132255866600,24.08386669921875,0.0005621379241347313,0.004439567215740681,0.007877226918935776
1746739132265945300,24.0939453125,-0.0004339921288192272,0.00016798963770270348,0.00011206924682483077
1746739132276024300,24.1040244140625,-0.0012236195616424084,-0.0011571990326046944,-0.0070587582886219025
1746739132286103600,24.114103515625,0.0003228248097002506,-0.002999506425112486,-0.01322792749851942
1746739132296182300,24.124182373046875,0.0031335249077528715,-0.0033222814090549946,-0.011384754441678524
1746739132306261500,24.134261474609374,0.00210458692163229,-0.0030531701631844044,-0.0053762164898216724
1746739132316341500,24.144341552734375,0.0021455995738506317,-0.0038795489817857742,0.003644708776846528
1746739132326420500,24.15442041015625,-0.000682036392390728,-0.0009118542075157166,0.011973390355706215
1746739132336499500,24.16449951171875,-0.0010333075188100338,0.002777156885713339,0.018131684511899948
1746739132346578400,24.174578369140626,-0.000023882370442152023,0.0007103867828845978,0.01602528616786003
1746739132356657400,24.184657470703126,-0.0033216746523976326,0.001921059563755989,0.01472433190792799
1746739132366736400,24.194736328125,-0.003941198345273733,0.0005778120830655098,0.007013172842562199
1746739132376815600,24.204815673828126,-0.0020889705047011375,0.0005634305998682976,-0.00032516755163669586
1746739132386894600,24.21489453125,-0.0015827547758817673,-0.0018904120661318302,-0.006659934762865305
1746739132396973300,24.224973388671874,-0.00003412645310163498,-0.0010946597903966904,-0.010122044011950493
1746739132407052500,24.235052490234374,0.0012927479110658169,-0.005481040105223656,-0.008015588857233524
1746739132417131500,24.245131591796873,0.0048712375573813915,-0.002780328504741192,-0.0038370888214558363
1746739132427210500,24.25521044921875,0.003246550215408206,-0.0014017438516020775,-0.0022736340761184692
1746739132437289500,24.26528955078125,-0.00020943395793437958,0.00030827196314930916,0.0038566964212805033
1746739132447368400,24.275368408203125,-0.004452526103705168,-0.0006270022131502628,0.005306885577738285
1746739132457447400,24.285447509765625,-0.002457285765558481,-0.0031458199955523014,0.009163142181932926
1746739132467526400,24.2955263671875,-0.004429764114320278,0.0013788440264761448,0.004761619493365288
1746739132477605400,24.30560546875,-0.0007468792609870434,0.0029722140170633793,-0.00026003713719546795
1746739132487684600,24.3156845703125,0.0021324960980564356,0.004260203335434198,-0.0024285863619297743
1746739132497763300,24.325763427734376,0.0027724537067115307,0.001891054678708315,-0.006245961878448725
1746739132507842600,24.335842529296876,0.002589831594377756,0.0014830813743174076,-0.007359503302723169
1746739132517921500,24.345921630859376,0.0059560672380030155,0.0006417888216674328,-0.011897795833647251
1746739132528000300,24.356000244140624,0.004927483387291431,0.0015336587093770504,-0.012378156185150146
1746739132538079500,24.36607958984375,0.0026358335744589567,0.00048543838784098625,-0.005620651412755251
1746739132548159500,24.376159423828124,0.003101957496255636,0.0016071847639977932,-0.0003596508759073913
1746739132558238500,24.386238525390624,0.0009293504990637302,-0.0005638245493173599,0.007856200449168682
1746739132568317400,24.3963173828125,-0.002323717810213566,0.001465681940317154,0.009461851790547371
1746739132578396700,24.406396728515624,-0.0037112245336174965,0.0017940495163202286,0.012034199200570583
1746739132588475400,24.416475341796875,-0.005516292527318001,0.002119780983775854,0.007172079756855965
1746739132598554400,24.426554443359375,-0.006285413168370724,0.0006758156232535839,0.0012007401091977954
1746739132608633600,24.436633544921875,-0.005967932753264904,-0.0019059465266764164,-0.0056939758360385895
1746739132618712300,24.44671240234375,-0.0012935525737702847,-0.0061211977154016495,-0.010615496896207333
1746739132628791600,24.45679150390625,0.0005570077337324619,-0.006450119893997908,-0.015165966935455799
1746739132638870500,24.46687060546875,0.0011919052340090275,-0.004982718266546726,-0.01706986129283905
1746739132648949500,24.476949462890627,0.004311475437134504,0.0026508388109505177,-0.012558738701045513
1746739132659028700,24.48702880859375,0.005807905923575163,-0.00028875796124339104,-0.004597218707203865
1746739132669107700,24.497107666015626,0.002354805124923587,0.005137367639690638,0.005159143358469009
1746739132679187000,24.50718701171875,0.0027372350450605154,0.005713941995054483,0.01165832206606865
1746739132689265700,24.517265625,-0.00011072121560573578,0.00021768221631646156,0.01657414436340332
1746739132699344600,24.5273447265625,-0.0034503252245485783,0.00019797496497631073,0.018521448597311974
1746739132709423900,24.537423828125,-0.002424296922981739,-0.0006396220996975899,0.007990561425685883
1746739132719502600,24.547502685546874,-0.0026075225323438644,0.0048845731653273106,-0.004819775465875864
1746739132729581600,24.55758154296875,-0.003401585854589939,0.005498130340129137,-0.011154640465974808
1746739132739660800,24.567660888671874,-0.0006406870670616627,0.001230947207659483,-0.013327246531844139
1746739132749739500,24.577739501953126,0.000585080124437809,-0.002976155374199152,-0.011278905905783176
1746739132759818800,24.58781884765625,0.0022652684710919857,-0.005031316541135311,-0.005001302808523178
1746739132769898800,24.597898681640626,0.002847153227776289,-0.0015876684337854385,-0.0047408174723386765
1746739132779977700,24.607977783203125,0.0027089351788163185,-0.0008736751042306423,-0.00038814713479951024
1746739132790056700,24.618056640625,0.0008186176419258118,-0.0008049076423048973,0.0016781564336270094
1746739132800135700,24.6281357421875,0.0015773521736264229,-0.0005849306471645832,0.00788465328514576
1746739132810214700,24.638214599609373,-0.0005204910412430763,0.0000012093223631381989,0.0071459668688476086
1746739132820293600,24.648293701171873,-0.001142339315265417,0.0015487726777791977,0.00927010364830494
1746739132830372900,24.658372802734377,-0.0037121837958693504,0.001491982489824295,0.0009127018274739385
1746739132840451800,24.668451904296877,-0.005015002563595772,0.0013162139803171158,0.00008099665137706324
1746739132850530600,24.678530517578125,0.0006670835427939892,-0.0003100922331213951,-0.00946770515292883
1746739132860609800,24.68860986328125,0.0028234452474862337,0.000153297558426857,-0.012826750054955482
1746739132870688800,24.698688720703124,0.004009834490716457,-0.0009407233446836472,-0.010172288864850998
1746739132880767700,24.708767822265624,0.004319826606661081,0.0006055082194507122,-0.010721699334681034
1746739132890846700,24.7188466796875,0.0019479603506624699,0.001651662401854992,-0.004228334873914719
1746739132900925700,24.72892578125,-0.0008480926044285297,0.002879912033677101,-0.00022107659606263041
1746739132911004700,24.739004638671876,-0.0014963438734412193,0.003522152081131935,0.005683965515345335
1746739132921083600,24.749083740234376,-0.00411742739379406,0.005224977619946003,0.012698198668658733
1746739132931162600,24.75916259765625,-0.004351762589067221,0.0068511320278048515,0.013169592246413231
1746739132941241900,24.769241943359376,-0.00287450710311532,0.004240701906383038,0.01255972869694233
1746739132951320600,24.779320556640624,-0.0013104011304676533,-0.00011472636833786964,0.0062748766504228115
1746739132961399800,24.78939990234375,0.001301094889640808,-0.0018186168745160103,-0.003231543116271496
1746739132971478800,24.799478759765623,0.0037576821632683277,-0.006374376360327005,-0.013813718222081661
1746739132981557500,24.8095576171875,0.003320391057059169,-0.008678809739649296,-0.021615447476506233
1746739132991637800,24.8196376953125,0.0035066534765064716,-0.005185938905924559,-0.030378401279449463
1746739133001716700,24.829716796875,0.004005197435617447,-0.007591039873659611,-0.028175966814160347
1746739133011795700,24.839795654296875,0.002156980335712433,-0.004879854619503021,-0.01942937821149826
1746739133021874700,24.849874755859375,0.0010158158838748932,-0.005377333145588636,-0.00783743616193533
1746739133031954000,24.859953857421875,-0.00030891178175807,0.0031128027476370335,0.0021633405704051256
1746739133042032600,24.87003271484375,-0.004483948927372694,0.007206613663583994,0.008272898383438587
1746739133052111600,24.880111572265626,-0.00446372851729393,0.007787162438035011,0.00941564328968525
1746739133062190800,24.89019091796875,-0.0027039116248488426,0.0019902605563402176,0.010512865148484707
1746739133072269600,24.90026953125,0.00037800567224621773,0.00117067014798522,0.011623582802712917
1746739133082348800,24.910348876953126,0.001053116749972105,0.0007453630678355694,0.002820504130795598
1746739133092427800,24.920427734375,-0.00036393385380506516,-0.001138999592512846,-0.007286223117262125
1746739133102506800,24.9305068359375,0.0015870979987084866,-0.0033885720185935497,-0.015522848814725876
1746739133112585700,24.940585693359374,0.0026060768868774176,-0.005245129112154245,-0.018155425786972046
1746739133122664700,24.950664794921874,-0.00033005839213728905,-0.00040510017424821854,-0.02402423322200775
1746739133132743700,24.96074365234375,-0.00022438401356339455,0.0016626454889774323,-0.02474723942577839
1746739133142822700,24.97082275390625,-0.0029266937635838985,-0.00039917370304465294,-0.0135928550735116
1746739133152901600,24.980901611328125,-0.0031095994636416435,-0.002351870760321617,0.002494458807632327
1746739133162980900,24.99098095703125,-0.0042294589802622795,-0.0010410631075501442,0.00793556310236454
1746739133173059600,25.0010595703125,-0.006561355199664831,0.000779829453676939,0.004796289838850498
1746739133183138600,25.011138671875,-0.0043794275261461735,0.0036003836430609226,0.004149141721427441
1746739133193217800,25.0212177734375,-0.0034335986711084843,0.0005076983943581581,0.0012932857498526573
1746739133203296800,25.031296875,-0.0005145077593624592,0.0027322364039719105,-0.0038325004279613495
1746739133213375700,25.041375732421876,0.0018236569594591856,0.001170249655842781,-0.0026406794786453247
1746739133223455700,25.051455810546877,0.0006710407324135303,0.0016669286414980888,-0.008158216252923012
1746739133233534700,25.06153466796875,0.0037028915248811245,0.001010858453810215,-0.007326331455260515
1746739133243613700,25.07161376953125,0.0026309690438210964,0.0013631945475935936,-0.00657558673992753
1746739133253692700,25.081692626953124,0.002162344753742218,0.003251955844461918,0.0001775986165739596
1746739133263771600,25.091771728515624,0.0002549886703491211,0.0027510151267051697,0.003370728576555848
1746739133273850600,25.1018505859375,0.0000841519795358181,0.003080291673541069,0.003653893480077386
1746739133283929600,25.1119296875,-0.0014309203252196312,0.0027764253318309784,0.0021803665440529585
1746739133294008800,25.1220087890625,-0.0018207710236310959,0.003123011440038681,0.0017579770646989346
1746739133304087600,25.132087646484376,-0.001527024433016777,0.004824238829314709,-0.001751003903336823
1746739133314166800,25.142166748046876,-0.003233735915273428,0.00016890047118067741,-0.0067498451098799706
1746739133324245800,25.152245849609375,0.00022757472470402718,-0.0011882465332746506,-0.007986617274582386
1746739133334324500,25.162324462890624,-0.0009480160661041737,0.000020807143300771713,-0.011234268546104431
1746739133344403700,25.17240380859375,0.0026826716493815184,0.002712198067456484,-0.0092749809846282
1746739133354482700,25.182482666015623,0.00032183434814214706,-0.0005057645030319691,-0.00115664501208812
1746739133364562000,25.19256201171875,0.004530161153525114,-0.005360440816730261,0.004112685564905405
1746739133374640600,25.202640625,0.004748494829982519,-0.004163069184869528,0.007404702715575695
1746739133384719600,25.2127197265625,0.0022182255052030087,0.0029169446788728237,0.010281982831656933
1746739133394798800,25.222798828125,0.007167947478592396,-0.00018294714391231537,0.006678934674710035
1746739133404877600,25.232877685546875,0.001533763948827982,0.0007377071306109428,0.0037635727785527706
1746739133414956800,25.242956787109375,-0.0016936613246798515,0.0044987620785832405,0.0026181479915976524
1746739133425035800,25.253035888671874,-0.003011127468198538,0.0031149834394454956,-0.007661120966076851
1746739133435115800,25.26311572265625,-0.0026467754505574703,0.00204962445423007,-0.017343632876873016
1746739133445194800,25.27319482421875,-0.002325331326574087,0.001128970179706812,-0.02146194502711296
1746739133455273700,25.283273681640626,-0.003996573388576508,-0.0013015642762184143,-0.023496245965361595
1746739133465352700,25.293352783203126,-0.0003842618316411972,-0.0037301010452210903,-0.014940309338271618
1746739133475431700,25.303431640625,0.00016470765694975853,-0.004963363520801067,-0.005189735908061266
1746739133485510700,25.3135107421875,0.0021490289364010096,-0.003616869216784835,0.00372759229503572
1746739133495589600,25.323589599609374,-0.0012124511413276196,0.0013231802731752396,0.0041755507700145245
1746739133505668600,25.333668701171874,-0.001316846814006567,0.004168767482042313,0.009201467968523502
1746739133515747800,25.343747802734374,0.0013419818133115768,0.0034925690852105618,0.009008996188640594
1746739133525826800,25.353826904296874,0.0006767241284251213,0.007020725402981043,0.009146414697170258
1746739133535905500,25.363905517578125,0.004526770673692226,0.004277827218174934,0.003765868255868554
1746739133545984800,25.37398486328125,0.001415932085365057,0.004772908985614777,-0.002109597669914365
1746739133556063700,25.384063720703125,0.00486790481954813,0.0036708065308630466,-0.0106122437864542
1746739133566142700,25.394142822265625,0.004837012384086847,0.0028020828031003475,-0.012071123346686363
1746739133576221700,25.4042216796875,0.003398030297830701,0.0025515188463032246,-0.01122740376740694
1746739133586300700,25.41430078125,0.004811369813978672,-0.0007888837717473507,-0.003139384090900421
1746739133596379600,25.424379638671876,0.004052695818245411,0.001219016034156084,0.006732952781021595
1746739133606458600,25.434458740234376,0.0030494832899421453,0.006661186460405588,0.012494169175624847
1746739133616537900,25.444537841796876,0.0022161954548209906,0.005958461668342352,0.020672708749771118
1746739133626616800,25.454616943359376,-0.002297329716384411,0.0036742682568728924,0.028644349426031113
1746739133636696800,25.46469677734375,-0.00000696210190653801,0.005826630163937807,0.02045850269496441
1746739133646774800,25.47477490234375,0.0005054296925663948,0.0070322430692613125,0.012132661417126656
1746739133656854000,25.48485400390625,-0.0032099788077175617,0.002209882251918316,0.0017668994842097163
1746739133666932700,25.4949326171875,-0.0027127661742269993,-0.002073279581964016,-0.00975073967128992
1746739133677012000,25.505011962890624,-0.003533428069204092,-0.005977250635623932,-0.015427918173372746
1746739133687091000,25.515091064453124,-0.0031073219142854214,-0.00849420391023159,-0.017148319631814957
1746739133697169700,25.525169677734375,-0.0005531548522412777,-0.0026435265317559242,-0.016074728220701218
1746739133707249000,25.535248779296875,-0.0028591863811016083,-0.0007646665908396244,-0.012917282991111279
1746739133717328000,25.545327880859375,0.0030541992746293545,-0.004348820075392723,-0.000588311580941081
1746739133727407000,25.555406982421875,0.00354688405059278,-0.0032151127234101295,0.01643274910748005
1746739133737485800,25.56548583984375,0.0047670574858784676,0.0020048399455845356,0.022819379344582558
1746739133747564800,25.575564697265627,-0.000988566316664219,0.004299419466406107,0.02416693978011608
1746739133757644000,25.58564404296875,-0.002004795242100954,0.0017051445320248604,0.01853056624531746
1746739133767722800,25.59572265625,0.00018671993166208267,-0.00031113484874367714,0.009303244762122631
1746739133777802000,25.605802001953126,-0.002846920397132635,-0.0017592720687389374,0.0008389801951125264
1746739133787881000,25.615880859375,-0.00007856404408812523,-0.004559053108096123,-0.007648513652384281
1746739133797959700,25.625959716796874,0.0014828862622380257,-0.004920327104628086,-0.015563178807497025
1746739133808039000,25.636038818359374,0.004702648147940636,-0.0010121380910277367,-0.017429789528250694
1746739133818118000,25.646117919921874,0.004017009399831295,-0.004203978460282087,-0.011450844816863537
1746739133828196900,25.65619677734375,0.0036114102695137262,-0.0014590583741664886,-0.005400143098086119
1746739133838275800,25.66627587890625,0.0012480774894356728,-0.0009283437393605709,0.0072186836041510105
1746739133848355800,25.67635595703125,0.0014315694570541382,-0.0003469758667051792,0.00828021951019764
1746739133858434800,25.686434814453126,0.0015536011196672916,0.005125691648572683,0.016155455261468887
1746739133868513800,25.696513671875,0.0012374836951494217,0.002197012770920992,0.019320622086524963
1746739133878593000,25.706593017578125,-0.00040998635813593864,-0.0006332434713840485,0.012636369094252586
1746739133888672000,25.716672119140625,0.0026289469096809626,-0.0006252541206777096,0.01078893430531025
1746739133898750700,25.726750732421873,-0.0005781571380794048,0.0021247700788080692,-0.0009014252573251724
1746739133908830000,25.736829833984373,0.0018461181316524744,0.0003367234021425247,-0.005659961607307196
1746739133918909000,25.746908935546877,0.0019409267697483301,-0.0027610654942691326,-0.0114829633384943
1746739133928988000,25.75698779296875,0.001579802017658949,-0.0025434852577745914,-0.012294162064790726
1746739133939067000,25.76706689453125,0.0012445813044905663,-0.002071285154670477,-0.012690515257418156
1746739133949145900,25.777145751953125,0.004009741358458996,-0.004896366037428379,-0.009510167874395847
1746739133959224800,25.787224853515625,0.0021318441722542048,-0.00430214311927557,-0.0021740912925451994
1746739133969303800,25.7973037109375,-0.0021973904222249985,-0.00535808689892292,0.005918722599744797
1746739133979382800,25.8073828125,-0.002361550461500883,-0.007445609662681818,0.01578502357006073
1746739133989462000,25.8174619140625,-0.00366649916395545,-0.0030383444391191006,0.013915219344198704
1746739133999540700,25.827540771484376,-0.005894406698644161,0.005727768409997225,0.016764475032687187
1746739134009620000,25.837619873046876,-0.004556434229016304,0.002077640499919653,0.015312252566218376
1746739134019699000,25.847698974609376,-0.004404281731694937,-0.0006421399302780628,0.01336990762501955
1746739134029777700,25.857777587890624,0.0000069784000515937805,-0.0012786355800926685,0.0052097151055932045
1746739134039857000,25.86785693359375,0.0051357802003622055,-0.0015443111769855022,-0.0015108747174963355
1746739134049937000,25.87793701171875,0.005953104700893164,-0.004627186339348555,-0.006101631559431553
1746739134060015900,25.888015869140624,0.008094003424048424,-0.0054424661211669445,-0.008708571083843708
1746739134070094800,25.8980947265625,0.002709091641008854,-0.0046147555112838745,-0.008881943300366402
1746739134080174000,25.908174072265624,-0.00043924758210778236,-0.0038413768634200096,-0.007144586183130741
1746739134090252800,25.918252685546875,-0.0010320674628019333,-0.0011097723618149757,-0.008590149693191051
1746739134100331800,25.928331787109375,-0.0030608964152634144,0.0046403477899730206,-0.0016645391006022692
1746739134110411000,25.938410888671875,0.0021266748663038015,0.004456589464098215,0.004931578412652016
1746739134120489700,25.94848974609375,0.0009098220616579056,0.0023413067683577538,0.009326370432972908
1746739134130569000,25.95856884765625,0.0001513538882136345,0.0006970707327127457,0.016661781817674637
1746739134140648000,25.96864794921875,0.0009381761774420738,-0.0010896874591708183,0.014815294183790684
1746739134150727000,25.978726806640626,-0.0006410782225430012,-0.0008558621630072594,0.010984603315591812
1746739134160806000,25.988805908203126,-0.0000029616057872772217,-0.0010973806492984295,0.009777937084436417
1746739134170884900,25.998884765625,-0.0005451813340187073,0.0010360782034695148,0.0008406353881582618
1746739134180963800,26.0089638671875,0.0017285323701798916,-0.0001235147938132286,-0.001658147550188005
1746739134191042800,26.019042724609374,0.0015905802138149738,0.00014493195340037346,-0.006494980771094561
1746739134201121800,26.029121826171874,0.004167346749454737,-0.002122350502759218,-0.011003091931343079
1746739134211201000,26.039200927734374,0.0036901081912219524,-0.0009247269481420517,-0.009125563316047192
1746739134221279700,26.04927978515625,0.003068384947255254,0.00004568416625261307,-0.0026771030388772488
1746739134231358700,26.059358642578125,0.005386400036513805,-0.002295500598847866,0.007189908996224403
1746739134241438000,26.06943798828125,0.002833023201674223,0.0025023305788636208,0.015793247148394585
1746739134251517000,26.079516845703125,0.0012103589251637459,0.0022922074422240257,0.01509922742843628
1746739134261597000,26.089596923828125,-0.001257631927728653,0.004132598172873259,0.018864423036575317
1746739134271676000,26.099676025390625,0.00018207309767603874,0.006209064740687609,0.017113393172621727
1746739134281755000,26.1097548828125,-0.0016018589958548546,0.005046612583100796,0.01522717997431755
1746739134291833900,26.119833740234377,-0.00043273158371448517,-0.001957500819116831,0.014286551624536514
1746739134301912800,26.129912841796877,-0.0006619049236178398,-0.0010824310593307018,0.009439481422305107
1746739134311991800,26.13999169921875,-0.0010126433335244656,0.00007631024345755577,-0.0013628329616039991
1746739134322070800,26.15007080078125,0.003985083661973476,-0.0034496011212468147,-0.01299819815903902
1746739134332150000,26.16014990234375,0.0034215585328638554,-0.006068021059036255,-0.012495926581323147
1746739134342229000,26.17022900390625,0.0029552390333265066,-0.004908747039735317,-0.009313714690506458
1746739134352307700,26.1803076171875,0.000549072865396738,-0.0047955624759197235,-0.010341961868107319
1746739134362387000,26.190386962890624,0.0009692725725471973,0.0023177536204457283,-0.0061292885802686214
1746739134372466000,26.2004658203125,0.002906189765781164,-0.003967839293181896,0.0029321168549358845
1746739134382544600,26.210544677734376,-0.0007482985965907574,0.0013739364221692085,0.0061452374793589115
1746739134392623900,26.220623779296876,-0.0003208615817129612,0.004244291223585606,0.0089205177500844
1746739134402702800,26.230702880859376,-0.0006951773539185524,0.0025952174328267574,0.012307940982282162
1746739134412782000,26.240781982421876,-0.001897594891488552,0.00288017513230443,0.011146537028253078
1746739134422860800,26.25086083984375,-0.00234804255887866,-0.0014531849883496761,0.008442182093858719
1746739134432939800,26.260939697265623,-0.0003053983673453331,-0.004344046115875244,0.008980674669146538
1746739134443019000,26.27101904296875,-0.000024680979549884796,-0.0036936826072633266,0.0041814097203314304
1746739134453097700,26.28109765625,0.0012919856235384941,-0.006695065181702375,0.0018298387294635177
1746739134463177000,26.291177001953123,0.00013141799718141556,-0.0032323086634278297,-0.0027827713638544083
1746739134473256700,26.301256591796875,-0.00020387396216392517,-0.001257308293133974,-0.005335677415132523
1746739134483336000,26.3113359375,-0.0018589789979159832,0.0020247683860361576,-0.009258070960640907
1746739134493415000,26.321414794921875,0.001317373476922512,-0.0004466455429792404,-0.0073373992927372456
1746739134503494000,26.331493896484375,-0.0015346934087574482,0.0005207695066928864,-0.005487462505698204
1746739134513572900,26.34157275390625,-0.0037669548764824867,0.00006723357364535332,0.0018423555884510279
1746739134523651800,26.35165185546875,0.0001278640702366829,-0.005629467312246561,0.0060334159061312675
1746739134533731000,26.36173095703125,-0.002018111292272806,0.0009709112346172333,0.009940006770193577
1746739134543809800,26.371809814453126,-0.00021594995632767677,-0.0006970269605517387,0.01088676042854786
1746739134553888800,26.381888671875,0.00237424043007195,0.00017915340140461922,0.012374934740364552
1746739134563968000,26.391968017578126,0.002381341066211462,0.0016246773302555084,0.010466834530234337
1746739134574047000,26.402046875,0.002414364367723465,0.001885932870209217,0.007406596560031176
1746739134584125700,26.412125732421874,0.002084009815007448,0.0035362672060728073,-0.0011257374426349998
1746739134594205000,26.422204833984374,0.0011622896417975426,0.003534669056534767,-0.00398916844278574
1746739134604284000,26.432283935546874,0.002902774838730693,0.0018258541822433472,-0.006579980254173279
1746739134614363000,26.44236279296875,0.0029126284644007683,0.0033395951613783836,-0.007390646263957024
1746739134624441900,26.45244189453125,0.002197281690314412,-0.0009276121854782104,-0.010314812883734703
1746739134634520800,26.462520751953125,0.0038188803009688854,-0.0037990326527506113,-0.006257221102714539
1746739134644600000,26.47260009765625,0.004914542194455862,-0.004412247333675623,-0.0011122735450044274
1746739134654679000,26.482678955078125,0.0010907752439379692,-0.000946942251175642,0.0002962723665405065
1746739134664758000,26.492758056640625,0.00018396927043795586,0.004064860753715038,-0.0003431525838095695
1746739134674837000,26.5028369140625,-0.001479174941778183,0.005013212561607361,-0.0013506264658644795
1746739134684917000,26.5129169921875,-0.0019427435472607613,0.002400496043264866,0.0018802161794155836
1746739134694996200,26.522996337890625,-0.0019736364483833313,0.0024918420240283012,0.004546839278191328
1746739134705075000,26.533074951171876,0.0017824859824031591,-0.00025920290499925613,0.003683442482724786
1746739134715154200,26.543154296875,0.0005630245432257652,-0.003086415119469166,0.00524884881451726
1746739134725233200,26.553233154296876,0.0030365041457116604,-0.0009927181527018547,0.000024642853531986475
1746739134735312000,26.563311767578124,0.0030644673388451338,0.00006375787779688835,-0.005801554303616285
1746739134745391000,26.57339111328125,0.0019272202625870705,0.0009684693068265915,-0.008150431327521801
1746739134755470000,26.583469970703124,0.001786605454981327,-0.0027240035124123096,-0.005646793637424707
1746739134765549000,26.593549072265624,0.0022077050525695086,-0.0006057913415133953,0.0013636673102155328
1746739134775628000,26.6036279296875,0.00012298254296183586,0.002503182739019394,0.004404198378324509
1746739134785707000,26.61370703125,-0.0005872650071978569,-0.0016312864609062672,0.011618937365710735
1746739134795786200,26.6237861328125,0.0008090301416814327,-0.0007180888205766678,0.019652631133794785
1746739134805865000,26.633864990234375,-0.0014308304525911808,0.000010508112609386444,0.022408083081245422
1746739134815944200,26.643944091796875,-0.002981855534017086,0.0034089675173163414,0.01613234542310238
1746739134826023200,26.654023193359375,-0.003664526157081127,0.000998346135020256,0.01204212848097086
1746739134836102000,26.664101806640623,-0.001776078250259161,-0.00020913127809762955,0.005591419991105795
1746739134846181000,26.67418115234375,-0.0003493204712867737,0.000011573079973459244,0.00023780098126735538
1746739134856260000,26.684260009765627,-0.0000012451782822608948,-0.0031884810887277126,-0.004770006984472275
1746739134866339000,26.694339111328127,0.002974147442728281,-0.0024937926791608334,-0.006938441656529903
1746739134876418000,26.70441796875,0.0036162356846034527,0.000373100396245718,-0.012740404345095158
1746739134886498000,26.714498046875,0.003354767570272088,0.004757664166390896,-0.012540978379547596
1746739134896577000,26.724576904296875,0.001908937469124794,0.001569061540067196,-0.010723371058702469
1746739134906656000,26.734656005859375,0.0055157761089503765,-0.0008184448815882206,0.0037347672041505575
1746739134916735200,26.7447353515625,0.003763149492442608,0.004041824024170637,0.014252922497689724
1746739134926814000,26.75481396484375,-0.002422694116830826,0.007168623618781567,0.018317867070436478
1746739134936893000,26.764892822265626,-0.003392350859940052,0.006291911005973816,0.015392385423183441
1746739134946972200,26.77497216796875,-0.0025909398682415485,0.009035051800310612,0.018139848485589027
1746739134957051100,26.785051025390626,-0.00037652160972356796,0.004930588416755199,0.010992723517119884
1746739134967130000,26.795130126953126,0.001289039384573698,-0.00028039608150720596,0.006628618575632572
1746739134977209000,26.805208984375,0.0037026621866971254,0.0018994011916220188,0.006031005177646875
1746739134987288000,26.8152880859375,0.004756562411785126,0.0017194803804159164,-0.004121601581573486
1746739134997367000,26.825366943359374,0.0064705731347203255,-0.0033501125872135162,-0.011650091037154198
1746739135007446000,26.835446044921873,0.0072644613683223724,-0.0036571749951690435,-0.01007216889411211
1746739135017525200,26.845525146484373,0.005326479207724333,-0.0027229380793869495,-0.006371972616761923
1746739135027604200,26.855604248046873,0.001580993179231882,-0.0008361763320863247,0.003453790210187435
1746739135037683000,26.865682861328125,-0.00019453652203083038,0.0006551933474838734,0.00802670419216156
1746739135047762200,26.87576220703125,-0.0034418548457324505,0.0014059827663004398,0.010438314639031887
1746739135057841200,26.885841064453125,-0.0019872356206178665,0.0007955855689942837,0.015757180750370026
1746739135067920000,26.895919921875,-0.0024182256311178207,0.0007910151034593582,0.013532431796193123
1746739135077999000,26.9059990234375,-0.0043482184410095215,-0.0023794779554009438,0.008068956434726715
1746739135088078000,26.916078125,-0.003212202340364456,-0.0024640122428536415,-0.0026845161337405443
1746739135098157000,26.926156982421876,-0.0011274795979261398,-0.0036304767709225416,-0.010456684976816177
1746739135108237000,26.936237060546876,-0.0010823407210409641,-0.0016699600964784622,-0.015184137970209122
1746739135118316300,26.94631640625,-0.001696199644356966,0.0005686930380761623,-0.01853306218981743
1746739135128395000,26.95639501953125,0.0007665073499083519,-0.0025105499662458897,-0.015354728326201439
1746739135138474000,26.966473876953124,0.001037350855767727,-0.0036173597909510136,-0.009119203314185143
1746739135148553200,26.97655322265625,-0.000042094383388757706,-0.005827868357300758,0.0003284811391495168
1746739135158632000,26.9866318359375,0.0001901332288980484,-0.0016088886186480522,0.005110453348606825
1746739135168711200,26.996711181640624,-0.0019548311829566956,-0.0030836830846965313,0.011469860561192036
1746739135178790100,27.0067900390625,-0.0011052824556827545,-0.0009201308712363243,0.011161732487380505
1746739135188869000,27.016869140625,-0.0009531616233289242,-0.0020112921483814716,0.02019326575100422
1746739135198948000,27.026947998046875,-0.0040938276797533035,-0.004513598047196865,0.02152378112077713
1746739135209027000,27.037027099609375,-0.0030831429176032543,-0.0033920560963451862,0.013817896135151386
1746739135219106300,27.047106201171875,-0.004275173414498568,-0.004203787539154291,0.0006032903911545873
1746739135229185000,27.05718505859375,-0.0006984933279454708,-0.0025891773402690887,-0.008683462627232075
1746739135239264000,27.067263916015627,-0.0014497707597911358,-0.00028900476172566414,-0.01675417274236679
1746739135249343200,27.07734326171875,0.002918166108429432,0.0005252314731478691,-0.019500263035297394
1746739135259422000,27.087421875,0.004478512331843376,-0.0012476351112127304,-0.01845284178853035
1746739135269501000,27.0975009765625,0.0036522913724184036,-0.0004083402454853058,-0.00866350531578064
1746739135279580200,27.107580078125,0.00362406182102859,0.0010215109214186668,0.00392818683758378
1746739135289659100,27.1176591796875,0.0022934048902243376,0.004529115743935108,0.012837408110499382
1746739135299738000,27.127738037109374,0.0010928520932793617,0.004751223139464855,0.019039910286664963
1746739135309817000,27.137817138671874,-0.0006040604785084724,0.0013138148933649063,0.01836875081062317
1746739135319897000,27.14789697265625,-0.00042696017771959305,-0.005408535711467266,0.014384128153324127
1746739135329976000,27.15797607421875,-0.001879323273897171,-0.0005469787865877151,0.006821431219577789
1746739135340055000,27.168054931640626,-0.0036681685596704483,0.0010314765386283398,-0.0007142493268474936
1746739135350134000,27.178134033203126,-0.0009180535562336445,-0.004628363996744156,-0.009036441333591938
1746739135360213000,27.188212890625,-0.0007667862810194492,-0.00046877283602952957,-0.021506693214178085
1746739135370292200,27.198292236328125,0.0027676813770085573,-0.0012354706414043903,-0.029241809621453285
1746739135380371200,27.20837109375,0.0025927117094397545,-0.004622745327651501,-0.024956516921520233
1746739135390450000,27.218449951171873,0.0029597501270473003,-0.0021924092434346676,-0.0159662626683712
1746739135400529200,27.228529052734373,0.003871350083500147,-0.002039277460426092,-0.005584195256233215
1746739135410608000,27.238608154296877,0.00256533594802022,-0.00035030068829655647,0.009245617315173149
1746739135420687000,27.24868701171875,-0.0008152807131409645,0.003966151271015406,0.019443392753601074
1746739135430766000,27.25876611328125,-0.0031022229231894016,0.0018970356322824955,0.024830538779497147
1746739135440845000,27.268844970703125,-0.0061174542643129826,0.0032656346447765827,0.02297431416809559
1746739135450924000,27.278924072265625,-0.005144662223756313,0.001213524490594864,0.015300417318940163
1746739135461003000,27.2890029296875,-0.004822952672839165,-0.00005573779344558716,0.0028120563365519047
1746739135471082000,27.29908203125,0.0003706025891005993,-0.003968765027821064,-0.005162631161510944
1746739135481161200,27.3091611328125,0.0002861805260181427,-0.00678931875154376,-0.00756000867113471
1746739135491240000,27.319239990234376,0.0032349254470318556,-0.006698988378047943,-0.003992231097072363
1746739135501319200,27.329319091796876,-0.000729722436517477,-0.005778599996119738,-0.005859373603016138
1746739135511398100,27.339398193359376,0.0021781984250992537,-0.006344436202198267,0.0008648128714412451
1746739135521478100,27.34947802734375,0.002248239703476429,0.001134518999606371,0.0013029028195887804
1746739135531557000,27.35955712890625,-0.000855705700814724,-0.00029150815680623055,0.0104919308796525
1746739135541636000,27.369635986328124,-0.0022778334096074104,0.0017623216845095158,0.015331161208450794
1746739135551715000,27.379715087890624,-0.0006175548769533634,0.0024226000532507896,0.01816731132566929
1746739135561794000,27.3897939453125,-0.002615191973745823,0.005889503285288811,0.01817849650979042
1746739135571873300,27.399873291015624,-0.0017236685380339622,0.0031784744933247566,0.015816407278180122
1746739135581952000,27.409951904296875,-0.0023894584737718105,0.0028048325330018997,0.007964341901242733
1746739135592031000,27.420031005859375,-0.0011412198655307293,0.00199771486222744,-0.0038345567882061005
1746739135602110200,27.430110107421875,0.0007501570507884026,0.0005452269688248634,-0.007451662328094244
1746739135612189000,27.44018896484375,-0.0013629677705466747,-0.0009990883991122246,-0.01505611278116703
1746739135622268000,27.450267822265626,0.000844260212033987,-0.0005926899611949921,-0.010770288296043873
1746739135632347100,27.46034716796875,0.00021877000108361244,0.001284944824874401,-0.005490406882017851
1746739135642426000,27.470426025390626,-0.0003317054361104965,0.0026165256276726723,0.0001395154104102403
1746739135652505300,27.48050537109375,0.0014171767979860306,0.00777817890048027,0.003300183452665806
1746739135662584600,27.49058447265625,-0.000040104612708091736,0.006929429247975349,0.002772611565887928
1746739135672663600,27.50066357421875,0.003212342970073223,0.0054068793542683125,0.004358597565442324
1746739135682742300,27.5107421875,0.0019220414105802774,0.007929159328341484,0.008658803068101406
1746739135692821500,27.520821533203126,0.004492822103202343,0.004775881301611662,0.009635060094296932
1746739135702900500,27.530900390625,0.004947157576680183,0.003922604490071535,0.010995402932167053
1746739135712980500,27.54098046875,0.00017223553732037544,0.0038743577897548676,0.002104854676872492
1746739135723059500,27.5510595703125,-0.0016770632937550545,0.0023683402687311172,-0.008723292499780655
1746739135733138700,27.561138671875,-0.0035283840261399746,0.001553551759570837,-0.01679542288184166
1746739135743217400,27.571217529296874,-0.003090027254074812,-0.003052651882171631,-0.024303672835230827
1746739135753296400,27.58129638671875,-0.005536478012800217,-0.001963706687092781,-0.027725229039788246
1746739135763375600,27.591375732421874,-0.004318081773817539,-0.0037834448739886284,-0.024119308218359947
1746739135773454300,27.601454345703125,-0.003558728378266096,-0.004821705166250467,-0.015488903969526291
1746739135783533600,27.611533447265625,-0.0024290154688060284,-0.006249958649277687,-0.0075609409250319
1746739135793612500,27.621612548828125,-0.003750029020011425,-0.003439630614593625,0.0008020195527933538
1746739135803691300,27.631691162109377,-0.007473926991224289,0.0005604373291134834,0.0008366406545974314
1746739135813770500,27.6417705078125,-0.0027544922195374966,-0.0025408221408724785,0.004517308436334133
1746739135823849500,27.651849365234376,-0.0020503527484834194,-0.0004345281049609184,0.0068273344077169895
1746739135833928400,27.661928466796876,-0.003296994138509035,0.0017614266835153103,0.009413826279342175
1746739135844007400,27.67200732421875,-0.002893791999667883,-0.0012338301166892052,0.008926734328269958
1746739135854086400,27.68208642578125,-0.0017149513587355614,-0.00027646636590361595,0.0026319678872823715
1746739135864165600,27.69216552734375,-0.0013538268394768238,-0.0003369199112057686,-0.011199159547686577
1746739135874244400,27.702244384765624,0.0015033925883471966,-0.0015205354429781437,-0.019484417513012886
1746739135884323300,27.7123232421875,0.0016003316268324852,-0.005474530626088381,-0.017725931480526924
1746739135894402600,27.722402587890624,0.004011322744190693,-0.005902862176299095,-0.019938010722398758
1746739135904481500,27.7324814453125,0.00017237570136785507,0.0004847301170229912,-0.020593682304024696
1746739135914561500,27.7425615234375,-0.0002443143166601658,-0.0016870247200131416,-0.014200825244188309
1746739135924640500,27.752640625,-0.0029636682011187077,-0.000263032503426075,-0.0014056673971936107
1746739135934719500,27.762719482421875,-0.005524728912860155,0.006505315657705069,0.00643614586442709
1746739135944798500,27.772798583984375,-0.006499179173260927,0.009735198691487312,0.007467588409781456
1746739135954877400,27.78287744140625,-0.003711915109306574,0.008845169097185135,0.006788748316466808
1746739135964956400,27.792956298828123,0.0007717832922935486,0.0007771230302751064,0.007390889339148998
1746739135975035400,27.803035400390623,0.0024511883966624737,-0.003146691247820854,0.01000661589205265
1746739135985114400,27.8131142578125,-0.00017335684970021248,-0.0054865446873009205,0.004876568913459778
1746739135995193600,27.823193603515627,0.001912273932248354,-0.003129244316369295,-0.0006256107008084655
1746739136005272300,27.833272216796875,-0.0008174660615622997,0.0035563549026846886,-0.009888085536658764
1746739136015351600,27.8433515625,0.0002516135573387146,0.0022073062136769295,-0.0188119076192379
1746739136025430500,27.853430419921875,0.00148732028901577,0.0006943643093109131,-0.023363249376416206
1746739136035509200,27.86350927734375,0.0013089273124933243,0.004003989510238171,-0.01819353923201561
1746739136045588500,27.87358837890625,0.002920406172052026,0.0018255235627293587,-0.01235881820321083
1746739136055667500,27.88366748046875,0.004435291979461908,0.0010422631166875362,0.00024961476447060704
1746739136065746400,27.893746337890626,0.004766855388879776,0.006197876762598753,0.004079773090779781
1746739136075825400,27.903825439453126,0.0033928349148482084,0.009982435032725334,0.004423652309924364
1746739136085904400,27.913904296875,0.002635431941598654,0.014208605512976646,0.007332090754061937
1746739136095983600,27.923983642578126,0.001394947525113821,0.0125157181173563,0.010137968696653843
1746739136106063400,27.9340634765625,0.002894040895625949,0.0029400568455457687,0.009963798336684704
1746739136116142600,27.944142578125,0.0036625582724809647,0.0018635853193700314,0.005515327211469412
1746739136126221300,27.95422119140625,0.0009338832460343838,0.0020918180234730244,0.0023727973457425833
1746739136136300500,27.964300537109374,0.004049641080200672,0.001504549290984869,-0.006675944197922945
1746739136146379500,27.974379638671873,-0.0012790779583156109,-0.0011229254305362701,-0.011789745651185513
1746739136156458500,27.98445849609375,-0.00005219876766204834,-0.0006460705772042274,-0.009333762340247631
1746739136166537500,27.994537353515625,0.002836798317730427,-0.0008948100730776787,-0.012411311268806458
1746739136176616400,28.004616455078125,0.00040895212441682816,-0.0006067901849746704,-0.010806668549776077
1746739136186695400,28.0146953125,0.00011174334213137627,0.0004635341465473175,-0.009207972325384617
1746739136196774400,28.0247744140625,0.0000464320182800293,0.002356697339564562,-0.007289049681276083
1746739136206853400,28.034853271484376,-0.002214325126260519,0.0019015627913177013,-0.001959264976903796
1746739136216932600,28.0449326171875,-0.0008837394416332245,0.004657689947634935,0.0006308518350124359
1746739136227011300,28.05501123046875,0.0014864741824567318,0.003947691526263952,0.0038817725144326687
1746739136237090300,28.06509033203125,0.0013840380124747753,0.003440419677644968,0.0078090704046189785
1746739136247169500,28.07516943359375,0.0011313040740787983,0.0021788799203932285,0.009422414004802704
1746739136257248500,28.08524853515625,0.001124158501625061,-0.0014611468650400639,0.01076509803533554
1746739136267327500,28.095327392578124,-0.0027619260363280773,0.001480314414948225,0.003238205797970295
1746739136277406500,28.105406494140624,-0.004191158339381218,-0.0017137741670012474,-0.0002951124624814838
1746739136287485400,28.1154853515625,-0.00272988248616457,-0.0030035432428121567,-0.005044593941420317
1746739136297564400,28.125564453125,-0.0026913913898169994,-0.0013637924566864967,-0.010690908879041672
1746739136307644400,28.13564453125,-0.0007057385519146919,0.00013716518878936768,-0.019145380705595016
1746739136317723400,28.145723388671875,-0.0005089067853987217,-0.00009156716987490654,-0.015098162926733494
1746739136327802400,28.15580224609375,-0.0005917311646044254,-0.0030799000523984432,-0.00818273238837719
1746739136337881600,28.165881591796875,0.00017795292660593987,-0.0013127243146300316,-0.004566216375678778
1746739136347960600,28.175960693359375,0.000712183304131031,-0.003446182468906045,0.00011828394053736702
1746739136358039300,28.186039306640627,0.0011753067374229431,-0.004923437722027302,0.0030717295594513416
1746739136368118500,28.196118408203127,0.0005867485888302326,-0.002542572095990181,0.005533022806048393
1746739136378197500,28.206197509765627,-0.002023611683398485,-0.00037739984691143036,0.003605619538575411
1746739136388276200,28.216276123046875,0.0006688442081212997,-0.00011081760749220848,0.001927828066982329
1746739136398355500,28.22635546875,0.00008092774078249931,-0.00009549921378493309,-0.004521372728049755
1746739136408434400,28.236434326171874,0.0005674874410033226,-0.0002361140213906765,-0.0065187434665858746
1746739136418513700,28.246513671875,-0.002543068490922451,-0.0028448617085814476,-0.008269001729786396
1746739136428592400,28.25659228515625,-0.003372909501194954,-0.002428609412163496,-0.012547103688120842
1746739136438671400,28.26667138671875,-0.0026025278493762016,-0.002234486863017082,-0.01244023721665144
1746739136448750600,28.27675048828125,-0.0004834509454667568,-0.004399903118610382,-0.010307577438652515
1746739136458829300,28.286829345703126,0.0017188191413879395,-0.005832222755998373,-0.006571295205503702
1746739136468908500,28.296908447265626,0.0026642412412911654,-0.004417818039655685,-0.00067985022906214
1746739136478987500,28.306987548828126,-0.0005103168077766895,-0.0034228831063956022,0.0009870963403955102
1746739136489066200,28.317066162109374,-0.0006783623248338699,0.0009313849732279778,0.0002451396721880883
1746739136499146500,28.327146484375,-0.003493127878755331,-0.0030215666629374027,0.0008343048975802958
1746739136509225500,28.3372255859375,-0.004262781236320734,-0.00022178515791893005,-0.0029846681281924248
1746739136519304400,28.347304443359373,-0.0025385571643710136,-0.0011525079607963562,-0.004387149587273598
1746739136529383400,28.357383544921873,-0.0038131466135382652,-0.0042713358998298645,-0.0026382519863545895
1746739136539462700,28.367462646484373,-0.0010501551441848278,-0.004432041198015213,-0.000617428682744503
1746739136549541400,28.377541259765625,-0.0005526766180992126,-0.0005765832029283047,0.000022795269615016878
1746739136559620400,28.387620361328125,-0.0023924200795590878,-0.0001043081283569336,-0.0038946575950831175
1746739136569699600,28.397699462890625,0.003026846330612898,0.005210295785218477,-0.0033130233641713858
1746739136579778600,28.407778564453125,0.0042230673134326935,0.006223074626177549,-0.0019283723086118698
1746739136589857300,28.417857177734376,0.0038608775939792395,0.002616622019559145,0.0018674310995265841
1746739136599936500,28.4279365234375,0.0021023855078965425,-0.002339199185371399,0.012003113515675068
1746739136610015500,28.438015380859376,0.0014861300587654114,-0.003318177070468664,0.011099237017333508
1746739136620094500,28.448094482421876,0.000056873541325330734,0.00032064877450466156,0.007985465228557587
1746739136630173400,28.45817333984375,-0.0017114654183387756,0.005098892375826836,0.00019838208390865475
1746739136640252400,28.46825244140625,-0.0034397155977785587,0.005946085322648287,-0.008825353346765041
1746739136650331400,28.478331298828124,0.00011240877211093903,0.0047407387755811214,-0.012746592052280903
1746739136660410400,28.488410400390624,0.0035206512548029423,-0.00023193657398223877,-0.014345213770866394
1746739136670489600,28.498489501953124,0.003864997997879982,-0.004826421849429607,-0.009662045165896416
1746739136680569300,28.5085693359375,0.0028496752493083477,-0.005499627441167831,-0.0015302298124879599
1746739136690648600,28.518648681640624,0.0015234211459755898,-0.0037153097800910473,-0.0006540497997775674
1746739136700727600,28.5287275390625,0.0027069775387644768,-0.0017328630201518536,0.0003597296017687768
1746739136710806300,28.53880615234375,0.00034342193976044655,0.0025716046802699566,-0.0032389999832957983
1746739136720885500,28.548885498046875,-0.003098604269325733,0.004356325604021549,-0.00042519342969171703
1746739136730964500,28.558964599609375,-0.00434443075209856,0.0073377350345253944,0.0060108681209385395
1746739136741043500,28.56904345703125,-0.0013678702525794506,0.003527614288032055,0.010481827892363071
1746739136751122400,28.579122314453127,-0.0027196905575692654,0.0015251832082867622,0.01561453752219677
1746739136761201400,28.589201416015626,-0.0026269187219440937,-0.002076420933008194,0.01488743256777525
1746739136771280600,28.59928076171875,-0.0007411343976855278,-0.003834639908745885,0.008340584114193916
1746739136781359400,28.609359375,0.00007430976256728172,-0.002984108868986368,-0.0055573610588908195
1746739136791438300,28.619438232421874,0.0005289115943014622,-0.0033830502070486546,-0.015715189278125763
1746739136801517600,28.629517578125,0.0030939579010009766,-0.004134469665586948,-0.016412580385804176
1746739136811596300,28.63959619140625,0.0025299005210399628,-0.007322806399315596,-0.010062006302177906
1746739136821675500,28.649675537109374,0.0025653608608990908,-0.003722889581695199,-0.00335485371761024
1746739136831754500,28.65975439453125,0.0003176531754434109,-0.0009697135537862778,0.0023416478652507067
1746739136841833500,28.66983349609375,0.0016975919716060162,0.0035220966674387455,0.003624584758654237
1746739136851912400,28.679912353515626,0.00042673153802752495,0.008693156763911247,0.007150077261030674
1746739136861991400,28.689991455078125,0.004509599879384041,0.006739962380379438,0.017324937507510185
1746739136872070700,28.700070556640625,0.0016296575777232647,0.001101252157241106,0.02595544420182705
1746739136882150400,28.710150390625,-0.00008585629984736443,0.0034677893854677677,0.028078988194465637
1746739136892229600,28.720229736328125,-0.002134892623871565,0.002671504858881235,0.025831280276179314
1746739136902308400,28.730308349609373,-0.0013998444192111492,0.0041930521838366985,0.01506116148084402
1746739136912387300,28.74038720703125,-0.0016624322161078453,0.0022066007368266582,0.002279320266097784
1746739136922466600,28.750466552734373,-0.0022464636713266373,0.0012811520136892796,-0.006487805861979723
1746739136932545500,28.760545654296877,0.0029040900990366936,-0.0008909222669899464,-0.012177916243672371
1746739136942624500,28.77062451171875,0.006357757840305567,-0.002677926793694496,-0.012843210250139236
1746739136952703500,28.780703369140625,0.004972913768142462,-0.0028765983879566193,-0.009863932617008686
1746739136962782500,28.790782470703125,0.0048447903245687485,-0.0031714504584670067,-0.007483873050659895
1746739136972861400,28.800861328125,0.001996805891394615,0.0015162457711994648,-0.0065216729417443275
1746739136982940400,28.8109404296875,0.0032010574359446764,0.00036532897502183914,0.0010145946871489286
1746739136993019400,28.821019287109376,0.001578926108777523,0.00046226801350712776,0.01090211234986782
1746739137003098400,28.831098388671876,0.0026171032804995775,-0.0005045691505074501,0.019134601578116417
1746739137013177300,28.84117724609375,0.0005877744406461716,0.00245899660512805,0.017560672014951706
1746739137023256600,28.851256591796876,-0.0022073532454669476,0.0003798226825892925,0.015702199190855026
1746739137033335600,28.86133544921875,-0.003835077863186598,0.0022823852486908436,0.004772854037582874
1746739137043414300,28.871414306640624,-0.0031895898282527924,-0.00036220578476786613,-0.008639777079224586
1746739137053494500,28.88149462890625,-0.0006175083108246326,-0.003764660097658634,-0.01702474057674408
1746739137063573200,28.8915732421875,-0.000181643757969141,-0.006692596711218357,-0.01765691116452217
1746739137073652500,28.901652587890624,0.0018399616237729788,-0.008316858671605587,-0.013347649946808815
1746739137083731500,28.9117314453125,0.001592711079865694,-0.009140178561210632,-0.007990079000592232
1746739137093810400,28.921810546875,-0.000025691930204629898,-0.005933200474828482,-0.004983370658010244
1746739137103889400,28.931889404296875,0.00014509446918964386,0.0016903327777981758,-0.00033885089214891195
1746739137113968400,28.941968505859375,0.000983191654086113,0.00285946112126112,0.005536082200706005
1746739137124047600,28.952047607421875,-0.0015857168473303318,-0.0001422213390469551,0.011417396366596222
1746739137134126300,28.962126220703126,-0.003952734638005495,-0.0006186608225107193,0.0053549762815237045
1746739137144205600,28.97220556640625,-0.004474368877708912,-0.003285312093794346,0.0027570275124162436
1746739137154284500,28.982284423828126,-0.004767050966620445,-0.0008961902931332588,-0.009488453157246113
1746739137164363300,28.99236328125,-0.0013659419491887093,-0.0062955645844340324,-0.021381571888923645
1746739137174442500,29.0024423828125,-0.004469589795917273,-0.0031418493017554283,-0.023069215938448906
1746739137184521500,29.012521484375,0.0009576720185577869,-0.0022367765195667744,-0.01921968162059784
1746739137194600400,29.022600341796874,0.0012881699949502945,-0.001318519003689289,-0.0038796088192611933
1746739137204679400,29.032679443359374,0.0035009044222533703,-0.0030656596645712852,0.011428610421717167
1746739137214758400,29.04275830078125,0.004465767648071051,0.0013237628154456615,0.02061491832137108
1746739137224837600,29.052837646484374,0.003372509265318513,0.0051399050280451775,0.028509914875030518
1746739137234916400,29.062916259765625,-0.001064050942659378,0.009338111616671085,0.02544568106532097
1746739137244996600,29.07299658203125,-0.0018669785931706429,0.007511266972869635,0.020895376801490784
1746739137255075300,29.083075439453125,-0.00039345119148492813,0.006621771026402712,0.011538626626133919
1746739137265154300,29.093154296875,0.001499198842793703,0.003290897235274315,0.0010847607627511024
1746739137275233500,29.103233642578125,0.00326274405233562,0.0002383822575211525,-0.005920151714235544
1746739137285312500,29.1133125,-0.000016011297702789307,-0.0014414610341191292,-0.013887710869312286
1746739137295391500,29.1233916015625,0.0029358365572988987,-0.004371737129986286,-0.013030173256993294
1746739137305470500,29.133470458984377,0.005978859961032867,-0.007578655146062374,-0.00835292786359787
1746739137315549400,29.143549560546877,0.0023500369861721992,-0.004128796048462391,-0.005359535105526447
1746739137325628400,29.15362841796875,0.002655516378581524,-0.0010232022032141685,0.0006248275749385357
1746739137335707400,29.163707275390625,-0.002483053132891655,0.004285276401787996,0.0034730781335383654
1746739137345786600,29.17378662109375,-0.0017274441197514534,0.003948407247662544,0.008277080953121185
1746739137355865600,29.183865478515624,-0.003325606696307659,0.004847490228712559,0.015624742954969406
1746739137365944300,29.1939443359375,-0.005012257024645805,0.0007448703981935978,0.011311294510960579
1746739137376023600,29.2040234375,-0.003956845961511135,-0.0004391707479953766,0.0019665281288325787
1746739137386102500,29.2141025390625,-0.0022098831832408905,-0.0007017794996500015,-0.0030028573237359524
1746739137396181200,29.22418115234375,0.0005499506369233131,-0.004882676061242819,-0.007332091685384512
1746739137406260500,29.234260498046876,0.000897429883480072,-0.007748655509203672,-0.009776601567864418
1746739137416339500,29.24433935546875,-0.0032280730083584785,-0.0056016151793301105,-0.007533421274274588
1746739137426419500,29.25441943359375,-0.00032472657039761543,-0.0053655654191970825,-0.0008882434340193868
1746739137436498400,29.26449853515625,0.0010012616403400898,-0.002029956318438053,0.006609886419028044
1746739137446577700,29.27457763671875,0.00005392031744122505,-0.001820300705730915,0.012130397371947765
1746739137456656400,29.284656494140624,-0.0012281257659196854,0.0036232005804777145,0.01592513546347618
1746739137466735400,29.2947353515625,-0.0009392891079187393,0.002351800911128521,0.012919650413095951
1746739137476814600,29.304814697265623,0.002218154724687338,0.005543067120015621,0.009774723090231419
1746739137486893300,29.314893310546875,0.0012870030477643013,0.0019149002619087696,0.01024832483381033
1746739137496972500,29.32497265625,0.001424156129360199,0.002087739761918783,0.005275670904666185
1746739137507051500,29.335051513671875,-0.00008246488869190216,-0.0019307257607579231,0.0010106922127306461
1746739137517130500,29.345130615234375,-0.0031456327997148037,-0.0005368269048631191,-0.001768050016835332
1746739137527209500,29.35520947265625,-0.0007758410647511482,-0.0035370008554309607,-0.0028089056722819805
1746739137537288400,29.365288330078126,-0.0006591943092644215,-0.0007425458170473576,0.0010012788698077202
1746739137547367700,29.37536767578125,0.002632745774462819,-0.0010412181727588177,0.002679002471268177
1746739137557446400,29.3854462890625,0.0014945105649530888,0.0013393815606832504,0.002991124987602234
1746739137567525400,29.395525390625,0.002206226112321019,0.0009197578765451908,0.009442579932510853
1746739137577604600,29.4056044921875,0.005025448277592659,0.0035301889292895794,0.008997299708425999
1746739137587683300,29.415683349609374,0.0009086937643587589,0.0030693388544023037,0.008952578529715538
1746739137597762300,29.42576220703125,0.003946295008063316,0.0013830256648361683,0.007935517467558384
1746739137607841500,29.435841552734374,-0.00019125314429402351,0.0022713099606335163,0.006816725712269545
1746739137617921300,29.44592138671875,0.002696945099160075,0.0014944658614695072,0.006501673720777035
1746739137628000500,29.45600048828125,-0.0009758146479725838,-0.0031730481423437595,0.0011410400038585067
1746739137638079500,29.46607958984375,-0.0033702626824378967,-0.002302993554621935,0.00260844174772501
1746739137648158000,29.476157958984373,-0.000834289938211441,-0.004303151275962591,0.00047941895900294185
1746739137658236700,29.486236572265625,-0.002956029959022999,0.0001390012912452221,-0.00920276902616024
1746739137668316000,29.49631591796875,-0.0011655353009700775,0.0005601504817605019,-0.00906438659876585
1746739137678395000,29.506394775390625,-0.0011255880817770958,0.00005841068923473358,-0.007618822623044252
1746739137688473900,29.516473876953125,-0.0007293256931006908,-0.0026218779385089874,-0.0020698322914540768
1746739137698552800,29.526552734375,0.0013426132500171661,-0.005273853428661823,0.0015328919980674982
1746739137708631800,29.5366318359375,0.0024185164365917444,-0.002179875038564205,0.004146278835833073
1746739137718710800,29.546710693359376,0.003420663997530937,0.001245216466486454,0.009264076128602028
1746739137728789800,29.556789794921876,0.00006262818351387978,-0.0006674039177596569,0.012048191390931606
1746739137738868700,29.56686865234375,-0.0011238097213208675,0.0009595216251909733,0.013651680201292038
1746739137748948000,29.576947998046876,-0.0013509471900761127,0.0021277498453855515,0.006709029898047447
1746739137759026700,29.587026611328124,-0.0014654630795121193,0.0015029720962047577,0.003519894555211067
1746739137769106000,29.59710595703125,0.00032811472192406654,-0.0024507385678589344,-0.0056050787679851055
1746739137779185000,29.607184814453124,0.0006306497380137444,-0.0011063748970627785,-0.005113192833960056
1746739137789263600,29.617263671875,-0.0006015514954924583,0.0005376623012125492,-0.002581968903541565
1746739137799343900,29.62734375,0.0017867714632302523,-0.0012080399319529533,-0.0008927257731556892
1746739137809422800,29.6374228515625,0.0005265036597847939,0.0023680669255554676,-0.0026929385494440794
1746739137819501800,29.647501708984375,0.003079143352806568,0.003682869952172041,-0.001896919566206634
1746739137829580800,29.657580810546875,0.002053110860288143,0.0037136836908757687,0.0005234982236288488
1746739137839660000,29.667659912109375,0.00014495616778731346,0.005176824051886797,0.0028018325101584196
1746739137849738800,29.67773876953125,0.0028520519845187664,0.0004588058218359947,0.00387935689650476
1746739137859817700,29.687817626953127,0.0010605435818433762,-0.003086127806454897,0.007801128085702658
1746739137869897000,29.69789697265625,-0.0015918873250484467,-0.0013285628519952297,0.004798319656401873
1746739137879975700,29.7079755859375,-0.00310083432123065,0.0019905343651771545,0.001319965347647667
1746739137890055000,29.718054931640626,-0.00310171814635396,0.001106692012399435,-0.0023306487128138542
1746739137900134000,29.7281337890625,-0.0016881120391190052,-0.00007521919906139374,-0.004608450457453728
1746739137910212900,29.738212890625,0.000525506678968668,-0.001523016020655632,0.00007226772140711546
1746739137920291800,29.748291748046874,0.0010165935382246971,-0.002916382160037756,0.0014310125261545181
1746739137930370800,29.758370849609374,0.004279330838471651,-0.0034490555990487337,0.0013027950190007687
1746739137940449800,29.76844970703125,0.002868920797482133,-0.0018799211829900742,0.0017038669902831316
1746739137950528800,29.77852880859375,0.000052201561629772186,0.0030139447189867496,-0.0004086991539224982
1746739137960607700,29.788607666015626,-0.005104477051645517,0.00901751033961773,-0.0026225848123431206
1746739137970687000,29.79868701171875,-0.001546977087855339,0.005813869647681713,-0.002339051105082035
1746739137980766700,29.8087666015625,-0.0008473647758364677,-0.0001936894841492176,-0.0033928637858480215
1746739137990846000,29.818845947265626,-0.0005584210157394409,0.000893748365342617,-0.0009439322166144848
1746739138000925000,29.828925048828125,-0.0025632488541305065,-0.00426372978836298,0.000016137375496327877
1746739138011003600,29.839003662109373,-0.004067290108650923,-0.0023849764838814735,0.0013339718570932746
1746739138021083000,29.849082763671873,-0.002690169494599104,-0.0050771660171449184,0.004930837079882622
1746739138031161900,29.859161865234373,-0.0011601741425693035,-0.0034459589514881372,0.003494254546239972
1746739138041240800,29.86924072265625,0.0006236112676560879,0.0004342668689787388,0.0002396052732365206
1746739138051319800,29.87931982421875,0.0021093140821903944,-0.001124790869653225,0.005777684506028891
1746739138061398800,29.889398681640625,0.002205720404163003,-0.0010941647924482822,0.009151643142104149
1746739138071478000,29.89947802734375,0.004532673861831427,-0.00021143024787306786,0.01119290292263031
1746739138081556700,29.909556640625,0.004603780340403318,0.004243239760398865,0.007366472855210304
1746739138091636000,29.919635986328124,0.002045405562967062,0.0008785398676991463,0.004081950522959232
1746739138101715000,29.92971484375,0.00038918573409318924,0.0034879054874181747,0.0038222919683903456
1746739138111793700,29.939793701171876,-0.00016862759366631508,0.004886433947831392,-0.0005328760016709566
1746739138121873000,29.949872802734376,-0.0014594621025025845,0.0029852031730115414,-0.00002341326035093516
1746739138131951900,29.959951904296876,-0.0009158137254416943,0.0023425081744790077,0.004390113055706024
1746739138142030600,29.970030517578124,-0.003126769792288542,0.001621323637664318,0.0064380839467048645
1746739138152109800,29.98010986328125,-0.0015032002702355385,0.0022582239471375942,0.008225507102906704
1746739138162188800,29.990188720703124,0.0011077630333602428,0.004180226940661669,0.007360246032476425
1746739138172268800,30.000268798828124,-0.0009034075774252415,0.005838003009557724,0.008799719624221325
1746739138182347800,30.01034765625,0.003236209973692894,0.004094432108104229,0.009577096439898014
1746739138192427000,30.020427001953124,0.006820321548730135,0.003152634482830763,0.005890962202101946
1746739138202505700,30.030505615234375,0.005765177309513092,0.0032125557772815228,0.0033931834623217583
1746739138212584700,30.040584716796875,0.0036702791694551706,0.0009832852520048618,0.00010156249481951818
1746739138222664000,30.050663818359375,0.003739255014806986,0.0011505312286317348,-0.0064103989861905575
1746739138232743000,30.060742919921875,0.0025639627128839493,0.00027849385514855385,-0.006010374519973993
1746739138242822000,30.07082177734375,0.00035433797165751457,0.0010489458218216896,-0.006600264925509691
1746739138252900900,30.08090087890625,-0.0013577686622738838,0.0024488219060003757,-0.006917997729033232
1746739138262979800,30.090979736328126,-0.0037815114483237267,0.0012906133197247982,-0.007773138582706451
1746739138273058800,30.101058837890626,-0.0009503904730081558,-0.0007002018392086029,-0.007675566710531712
1746739138283137800,30.1111376953125,-0.003747242037206888,-0.0010810336098074913,-0.005458484869450331
1746739138293217000,30.121217041015626,-0.004292055498808622,-0.0006770123727619648,-0.006792801432311535
1746739138303295700,30.131295654296874,-0.00165952043607831,-0.0012671686708927155,-0.0052859848365187645
1746739138313374700,30.141374755859374,-0.000015395227819681168,0.0007724040187895298,-0.005202802829444408
1746739138323454000,30.151453857421874,0.003996657207608223,-0.0016462784260511398,-0.0022022188641130924
1746739138333533000,30.161532958984374,0.003428353928029537,0.0004616971127688885,0.003461231244727969
1746739138343611600,30.171611572265626,0.0035995952785015106,-0.0011505805887281895,0.004380554426461458
1746739138353691000,30.18169091796875,0.0034002605825662613,0.002753530628979206,0.007978401146829128
1746739138363770600,30.1917705078125,0.0029073094483464956,0.001055232249200344,0.008301175199449062
1746739138373849900,30.201849853515625,-0.0009835395030677319,0.0010711080394685268,0.007238788064569235
1746739138383928800,30.2119287109375,0.00003272294998168945,-0.0018969853408634663,-0.002438606694340706
1746739138394007800,30.2220078125,-0.00567092327401042,-0.001327349804341793,-0.005473629105836153
1746739138404086800,30.232086669921873,-0.0022626095451414585,-0.00046075694262981415,-0.007666475605219603
1746739138414165800,30.242165771484373,-0.002613951452076435,-0.000357980839908123,-0.007385438773781061
1746739138424245000,30.252244873046877,0.0007181959226727486,-0.0025311200879514217,-0.0025672477204352617
1746739138434323700,30.26232373046875,0.0022420664317905903,-0.005153846926987171,0.003391878679394722
1746739138444403000,30.27240283203125,0.003546482650563121,-0.002782301977276802,0.005848112050443888
1746739138454482000,30.28248193359375,0.0017205937765538692,0.0031876671127974987,0.00007809876842657104
1746739138464560600,30.292560546875,0.0013272450305521488,0.003002843353897333,-0.0031328746117651463
1746739138474640000,30.302639892578124,0.0014209337532520294,-0.0014898451045155525,-0.002743741497397423
1746739138484718800,30.31271875,-0.00039827125146985054,-0.00000593205913901329,-0.004267602227628231
1746739138494797800,30.3227978515625,0.00006190687417984009,0.0002568368799984455,-0.00798694510012865
1746739138504876800,30.332876708984376,-0.002337068784981966,0.0005505834706127644,-0.016402533277869225
1746739138514955800,30.342955810546876,-0.0006531360559165478,-0.0015484346076846123,-0.011493290774524212
1746739138525035000,30.353034912109376,0.0007045436650514603,-0.005737054627388716,-0.00484577426686883
1746739138535113700,30.36311376953125,-0.0018873540684580803,-0.0034412806853652,0.001099822111427784
1746739138545194000,30.373194091796876,-0.0008447263389825821,0.0014480170793831348,0.00012244195386301726
1746739138555272700,30.383272705078124,0.0002907426096498966,0.0004312954843044281,0.004451541695743799
1746739138565351700,30.3933515625,0.0017416328191757202,0.0031391973607242107,0.008982643485069275
1746739138575431000,30.403430908203124,0.0037914086133241653,0.0038573909550905228,0.010191559791564941
1746739138585510000,30.413510009765623,0.005057209171354771,0.0025609638541936874,0.010154807940125465
1746739138595588900,30.4235888671875,0.003117351559922099,0.000878684688359499,0.011314314790070057
1746739138605667800,30.433667724609375,0.001133030280470848,0.0010318164713680744,0.008551019243896008
1746739138615746800,30.443746826171875,0.0006543900817632675,-0.0001410599797964096,0.004617603961378336
1746739138625825800,30.45382568359375,-0.0010383152402937412,0.003770058508962393,-0.0019955576863139868
1746739138635904800,30.46390478515625,-0.0015247086994349957,0.0009123017080128193,-0.005201077088713646
1746739138645984000,30.47398388671875,0.00019036699086427689,0.000033191870898008347,-0.008465046994388103
1746739138656062700,30.484062744140626,0.0015412927605211735,-0.0016127023845911026,-0.010940656997263432
1746739138666141700,30.4941416015625,-0.0021794098429381847,-0.0013759471476078033,-0.012815522029995918
1746739138676220700,30.504220703125,0.0009158831089735031,-0.0071394797414541245,-0.010468882508575916
1746739138686300000,30.5142998046875,0.002039470709860325,-0.010349387302994728,-0.0046227118000388145
1746739138696378600,30.524378662109374,0.003920843359082937,-0.004121314734220505,0.0004025170346722007
1746739138706457600,30.53445751953125,-0.0005055968649685383,-0.0028696288354694843,0.0019319704733788967
1746739138716536800,30.544536865234374,-0.004647877532988787,0.00042336946353316307,0.003813227405771613
1746739138726615600,30.554615478515625,-0.0032196245156228542,0.0035467250272631645,0.006165863946080208
1746739138736695800,30.56469580078125,-0.004240876063704491,0.004600026179105043,0.0067769852466881275
1746739138746774800,30.57477490234375,-0.0042272936552762985,0.006125485058873892,0.007663551717996597
1746739138756853800,30.584853759765625,0.00044698454439640045,0.004538317210972309,0.007828798145055771
1746739138766932700,30.5949326171875,0.0026819093618541956,0.0034560086205601692,0.0022247079759836197
1746739138777011700,30.60501171875,0.0031796542461961508,-0.0013424744829535484,-0.004159688018262386
1746739138787090700,30.615090576171873,-0.00006141280755400658,0.0007454436272382736,-0.00660420348867774
1746739138797169700,30.625169677734377,0.0011720689944922924,-0.0005811317823827267,-0.0006221486255526543
1746739138807248600,30.63524853515625,-0.001152870710939169,-0.00013212300837039948,-0.0007952541345730424
1746739138817327600,30.64532763671875,-0.0014247247017920017,-0.00301932031288743,0.0039970590732991695
1746739138827406600,30.655406494140625,-0.002105162013322115,-0.0024651167914271355,0.008629095740616322
1746739138837485800,30.66548583984375,-0.0005801110528409481,0.0026033692993223667,0.006497115828096867
1746739138847564800,30.675564697265624,0.0008918181993067265,0.0038065859116613865,0.0015167384408414364
1746739138857643500,30.6856435546875,0.0015004053711891174,0.0021795970387756824,0.000036241544876247644
1746739138867722800,30.69572265625,0.0038748797960579395,0.0015841140411794186,-0.0036714111920446157
1746739138877801700,30.7058017578125,0.001718659419566393,0.0037184138782322407,-0.004228691570460796
1746739138887880700,30.715880615234376,0.0016755163669586182,0.0029279873706400394,-0.004956267308443785
1746739138897959700,30.725959716796876,0.00008806120604276657,-0.0024431380443274975,0.0027053351514041424
1746739138908038700,30.73603857421875,-0.000007013790309429169,-0.001802914310246706,0.003028909210115671
1746739138918118700,30.74611865234375,0.002620390383526683,0.000849040225148201,0.009750002063810825
1746739138928197600,30.75619775390625,0.0012635099701583385,0.00024104071781039238,0.010010992176830769
1746739138938276900,30.76627685546875,-0.0004565850831568241,0.0006574164144694805,0.003679573070257902
1746739138948355600,30.77635546875,0.0009309216402471066,0.0011791293509304523,-0.00005311348650138825
1746739138958434800,30.786434814453123,-0.00137269776314497,0.00039650779217481613,-0.00202494440600276
1746739138968513800,30.796513671875,0.00032986095175147057,-0.001086606178432703,-0.0017820640932768583
1746739138978592500,30.806592529296875,-0.003177311271429062,-0.0013190386816859245,-0.0010800085728988051
1746739138988671700,30.816671630859375,0.0005636308342218399,0.0007987068966031075,0.0010318781714886427
1746739138998750700,30.826750732421875,0.0004017660394310951,0.001540602184832096,-0.0029024560935795307
1746739139008829700,30.83682958984375,0.002891821786761284,-0.001393935177475214,-0.003501134691759944
1746739139018908700,30.84690869140625,0.001109312754124403,-0.0012061209417879581,0.001347729004919529
1746739139028987600,30.856987548828126,0.00047521432861685753,0.0027598589658737183,0.0008134989184327424
1746739139039067000,30.86706689453125,-0.001115280669182539,0.0022872104309499264,0.0022484560031443834
1746739139049145600,30.8771455078125,-0.004446362145245075,0.002935956697911024,0.0019395292038097978
1746739139059224600,30.887224609375,-0.002945504616945982,-0.001743136439472437,0.006295522674918175
1746739139069303800,30.8973037109375,-0.005388955119997263,-0.002850212622433901,0.0011359148193150759
1746739139079382800,30.9073828125,-0.00694844638928771,-0.0009762062691152096,-0.006050672382116318
1746739139089461800,30.917461669921874,-0.005391829181462526,-0.0010502422228455544,-0.016995998099446297
1746739139099541800,30.927541748046874,-0.0032392768189311028,-0.0005250456742942333,-0.018803181126713753
1746739139109620700,30.937620849609374,0.002601034939289093,-0.002246513031423092,-0.0189611054956913
1746739139119699700,30.94769970703125,0.004503793083131313,-0.001997795421630144,-0.014401701278984547
1746739139129778700,30.95777880859375,0.0028307954780757427,-0.0034944918006658554,-0.005440163426101208
1746739139139857700,30.967857666015625,0.003379672998562455,0.004339462611824274,-0.0020869774743914604
1746739139149936600,30.9779365234375,-0.001256624236702919,0.0018352926708757877,0.0051003615371882915
1746739139160016000,30.988015869140625,-0.00040323659777641296,0.0010921466164290905,0.008901932276785374
1746739139170094800,30.9980947265625,-0.0028829057700932026,0.0019709900952875614,0.010224458761513233
1746739139180173600,31.008173583984377,-0.002295231446623802,0.0011085555888712406,0.010667974129319191
1746739139190252800,31.018252685546877,-0.002035040408372879,0.0010318565182387829,0.012456553056836128
1746739139200331800,31.028331787109376,-0.002630298025906086,-0.0002455185167491436,0.00848659873008728
1746739139210410500,31.038410400390624,0.0003945203498005867,0.002731628715991974,0.0023304354399442673
1746739139220489700,31.04848974609375,-0.00145242502912879,0.0015388228930532932,-0.004944708663970232
1746739139230568700,31.058568603515624,0.00034121423959732056,0.0006029880605638027,-0.012010607868432999
1746739139240647700,31.068647705078124,0.00010165851563215256,0.0031075063161551952,-0.013829194940626621
1746739139250726700,31.0787265625,0.0038426006212830544,0.0026025702245533466,-0.013822004199028015
1746739139260805600,31.0888056640625,0.005480108316987753,0.0026534157805144787,-0.008383755572140217
1746739139270884900,31.098884765625,0.006801568903028965,0.002762604970484972,-0.0020078816451132298
1746739139280963600,31.108963623046876,0.006321150343865156,0.0014809109270572662,0.0035466449335217476
1746739139291043800,31.1190439453125,0.006320351269096136,0.0016620056703686714,0.004286204930394888
1746739139301122600,31.12912255859375,0.002311981748789549,-0.00044294027611613274,0.005548093467950821
1746739139311201800,31.139201904296876,-0.0018055313266813755,0.0015006349422037601,-0.000030696086469106376
1746739139321280800,31.14928076171875,-0.003809056244790554,0.004523694049566984,-0.004908223170787096
1746739139331359700,31.15935986328125,-0.004529707133769989,0.0015934179536998272,-0.013464161194860935
1746739139341438700,31.169438720703123,-0.000518998596817255,0.0017196903936564922,-0.016600066795945168
1746739139351517700,31.179517578125,-0.0036964165046811104,0.000042698346078395844,-0.015535866841673851
1746739139361597000,31.189596923828127,-0.008225670084357262,-0.0015912344679236412,-0.013514500111341476
1746739139371675600,31.199675537109375,-0.004452236462384462,-0.002428265754133463,-0.007953553460538387
1746739139381754600,31.209754638671875,-0.004092709627002478,-0.0015326449647545815,-0.005830481648445129
1746739139391833900,31.219833740234375,-0.0016207639127969742,-0.0018037548288702965,-0.0004154765629209578
1746739139401912600,31.22991259765625,0.0002816431224346161,-0.0016254452057182789,0.0030089891515672207
1746739139411991600,31.239991455078126,-0.003660367801785469,0.0010960386134684086,-0.001848083920776844
1746739139422070800,31.25007080078125,-0.0023367381654679775,0.0011520059779286385,-0.007861627265810966
1746739139432149800,31.260149658203126,0.0012015379033982754,-0.0010208673775196075,-0.007291177753359079
1746739139442228700,31.270228759765626,-0.002360935788601637,0.000008024275302886963,-0.006898109335452318
1746739139452307700,31.2803076171875,0.0017975906375795603,-0.002435958944261074,-0.010930135846138
1746739139462386700,31.29038671875,0.002187516773119569,-0.004399658180773258,-0.009571938775479794
1746739139472466700,31.300466796875,0.003962779883295298,-0.0024329135194420815,-0.005583855323493481
1746739139482545700,31.310545654296874,0.005273196380585432,0.00029580434784293175,0.0016965470276772976
1746739139492624600,31.320624755859374,0.0028507851529866457,0.002802104689180851,0.004508845042437315
1746739139502703600,31.33070361328125,0.0023445182014256716,0.005049014464020729,0.004576489329338074
1746739139512782800,31.340782958984374,0.00004860712215304375,0.0073409304022789,0.0035530366003513336
1746739139522861800,31.35086181640625,-0.00412793317809701,0.008821971714496613,0.004364971071481705
1746739139532940500,31.3609404296875,-0.0022509372793138027,0.0020247860811650753,0.006190035026520491
1746739139543019800,31.371019775390625,-0.0007945657707750797,-0.0016004517674446106,0.005896114278584719
1746739139553098800,31.3810986328125,0.001181233674287796,-0.0009296014904975891,-0.00013647838204633445
1746739139563177700,31.391177734375,0.001981835113838315,0.004156174603849649,-0.0016918102046474814
1746739139573256700,31.401256591796876,0.0008896728977560997,0.0014256355352699757,-0.0024196519516408443
1746739139583335700,31.411335693359376,0.0005088555626571178,0.0025061643682420254,-0.00617740023881197
1746739139593414700,31.42141455078125,0.0037685646675527096,0.0006962795741856098,-0.005941710900515318
1746739139603493600,31.43149365234375,0.0027018599212169647,-0.0019094953313469887,-0.011284986510872841
1746739139613572600,31.441572509765624,-0.0012279003858566284,-0.0024855369701981544,-0.010563270188868046
1746739139623651800,31.45165185546875,-0.003260316327214241,-0.0033890092745423317,-0.0035941340029239655
1746739139633730600,31.46173046875,-0.0018632221035659313,0.0011210539378225803,-0.0060567595064640045
1746739139643809800,31.471809814453124,-0.0040022325702011585,0.0005986629985272884,-0.005826147738844156
1746739139653889500,31.4818896484375,-0.0026626628823578358,0.0019709900952875614,-0.009413158521056175
1746739139663969300,31.49196923828125,-0.002525996882468462,0.003517739474773407,-0.008528808131814003
1746739139674048500,31.502048583984376,-0.0021326476708054543,0.0005200854502618313,-0.005464840680360794
1746739139684127200,31.512127197265624,-0.0051457080990076065,0.00035748397931456566,-0.0034962487407028675
1746739139694206500,31.52220654296875,-0.0003762533888220787,-0.0017805020324885845,-0.004350058734416962
1746739139704285400,31.532285400390624,0.001448450144380331,-0.0025723124854266644,-0.006405157968401909
1746739139714364400,31.542364501953124,0.000650300644338131,-0.0026423539966344833,-0.009871529415249825
1746739139724443400,31.552443359375,0.000832707155495882,-0.0038391249254345894,-0.012579338625073433
1746739139734522400,31.5625224609375,-0.0012426944449543953,-0.006009068340063095,-0.008802177384495735
1746739139744601600,31.5726015625,-0.0036955070681869984,-0.0038730718661099672,-0.005266543943434954
1746739139754680300,31.582680419921875,-0.008115822449326515,-0.010158131830394268,-0.0014606206677854061
1746739139764759300,31.59275927734375,-0.003032912965863943,-0.009182349778711796,-0.0030302878003567457
1746739139774838500,31.602838623046875,-0.002708273474127054,-0.0074174730107188225,-0.0058276718482375145
1746739139784917200,31.612917236328126,-0.006790801417082548,-0.001704659778624773,-0.01150693092495203
1746739139794996200,31.622996337890626,-0.006591064389795065,-0.004184595309197903,-0.014386074617505074
1746739139805075500,31.633075439453126,-0.004020225256681442,-0.005366544704884291,-0.011328662745654583
1746739139815154400,31.643154541015626,-0.0029978370293974876,-0.002862907014787197,-0.012282074429094791
1746739139825233400,31.6532333984375,-0.0035349582321941853,-0.002512584440410137,-0.007851390168070793
1746739139835312400,31.6633125,-0.0053411140106618404,0.004152242559939623,-0.0007873549475334585
1746739139845391400,31.673391357421874,-0.005765918176621199,0.0018508401699364185,0.006193910259753466
1746739139855471400,31.683471435546874,-0.006730248685926199,0.003864722792059183,0.009610213339328766
1746739139865550300,31.69355029296875,-0.007073796819895506,0.0013248655013740063,0.008986501023173332
1746739139875629300,31.70362939453125,-0.009082619100809097,0.0006412328220903873,0.004822914954274893
1746739139885708300,31.713708251953125,-0.004896326456218958,-0.002187823411077261,-0.0031397435814142227
1746739139895787500,31.72378759765625,-0.003198560792952776,-0.00794717576354742,-0.006520093884319067
1746739139905866500,31.733866455078125,-0.0004888796247541904,-0.008309200406074524,-0.006327181588858366
1746739139915945200,31.7439453125,0.00008023809641599655,-0.002217486035078764,-0.009877441450953484
1746739139926024400,31.7540244140625,0.001035081222653389,0.0006661019288003445,-0.00806475430727005
1746739139936103400,31.764103515625,0.0029621447902172804,0.0010991324670612812,-0.007544106803834438
1746739139946182400,31.774182373046877,0.003600770840421319,0.0010064546950161457,-0.005466574802994728
1746739139956261400,31.784261474609377,0.002445491496473551,0.00009085936471819878,-0.006202139891684055
1746739139966340400,31.79434033203125,0.0007042316719889641,0.0013829232193529606,-0.006957578007131815
1746739139976419300,31.80441943359375,0.0010989117436110973,-0.0003854162059724331,0.0018100808374583721
1746739139986498300,31.814498291015624,-0.0003767157904803753,-0.0014510485343635082,-0.002187911421060562
1746739139996577300,31.824577392578124,-0.0007828478701412678,0.0024779136292636395,-0.0007111885934136808
1746739140006656500,31.834656494140624,-0.0029152710922062397,0.001972812693566084,-0.001668540178798139
1746739140016735200,31.8447353515625,-0.0026369704864919186,0.0036633876152336597,0.0007903564255684614
1746739140026815500,31.8548154296875,-0.004105125088244677,0.0007908856496214867,0.00700502609834075
1746739140036894200,31.864894287109376,-0.0017287866212427616,0.0012598689645528793,0.007557365577667952
1746739140046973400,31.874973388671876,-0.002332877367734909,-0.0015773028135299683,0.004369130823761225
1746739140057052400,31.885052490234376,0.002650695387274027,0.0014475160278379917,0.009186789393424988
1746739140067131400,31.89513134765625,0.0020144509617239237,0.0014548888429999352,0.007038178853690624
1746739140077210400,31.90521044921875,0.0019952761940658092,0.0014325184747576714,0.001443409826606512
1746739140087289300,31.915289306640624,0.0024975482374429703,-0.0013078739866614342,-0.006435552146285772
1746739140097368600,31.92536865234375,0.0009542466141283512,0.001106814481317997,-0.008882730267941952
1746739140107447300,31.935447265625,0.00019602058455348015,0.0006220843642950058,-0.007943444885313511
1746739140117526300,31.9455263671875,0.0011025606654584408,0.000022873282432556152,-0.008478207513689995
1746739140127605500,31.95560546875,0.0035769979003816843,0.0021574515849351883,-0.007880923338234425
1746739140137684200,31.965684326171875,0.002651016693562269,0.0003510294482111931,-0.00498180603608489
1746739140147763500,31.975763427734375,0.004546419717371464,-0.004534104838967323,0.0006983942585065961
1746739140157842400,31.985842529296875,0.0010949629358947277,-0.0022808038629591465,0.005031890235841274
1746739140167921400,31.99592138671875,0.0017628679051995277,0.0013689729385077953,0.00898458156734705
1746739140178000400,32.00600048828125,0.002331985393539071,0.003817216958850622,0.01283444743603468
1746739140188079400,32.016079345703126,-0.0010992609895765781,0.006291129160672426,0.021028783172369003
1746739140198158300,32.02615844726562,0.0017106402665376663,0.002027141395956278,0.027037939056754112
1746739140208237300,32.0362373046875,-0.0016321847215294838,0.0029216590337455273,0.02050572820007801
1746739140218317300,32.0463173828125,0.0012695956975221634,-0.0014115702360868454,0.01081128977239132
1746739140228396300,32.05639624023438,0.0003442722372710705,-0.0021173497661948204,0.004102401435375214
1746739140238475300,32.066475341796874,0.003969899844378233,-0.0020976425148546696,-0.0015887736808508635
1746739140248554500,32.07655444335938,0.001328169833868742,-0.0007631741464138031,-0.008575163781642914
1746739140258633500,32.086633544921874,0.00014972081407904625,-0.0019765105098485947,-0.011944062076508999
1746739140268712200,32.096712158203125,0.000562706496566534,-0.0009983526542782784,-0.013171706348657608
1746739140278791400,32.10679150390625,0.00017042271792888641,-0.005651427898555994,-0.007752706296741962
1746739140288870400,32.116870361328125,0.0006517586298286915,-0.0037231079768389463,-0.005109382793307304
1746739140298949400,32.12694946289062,-0.0031674811616539955,-0.0003102668561041355,0.003779450198635459
1746739140309028400,32.1370283203125,-0.0032315137796103954,-0.0007994966581463814,0.007321612443774939
1746739140319107300,32.147107421875,-0.002251736354082823,-0.0007920400239527225,0.010799434967339039
1746739140329186600,32.1571865234375,-0.001097335945814848,-0.0025025601498782635,0.009364557452499866
1746739140339265300,32.16726538085938,-0.0010105166584253311,0.0014429125003516674,0.004899502266198397
1746739140349344300,32.17734423828125,0.0004963329993188381,-0.0019455165602266788,-0.0016101227374747396
1746739140359423500,32.187423583984376,0.002405286766588688,-0.0001305723562836647,-0.007938059978187084
1746739140369502200,32.19750219726563,0.0023359800688922405,-0.0018254886381328106,-0.010857566259801388
1746739140379581400,32.20758154296875,0.003242786508053541,-0.006498271133750677,-0.005663069896399975
1746739140389660400,32.21766040039063,0.0054253023117780685,-0.005186194088310003,-0.003558952361345291
1746739140399740400,32.22774047851563,0.0030929059721529484,-0.0024639107286930084,0.005830022040754557
1746739140409819400,32.2378193359375,0.00003294879570603371,-0.0018915138207376003,0.006933341268450022
1746739140419898400,32.2478984375,-0.0006674625910818577,0.0038316198624670506,0.01467088982462883
1746739140429977300,32.25797729492187,-0.0016932571306824684,0.0012581436894834042,0.014844748191535473
1746739140440056300,32.268056396484376,-0.004030447453260422,0.003098387736827135,0.011603148654103279
1746739140450135600,32.27813549804687,-0.0017477814108133316,0.0024669733829796314,0.008789445273578167
1746739140460214300,32.28821435546875,0.0006642434746026993,-0.0023775827139616013,0.003689225995913148
1746739140470293200,32.29829321289063,-0.0002579540014266968,-0.002531043253839016,-0.00675307447090745
1746739140480372500,32.30837255859375,0.00008186511695384979,-0.002285233698785305,-0.009091596119105816
1746739140490451500,32.31845141601563,0.001969891367480159,0.0006417245604097843,-0.011951125226914883
1746739140500530400,32.32853051757812,0.0009043607860803604,0.0010103057138621807,-0.01612083613872528
1746739140510609400,32.338609375,0.0024940164294093847,-0.0005414364859461784,-0.013548515737056732
1746739140520688400,32.3486884765625,0.0037835189141333103,0.0010673790238797665,-0.007718855980783701
1746739140530767400,32.358767333984375,0.002751684281975031,0.000916418619453907,-0.0003052950487472117
1746739140540846300,32.36884643554688,0.002674985211342573,0.0011843321844935417,0.009981963783502579
1746739140550925300,32.37892529296875,0.0016797068528831005,0.003615062218159437,0.011689095757901669
1746739140561004300,32.38900439453125,0.00015504704788327217,0.0017007826827466488,0.012999903410673141
1746739140571083300,32.39908325195312,-0.00197203503921628,0.0027531804516911507,0.01251630112528801
1746739140581163500,32.40916357421875,-0.0031222538091242313,0.004341223277151585,0.011717885732650757
1746739140591242200,32.4192421875,-0.004420835990458727,0.00011475197970867157,0.005353185813874006
1746739140601321500,32.42932153320312,-0.0011129230260849,-0.0014543822035193443,-0.0017523941351100802
1746739140611400400,32.439400390625,0.0019300593994557858,-0.005914176814258099,-0.008095023222267628
1746739140621479200,32.44947924804688,0.006118146702647209,-0.006279828492552042,-0.009755504317581654
1746739140631558400,32.459558349609374,0.0016729636117815971,-0.003731637028977275,-0.006601127330213785
1746739140641637400,32.46963745117188,0.004033323377370834,-0.0038749149534851313,-0.0010915797902271152
1746739140651716000,32.47971606445312,0.0025225679855793715,0.00173257477581501,0.006391856353729963
1746739140661795000,32.489795166015625,0.0014181551523506641,0.00398880522698164,0.014626084826886654
1746739140671874000,32.4998740234375,-0.002300065942108631,0.006646209396421909,0.01914403773844242
1746739140681953300,32.509953369140625,-0.005533942952752113,0.00538733322173357,0.01889503188431263
1746739140692032000,32.52003198242188,-0.005018032621592283,0.005053844302892685,0.013788106851279736
1746739140702111000,32.53011108398437,-0.003239839803427458,0.0021683089435100555,0.008089740760624409
1746739140712190200,32.54019018554688,0.000504594761878252,-0.002518954686820507,-0.001075582578778267
1746739140722269200,32.55026928710937,0.0009317654184997082,-0.003761319210752845,-0.007392867002636194
1746739140732348000,32.560347900390624,0.0021878534462302923,-0.005608445964753628,-0.009009819477796555
1746739140742427100,32.57042724609375,0.003359910799190402,-0.0037527550011873245,-0.010294262319803238
1746739140752506000,32.580506103515624,0.003671751357614994,-0.003230859525501728,-0.004815046209841967
1746739140762586000,32.590586181640624,0.003633135696873069,-0.0017365594394505024,0.003649012418463826
1746739140772665000,32.6006650390625,0.004303815308958292,-0.0006936052814126015,0.011295149102807045
1746739140782744000,32.610744140625,0.0025085785891860723,0.004527521785348654,0.012606223113834858
1746739140792823000,32.620822998046876,0.0034560507629066706,0.007323598023504019,0.017178108915686607
1746739140802902000,32.63090209960937,0.0006607971154153347,0.008210696280002594,0.01760767586529255
1746739140812981200,32.640981201171876,0.0027592580299824476,0.006197476293891668,0.01831270381808281
1746739140823060000,32.65106005859375,0.0001509580761194229,0.0060017346404492855,0.011168242432177067
1746739140833139200,32.66113916015625,0.0019886335358023643,0.005518423859030008,0.0015994434943422675
1746739140843218200,32.67121826171875,0.0026142101269215345,0.004237975459545851,-0.0035524414852261543
1746739140853297000,32.681296875,0.004925859626382589,0.0016158679500222206,-0.007937328889966011
1746739140863376100,32.69137622070313,0.001993985380977392,-0.0036260320339351892,-0.010223918594419956
1746739140873455000,32.701455078125,0.002481189789250493,-0.0031539718620479107,-0.010250645689666271
1746739140883534000,32.7115341796875,0.002094765193760395,-0.002342773135751486,-0.009922544471919537
1746739140893613000,32.72161303710938,0.0024391147308051586,-0.004309397656470537,-0.002640189602971077
1746739140903692000,32.731692138671875,0.002378128468990326,0.0037932698614895344,0.005697102285921574
1746739140913771300,32.74177124023438,0.0022250779438763857,0.005605529993772507,0.010806072503328323
1746739140923850000,32.75185009765625,0.001887655584141612,0.0038451803848147392,0.014149138703942299
1746739140933929000,32.761928955078126,0.00029140105471014977,0.0035285097546875477,0.015268649905920029
1746739140944008200,32.77200830078125,0.00014892220497131348,0.0009297975338995457,0.011316252872347832
1746739140954088000,32.782087890625,-0.000026218127459287643,-0.00010664481669664383,0.006542737130075693
1746739140964167200,32.792167236328126,0.000022783875465393066,-0.00015138555318117142,0.002635081298649311
1746739140974246100,32.80224609375,-0.002358695026487112,-0.004946916364133358,-0.0030089186038821936
1746739140984325000,32.8123251953125,-0.001034837681800127,-0.004742385819554329,-0.005005224142223597
1746739140994404000,32.82240405273438,-0.00038906605914235115,-0.006498456932604313,-0.0066917212679982185
1746739141004483000,32.832483154296874,-0.0026245233602821827,-0.00621216744184494,-0.012883836403489113
1746739141014562000,32.84256201171875,-0.0026035094633698463,-0.0013479418121278286,-0.010748523287475109
1746739141024641000,32.85264111328125,-0.002332400530576706,-0.0010576569475233555,-0.008366592228412628
1746739141034720300,32.86272021484375,0.001821880228817463,-0.002328698057681322,0.0012119704624637961
1746739141044799000,32.87279907226562,-0.0002138400450348854,-0.0035002226941287518,0.004465288016945124
1746739141054878000,32.8828779296875,-0.0021106041967868805,0.0013738269917666912,0.0071762301959097385
1746739141064957200,32.89295727539063,-0.0007846159860491753,-0.000630467664450407,0.011875910684466362
1746739141075036200,32.9030361328125,0.001747265923768282,-0.002249055076390505,0.013019711710512638
1746739141085115100,32.913115234375,-0.0011020498350262642,-0.00005274638533592224,0.012940882705152035
1746739141095194000,32.92319409179687,-0.00304548442363739,0.002281288616359234,0.009581690654158592
1746739141105273000,32.933273193359376,-0.003664669580757618,-0.0011531240306794643,0.0018816927913576365
1746739141115352000,32.94335205078125,-0.0005548559129238129,-0.0003780205734074116,-0.0037250800523906946
1746739141125431000,32.95343115234375,0.0026507913134992123,-0.0041599757969379425,-0.007708636578172445
1746739141135511000,32.963510986328124,0.0036899158731102943,-0.006101010832935572,-0.012290851213037968
1746739141145590000,32.97359008789063,0.0030180003959685564,-0.0015283632092177868,-0.015567605383694172
1746739141155669000,32.9836689453125,0.0027046017348766327,0.0019209012389183044,-0.01512743066996336
1746739141165748200,32.99374829101563,0.0016372068785130978,0.002339283935725689,-0.01196759007871151
1746739141175827000,33.00382690429687,0.0016194344498217106,0.0029049604199826717,-0.005289786960929632
1746739141185906200,33.01390625,0.0016058520413935184,0.004905793350189924,0.0015683855162933469
1746739141195985200,33.02398510742187,0.0033937429543584585,0.00010585552081465721,0.012296835891902447
1746739141206063900,33.03406396484375,-0.0012598647736012936,0.0037764906883239746,0.01807429827749729
1746739141216143000,33.04414306640625,0.0014621671289205551,0.000915005337446928,0.01516716554760933
1746739141226222000,33.05422216796875,-0.0023413593880832195,-0.0015633320435881615,0.014155962504446507
1746739141236301000,33.06430102539063,-0.00219337223097682,-0.00347718084231019,0.008173537440598011
1746739141246380000,33.07438012695312,-0.0035505197010934353,-0.0013716858811676502,0.0003965743235312402
1746739141256459000,33.084458984375,-0.0023308326490223408,-0.0018221503123641014,-0.004630920942872763
1746739141266538200,33.09453833007812,-0.0026229810900986195,0.0025297212414443493,-0.004723865073174238
1746739141276617000,33.104616943359375,0.0005264873616397381,-0.0002566622570157051,-0.00226792530156672
1746739141286696200,33.1146962890625,0.0008734972216188908,-0.0015839817933738232,0.0013212168123573065
1746739141296775200,33.124775146484374,0.003431756282225251,0.001736755482852459,0.005509843584150076
1746739141306855000,33.13485498046875,0.0028256208170205355,-0.0006987047381699085,0.011325920931994915
1746739141316934100,33.14493408203125,0.0028186689596623182,-0.00038407696411013603,0.012196559458971024
1746739141327013000,33.15501318359375,0.001188281923532486,0.00425514904782176,0.008338437415659428
1746739141337092000,33.165092041015626,-0.0015248903073370457,0.00009561190381646156,0.007776140701025724
1746739141347171000,33.17517114257812,-0.0015073134563863277,0.0015960363671183586,0.0011107809841632843
1746739141357250000,33.18525,-0.0013248310424387455,-0.0016083396039903164,-0.0016480338526889682
1746739141367329000,33.1953291015625,-0.0015296279452741146,-0.001723121851682663,-0.006969295907765627
1746739141377408000,33.205407958984374,-0.0022817044518887997,-0.0027039642445743084,-0.01343784760683775
1746739141387487200,33.2154873046875,-0.002481974195688963,-0.005602815188467503,-0.01467834785580635
1746739141397566200,33.225566162109374,0.000720687210559845,-0.0046312324702739716,-0.010621774941682816
1746739141407645000,33.23564501953125,0.0007371986284852028,-0.0057726637460291386,-0.007466994225978851
1746739141417724200,33.24572412109375,-0.0012038233689963818,-0.0016923095099627972,-0.003045256482437253
1746739141427803100,33.25580322265625,-0.0036238376051187515,-0.00006485171616077423,-0.0035099780652672052
1746739141437882000,33.26588208007813,-0.0004900852218270302,-0.003813292132690549,-0.00616911007091403
1746739141447961000,33.275961181640625,-0.003334340639412403,0.00015481794252991676,-0.011671733111143112
1746739141458040000,33.2860400390625,0.0007496052421629429,0.0013375687412917614,-0.01198761910200119
1746739141468119000,33.296119140625,-0.0017572282813489437,-0.0008787135593593121,-0.012774849310517311
1746739141478198000,33.306197998046876,-0.0009654448367655277,-0.0024629891850054264,-0.010528731159865856
1746739141488277200,33.31627734375,-0.001692754216492176,-0.0023761698976159096,-0.00883735716342926
1746739141498357000,33.32635693359375,-0.001516158226877451,-0.001769187394529581,0.0015423167496919632
1746739141508436000,33.33643603515625,0.002848762786015868,0.0005514915101230145,0.0111486054956913
1746739141518515200,33.34651513671875,0.0016376995481550694,-0.0021187029778957367,0.02646397426724434
1746739141528594000,33.356593994140624,-0.0012909788638353348,0.005927771795541048,0.029682936146855354
1746739141538673200,33.36667309570313,-0.003411669284105301,0.005222217179834843,0.029566051438450813
1746739141548752100,33.376752197265624,-0.0011554392985999584,0.005154839716851711,0.02719157747924328
1746739141558831000,33.3868310546875,-0.001883476972579956,0.005556997377425432,0.02724583074450493
1746739141568910000,33.39691015625,-0.0012347307056188583,0.004712243098765612,0.019300824031233788
1746739141578989000,33.406989013671875,0.0008307462558150291,0.0028432151302695274,0.008526812307536602
1746739141589068300,33.417068359375,0.0001266063190996647,0.0009821988642215729,-0.0012025140458717942
1746739141599147000,33.42714697265625,0.0019208891317248344,-0.000973749440163374,-0.009314595721662045
1746739141609226000,33.43722607421875,0.002826896496117115,-0.00710194930434227,-0.013780983164906502
1746739141619305200,33.44730517578125,0.0017448836006224155,-0.007328420411795378,-0.016442598775029182
1746739141629384000,33.45738403320313,0.0010034595616161823,-0.0027930568903684616,-0.014589573256671429
1746739141639463200,33.46746313476562,0.0021319666411727667,-0.0026993551291525364,-0.008255896158516407
1746739141649542100,33.47754223632813,0.0003260769881308079,-0.0005765496753156185,-0.002430764026939869
1746739141659621400,33.48762133789062,-0.0006639193743467331,-0.002265708986669779,-0.0006540426984429359
1746739141669700400,33.497700439453126,-0.0033172261901199818,0.0006858725100755692,0.0040147448889911175
1746739141679780600,33.50778051757813,-0.0005025165155529976,-0.0003963559865951538,0.003159045008942485
1746739141689859300,33.517859375,-0.0032250662334263325,-0.004385771229863167,0.004671188071370125
1746739141699938600,33.5279384765625,0.0005636862479150295,0.0001863846555352211,0.0031378595158457756
1746739141710017500,33.538017578125,0.0019868796225637197,-0.0010687634348869324,0.0012781743425875902
1746739141720096300,33.54809619140625,-0.00014332681894302368,-0.0021585896611213684,-0.000003119217581115663
1746739141730175500,33.55817553710938,0.0015134257264435291,-0.0011657634750008583,-0.00002282661444041878
1746739141740254500,33.56825439453125,0.0006831521168351173,-0.001674508210271597,-0.0007742319721728563
1746739141750333400,33.57833349609375,-0.0003080763854086399,-0.0007589133456349373,-0.005718656815588474
1746739141760412400,33.58841235351562,-0.003091879189014435,0.0010368558578193188,-0.0027708038687705994
1746739141770491400,33.598491455078126,-0.0012138173915445805,-0.002694232389330864,0.0017150247003883123
1746739141780570600,33.60857055664062,-0.0017990395426750183,-0.0016443724744021893,0.00447284709662199
1746739141790649300,33.6186494140625,0.0013741166330873966,-0.0016041584312915802,0.007887552492320538
1746739141800728600,33.628728515625,0.0017460351809859276,0.0005839359946548939,0.009022710844874382
1746739141810807600,33.6388076171875,0.0007934225723147392,0.0004915245808660984,0.009899689815938473
1746739141820886300,33.64888623046875,0.0012782835401594639,0.001018111128360033,0.007143979426473379
1746739141830965500,33.65896557617187,0.002364586805924773,0.0010860213078558445,0.003615557448938489
1746739141841044500,33.66904443359375,0.0024318539071828127,0.0006427285261452198,0.005466280039399862
1746739141851123500,33.67912353515625,0.000900536309927702,0.000046181026846170425,0.004368791356682777
1746739141861203500,33.68920336914063,0.00038131559267640114,0.001181280706077814,0.0016546985134482384
1746739141871282400,33.699282470703125,0.000017261598259210587,0.003278519492596388,0.00021206418750807643
1746739141881361400,33.709361328125,-0.0009346776641905308,0.0034868200309574604,0.001068656798452139
1746739141891440400,33.7194404296875,0.0013985177502036095,0.0014518988318741322,0.0027395240031182766
1746739141901519600,33.72951953125,-0.0014074449427425861,0.0009371703490614891,-0.0012820691335946321
1746739141911598300,33.73959838867187,-0.001166162546724081,-0.0027885916642844677,-0.0004812566330656409
1746739141921677300,33.74967724609375,0.001959816552698612,-0.005157060921192169,0.000579498359002173
1746739141931756500,33.75975659179687,0.0017491604667156935,-0.003953844774514437,-0.0000711119209881872
1746739141941835500,33.76983544921875,0.0014604437164962292,-0.0029808920808136463,0.00326135684736073
1746739141951914500,33.77991455078125,-0.001733751967549324,0.0027544922195374966,-0.0003094093408435583
1746739141961993500,33.789993408203124,-0.00009576743468642235,0.002582758665084839,-0.0009852000512182713
1746739141972072400,33.80007250976563,0.0022344982717186213,0.0020205648615956306,0.0004371942486613989
1746739141982151400,33.8101513671875,-0.0010830089449882507,0.0008490933105349541,0.0044508036226034164
1746739141992230400,33.82023046875,0.0027993470430374146,0.002221420407295227,0.00829401146620512
1746739142002309600,33.8303095703125,0.004084345418959856,-0.004309685435146093,0.0070348819717764854
1746739142012388400,33.840388427734375,0.0029530345927923918,-0.0034731863997876644,0.002528546843677759
1746739142022467300,33.85046728515625,0.0025159649085253477,0.0009820358827710152,-0.003920216578990221
1746739142032546600,33.860546630859375,0.0001143263652920723,0.002792718820273876,-0.007328530307859182
1746739142042626300,33.87062622070312,0.0024264573585242033,0.00015481747686862946,-0.00855226069688797
1746739142052705500,33.88070556640625,-0.00081966957077384,0.000985190737992525,-0.00822415854781866
1746739142062784500,33.89078442382812,0.001204820815473795,-0.004561353474855423,0.0023979400284588337
1746739142072863200,33.90086328125,-0.0012175901792943478,-0.003815135918557644,0.00690134521573782
1746739142082942500,33.9109423828125,-0.0013442263007164001,-0.0039055985398590565,0.006717937532812357
1746739142093021400,33.921021484375,0.0005066706798970699,0.0005613216198980808,0.0049338857643306255
1746739142103100400,33.93110034179688,0.00046094413846731186,-0.00003951229155063629,0.0014504340942949057
1746739142113179400,33.941179443359374,0.0006777257658541203,0.002594886813312769,-0.000967449857853353
1746739142123258400,33.95125830078125,-0.002398476470261812,-0.00026979390531778336,-0.0007389772217720747
1746739142133337600,33.961337646484374,0.0010868022218346596,0.001431166660040617,-0.0027826870791614056
1746739142143416300,33.971416259765626,0.001676873303949833,0.0011767330579459667,-0.005061986856162548
1746739142153495600,33.98149560546875,0.005393314640969038,0.004198621492832899,-0.002246759133413434
1746739142163574500,33.991574462890625,0.006973836570978165,0.0036629028618335724,-0.003908563405275345
1746739142173653200,34.0016533203125,0.00510935764759779,0.006276529282331467,-0.004361300729215145
1746739142183732500,34.011732421875,0.005345658399164677,0.006608597934246063,-0.0010624779388308525
1746739142193811500,34.0218115234375,0.005497724749147892,0.004282326437532902,0.0015426261816173792
1746739142203890700,34.031890625,0.004946255125105381,0.006640576291829348,0.0029436417389661074
1746739142213969400,34.04196948242188,0.0025699164252728224,0.0026729987002909184,0.006607885006815195
1746739142224048400,34.05204833984375,0.0017596830148249865,0.0014858460053801537,0.009234686382114887
1746739142234128400,34.06212841796875,0.0008281092159450054,0.0018411120399832726,0.010340697132050991
1746739142244207400,34.072207275390625,0.003650994272902608,0.0034167408011853695,0.008710854686796665
1746739142254286600,34.08228662109375,0.004630505107343197,0.0017690430395305157,0.003148043528199196
1746739142264365300,34.092365234375,0.004893776029348373,0.0019469396211206913,-0.0024031600914895535
1746739142274444300,34.1024443359375,0.002573629841208458,0.0019093886949121952,-0.00017968678730539978
1746739142284523500,34.1125234375,0.00284874951466918,-0.0014213449321687222,-0.0014047675067558885
1746739142294602500,34.1226025390625,0.0033640710171312094,-0.0015957816503942013,-0.0033797677606344223
1746739142304681500,34.13268139648437,0.0022253338247537613,-0.0007231640629470348,-0.006584404967725277
1746739142314760400,34.142760498046876,-0.000918261706829071,-0.0011274321004748344,-0.005883194971829653
1746739142324839400,34.15283935546875,-0.001770880538970232,-0.0018707625567913055,-0.005574652925133705
1746739142334918400,34.16291845703125,-0.0029466659761965275,-0.00337145384401083,-0.0018411679193377495
1746739142344997400,34.17299731445313,-0.001747600268572569,-0.0025822166353464127,-0.0011432450264692307
1746739142355076600,34.18307666015625,-0.0022695795632898808,-0.003036019392311573,-0.004518002737313509
1746739142365155600,34.19315551757813,-0.002569969743490219,0.00006531365215778351,-0.004014160484075546
1746739142375234300,34.203234375,-0.0018306765705347061,-0.003041530027985573,0.0023888780269771814
1746739142385313500,34.2133134765625,-0.0014219251461327076,-0.002081172075122595,0.0047959228977561
1746739142395392500,34.223392578125,-0.00313753355294466,-0.002022582571953535,-0.00032160719274543226
1746739142405471500,34.233471435546875,-0.0005025723949074745,-0.0022812793031334877,0.00016223647980950773
1746739142415551500,34.243551513671875,-0.0003997744061052799,-0.0007009599357843399,-0.0020708241499960423
1746739142425630500,34.25363037109375,0.000903300940990448,-0.005339603405445814,0.0028061834163963795
1746739142435709400,34.26370947265625,0.000623669009655714,-0.005063699558377266,0.0003254487819503993
1746739142445788400,34.273788330078126,0.00018620630726218224,0.0004658745601773262,-0.0048685758374631405
1746739142455867600,34.28386767578125,0.0018355019856244326,0.0013899910263717175,-0.00405205087736249
1746739142465946400,34.2939462890625,-0.0005230642855167389,-0.0020612203516066074,-0.005780102219432592
1746739142476025300,34.304025390625,-0.000783255323767662,-0.0034505915828049183,-0.0021715189795941114
1746739142486104600,34.3141044921875,-0.002407587133347988,0.0007808846421539783,-0.004141918383538723
1746739142496183300,34.32418334960938,-0.00035828445106744766,-0.0011943820863962173,-0.00040816655382514
1746739142506262500,34.334262451171874,-0.00478241266682744,-0.003657642053440213,-0.0004533397441264242
1746739142516341500,34.34434155273438,-0.0007378701120615005,-0.002515678759664297,-0.0008900981629267335
1746739142526420500,34.35442041015625,0.002608773997053504,0.0003794482909142971,-0.008625405840575695
1746739142536499500,34.36449951171875,0.0020236775744706392,-0.000033874064683914185,-0.0043723382987082005
1746739142546578400,34.37457836914062,0.0047532315365970135,-0.0023756171576678753,0.0010247877798974514
1746739142556657700,34.38465771484375,0.005591594614088535,-0.0032150456681847572,0.005719940643757582
1746739142566736400,34.394736328125,0.0023227506317198277,0.00184152415022254,0.010080104693770409
1746739142576815400,34.4048154296875,0.002781080547720194,0.004374722484499216,0.011785859242081642
1746739142586894600,34.41489453125,0.00017195101827383041,0.0023694601841270924,0.01326396968215704
1746739142596974300,34.42497436523438,-0.0027593905106186867,0.007054759655147791,0.009218361228704453
1746739142607053600,34.43505346679687,0.0005550794303417206,0.0027141552418470383,0.002432754263281822
1746739142617132500,34.44513256835938,-0.002190639730542898,-0.0009442288428544998,-0.0008828813442960382
1746739142627211500,34.45521142578125,-0.0015800315886735916,-0.004011863376945257,-0.004796616267412901
1746739142637290500,34.46529052734375,-0.004341463092714548,-0.004786310717463493,-0.006875745952129364
1746739142647369500,34.47536938476563,-0.0002924734726548195,-0.006364208180457354,-0.010110651142895222
1746739142657448200,34.4854482421875,-0.0028863921761512756,-0.004135674796998501,-0.01482391357421875
1746739142667527200,34.495527099609376,0.0004521305672824383,-0.0012409035116434097,-0.014877415262162685
1746739142677606100,34.50560620117187,0.00240209698677063,0.0007053348235785961,-0.014560499228537083
1746739142687685400,34.515685302734376,0.0023742748890072107,0.00006728293374180794,-0.007585560902953148
1746739142697764000,34.52576416015625,0.001890112180262804,0.00110351899638772,0.0004593160701915622
1746739142707843300,34.53584326171875,0.002388932276517153,-0.0013522249646484852,0.007499950472265482
1746739142717922300,34.54592236328125,0.0035564620047807693,0.0018283883109688759,0.012054755352437496
1746739142728001000,34.5560009765625,0.004560769535601139,0.0016583753749728203,0.011944979429244995
1746739142738080300,34.56608032226563,0.0030592794064432383,0.004377462901175022,0.009002985432744026
1746739142748159200,34.5761591796875,0.0024937910493463278,0.0057072630152106285,0.006983370520174503
1746739142758238200,34.58623828125,-0.0026748725213110447,0.0029197316616773605,-0.0035622145514935255
1746739142768317200,34.59631713867188,-0.0057973843067884445,0.0008272654376924038,-0.0032325959764420986
1746739142778397400,34.6063974609375,-0.0016971812583506107,-0.0059526097029447556,0.0003919662849511951
1746739142788476200,34.61647607421875,-0.0013222377747297287,-0.00575809832662344,-0.005042159464210272
1746739142798555100,34.62655517578125,-0.0032783295027911663,-0.003856334835290909,-0.005922334268689156
1746739142808634400,34.63663427734375,-0.003863873891532421,-0.00542962783947587,-0.006098735611885786
1746739142818713000,34.646713134765626,-0.0031938226893544197,-0.004757978953421116,-0.009689209051430225
1746739142828792000,34.6567919921875,-0.002004554495215416,-0.0018060472793877125,-0.014570657163858414
1746739142838871300,34.666871337890626,-0.00037523265928030014,0.00025497330352663994,-0.015163742937147617
1746739142848950300,34.6769501953125,-0.0010347571223974228,-0.002694970928132534,-0.007713962811976671
1746739142859029200,34.687029296875,0.00011998927220702171,-0.00015404867008328438,0.005448976997286081
1746739142869108200,34.69710815429688,0.0005936953239142895,0.0033131008967757225,0.005971296224743128
1746739142879187200,34.707187255859374,0.0011553559452295303,0.004287284798920155,-0.001379294553771615
1746739142889266200,34.71726611328125,0.0029797216411679983,0.005263250786811113,-0.004410365130752325
1746739142899345200,34.72734521484375,0.0036393865011632442,0.002914076205343008,-0.0034819869324564934
1746739142909424400,34.73742431640625,0.00010317051783204079,0.0027420157566666603,-0.0019029253162443638
1746739142919503000,34.74750317382812,-0.0005687451921403408,0.0029034027829766273,-0.003751691896468401
1746739142929582000,34.75758203125,-0.005592587403953075,0.0017042444087564945,-0.008687282912433147
1746739142939661300,34.76766137695312,-0.001977878622710705,0.0009487052448093891,-0.00960261095315218
1746739142949740300,34.777740234375,-0.0023070047609508038,-0.0009028683416545391,-0.005728529300540686
1746739142959819300,34.7878193359375,0.0007143514230847359,0.0008391053415834904,-0.0029162310529500246
1746739142969899300,34.79789916992188,0.0007348018698394299,-0.0006530028767883778,-0.0038187301252037287
1746739142979978200,34.80797827148437,0.0021332278847694397,0.00036725401878356934,-0.001960109919309616
1746739142990057200,34.81805712890625,0.004270163830369711,0.0035146609880030155,-0.0035798721946775913
1746739143000136200,34.82813623046875,-0.00020368071272969246,0.0029380866326391697,0.0010638817911967635
1746739143010215200,34.838215087890624,0.0009125606156885624,0.003357676789164543,0.0016677947714924812
1746739143020294100,34.84829418945313,0.0009277407079935074,0.003412804566323757,0.0038015192840248346
1746739143030373000,34.858373046875,-0.001066278200596571,0.0008320589549839497,0.00003217323683202267
1746739143040452400,34.86845239257813,0.0005979309789836407,0.0000861077569425106,0.00010967121488647535
1746739143050531000,34.87853100585937,0.001725418958812952,0.00048259925097227097,-0.004556658212095499
1746739143060610300,34.8886103515625,0.00031447596848011017,-0.0004316638223826885,-0.012633493170142174
1746739143070689300,34.89868920898437,0.0018757155630737543,0.001082662958651781,-0.017721790820360184
1746739143080768000,34.90876806640625,-0.0009134127758443356,-0.001118440181016922,-0.015538796782493591
1746739143090847200,34.91884716796875,-0.0033213566057384014,-0.003206252586096525,-0.019727518782019615
1746739143100926200,34.92892626953125,-0.0027218791656196117,-0.0036214394494891167,-0.01723107136785984
1746739143111005200,34.93900512695313,-0.0009106635116040707,-0.008195951581001282,-0.009524681605398655
1746739143121084200,34.94908422851562,-0.0014638020657002926,-0.005431057419627905,-0.00859657023102045
1746739143131163100,34.9591630859375,-0.0013690642081201077,0.0005088350735604763,-0.003405463183298707
1746739143141242400,34.96924243164062,0.0006272410973906517,-0.0017236927524209023,0.002702496713027358
1746739143151322000,34.97932202148438,-0.0017570550553500652,-0.0026449738070368767,0.010719086043536663
1746739143161401300,34.9894013671875,-0.0022121896035969257,0.00007198331877589226,0.01735115610063076
1746739143171480000,34.99947998046875,-0.0010080807842314243,0.0017056181095540524,0.01341307908296585
1746739143181559300,35.009559326171875,-0.0016094227321445942,-0.0010859076865017414,0.015436815097928047
1746739143191638300,35.01963818359375,-0.003784723114222288,-0.00015343492850661278,0.00999363511800766
1746739143201717200,35.02971728515625,-0.004920561332255602,0.00012273527681827545,0.0034302747808396816
1746739143211796200,35.039796142578126,-0.002859455533325672,0.001449091825634241,-0.007021402008831501
1746739143221875200,35.04987524414062,-0.0014482466503977776,-0.00243912311270833,-0.011201499029994011
1746739143231954200,35.0599541015625,0.0006210850551724434,-0.0014713923446834087,-0.014882033690810204
1746739143242033200,35.070033203125,0.0027457550168037415,0.0017379829660058022,-0.017840540036559105
1746739143252112100,35.080112060546874,0.005861540324985981,-0.003083930816501379,-0.015902938321232796
1746739143262191400,35.09019140625,0.0049102590419352055,-0.00310443714261055,-0.009396037086844444
1746739143272270000,35.10027001953125,0.0011540111154317856,0.0005369419232010841,-0.00755274249240756
1746739143282349000,35.11034912109375,-0.0006731837056577206,0.006762080360203981,-0.004323925822973251
1746739143292428300,35.12042822265625,-0.001311022788286209,0.0041958983056247234,0.00109504081774503
1746739143302507300,35.13050732421875,-0.0016907895915210247,0.004267270211130381,0.006439205724745989
1746739143312586200,35.14058618164062,-0.0008033695630729198,0.003461867570877075,0.008821890689432621
1746739143322665200,35.150665283203125,-0.003905685618519783,0.0022008614614605904,0.002975453156977892
1746739143332745200,35.1607451171875,-0.0028233062475919724,0.003347639460116625,-0.002613263903185725
1746739143342824200,35.17082421875,-0.004003619775176048,0.0001318720169365406,-0.0028827756177634
1746739143352903200,35.18090307617187,-0.0008528633043169975,-0.0033058999106287956,-0.007693988736718893
1746739143362982400,35.190982421875,-0.0017575393430888653,-0.0020462246611714363,-0.011491123586893082
1746739143373061000,35.20106103515625,0.0015195505693554878,0.0008590384386479855,-0.014746911823749542
1746739143383140000,35.21114013671875,0.001886800630018115,0.0007144282571971416,-0.014334654435515404
1746739143393219300,35.22121923828125,0.00164790078997612,-0.0027642729692161083,-0.009750262834131718
1746739143403298000,35.231298095703124,0.0018985040951520205,0.0016890652477741241,-0.009529486298561096
1746739143413377300,35.24137719726563,0.0021274525206536055,0.00017629098147153854,-0.001916476059705019
1746739143423456300,35.251456298828124,0.0030156169086694717,-0.0009140069596469402,0.0014638742431998253
1746739143433535000,35.261534912109376,0.002776660490781069,0.0001831958070397377,0.0025337389670312405
1746739143443614200,35.2716142578125,0.0017087329179048538,0.0008937274105846882,0.0013369142543524504
1746739143453693200,35.281693115234376,-0.0003394731320440769,0.004684262443333864,0.0007936281617730856
1746739143463772400,35.2917724609375,-0.00031017838045954704,0.0030781091190874577,0.0020786034874618053
1746739143473851100,35.30185107421875,-0.003375857602804899,-0.00031038327142596245,0.004191386979073286
1746739143483930000,35.31193017578125,-0.005483748856931925,-0.0007727080956101418,0.006047876551747322
1746739143494010000,35.32201000976563,-0.0013643582351505756,-0.00017555151134729385,0.00265099061653018
1746739143504089000,35.33208911132812,-0.0042357780039310455,-0.0010946085676550865,-0.003147509880363941
1746739143514168300,35.34216821289063,-0.0026113330386579037,-0.001450235489755869,-0.011494025588035583
1746739143524247300,35.35224731445312,-0.00012953346595168114,-0.0013309260830283165,-0.016722876578569412
1746739143534326300,35.362326171875,-0.0009575961157679558,-0.003524032887071371,-0.02153036929666996
1746739143544405200,35.3724052734375,0.0006506871432065964,-0.0016779294237494469,-0.020824098959565163
1746739143554484200,35.382484130859375,-0.0012103011831641197,0.000068622175604105,-0.01363595761358738
1746739143564563200,35.39256323242188,-0.001109367236495018,0.0027672029100358486,-0.005677633918821812
1746739143574642200,35.40264208984375,0.0026714098639786243,0.0028807707130908966,0.00850246287882328
1746739143584721200,35.41272119140625,0.005666933488100767,0.005754055455327034,0.016481559723615646
1746739143594800000,35.42280004882812,0.005785963032394648,0.0049462397582829,0.020248359069228172
1746739143604879000,35.432879150390626,0.00334757287055254,0.007008325774222612,0.021700847893953323
1746739143614958300,35.44295825195312,0.001648811623454094,0.00864911824464798,0.02071460708975792
1746739143625037300,35.453037353515626,0.0025066158268600702,0.007844576612114906,0.015693748369812965
1746739143635116000,35.46311596679688,-0.00021569430828094482,0.005741964094340801,0.009211878292262554
1746739143645195300,35.4731953125,-0.004681016784161329,0.006085777655243874,0.0009118697489611804
1746739143655275000,35.48327490234375,-0.0027839886024594307,0.0005134856328368187,-0.004644013941287994
1746739143665354000,35.49335400390625,0.0003023487515747547,0.0003129495307803154,-0.009604950435459614
1746739143675433200,35.50343310546875,0.001617557369172573,0.00238971970975399,-0.014326613396406174
1746739143685512200,35.51351220703125,0.00048411590978503227,0.00033455854281783104,-0.009678065776824951
1746739143695591000,35.5235908203125,0.0008777705952525139,0.004122869111597538,-0.0050775278359651566
1746739143705670100,35.533670166015625,0.00007402896881103516,-0.001198925543576479,0.008222032338380814
1746739143715749000,35.5437490234375,0.0010238108225166798,-0.0011982130818068981,0.009491169825196266
1746739143725828000,35.553828125,0.0027324948459863663,0.0016527012921869755,0.014404968358576298
1746739143735907000,35.56390698242188,-0.0016519483178853989,0.002504180185496807,0.012431181967258453
1746739143745986000,35.57398608398437,-0.000841015949845314,0.0036197779700160027,0.012282843701541424
1746739143756065000,35.58406494140625,-0.001198948360979557,0.0022422242909669876,0.008902444504201412
1746739143766144000,35.59414404296875,-0.0033529126085340977,0.0024134647101163864,0.005905322730541229
1746739143776223200,35.60422314453125,-0.0010776887647807598,0.0013846801593899727,0.003409095574170351
1746739143786302200,35.61430224609375,-0.0028260541148483753,0.0004416550509631634,0.0012615222949534655
1746739143796381000,35.624380859375,-0.0032644099555909634,0.0009809453040361404,-0.004885053262114525
1746739143806461200,35.634461181640624,-0.0034897136501967907,-0.0021972712129354477,-0.008766078390181065
1746739143816540000,35.644539794921876,-0.000547636765986681,-0.0020059612579643726,-0.008417033590376377
1746739143826619100,35.654619140625,0.002765868091955781,-0.002655239775776863,-0.000555648934096098
1746739143836698000,35.664697998046876,0.0037120762281119823,0.0038537164218723774,0.0018872927175834775
1746739143846777000,35.67477709960937,0.0021045920439064503,0.004328291397541761,0.009033086709678173
1746739143856856000,35.68485595703125,0.0034264717251062393,0.006567591335624456,0.01469959132373333
1746739143866935000,35.69493505859375,0.0027281909715384245,0.000909706111997366,0.02083791047334671
1746739143877014300,35.70501416015625,0.0007946384139358997,0.00218023220077157,0.022133609279990196
1746739143887093000,35.71509301757813,0.001009821891784668,0.0024207155220210552,0.016483180224895477
1746739143897172000,35.725171875,0.0013239206746220589,0.0019401614554226398,0.01124065276235342
1746739143907251200,35.73525122070313,-0.0010260525159537792,0.003480799961835146,0.005167313851416111
1746739143917330000,35.74532983398438,-0.0017158817499876022,0.002262384630739689,0.0025505644734948874
1746739143927409200,35.7554091796875,0.000610655639320612,0.001160901039838791,0.004371101502329111
1746739143937488100,35.76548803710938,0.0004749470390379429,0.0007040523923933506,0.000902238127309829
1746739143947567000,35.775567138671875,0.004295784048736095,0.00578270060941577,-0.0018101913155987859
1746739143957646000,35.78564599609375,0.004885084927082062,0.0019480730406939983,-0.008276297710835934
1746739143967726000,35.79572607421875,0.0011393488384783268,0.002725182566791773,-0.002564616734161973
1746739143977805000,35.80580517578125,0.0009838072583079338,0.0018097776919603348,0.001375021762214601
1746739143987884000,35.815884033203126,-0.0010425918735563755,-0.002029967959970236,0.005745801609009504
1746739143997963300,35.82596337890625,0.0004381532780826092,-0.004497231915593147,0.0050591896288096905
1746739144008042000,35.8360419921875,-0.0017238007858395576,-0.004132112488150597,0.004166764207184315
1746739144018121000,35.84612084960938,-0.0006974460557103157,-0.004944531247019768,0.003713809885084629
1746739144028200200,35.8562001953125,-0.004407495725899935,-0.0008674981072545052,-0.0033891070634126663
1746739144038279200,35.86627905273438,-0.0007259421981871128,-0.0007772170938551426,-0.005564110819250345
1746739144048358000,35.87635791015625,0.0011579780839383602,0.0004936433397233486,-0.007753229234367609
1746739144058437000,35.88643701171875,0.003732245648279786,-0.0012394916266202927,-0.00652081985026598
1746739144068516000,35.89651611328125,0.003947961609810591,-0.005293621681630611,-0.002888267859816551
1746739144078595000,35.906594970703125,0.005554730538278818,-0.0066694226115942,-0.0035237420815974474
1746739144088674000,35.91667407226562,0.003135248553007841,-0.004278436303138733,-0.00019745375902857631
1746739144098753000,35.9267529296875,0.003887409111484885,-0.0021813656203448772,0.002816880587488413
1746739144108832000,35.93683203125,0.00018108775839209557,0.003219790756702423,0.0031021051108837128
1746739144118911000,35.94691088867187,-0.002802926115691662,0.006425230298191309,0.007446413394063711
1746739144128991200,35.9569912109375,-0.0052799321711063385,0.007337629329413176,0.007374774198979139
1746739144139070000,35.96707006835938,-0.007044768426567316,0.007719914894551039,0.011843273416161537
1746739144149149200,35.97714916992187,-0.004456975031644106,0.00525675667449832,0.009410476312041283
1746739144159228200,35.987228271484376,-0.0033413912169635296,-0.000860072672367096,0.007267722859978676
1746739144169307000,35.99730688476563,-0.0004366817884147167,0.00395731907337904,0.002824771450832486
1746739144179386000,36.00738623046875,-0.0007241475395858288,0.0019763163290917873,-0.0011879861121997237
1746739144189465000,36.01746508789063,0.0011589736677706242,0.003122540656477213,-0.003787231631577015
1746739144199544000,36.0275439453125,0.0015936987474560738,0.0034246076829731464,-0.002663977677002549
1746739144209623000,36.037623046875,0.0028344655875116587,0.0015303012914955616,-0.001929744379594922
1746739144219702000,36.04770190429687,0.0008061747066676617,0.0006788438186049461,0.005650672130286694
1746739144229781200,36.05778125,0.0005664899945259094,0.0009861728176474571,0.01092426385730505
1746739144239860000,36.06785986328125,0.0022913203574717045,0.002432619221508503,0.009807459078729153
1746739144249939000,36.07793896484375,0.001385579351335764,0.006605792790651321,0.0017769637051969767
1746739144260018200,36.08801806640625,0.003764806082472205,0.008009952493011951,0.00027176568983122706
1746739144270097000,36.09809692382812,0.004540052264928818,0.0031310422345995903,-0.0041967518627643585
1746739144280176000,36.10817602539063,0.0061718011274933815,0.00346596771851182,-0.003823964623734355
1746739144290256100,36.11825610351563,0.004494808614253998,0.00022623175755143166,-0.0019190057646483183
1746739144300335000,36.12833520507812,0.0029862537048757076,-0.0012920782901346684,0.004573129117488861
1746739144310414000,36.1384140625,-0.002078545745462179,0.0011031688190996647,0.013278469443321228
1746739144320493000,36.1484931640625,-0.0002947351895272732,-0.0028300131671130657,0.023151613771915436
1746739144330572000,36.158572021484375,-0.0001799529418349266,-0.001387378666549921,0.03105481155216694
1746739144340651000,36.16865112304688,0.00009201187640428543,0.005315471440553665,0.03520849347114563
1746739144350730200,36.178730224609374,-0.002502706367522478,0.005377523601055145,0.03508146107196808
1746739144360809000,36.18880908203125,-0.005094670224934816,0.00699056638404727,0.028109675273299217
1746739144370888000,36.19888793945312,-0.0014626514166593552,0.0028371005319058895,0.020314069464802742
1746739144380967200,36.20896728515625,-0.0017687655054032803,-0.0005400641821324825,0.0063009425066411495
1746739144391046100,36.21904614257812,-0.0016776854172348976,-0.003537185722962022,-0.0064923507161438465
1746739144401125000,36.229125,0.002288098679855466,-0.006172629073262215,-0.020316094160079956
1746739144411204000,36.2392041015625,0.0038375258445739746,-0.008719409815967083,-0.027293842285871506
1746739144421283000,36.249282958984374,0.002324544358998537,-0.009277727454900742,-0.03034953773021698
1746739144431362000,36.25936206054688,0.0029690293595194817,-0.008800755254924297,-0.027530048042535782
1746739144441441000,36.26944091796875,0.0013359477743506432,-0.006870930548757315,-0.02141191065311432
1746739144451520000,36.27952001953125,-0.0020252279937267303,-0.006672258954495192,-0.011188303120434284
1746739144461599200,36.28959912109375,-0.002124226652085781,-0.002139005344361067,-0.0024508109781891108
1746739144471679000,36.29967895507812,-0.0033492809161543846,-0.0008577583357691765,0.0035511550959199667
1746739144481758200,36.30975830078125,-0.0021583703346550465,-0.0003817891702055931,0.012217393144965172
1746739144491837000,36.3198369140625,-0.0009018909186124802,0.00027867499738931656,0.010949195362627506
1746739144501916200,36.329916259765625,0.000055476557463407516,-0.0003755143843591213,0.007983515970408916
1746739144511995100,36.3399951171875,-0.0013751732185482979,0.00009293574839830399,0.0013639632379636168
1746739144522074000,36.35007421875,0.0007791980169713497,-0.0003877216950058937,-0.0012221141951158643
1746739144532153000,36.360153076171876,-0.0010567852295935154,-0.004811764694750309,-0.004456256981939077
1746739144542232000,36.37023217773437,0.0016468241810798645,-0.0023431857116520405,-0.007192331366240978
1746739144552311300,36.380311279296876,0.0025280644185841084,-0.003322164062410593,-0.006768622435629368
1746739144562390000,36.39039013671875,0.005666240118443966,-0.00383913516998291,-0.004225242417305708
1746739144572469000,36.400468994140624,0.0033783181570470333,-0.002067866735160351,-0.005559752695262432
1746739144582548200,36.41054833984375,0.0008616698905825615,0.0004358864389359951,-0.002473430708050728
1746739144592627000,36.420626953125,0.0003109285607933998,0.003431410528719425,-0.0001966942218132317
1746739144602706200,36.4307060546875,-0.0005496647208929062,0.0020327605307102203,0.005588609259575605
1746739144612785200,36.44078515625,0.0017814002931118011,0.0037614181637763977,0.010828112252056599
1746739144622864100,36.450864013671875,-0.0022240951657295227,0.008730154484510422,0.010639424435794353
1746739144632943000,36.46094311523437,-0.00156070152297616,0.0074257380329072475,0.01227114349603653
1746739144643022000,36.47102197265625,-0.0005702963098883629,0.0052903820760548115,0.011686568148434162
1746739144653101000,36.48110107421875,0.004097959026694298,-0.00010757939890027046,0.008708887733519077
1746739144663181300,36.49118139648437,0.0077194832265377045,-0.00048268726095557213,-0.00018225368694402277
1746739144673260300,36.50126025390625,0.006595629267394543,-0.005629245657473803,-0.0025900176260620356
1746739144683339300,36.51133935546875,0.005344634875655174,-0.000026619993150234222,-0.01252938061952591
1746739144693418200,36.52141821289062,0.0013014236465096474,-0.002967814914882183,-0.013574404641985893
1746739144703497200,36.53149731445313,-0.0026626545004546642,-0.004491033032536507,-0.012951770797371864
1746739144713576200,36.541576171875,-0.004130056593567133,-0.0074692461639642715,-0.010502461344003677
1746739144723655200,36.5516552734375,-0.0034604286774992943,-0.007824908941984177,-0.003445971990004182
1746739144733734100,36.56173413085938,-0.003771219402551651,-0.004872794263064861,0.000614549673628062
1746739144743813400,36.5718134765625,-0.002933388575911522,-0.0040709166787564754,0.00012213118316140026
1746739144753892000,36.58189208984375,-0.0012931479141116142,0.0010631252080202103,-0.004865703172981739
1746739144763971300,36.591971435546874,0.0011567482724785805,0.00363966915756464,-0.003907276317477226
1746739144774050300,36.60205029296875,-0.0002187741920351982,0.0010875621810555458,-0.004036705940961838
1746739144784129000,36.61212890625,0.0005879830569028854,-0.0011469889432191849,0.004008600488305092
1746739144794208300,36.622208251953126,0.00014829495921730995,0.00020935898646712303,0.009219607338309288
1746739144804287200,36.63228735351562,0.005557512864470482,-0.00017198408022522926,0.012458470650017262
1746739144814366500,36.642366455078125,0.0025542660150676966,-0.002354710828512907,0.007735886611044407
1746739144824445200,36.65244506835938,0.002524265553802252,0.00037641264498233795,0.001255023293197155
1746739144834524200,36.66252416992187,0.001640894915908575,-0.0028617247007787228,-0.0007756370468996465
1746739144844603400,36.67260327148438,-0.0012545166537165642,-0.003115021623671055,-0.0037067250814288855
1746739144854682000,36.68268212890625,-0.00032747024670243263,-0.005006398539990187,-0.009399497881531715
1746739144864761300,36.69276123046875,-0.0013971375301480293,-0.0043968441896140575,-0.00993597786873579
1746739144874840300,36.70284033203125,-0.0017782356590032578,-0.0010553761385381222,-0.015277746133506298
1746739144884920300,36.71292041015625,-0.0009400676935911179,0.0010349606163799763,-0.011692139320075512
1746739144894999300,36.722999267578125,0.0016692974604666233,0.002663749735802412,-0.005079776979982853
1746739144905078300,36.73307836914063,0.004935306962579489,0.0010674064978957176,0.004434422589838505
1746739144915157200,36.7431572265625,0.00412996718659997,0.001064211130142212,0.008425169624388218
1746739144925236200,36.753236328125,0.0037881764583289623,0.003180495463311672,0.011914262548089027
1746739144935315200,36.76331518554687,0.001889076316729188,0.004766941070556641,0.01661687158048153
1746739144945394200,36.773394287109376,-0.00011086789891123772,0.005733707919716835,0.017950529232621193
1746739144955473200,36.78347314453125,-0.0030517964623868465,0.004020496271550655,0.014720646664500237
1746739144965552400,36.793552490234376,-0.0017678868025541306,0.0024351170286536217,0.009915771894156933
1746739144975631400,36.80363134765625,-0.0012008994817733765,0.0009022010490298271,0.005093586165457964
1746739144985710000,36.8137099609375,-0.0032752840779721737,-0.0006924946792423725,-0.004524596966803074
1746739144995789300,36.82378930664063,-0.0019072187133133411,-0.00014628050848841667,-0.012718345038592815
1746739145005868300,36.833868408203124,-0.001272557768970728,-0.002491747960448265,-0.015208509750664234
1746739145015947300,36.843947265625,0.0015080487355589867,-0.0042398469522595406,-0.015061769634485245
1746739145026026200,36.85402612304687,0.0034294486977159977,-0.003899517934769392,-0.009352676570415497
1746739145036105200,36.864105224609375,0.0040422421880066395,-0.0016864310018718243,0.0007950327126309276
1746739145046184200,36.87418408203125,0.0032588299363851547,0.0004795575514435768,0.011050811037421227
1746739145056263200,36.88426318359375,-0.000798229593783617,0.004417307674884796,0.018822714686393738
1746739145066342400,36.89434228515625,-0.003223658073693514,0.008687043562531471,0.02018236368894577
1746739145076421400,36.90442138671875,-0.0036375136114656925,0.005316279828548431,0.0184401236474514
1746739145086500000,36.9145,-0.003642007242888212,0.005420321132987738,0.011095861904323101
1746739145096579300,36.92457934570312,-0.001795371063053608,0.00266528083011508,0.007033209782093763
1746739145106659000,36.9346591796875,0.0016573811881244183,-0.0026725996285676956,-0.0013717151014134288
1746739145116738300,36.94473828125,-0.0006915265694260597,-0.003513626055791974,-0.0031264720018953085
1746739145126817300,36.9548173828125,0.003310192609205842,-0.005053800996392965,-0.0036895067896693945
1746739145136896300,36.964896240234374,-0.0005916045047342777,-0.0014524082653224468,-0.004225335083901882
1746739145146975200,36.97497534179688,0.0020474097691476345,-0.000887969508767128,-0.0019479061011224985
1746739145157054200,36.98505419921875,0.0010039834305644035,-0.0023569688200950623,0.0002444079436827451
1746739145167133400,36.99513354492188,-0.00024019228294491768,0.0009388900361955166,-0.0005407342687249184
1746739145177212200,37.00521215820312,-0.004025875125080347,0.004894217010587454,0.002409782027825713
1746739145187291100,37.015291015625,-0.0023614875972270966,0.0023675616830587387,0.0053026131354272366
1746739145197370400,37.02537036132812,-0.0010043410584330559,-0.000022891443222761154,0.013240165077149868
1746739145207449000,37.03544897460937,-0.0023249676451087,0.002318210434168577,0.010891459882259369
1746739145217528300,37.0455283203125,-0.00298969354480505,0.0026921178214251995,0.012677108868956566
1746739145227607300,37.05560717773437,-0.0029144850559532642,0.001626182347536087,0.005479298532009125
1746739145237686300,37.06568627929688,0.00027544889599084854,0.0015723872929811478,0.0022499493788927794
1746739145247765200,37.07576513671875,0.0035168712493032217,0.0006907293573021889,0.0004740471194963902
1746739145257844200,37.08584423828125,0.002063051564618945,0.001793012022972107,-0.0019217325607314706
1746739145267923500,37.09592333984375,0.0034199680667370558,-0.0014848862774670124,0.002458568662405014
1746739145278002200,37.106002197265624,-0.00007942551746964455,-0.0009519876912236214,0.002758174203336239
1746739145288081200,37.1160810546875,0.0022477859165519476,0.004196666181087494,0.0032142801210284233
1746739145298160400,37.126160400390624,0.0005212589167058468,0.005158333107829094,-0.00013837333244737238
1746739145308239000,37.136239013671876,0.000926558393985033,-0.0018366379663348198,0.0006654304452240467
1746739145318318000,37.14631811523437,0.0007049832493066788,-0.0024712695740163326,0.002328840782865882
1746739145328397300,37.156397216796876,-0.00034279515966773033,-0.0005690152756869793,0.0006007711635902524
1746739145338476300,37.16647631835937,-0.00041709747165441513,0.003636648878455162,0.00094138941494748
1746739145348555300,37.17655517578125,-0.0037899543531239033,0.005966490600258112,0.005381932016462088
1746739145358635300,37.18663525390625,-0.00476147560402751,0.011222237721085548,0.013257965445518494
1746739145368714200,37.19671435546875,-0.0034892833791673183,0.00541202025488019,0.016028717160224915
1746739145378793200,37.206793212890624,-0.0011475654318928719,0.004152877721935511,0.014859856106340885
1746739145388872200,37.2168720703125,0.00217151315882802,0.0014220564626157284,0.006887130439281464
1746739145398951200,37.226951171875,0.004549449309706688,0.005301217082887888,0.0015083441976457834
1746739145409030100,37.237030029296875,0.0036497630644589663,0.003371201455593109,-0.0033718235790729523
1746739145419109400,37.247109375,0.003839646466076374,0.002226840704679489,0.0016072221333160996
1746739145429188400,37.257188232421875,-0.00033288728445768356,0.0005587656050920486,0.0007860842160880566
1746739145439267000,37.26726708984375,-0.0009661871008574963,-0.0011499188840389252,-0.002224086783826351
1746739145449346300,37.27734619140625,-0.001578181516379118,-0.0009621661156415939,-0.002099450910463929
1746739145459425300,37.28742529296875,-0.001527581363916397,-0.0002604229375720024,-0.00037771722418256104
1746739145469504300,37.29750415039062,-0.0029330202378332615,-0.0010109376162290573,0.001820774981752038
1746739145479583200,37.307583251953126,-0.003831836860626936,0.0009880312718451023,0.0031928354874253273
1746739145489662200,37.317662109375,-0.0015686829574406147,0.0011933608911931515,0.005985692609101534
1746739145499741400,37.327741455078126,-0.00044695939868688583,0.0011528809554874897,0.005633356515318155
1746739145509820200,37.33782006835938,-0.003123188391327858,0.0013535907492041588,0.0024338671937584877
1746739145519899100,37.347899169921874,-0.0010267477482557297,-0.00016414513811469078,-0.0012974876444786787
1746739145529978400,37.35797827148438,0.0003990023396909237,0.0015808972530066967,-0.0020627963822335005
1746739145540057000,37.36805712890625,0.005933050997555256,0.0009185695089399815,-0.0006342766573652625
1746739145550136300,37.37813623046875,0.0031899423338472843,-0.0014345282688736916,-0.0034617134369909763
1746739145560215300,37.38821533203125,0.004362531937658787,-0.001291782595217228,-0.004937104415148497
1746739145570294000,37.3982939453125,0.0034412904642522335,0.0011071786284446716,-0.007449432276189327
1746739145580373200,37.40837329101562,0.001687598880380392,0.007021792232990265,-0.0050011882558465
1746739145590452200,37.4184521484375,-0.001890162006020546,0.0014072945341467857,0.0019902167841792107
1746739145600531500,37.42853149414063,-0.0054952832870185375,0.0006951652467250824,0.008985009975731373
1746739145610610200,37.43861010742187,-0.0006365585140883923,0.0031252317130565643,0.010772746056318283
1746739145620689200,37.448689208984376,-0.0012751845642924309,0.0017446484416723251,0.012386621907353401
1746739145630768400,37.45876831054687,0.0006991410627961159,0.003843707498162985,0.009624273516237736
1746739145640848100,37.46884814453125,0.0011516120284795761,0.0006950520910322666,0.005250031594187021
1746739145650927400,37.47892724609375,0.0023377840407192707,0.002410393673926592,0.002833479316905141
1746739145661006600,37.48900659179687,0.002630199072882533,-0.00008711870759725571,-0.0019005557987838984
1746739145671085600,37.49908544921875,0.00008785584941506386,0.00048169447109103203,-0.007765315473079681
1746739145681164800,37.50916479492187,0.0029986908193677664,0.00016637612134218216,-0.009529126808047295
1746739145691243800,37.519243896484376,0.0028469618409872055,-0.0015606610104441643,-0.007207724265754223
1746739145701322800,37.52932275390625,-0.0007749372161924839,-0.00033534085378050804,-0.0032934099435806274
1746739145711401700,37.539401611328124,0.0011465870775282383,-0.0014645899645984173,0.00048557340051047504
1746739145721480700,37.54948071289063,-0.0008720890618860722,-0.0014528720639646053,0.0031122490763664246
1746739145731559700,37.5595595703125,-0.0022471146658062935,-0.0000018193386495113373,0.009078005328774452
1746739145741638700,37.569638671875,-0.00017544114962220192,0.0006778198294341564,0.005421219393610954
1746739145751718000,37.5797177734375,-0.0012125121429562569,0.0001252945512533188,0.005718493368476629
1746739145761796600,37.589796630859375,-0.0020929533056914806,0.0007934817112982273,0.003283298807218671
1746739145771875600,37.59987548828125,-0.0018807877786457539,-0.0011762259528040886,0.0002891577023547143
1746739145781954800,37.609954833984375,0.0006545418873429298,-0.0016734381206333637,-0.005425453186035156
1746739145792033800,37.62003369140625,0.0031000173185020685,-0.0031177932396531105,-0.009908270090818405
1746739145802112800,37.63011279296875,0.004630269482731819,-0.0030818404629826546,-0.005473840981721878
1746739145812191700,37.640191650390626,0.0031986942049115896,-0.007605260703712702,-0.0029718915466219187
1746739145822270700,37.65027075195312,-0.00018511805683374405,-0.0033676386810839176,-0.00074815220432356
1746739145832349700,37.660349609375,0.0005065789446234703,-0.0000074142590165138245,0.001090891775675118
1746739145842428700,37.6704287109375,-0.0031171846203505993,0.0002961861900985241,0.0008402882958762348
1746739145852507600,37.680507568359374,-0.0044548399746418,-0.0009237020276486874,0.0037764415610581636
1746739145862586600,37.69058666992188,-0.0016193720512092113,-0.0019498178735375404,0.002563371555879712
1746739145872665600,37.70066552734375,-0.0018543694168329239,-0.0022032116539776325,-0.0032747259829193354
1746739145882744800,37.71074487304688,0.001126506831496954,-0.002766203600913286,-0.006160261109471321
1746739145892823800,37.72082373046875,0.0022532751318067312,-0.0001384662464261055,-0.012450940907001495
1746739145902902500,37.730902587890625,0.001407721545547247,-0.00030065281316637993,-0.012937500141561031
1746739145912981800,37.74098168945312,0.0010896315798163414,-0.0005248398520052433,-0.010854764841496944
1746739145923061500,37.7510615234375,-0.0012928326614201069,0.002074937801808119,-0.0065183392725884914
1746739145933140700,37.761140625,-0.0039982665330171585,0.007799078710377216,0.0016218585660681129
1746739145943219700,37.7712197265625,-0.0004996722564101219,0.0038330992683768272,0.007629150524735451
1746739145953298700,37.78129858398437,0.0027789983432739973,0.0007081557996571064,0.01211195345968008
1746739145963377700,37.79137768554688,-0.0013550268486142159,0.0012889918871223927,0.014838231727480888
1746739145973456600,37.80145654296875,0.001798870274797082,-0.0049370937049388885,0.013536369428038597
1746739145983535900,37.81153588867188,-0.0007886569947004318,-0.0020374441519379616,0.007362363860011101
1746739145993614600,37.82161450195313,-0.0016151191666722298,0.004675875883549452,0.0003392664366401732
1746739146003693800,37.83169384765625,-0.001794349867850542,0.0035253907553851604,-0.0042570834048092365
1746739146013772800,37.84177270507813,-0.0011341641657054424,0.0029670624062418938,-0.005990329198539257
1746739146023851500,37.8518515625,0.0006325766444206238,0.0014732945710420609,-0.006525091826915741
1746739146033930800,37.8619306640625,0.00043144309893250465,-0.0020006923004984856,-0.003408525139093399
1746739146044009700,37.872009765625,0.003110849531367421,-0.005689969286322594,0.0008543968433514237
1746739146054088700,37.882088623046876,-0.00041630957275629044,-0.0026994822546839714,-0.003703944617882371
1746739146064167700,37.89216772460937,0.00020340783521533012,0.00019377609714865685,-0.009096579626202583
1746739146074246700,37.90224658203125,-0.00026785023510456085,0.0037014256231486797,-0.01060499344021082
1746739146084326000,37.91232592773437,0.0014261864125728607,0.002691820729523897,-0.006236344575881958
1746739146094404600,37.922404541015624,0.0004295799881219864,-0.0004801461473107338,-0.002448879648000002
1746739146104483600,37.93248364257813,-0.0002441997639834881,-0.0009858803823590279,0.0008803379605524242
1746739146114562800,37.94256274414062,-0.0001263543963432312,-0.0038737175054848194,0.0005386208649724722
1746739146124641500,37.9526416015625,-0.0020875059999525547,-0.003822318511083722,0.004219109658151865
1746739146134720800,37.962720703125,-0.002350348047912121,-0.006334963254630566,0.005720715969800949
1746739146144799700,37.9727998046875,-0.00429978221654892,-0.0008030449971556664,0.003804838052019477
1746739146154878700,37.98287866210938,-0.006650106515735388,0.000013989396393299103,-0.00345649104565382
1746739146164957700,37.992957763671875,-0.0038279551081359386,-0.0010824338532984257,-0.006461602170020342
1746739146175036700,38.00303662109375,-0.004217224195599556,0.0002739368937909603,-0.00217262702062726
1746739146185116000,38.013115966796875,0.0003815228119492531,0.0026755756698548794,-0.0011406521080061793
1746739146195194600,38.023194580078126,0.00029640691354870796,0.0005182726308703423,-0.0008355366881005466
1746739146205273600,38.03327368164062,0.002522543538361788,-0.0009680371731519699,-0.0014222310855984688
1746739146215353600,38.043353515625,0.002715480513870716,-0.0007552974857389927,0.0003894006949849427
1746739146225432600,38.0534326171875,0.001662733033299446,-0.00018138624727725983,-0.0005890446482226253
1746739146235511800,38.06351171875,0.005400021560490131,0.0003742659464478493,0.005031420383602381
1746739146245590800,38.0735908203125,0.0018271247390657663,0.0032669920474290848,0.009231758303940296
1746739146255669500,38.08366943359375,0.001614176668226719,0.0020891958847641945,0.009185338392853737
1746739146265748700,38.093748779296874,-0.001619433518499136,0.0032316921278834343,0.007647895719856024
1746739146275827700,38.10382763671875,0.00024495506659150124,0.000761756207793951,0.005159014370292425
1746739146285906700,38.11390673828125,0.0028932024724781513,0.002430759835988283,0.001331252628006041
1746739146295985700,38.123985595703125,0.0001812879927456379,0.0022628861479461193,0.00028572892188094556
1746739146306064600,38.13406469726562,0.0009573330171406269,0.0008319695480167866,-0.001359838293865323
1746739146316143900,38.144143798828125,0.0007930160500109196,0.0032269502989947796,-0.0036645380314439535
1746739146326222600,38.15422265625,0.003141657682135701,-0.0012029516510665417,-0.0004897835897281766
1746739146336301800,38.1643017578125,0.0016975859180092812,-0.0027783354744315147,-0.0036772380117326975
1746739146346380800,38.174380859375,-0.0005964608862996101,-0.0031442539766430855,-0.00021619390463456511
1746739146356459500,38.18445947265625,-0.0005364161916077137,-0.0011482625268399715,0.004711336921900511
1746739146366538800,38.194538818359376,-0.0007204408757388592,-0.0029823817312717438,0.00829888042062521
1746739146376617700,38.20461767578125,-0.003008909523487091,-0.0017144512385129929,0.003646576777100563
1746739146386696700,38.21469677734375,0.000997017603367567,-0.0027906345203518867,0.0015791647601872683
1746739146396775700,38.22477563476563,-0.004066345747560263,0.00004442082718014717,-0.004187192302197218
1746739146406854700,38.234854736328124,-0.0012449929490685463,-0.0009310953319072723,-0.008028269745409489
1746739146416934000,38.24493383789063,-0.0014564674347639084,0.00029040127992630005,-0.012130568735301495
1746739146427012600,38.2550126953125,-0.0004950659349560738,-0.0019194898195564747,-0.012743894942104816
1746739146437091600,38.265091552734376,0.000898619182407856,-0.0015717525966465473,-0.010198220610618591
1746739146447170800,38.2751708984375,0.00009248033165931702,-0.0015323380939662457,-0.001814057119190693
1746739146457249500,38.28524951171875,0.0003695911727845669,-0.0018089930526912212,-0.002447506645694375
1746739146467328800,38.29532885742187,0.001892919186502695,-0.0009967288933694363,0.004137159325182438
1746739146477407700,38.30540771484375,-0.0013835676945745945,-0.0016731717623770237,0.006621622480452061
1746739146487486700,38.31548681640625,-0.003088523168116808,-0.0008518528193235397,0.008919131010770798
1746739146497565700,38.32556567382812,-0.004785133060067892,0.000581047497689724,0.006270508747547865
1746739146507644700,38.33564477539063,-0.005127882119268179,0.0002465546131134033,0.0008171535446308553
1746739146517724000,38.34572387695312,-0.002857070416212082,0.000708957202732563,-0.0022958063054829836
1746739146527802600,38.355802734375,-0.0018855486996471882,-0.0031060208566486835,-0.00404177512973547
1746739146537881600,38.36588159179688,0.0005149138160049915,-0.0010180594399571419,-0.0036320332437753677
1746739146547960800,38.3759609375,0.0010166531428694725,0.0012301811948418617,-0.0053401850163936615
1746739146558040600,38.38604052734375,0.000014538876712322235,0.0024667843244969845,-0.007129302714020014
1746739146568119800,38.39611987304688,0.0018127055373042822,0.005574426148086786,-0.008532787673175335
1746739146578198800,38.40619873046875,-0.0015097307041287422,0.0034363935701549053,-0.0055022272281348705
1746739146588277800,38.41627783203125,-0.0009222370572388172,0.00171972019597888,-0.006752314977347851
1746739146598356700,38.42635668945312,0.0006929556839168072,0.0016203834675252438,-0.0015117754228413105
1746739146608435700,38.436435791015626,0.001525459811091423,0.0023426334373652935,0.0009271474555134773
1746739146618514700,38.4465146484375,-0.0020802845247089863,0.0035079102963209152,0.0023589732591062784
1746739146628593700,38.45659375,-0.0016858703456819057,0.0023595551028847694,0.0006268533761613071
1746739146638672600,38.46667260742188,-0.00029527582228183746,-0.001128602772951126,0.0010240738047286868
1746739146648751600,38.476751708984374,0.00017237523570656776,-0.0005498980171978474,-0.0031451049726456404
1746739146658830600,38.48683056640625,-0.0017648423090577126,-0.0008093887008726597,-0.0007823409978300333
1746739146668909600,38.49690966796875,-0.00031075626611709595,0.0002393638715147972,0.0011899960227310658
1746739146678988800,38.50698876953125,-0.0010711024515330791,0.004060204606503248,0.0027878622058779
1746739146689067500,38.51706762695313,0.003423247952014208,0.0024785534478724003,0.0002040634281001985
1746739146699146500,38.527146484375,-0.00042573409155011177,0.0022274372167885303,-0.0007443330250680447
1746739146709225700,38.53722583007813,-0.0013083056546747684,0.0027707223780453205,-0.003443446708843112
1746739146719304400,38.54730444335937,0.0006716838106513023,-0.0007678433321416378,-0.006546752993017435
1746739146729383700,38.5573837890625,-0.0002737385220825672,0.0005916999652981758,-0.011239243671298027
1746739146739462700,38.56746264648437,-0.0005303961224853992,0.00018772250041365623,-0.0180511511862278
1746739146749541600,38.577541748046876,-0.001975427381694317,0.0017725699581205845,-0.013472910970449448
1746739146759620600,38.58762060546875,0.001112879253923893,0.0008459123782813549,-0.007814841344952583
1746739146769699600,38.597699462890624,-0.0002847476862370968,0.001369489822536707,0.0016116835176944733
1746739146779778800,38.60777880859375,0.002432709326967597,-0.00015185121446847916,0.0058009629137814045
1746739146789857500,38.617857421875,0.001739222090691328,0.00020021898671984673,0.007649463135749102
1746739146799936500,38.6279365234375,0.00040243053808808327,0.0021417811512947083,0.005474379286170006
1746739146810015700,38.638015625,-0.0017265002243220806,0.00329679436981678,0.007030730601400137
1746739146820094500,38.648094482421875,-0.000962517224252224,0.0011695106513798237,0.006935001350939274
1746739146830173700,38.65817358398437,-0.0027154101990163326,0.00099667115136981,0.003821765771135688
1746739146840252700,38.668252685546875,-0.003352851141244173,-0.0001701335422694683,-0.0034266284201294184
1746739146850331600,38.67833154296875,-0.005551557522267103,0.002675720490515232,-0.008128172717988491
1746739146860410600,38.68841064453125,-0.0004729321226477623,0.003318825736641884,-0.015320154838263988
1746739146870489600,38.69848950195313,0.0031931751873344183,-0.0012402399443089962,-0.0173428263515234
1746739146880568600,38.70856860351562,0.006339700426906347,-0.0012511792592704296,-0.012228978797793388
1746739146890648600,38.71864868164062,0.0069692712277174,-0.0021468005143105984,-0.0058586979284882545
1746739146900727600,38.7287275390625,0.00476371543481946,0.00010170647874474525,-0.00399395264685154
1746739146910806500,38.738806640625,0.002970875473693013,0.005037076771259308,0.00007136254134820774
1746739146920885500,38.748885498046874,0.0001875697635114193,0.008257954381406307,0.00666892621666193
1746739146930964700,38.75896484375,-0.0005416041240096092,0.007440096698701382,0.014565731398761272
1746739146941043700,38.769043701171874,-0.004551966208964586,0.006312781013548374,0.017456592991948128
1746739146951122400,38.779122314453126,0.0012651761062443256,0.0067114559933543205,0.020025745034217834
1746739146961201700,38.78920166015625,0.0011236444115638733,0.002188265323638916,0.019047556445002556
1746739146971280600,38.79928076171875,0.003903984557837248,0.003006654791533947,0.003919203765690327
1746739146981359600,38.80935961914062,0.003459945321083069,0.0001737307757139206,-0.0029351315461099148
1746739146991438600,38.8194384765625,0.0023115903604775667,0.0006336583755910397,-0.011515038087964058
1746739147001517600,38.829517578125,0.003622721415013075,-0.000765542034059763,-0.01660390943288803
1746739147011596800,38.8395966796875,0.0021111113019287586,-0.0027469340711832047,-0.020846856757998466
1746739147021675500,38.84967553710938,0.0005020950920879841,-0.002508813515305519,-0.02552107907831669
1746739147031754800,38.85975463867187,-0.0006190957501530647,-0.0012707095593214035,-0.020274119451642036
1746739147041833700,38.86983374023438,0.00027783727273344994,-0.0005057882517576218,-0.014206803403794765
1746739147051912400,38.87991235351563,0.0005273753777146339,-0.004450995475053787,-0.005013304762542248
1746739147061991700,38.88999169921875,0.001629489939659834,0.00014520902186632156,0.0008442077087238431
1746739147072070700,38.90007055664063,-0.00044910702854394913,0.0009617339819669724,0.0077170273289084435
1746739147082149600,38.910149658203125,-0.0021843560971319675,-0.001017067115753889,0.008814741857349873
1746739147092228600,38.920228515625,-0.004388387780636549,0.0009392909705638885,0.005307359155267477
1746739147102307600,38.9303076171875,-0.0045000785030424595,-0.0017274515703320503,-0.0006607046234421432
1746739147112386800,38.94038671875,-0.004802347626537085,-0.0015370356850326061,-0.005260782781988382
1746739147122465500,38.95046557617187,-0.00198012450709939,-0.006422047037631273,-0.01590071991086006
1746739147132544500,38.96054443359375,-0.001707949209958315,-0.005056643858551979,-0.021217454224824905
1746739147142623700,38.97062377929687,-0.0017193094827234745,-0.005644545890390873,-0.023251688107848167
1746739147152702500,38.980702392578124,-0.0006745513528585434,-0.004821096546947956,-0.020111821591854095
1746739147162781700,38.99078173828125,-0.0002366560511291027,-0.00625837966799736,-0.015100892633199692
1746739147172860700,39.000860595703124,0.0006057019345462322,-0.004776330664753914,-0.006467191036790609
1746739147182939600,39.01093969726563,0.000802100170403719,-0.0014599454589188099,-0.0005793233867734671
1746739147193018600,39.0210185546875,-0.0019287052564322948,-0.0019038943573832512,0.0007059181807562709
1746739147203097600,39.03109765625,-0.0011399490758776665,0.003322000615298748,0.0024386465083807707
1746739147213176800,39.0411767578125,-0.00047389231622219086,0.0018745725974440575,0.006156419403851032
1746739147223255600,39.051255615234375,-0.000893911812454462,0.0036845263093709946,0.0037998592015355825
1746739147233334500,39.06133447265625,-0.0005823220126330853,0.0008418681100010872,-0.0005576049443334341
1746739147243413800,39.071413818359375,0.00009565474465489388,0.002779667265713215,-0.004323574248701334
1746739147253493500,39.08149340820312,-0.00022259308025240898,0.004840154200792313,-0.010966829024255276
1746739147263572700,39.09157275390625,0.0026115947403013706,-0.002062835730612278,-0.014085163362324238
1746739147273651700,39.10165161132812,0.0016472642309963703,-0.0030069262720644474,-0.0122350649908185
1746739147283730400,39.11173046875,0.0012108231894671917,-0.0041867820546031,-0.017504170536994934
1746739147293809700,39.1218095703125,0.0014092284254729748,-0.0023595867678523064,-0.0185108445584774
1746739147303888600,39.131888671875,0.0031405447516590357,-0.0033317403867840767,-0.013985536061227322
1746739147313967600,39.14196752929688,0.002338933292776346,-0.002730664797127247,-0.008067193441092968
1746739147324046600,39.152046630859374,0.0005914042703807354,0.0041034650057554245,-0.006791341584175825
1746739147334125600,39.16212548828125,-0.0005548200570046902,0.003991878591477871,0.0016189211746677756
1746739147344204500,39.17220458984375,-0.00248575396835804,0.002924701664596796,0.007286544889211655
1746739147354283500,39.182283447265625,-0.003938775509595871,0.001822685357183218,0.009143301285803318
1746739147364362800,39.19236279296875,-0.0024833898060023785,0.0029286020435392857,0.007300664205104113
1746739147374441700,39.202441650390625,0.0013558235950767994,-0.00005200784653425217,0.002420421689748764
1746739147384520400,39.2125205078125,0.0005523869767785072,0.0008528698235750198,-0.005646898876875639
1746739147394599700,39.222599609375,0.00012308545410633087,-0.002076873555779457,-0.013415073044598103
1746739147404678700,39.2326787109375,-0.0019214628264307976,-0.001701836008578539,-0.013929257169365883
1746739147414757600,39.24275756835937,0.0005683265626430511,0.000023093540221452713,-0.018146373331546783
1746739147424836600,39.25283666992188,0.0013280347920954227,-0.0032188957557082176,-0.013742458075284958
1746739147434915600,39.26291552734375,-0.001383595634251833,-0.004188286606222391,-0.012655355967581272
1746739147444994800,39.272994873046876,-0.00043875817209482193,-0.004060381092131138,-0.004771294072270393
1746739147455073500,39.28307348632813,-0.0017492994666099548,-0.001840636134147644,0.00005515309749171138
1746739147465152800,39.29315283203125,0.00037261657416820526,-0.00024259602651000023,0.005573600064963102
1746739147475231700,39.30323168945313,0.0007614376954734325,0.0019292118959128857,0.010847990401089191
1746739147485310500,39.313310546875,-0.0012469561770558357,0.007960621267557144,0.005047172773629427
1746739147495389700,39.3233896484375,-0.0013670646585524082,0.006377637851983309,0.006746802479028702
1746739147505468700,39.33346875,-0.003316017799079418,0.006326313130557537,0.005419788882136345
1746739147515547400,39.34354736328125,0.002097655786201358,0.0038234740495681763,0.000012773001799359918
1746739147525626600,39.35362670898437,0.0063567073084414005,0.0016521490179002285,-0.0034033788833767176
1746739147535705600,39.36370556640625,0.006019551306962967,0.0019568144343793392,-0.00939522497355938
1746739147545784800,39.37378491210937,0.010074857622385025,-0.0011242358013987541,-0.01043347455561161
1746739147555863600,39.38386352539062,0.006203952711075544,-0.0042859409004449844,-0.009881135076284409
1746739147565942500,39.39394262695313,0.003939508460462093,-0.0015836916863918304,-0.007123507093638182
1746739147576021800,39.40402172851562,0.0015352065674960613,-0.0003698226064443588,-0.000798765744548291
1746739147586100500,39.4141005859375,-0.0029884683899581432,0.001112010795623064,0.01068755704909563
1746739147596179700,39.4241796875,-0.005931261461228132,0.0019258731044828892,0.016686327755451202
1746739147606258700,39.4342587890625,-0.004779096692800522,0.0020429235883057117,0.018377555534243584
1746739147616337700,39.44433764648438,-0.0024973005056381226,0.004570529330521822,0.017541589215397835
1746739147626417700,39.45441772460938,-0.002385742962360382,0.007013235241174698,0.009195880964398384
1746739147636496600,39.46449658203125,-0.001708767842501402,0.002922619692981243,0.005634435452520847
1746739147646575600,39.47457568359375,-0.0031551113352179527,0.0009029773063957691,-0.0010067246621474624
1746739147656653800,39.48465380859375,0.0010271170176565647,-0.0026342328637838364,-0.007946389727294445
1746739147666733000,39.494733154296874,-0.000806715339422226,-0.006413691211491823,-0.012027986347675323
1746739147676812000,39.50481201171875,0.001015152782201767,-0.0058389813639223576,-0.010524632409214973
1746739147686890800,39.51489086914062,-0.001662225928157568,-0.0055730463936924934,-0.0061314040794968605
1746739147696970000,39.524969970703125,-0.00010986952111124992,-0.0017008101567626,0.002217073692008853
1746739147707049000,39.53504907226562,-0.0005508768372237682,0.0005937595851719379,0.006054988596588373
1746739147717128000,39.5451279296875,-0.003005512524396181,0.0015152129344642162,0.0036656006705015898
1746739147727207000,39.55520703125,-0.000489942729473114,0.0002673305571079254,0.008705406449735165
1746739147737286000,39.56528588867187,0.0015207440592348576,0.0002324432134628296,0.010664960369467735
1746739147747365000,39.575365234375,-0.0004215901717543602,-0.00007900362834334373,0.004621559754014015
1746739147757443800,39.58544384765625,0.0018828429747372866,-0.0009794184006750584,0.003128325566649437
1746739147767523000,39.59552319335938,0.0035080467350780964,-0.0024901810102164745,-0.002269253833219409
1746739147777602000,39.60560205078125,0.0015346445143222809,0.0016422462649643421,-0.001722240587696433
1746739147787680800,39.6156806640625,0.001170558389276266,0.0005044513382017612,-0.005222695879638195
1746739147797760000,39.62576000976563,0.0024320976808667183,0.0010898145847022533,-0.006455473136156797
1746739147807839000,39.6358388671875,0.00036141835153102875,-0.000307304784655571,-0.00849138479679823
1746739147817918000,39.64591796875,0.0012056403793394566,0.0007747374475002289,-0.005204777233302593
1746739147827997000,39.65599682617187,0.002287098206579685,-0.0007929899729788303,0.0022316062822937965
1746739147838076000,39.666075927734376,0.00018959259614348412,-0.001984221860766411,0.007233555428683758
1746739147848155100,39.67615502929687,0.0033687958493828773,-0.004191047046333551,0.013649254105985165
1746739147858233900,39.68623388671875,0.001746930880472064,-0.0009688884019851685,0.0194389671087265
1746739147868313000,39.69631298828125,0.001687653362751007,0.002093168441206217,0.016998298466205597
1746739147878392000,39.70639208984375,0.0006950930692255497,0.005563000682741404,0.015498407185077667
1746739147888470800,39.716470703125,0.00008361134678125381,0.00128240417689085,0.008063695393502712
1746739147898550000,39.72655004882812,0.0007978710345923901,0.0016038473695516586,-0.0004112818278372288
1746739147908629000,39.73662890625,0.0008104271255433559,0.00030575506389141083,-0.0010483816731721163
1746739147918708000,39.7467080078125,0.0023329562973231077,-0.0052147116512060165,0.000992931192740798
1746739147928787000,39.756786865234375,0.0012812740169465542,-0.0028168014250695705,0.001028617611154914
1746739147938866000,39.76686596679688,-0.0012639090418815613,-0.002883380278944969,0.0013521916698664427
1746739147948945200,39.776945068359375,-0.0012102043256163597,0.0005304012447595596,0.0018897292902693152
1746739147959023900,39.78702392578125,0.0020761361811310053,0.000981008168309927,0.0028623156249523163
1746739147969102800,39.79710278320312,-0.00037377700209617615,-0.0014134650118649006,0.005214494653046131
1746739147979182000,39.80718212890625,0.0013652672059834003,-0.00045685749500989914,0.008646244183182716
1746739147989260800,39.8172607421875,0.0034856952261179686,-0.001445856411010027,0.011209500953555107
1746739147999340000,39.827340087890626,0.0028164428658783436,-0.0007736743427813053,0.006840852089226246
1746739148009419000,39.8374189453125,0.0007646209560334682,-0.0010729636996984482,-0.001787941437214613
1746739148019498000,39.847498046875,0.0006804647855460644,-0.001907598227262497,-0.0030398934613913298
1746739148029577000,39.85757690429688,-0.003796042874455452,0.0002322518266737461,-0.009867439977824688
1746739148039657000,39.86765698242188,-0.003444238565862179,0.0027468083426356316,-0.010422708466649055
1746739148049736000,39.87773583984375,-0.004895323887467384,-0.003202935215085745,-0.005049324128776789
1746739148059815000,39.88781494140625,-0.000650511123239994,-0.004323593340814114,0.0038829180411994457
1746739148069894000,39.89789379882812,-0.000003220047801733017,-0.005509714595973492,0.009647444821894169
1746739148079972900,39.907972900390625,-0.0004743332974612713,-0.00412939814850688,0.011377966962754726
1746739148090051800,39.9180517578125,0.00004457356408238411,0.0010850201360881329,0.01011844351887703
1746739148100131000,39.928131103515625,-0.0008808746933937073,-0.0010766671039164066,0.005906654056161642
1746739148110210000,39.9382099609375,-0.0002725766971707344,-0.0013383636251091957,0.000509222038090229
1746739148120288800,39.94828881835937,-0.0006531425751745701,-0.005479312967509031,-0.00029904732946306467
1746739148130368000,39.958367919921876,-0.0032367072999477386,-0.002083075698465109,-0.0022527389228343964
1746739148140447000,39.96844702148437,-0.0016963346861302853,0.0005654380656778812,-0.0030237240716814995
1746739148150526000,39.97852587890625,0.0005943630822002888,0.0026005893014371395,-0.00710277259349823
1746739148160605000,39.98860498046875,0.0017264727503061295,0.0039007444866001606,-0.0045181745663285255
1746739148170684000,39.998683837890624,0.005415903404355049,0.0018781102262437344,-0.0002724123769439757
1746739148180763000,40.00876293945313,0.005232411436736584,0.002175851259380579,0.01184017676860094
1746739148190841900,40.018841796875,0.006967163644731045,0.0006561637856066227,0.014559797942638397
1746739148200921000,40.02892114257813,0.003952198661863804,0.00044391024857759476,0.014766459353268147
1746739148211000000,40.039,0.0032432449515908957,-0.0005096034146845341,0.014719892293214798
1746739148221078800,40.049078857421875,0.0016565336845815182,-0.0000017387792468070984,0.01809571497142315
1746739148231158000,40.05915795898437,-0.0007160836830735207,-0.0018559391610324383,0.009244500659406185
1746739148241237000,40.069237060546875,0.001200593076646328,-0.002205612137913704,0.002464891877025366
1746739148251316000,40.07931591796875,0.00012718280777335167,0.0024175914004445076,-0.0021294737234711647
1746739148261395000,40.08939501953125,-0.001245676539838314,-0.0015968577936291695,-0.00953465886414051
1746739148271474000,40.09947387695313,-0.0010107536800205708,-0.002638730686157942,-0.015442196279764175
1746739148281553200,40.10955322265625,0.0011216397397220135,-0.005031847395002842,-0.01721479557454586
1746739148291631900,40.1196318359375,0.0006581861525774002,-0.005435361061245203,-0.01663198135793209
1746739148301710800,40.1297109375,-0.0007253261283040047,-0.0013644527643918991,-0.01425058301538229
1746739148311790000,40.1397900390625,-0.0016041770577430725,-0.004005884286016226,-0.004218652378767729
1746739148321868800,40.14986889648438,0.0011106496676802635,0.0001720828004181385,0.0035404672380536795
1746739148331948000,40.159947998046874,0.0005657938309013844,0.00023841764777898788,0.012797013856470585
1746739148342027000,40.17002709960938,-0.0016235909424722195,0.0013090078718960285,0.01827620156109333
1746739148352105700,40.18010571289062,-0.0019520707428455353,0.0027774348855018616,0.018700288608670235
1746739148362185000,40.19018505859375,-0.0027278498746454716,0.0014858013018965721,0.017672043293714523
1746739148372264000,40.20026391601562,-0.003022405318915844,0.0011175009422004223,0.007481420878320932
1746739148382343200,40.21034326171875,-0.0013406192883849144,-0.00033791642636060715,-0.0010135306511074305
1746739148392422000,40.220421875,0.001084701158106327,0.0005578678101301193,-0.0077534206211566925
1746739148402500900,40.2305009765625,0.003494862001389265,-0.0020720036700367928,-0.008933201432228088
1746739148412580000,40.240580078125,0.004762209020555019,0.0003805779851973057,-0.01191297359764576
1746739148422658800,40.25065893554687,0.004880719818174839,-0.0014412901364266872,-0.00553656741976738
1746739148432738000,40.26073803710938,0.0021663259249180555,-0.0014236830174922943,-0.0005357670015655458
1746739148442817000,40.27081713867187,0.0023823082447052,-0.003544624662026763,0.0015936966519802809
1746739148452896000,40.28089599609375,-0.0018180934712290764,-0.0019439822062849998,0.0006384275620803237
1746739148462975000,40.29097509765625,-0.0032868264243006706,0.0019695330411195755,-0.0005994096864014864
1746739148473054000,40.301053955078125,-0.003906113561242819,0.0005843103863298893,0.0026750233955681324
1746739148483134000,40.311134033203125,-0.005546886939555407,0.0016876575537025928,-0.0014073359780013561
1746739148493213000,40.321212890625,-0.0025222930125892162,0.0014465851709246635,-0.0007533409516327083
1746739148503292000,40.3312919921875,-0.0022429279051721096,-0.00043094344437122345,-0.0044748419895768166
1746739148513371000,40.341370849609376,0.001219805795699358,0.0021022488363087177,-0.008479439653456211
1746739148523449900,40.35144995117187,0.0017724118661135435,0.003084955271333456,-0.011401725932955742
1746739148533529000,40.361529052734376,0.0013689431361854076,-0.002809419296681881,-0.008429638110101223
1746739148543608000,40.37160815429687,0.004121852573007345,-0.006404420826584101,-0.0029856045730412006
1746739148553686800,40.381686767578124,0.002367668552324176,-0.004852395039051771,0.004991021938621998
1746739148563766000,40.39176611328125,-0.00006619468331336975,-0.0005045183934271336,0.009850491769611835
1746739148573845000,40.401844970703124,-0.00010267971083521843,0.0058894651010632515,0.01499252300709486
1746739148583924000,40.41192407226563,-0.0009333197958767414,0.004980527795851231,0.015267095528542995
1746739148594003000,40.4220029296875,-0.0015664966776967049,0.0025064004585146904,0.012218726798892021
1746739148604082000,40.43208203125,-0.00045835506170988083,0.0022773686796426773,0.005483059678226709
1746739148614161000,40.44216088867187,-0.0010046078823506832,-0.0011509829200804234,0.0002448488085065037
1746739148624239900,40.452239990234375,0.004945426248013973,-0.001798930112272501,-0.005258573684841394
1746739148634319000,40.46231909179688,0.004673311021178961,-0.003027545753866434,-0.01104775071144104
1746739148644398000,40.472398193359375,0.005643766839057207,-0.005278183147311211,-0.011164397932589054
1746739148654476800,40.482476806640626,0.003217176767066121,-0.0013516051694750786,-0.006214953493326902
1746739148664561000,40.49256079101563,-0.00018953904509544373,0.0010529630817472935,0.0027628284879028797
1746739148674640000,40.502639892578124,-0.0019667893648147583,0.0019845874048769474,0.007612559944391251
1746739148684718800,40.51271875,-0.0035870568826794624,0.0032400009222328663,0.0063329110853374004
1746739148694797800,40.5227978515625,-0.003304361365735531,0.0021108859218657017,0.007317826151847839
1746739148704876800,40.532876708984375,-0.0021352339535951614,0.0036757593043148518,0.010851575061678886
1746739148714955800,40.54295581054687,-0.0014871936291456223,0.0012465547770261765,0.011112982407212257
1746739148725035000,40.553034912109375,-0.0002831784076988697,-0.0022661546245217323,0.00793449953198433
1746739148735114000,40.56311401367188,-0.00024070311337709427,-0.000764734111726284,0.0018421763088554144
1746739148745192700,40.57319262695312,0.000446125864982605,-0.003856930648908019,0.0004991442547179759
1746739148755272000,40.58327197265625,0.001536414958536625,-0.0029535689391195774,0.0028898261953145266
1746739148765351000,40.59335083007812,-0.0024253036826848984,0.0016142851673066616,0.005234472919255495
1746739148775430000,40.603429931640626,0.00018039438873529434,0.0023968941532075405,0.0009361301199533045
1746739148785508900,40.6135087890625,0.004690989851951599,0.002668802160769701,-0.001706790877506137
1746739148795587800,40.623587890625,0.0030355174094438553,0.00401537399739027,-0.0034308824688196182
1746739148805666800,40.63366674804688,-0.0010287323966622353,0.001328243874013424,-0.0019733344670385122
1746739148815745800,40.643745849609374,0.0027871679048985243,-0.00019406992942094803,0.0023536549415439367
1746739148825825000,40.65382495117188,-0.0032142656855285168,-0.0013842368498444557,0.00884590856730938
1746739148835904000,40.663904052734374,-0.0023587541654706,-0.0009103445336222649,0.008112928830087185
1746739148845982700,40.673982666015625,-0.0010239779949188232,-0.001175595447421074,0.008275914005935192
1746739148856062000,40.68406201171875,0.0006207786500453949,0.0005315025337040424,0.010474052280187607
1746739148866141000,40.694140869140625,-0.00002903258427977562,-0.0011388319544494152,0.00941384769976139
1746739148876220000,40.70421997070312,-0.00011326000094413757,0.0027855769731104374,0.0039579058066010475
1746739148886299000,40.714298828125,0.00216028094291687,0.0035981065593659878,-0.003140483284369111
1746739148896377900,40.7243779296875,0.0003489116206765175,-0.0005242335610091686,-0.006238691043108702
1746739148906456800,40.73445678710937,0.0020445461850613356,-0.00037669437006115913,-0.012521354481577873
1746739148916535800,40.74453588867188,0.0006794393993914127,-0.005022227764129639,-0.010860074311494827
1746739148926614800,40.75461474609375,0.0010754517279565334,-0.003962822258472443,-0.012109097093343735
1746739148936694000,40.764694091796876,0.0029505321290344,-0.0040354495868086815,-0.005955824628472328
1746739148946773800,40.774773681640625,-0.0008681747131049633,-0.0012087700888514519,-0.004858335945755243
1746739148956853000,40.78485302734375,-0.00013238424435257912,-0.0017999312840402126,-0.0010488753905519843
1746739148966931700,40.794931640625,-0.003203541971743107,0.0010650977492332458,0.002685409039258957
1746739148977011000,40.80501098632813,-0.005614501424133778,0.001054711639881134,0.009400303475558758
1746739148987090000,40.81508984375,-0.0024618515744805336,-0.0007410580292344093,0.01594715192914009
1746739148997169000,40.8251689453125,-0.003797170240432024,0.001358861569315195,0.01638760231435299
1746739149007248000,40.83524780273437,-0.0003252066671848297,0.002091496717184782,0.010176577605307102
1746739149017326800,40.845326904296876,0.0009241127409040928,0.0017690733075141907,0.0052585178054869175
1746739149027406000,40.85540600585937,0.005889310035854578,-0.0021114186383783817,-0.002031619194895029
1746739149037484800,40.86548486328125,0.0035406684037297964,-0.0013769185170531273,-0.005736076273024082
1746739149047563800,40.87556372070313,0.002579001011326909,-0.0017260592430830002,-0.009806984104216099
1746739149057643000,40.88564306640625,0.001524173654615879,-0.0035346881486475468,-0.012150870636105537
1746739149067721700,40.8957216796875,-0.0022042514756321907,0.0014696577563881874,-0.009253084659576416
1746739149077801000,40.90580102539062,-0.00045649101957678795,-0.003201286308467388,-0.0041413381695747375
1746739149087880000,40.9158798828125,-0.00451301783323288,-0.0031570778228342533,0.0008840468362905085
1746739149097959000,40.925958984375,-0.0012305071577429771,-0.003057854250073433,0.002502526855096221
1746739149108038000,40.936037841796875,-0.00030585750937461853,-0.0007901727221906185,0.0022724296431988478
1746739149118116900,40.94611694335938,0.0011666342616081238,-0.001791966613382101,0.004812285304069519
1746739149128195800,40.95619580078125,0.00010403338819742203,0.0003582695499062538,0.004882326349616051
1746739149138274800,40.96627490234375,-0.001237308606505394,-0.0007233787328004837,0.00418925890699029
1746739149148353800,40.97635375976562,0.0013571428135037422,0.0014308523386716843,0.004150376655161381
1746739149158433000,40.98643310546875,0.001090149860829115,-0.0012352894991636276,0.0014745842199772596
1746739149168511700,40.99651171875,0.0005657738074660301,-0.0009431410580873489,0.0011776417959481478
1746739149178590700,41.0065908203125,0.0010429611429572105,-0.0019388198852539062,0.000693517504259944
1746739149188670000,41.016669921875,0.0006631943397223949,-0.006356205325573683,-0.0006833367515355349
1746739149198749000,41.0267490234375,-0.0005197091959416866,-0.002762509509921074,-0.0005225578788667917
1746739149208828000,41.03682788085938,0.0028430642560124397,0.0004985309205949306,-0.0022778473794460297
1746739149218907000,41.04690698242187,-0.0015383483842015266,0.0021315691992640495,-0.007643355987966061
1746739149228985900,41.05698583984375,0.0002880473621189594,0.0003176899626851082,-0.003311990760266781
1746739149239064800,41.06706494140625,0.0026544909924268723,-0.0006511695683002472,0.0006527327932417393
1746739149249143800,41.077143798828125,0.0010805628262460232,0.0013041235506534576,0.0018519541481509805
1746739149259223000,41.08722314453125,0.0035864701494574547,-0.0014792289584875107,0.001978909596800804
1746739149269302000,41.097302001953125,0.0044424100778996944,0.0023128455504775047,-0.0056220185942947865
1746739149279380700,41.107380615234376,0.0026923217810690403,0.0024683503434062004,-0.007576512638479471
1746739149289460000,41.1174599609375,0.0009769797325134277,0.0040390826761722565,-0.008180784061551094
1746739149299539000,41.1275390625,-0.0008201156742870808,0.0032453713938593864,-0.0027023933362215757
1746739149309617700,41.13761767578125,-0.0019077504985034466,0.0013249656185507774,0.004811715334653854
1746739149319697000,41.14769677734375,-0.0008354573510587215,-0.003350986633449793,0.007067336700856686
1746739149329775900,41.15777587890625,0.00001648813486099243,0.000011786818504333496,0.008813304826617241
1746739149339854800,41.167854736328124,0.004415687173604965,-0.00265789357945323,0.010265907272696495
1746739149349933800,41.17793383789063,0.004577606916427612,-0.00151459826156497,0.004300692118704319
1746739149360012800,41.1880126953125,0.0026072266045957804,-0.000687542837113142,0.0036643496714532375
1746739149370092000,41.19809204101563,0.0020005584228783846,0.003835570067167282,-0.0005213405238464475
1746739149380170800,41.20817065429687,0.0027678152546286583,-0.0004734247922897339,-0.0026457442436367273
1746739149390250000,41.21825,0.0037193624302744865,-0.0007195007055997849,-0.00044970150338485837
1746739149400329000,41.22832885742187,0.0009407196193933487,-0.0007667918689548969,0.0035790512338280678
1746739149410407700,41.23840771484375,0.000038440339267253876,0.0025413869880139828,0.006460325326770544
1746739149420487000,41.24848681640625,-0.0008163074962794781,0.0048041013069450855,0.008010853081941605
1746739149430566000,41.25856591796875,0.0020519171375781298,0.0031196526251733303,0.006331996060907841
1746739149440644900,41.26864477539063,0.003852476831525564,0.002323757391422987,0.004927561152726412
1746739149450723800,41.27872387695312,0.001254296861588955,-0.001736498437821865,0.001991159748286009
1746739149460802800,41.288802734375,0.0005961041897535324,0.001295972615480423,-0.005232967436313629
1746739149470882000,41.29888208007812,-0.0010025915689766407,-0.00425858236849308,-0.0016819087322801352
1746739149480960800,41.308960693359374,-0.0021592709235846996,-0.003468155860900879,-0.0018528837244957685
1746739149491041000,41.319041015625,-0.0004340754821896553,-0.004340341314673424,0.000817467865999788
1746739149501119700,41.32911962890625,-0.0007975148037075996,-0.002702833153307438,-0.0020782628562301397
1746739149511198700,41.33919873046875,0.003516007447615266,0.0032261619344353676,-0.0035922699607908726
1746739149521278000,41.34927783203125,0.002728838473558426,0.0023518111556768417,0.0030106198973953724
1746739149531357000,41.35935693359375,0.003014062996953726,-0.0010700845159590244,0.008193131536245346
1746739149541436000,41.369435791015626,0.0015807915478944778,-0.000506959855556488,0.009083576500415802
1746739149551515000,41.37951489257812,0.0024457864928990602,0.0027926964685320854,0.00609417911618948
1746739149561593900,41.38959375,0.0004469086416065693,0.00029601436108350754,0.0009216744219884276
1746739149571672800,41.3996728515625,-0.00000955723226070404,0.0011876407079398632,0.0018378017703071237
1746739149581751800,41.40975170898437,0.0011600092984735966,0.00023494334891438484,0.0010614898055791855
1746739149591831000,41.4198310546875,-0.0008032727055251598,-0.002467365935444832,-0.003057621419429779
1746739149601909800,41.42990966796875,0.0004422529600560665,-0.0018812832422554493,-0.004136239178478718
1746739149611988700,41.43998876953125,-0.00017533404752612114,-0.0012106993235647678,-0.008039101958274841
1746739149622068000,41.45006787109375,-0.0005166549235582352,-0.0013929884880781174,-0.008565494790673256
1746739149632147000,41.46014697265625,0.002696448937058449,-0.004100890830159187,-0.003641309682279825
1746739149642226000,41.47022583007813,-0.000814453698694706,0.0006557810120284557,0.00009696944471215829
1746739149652305000,41.480304931640624,0.0024172922130674124,-0.002046528272330761,0.00048552465159446
1746739149662379000,41.49037890625,0.0017724642530083656,0.0016593639738857746,0.0015797794330865145
1746739149672458000,41.5004580078125,0.0008366294205188751,0.0027770926244556904,0.0038250903598964214
1746739149682537000,41.51053686523438,0.0024345535784959793,0.0003814706578850746,0.0035814864095300436
1746739149692616000,41.520615966796875,-0.0013774950057268143,0.0025261137634515762,0.004825714975595474
1746739149702695000,41.53069482421875,-0.0022774646058678627,0.002199615817517042,-0.000820755900349468
1746739149712774100,41.540774169921875,-0.0026364587247371674,-0.0011903219856321812,0.00029164651641622186
1746739149722852900,41.550852783203126,0.00016026990488171577,0.00010805623605847359,-0.0016197055811062455
1746739149732932000,41.56093212890625,0.0008199349977076054,-0.004496016539633274,0.0008000425877980888
1746739149743011000,41.571010986328126,0.0018279505893588066,-0.0014360547065734863,0.002736466471105814
1746739149753089800,41.58108984375,0.002769378013908863,-0.0013210061006247997,-0.003105976153165102
1746739149763169000,41.5911689453125,0.001292266882956028,0.0008437419310212135,-0.004366831388324499
1746739149773248000,41.601248046875,0.0002983752638101578,-0.0007674703374505043,-0.00265015778131783
1746739149783327000,41.611326904296874,0.0014271801337599754,0.0011567845940589905,-0.0005788664566352963
1746739149793406000,41.62140600585938,-0.0012338506057858467,0.0014281608164310455,0.0012451326474547386
1746739149803485000,41.63148486328125,-0.001393027137964964,0.0033923080191016197,0.003931540995836258
1746739149813564200,41.64156420898438,0.0006757164373993874,0.003688451834022999,0.002464671852067113
1746739149823643000,41.65164282226562,-0.0009309761226177216,0.0006831800565123558,0.002367960289120674
1746739149833722000,41.66172216796875,-0.0011363057419657707,-0.0014124619774520397,0.0014560939744114876
1746739149843801000,41.67180102539062,0.00011322181671857834,-0.0046494510024785995,0.001237449236214161
1746739149853879800,41.6818798828125,0.0021401536650955677,-0.0005665584467351437,0.0038073998875916004
1746739149863959000,41.691958984375,0.001429704949259758,0.002045732457190752,0.0015115246642380953
1746739149874038000,41.7020380859375,-0.0029381457716226578,0.0027240398339927197,0.00249662809073925
1746739149884117000,41.712116943359376,0.0002476908266544342,0.0038355374708771706,0.0009072927059605718
1746739149894196000,41.72219604492187,0.00047405948862433434,0.0035740146413445473,-0.0015755722997710109
1746739149904275000,41.73227490234375,-0.0004107048735022545,-0.00007213745266199112,-0.0035774321295320988
1746739149914354200,41.74235424804687,0.0014745467342436314,-0.0010977210476994514,-0.006205972284078598
1746739149924433000,41.752432861328124,0.0024359668605029583,-0.0019415486603975296,-0.014088244177401066
1746739149934511900,41.76251196289063,0.005257586017251015,-0.0022060004994273186,-0.020621510222554207
1746739149944591000,41.772591064453124,0.002353138756006956,-0.0005492218770086765,-0.01878560334444046
1746739149954670000,41.78267016601563,0.0046754153445363045,-0.0029276912100613117,-0.012722651474177837
1746739149964749000,41.7927490234375,0.00336138135753572,-0.008327516727149487,-0.003894538152962923
1746739149974828000,41.802828125,0.003753398545086384,-0.005176464095711708,0.010618357919156551
1746739149984907000,41.81290698242187,0.0012399866245687008,-0.004141637124121189,0.012649512849748135
1746739149994986000,41.822986083984375,-0.0025808503851294518,-0.002322964370250702,0.010162386111915112
1746739150005065000,41.83306494140625,-0.003244372084736824,0.0035547190345823765,0.009019622579216957
1746739150015144200,41.843144287109375,-0.005362650379538536,0.002246574964374304,0.006824645679444075
1746739150025223000,41.85322290039063,-0.003923827316612005,-0.0005952944047749043,0.00003921693132724613
1746739150035302000,41.86330200195312,-0.006520409602671862,-0.0008043525740504265,-0.004453002940863371
1746739150045381000,41.87338110351563,-0.00433005066588521,0.0024954411201179028,-0.01179495733231306
1746739150055460000,41.88346020507812,0.0013901530764997005,-0.00008995505049824715,-0.013037854805588722
1746739150065538800,41.893538818359374,0.005040322430431843,-0.004414722323417664,-0.009223751723766327
1746739150075619000,41.903619140625,0.0072134616784751415,-0.003739078063517809,-0.008849045261740685
1746739150085697800,41.91369775390625,0.003599387826398015,0.0014933454804122448,-0.005629891995340586
1746739150095777000,41.923777099609374,0.003664635121822357,0.0045184302143752575,-0.0046091023832559586
1746739150105856000,41.93385595703125,0.000009150709956884384,0.001965705770999193,0.0023513350170105696
1746739150115935000,41.94393505859375,-0.000932010356336832,0.005421955604106188,0.010112052783370018
1746739150126014000,41.954013916015626,-0.006520716939121485,0.004402720369398594,0.010530815459787846
1746739150136093000,41.96409301757812,-0.005343333352357149,0.006228051148355007,0.008933717384934425
1746739150146172200,41.974172119140626,0.001550209242850542,0.0033385981805622578,0.0050599221140146255
1746739150156251000,41.9842509765625,0.0017858988139778376,0.004219837952405214,0.00027368904557079077
1746739150166330000,41.994330078125,0.0021937713027000427,0.001908798236399889,-0.006976918783038855
1746739150176409000,42.0044091796875,0.0059411050751805305,0.0024289139546453953,-0.008881346322596073
1746739150186487800,42.01448779296875,0.0046737706288695335,-0.0032246634364128113,-0.008150423876941204
1746739150196567000,42.02456713867188,0.0018862402066588402,0.0016396003775298595,-0.01591220684349537
1746739150206646000,42.03464599609375,-0.0002478659152984619,-0.0024568443186581135,-0.017655091360211372
1746739150216725000,42.04472509765625,0.003684291383251548,-0.005863559897989035,-0.009444300085306168
1746739150226804000,42.05480395507813,-0.001295675989240408,-0.003277312498539686,-0.0013793348334729671
1746739150236883000,42.064883056640625,-0.0032232720404863358,0.0005704225040972233,0.005327303893864155
1746739150246962200,42.07496215820313,-0.0033264998346567154,0.004865680821239948,0.005324830766767263
1746739150257041000,42.085041015625,-0.0024913325905799866,0.0007042251527309418,0.0021322329994291067
1746739150267119900,42.095119873046876,-0.0015323376283049583,-0.0005176127888262272,0.0014602785231545568
1746739150277199000,42.10519921875,0.0009822188876569271,-0.003981586545705795,0.004307996481657028
1746739150287277800,42.11527783203125,-0.0018883929587900639,-0.0007839491590857506,0.0034318557009100914
1746739150297357000,42.12535717773437,-0.003337153233587742,-0.0009288252331316471,0.004555709660053253
1746739150307436000,42.13543603515625,-0.0025716894306242466,0.00004937918856739998,-0.0006380630075000226
1746739150317515000,42.14551489257813,-0.0022811382077634335,0.0003886660560965538,-0.005707922857254744
1746739150327594000,42.155593994140624,-0.0022385986521840096,-0.0021536131389439106,-0.010435756295919418
1746739150337673000,42.1656728515625,0.002105283085256815,-0.0008156411349773407,-0.0127614950761199
1746739150347752200,42.17575219726562,-0.0006171022541821003,0.00032248254865407944,-0.012379787862300873
1746739150357831000,42.185830810546875,0.0015682876110076904,-0.0015973905101418495,-0.006246528122574091
1746739150367910000,42.19590991210937,-0.0004373895935714245,0.0006554564461112022,0.0017131653148680925
1746739150377989000,42.205989013671875,-0.0009319386444985867,0.0004352130927145481,0.0064453366212546825
1746739150388067800,42.21606787109375,-0.0007196119986474514,0.001411820761859417,0.004368260502815247
1746739150398147000,42.22614697265625,-0.0020330832339823246,0.002795066684484482,0.004390364978462458
1746739150408226000,42.23622607421875,-0.0007887324318289757,0.0038738599978387356,0.0027319006621837616
1746739150418305000,42.24630493164062,0.00033032801002264023,0.0014911298640072346,0.0010578376241028309
1746739150428384000,42.256384033203126,0.0004180395044386387,0.003933114465326071,-0.0038643323350697756
1746739150438463000,42.266462890625,0.002120332093909383,0.003843365702778101,-0.008165337145328522
1746739150448542000,42.2765419921875,-0.00012112874537706375,0.0017516668885946274,-0.012717858888208866
1746739150458621000,42.28662084960938,0.00019232556223869324,-0.0002702050842344761,-0.01427793875336647
1746739150468700000,42.296699951171874,-0.0008842749521136284,0.0011694738641381264,-0.015489833429455757
1746739150478779100,42.30677905273438,-0.0021775062195956707,-0.0015259115025401115,-0.017102377489209175
1746739150488858000,42.316858154296874,-0.0013207807205617428,-0.006406019441783428,-0.01307319849729538
1746739150498936800,42.326936767578125,-0.002008675131946802,-0.0069112214259803295,-0.009670211933553219
1746739150509016000,42.33701611328125,-0.00224487716332078,-0.0003671972081065178,-0.005770050920546055
1746739150519095000,42.347094970703125,0.0006907251663506031,-0.00033523933961987495,0.004711618646979332
1746739150529174000,42.35717407226562,0.0026173496153205633,0.00012934813275933266,0.014088226482272148
1746739150539253000,42.3672529296875,-0.0010370402596890926,0.002452157437801361,0.019678734242916107
1746739150549332000,42.37733203125,-0.0017880224622786045,0.00293560279533267,0.01662861742079258
1746739150559411000,42.38741088867187,-0.0020394250750541687,0.0028157602064311504,0.014655482023954391
1746739150569490000,42.39748999023438,-0.0009533665142953396,-0.000510155688971281,0.0045998794957995415
1746739150579569200,42.40756909179687,-0.0009866561740636826,0.0011694999411702156,-0.004761930555105209
1746739150589648100,42.417648193359376,0.0013737976551055908,0.004617893602699041,-0.014357948675751686
1746739150599726800,42.42772680664063,0.0020515723153948784,0.0032418384216725826,-0.019878415390849113
1746739150609806000,42.43780615234375,0.0018172003328800201,-0.00042120134457945824,-0.017708126455545425
1746739150619885000,42.44788500976563,-0.001129054930061102,-0.0032886266708374023,-0.015652965754270554
1746739150629964000,42.457964111328124,-0.0003706882707774639,-0.007186539936810732,-0.004912893287837505
1746739150640043000,42.46804296875,-0.0022855009883642197,-0.0062301987782120705,0.004466227255761623
1746739150650122000,42.4781220703125,-0.003530836198478937,-0.0029837461188435555,0.010360145941376686
1746739150660201000,42.488200927734376,-0.004469333682209253,-0.0018873224034905434,0.008838947862386703
1746739150670280000,42.49828002929687,-0.0036650593392550945,0.003023013938218355,0.005770719610154629
1746739150680359000,42.50835888671875,-0.0035502766259014606,0.004741551820188761,-0.0008048912277445197
1746739150690438000,42.51843798828125,0.0007623485289514065,0.004461145959794521,-0.00259354617446661
1746739150700516900,42.52851684570312,-0.0010877498425543308,0.0035615302622318268,0.0008770853164605796
1746739150710596900,42.53859692382812,0.003955983556807041,0.00025076186284422874,0.0001767483918229118
1746739150720675800,42.54867578125,0.00205342099070549,-0.0007726908661425114,0.0006230942090041935
1746739150730754800,42.5587548828125,0.002744798082858324,0.0017903083935379982,-0.007406260352581739
1746739150740833800,42.568833740234375,0.004681182559579611,0.00733660813421011,-0.011134419590234756
1746739150750913000,42.5789130859375,0.002470665145665407,0.0030655651353299618,-0.01071458961814642
1746739150760991700,42.58899169921875,0.00015078578144311905,0.00045060692355036736,-0.009506046772003174
1746739150771071000,42.59907104492188,-0.002954019233584404,0.0023682196624577045,-0.006172453984618187
1746739150781150000,42.60914990234375,-0.0005694250576198101,0.0016278610564768314,-0.0007433339487761259
1746739150791228700,42.619228759765626,-0.0013892087154090405,0.002419055439531803,0.003507983172312379
1746739150801308000,42.62930786132812,0.0006694146431982517,0.0021138563752174377,0.007516839541494846
1746739150811387000,42.639386962890626,0.0024161136243492365,0.002365900669246912,0.0073037114925682545
1746739150821465900,42.6494658203125,0.0038773901760578156,0.003183757420629263,0.006528198719024658
1746739150831544800,42.659544921875,0.00336927967146039,0.003584400750696659,0.008111409842967987
1746739150841623800,42.66962377929688,0.0020318401511758566,0.0009563937783241272,0.006824837066233158
1746739150851703000,42.679703125,0.0014123604632914066,-0.0017771553248167038,0.00011180400906596333
1746739150861781800,42.68978173828125,0.00046028057113289833,-0.00034197745844721794,-0.0029367164243012667
1746739150871861000,42.69986108398437,0.0014329887926578522,0.0018172599375247955,-0.009037066251039505
1746739150881940000,42.70993994140625,0.0012292568571865559,0.003313690423965454,-0.013902661390602589
1746739150892018700,42.72001879882812,0.0025821218732744455,0.0023242197930812836,-0.016992421820759773
1746739150902098000,42.730097900390625,0.0020287169609218836,0.0028208987787365913,-0.016269640997052193
1746739150912177000,42.74017700195313,0.0012854579836130142,0.0014936630614101887,-0.01375561486929655
1746739150922256000,42.750255859375,0.0003293831832706928,-0.0013141077943146229,-0.013169187121093273
1746739150932334800,42.7603349609375,-0.0008124443702399731,-0.0031004799529910088,-0.00675622234120965
1746739150942413800,42.77041381835937,0.00046374276280403137,-0.002169438637793064,0.0005453666090033948
1746739150952493000,42.7804931640625,0.0006911330856382847,0.00011187884956598282,0.004038181155920029
1746739150962571800,42.79057177734375,-0.00019330251961946487,0.0025638514198362827,0.005030208732932806
1746739150972650800,42.800650634765624,0.001590922474861145,0.004672944080084562,0.004814607091248035
1746739150982730000,42.81072998046875,-0.0012501375749707222,0.0024116546846926212,0.006605316419154406
1746739150992808700,42.82080859375,-0.001950578298419714,0.00011645909398794174,0.00431366590783
1746739151002888000,42.83088793945313,-0.002953258343040943,0.00022964319214224815,0.0006142687052488327
1746739151012967000,42.840966796875,-0.0029411204159259796,-0.003486969508230686,-0.0036225931253284216
1746739151023046000,42.8510458984375,-0.004040207713842392,-0.0025354218669235706,-0.013239534571766853
1746739151033124900,42.86112475585937,-0.0020075784996151924,-0.003386849770322442,-0.019268322736024857
1746739151043203800,42.871203857421875,-0.0032965485006570816,-0.0023080031387507915,-0.017804382368922234
1746739151053283000,42.88128295898437,-0.0003418494015932083,-0.0035695394035428762,-0.013078836724162102
1746739151063361800,42.89136181640625,-0.000989796593785286,-0.0020480756647884846,-0.00822922121733427
1746739151073440800,42.90144067382813,-0.0022783419117331505,0.003798895049840212,-0.005662268493324518
1746739151083520000,42.91152001953125,-0.001084180548787117,0.004715022165328264,0.0016089602140709758
1746739151093598700,42.9215986328125,-0.0010654572397470474,0.0024898946285247803,0.009758954867720604
1746739151103678000,42.93167797851562,0.00003895582631230354,0.0008989227935671806,0.011025819927453995
1746739151113757000,42.9417568359375,0.0009344029240310192,0.0025443928316235542,0.009870275855064392
1746739151123836000,42.9518359375,0.0011700927279889584,-0.0016487538814544678,0.012221047654747963
1746739151133915000,42.961914794921874,-0.0017039640806615353,0.001144652720540762,0.005403583869338036
1746739151143993900,42.97199389648438,0.00015438999980688095,0.001998994965106249,0.00035183364525437355
1746739151154072800,42.98207275390625,0.0033964922185987234,0.0008439556695520878,-0.006050062831491232
1746739151164151800,42.99215185546875,0.0019634452182799578,0.0007121297530829906,-0.009867438115179539
1746739151174230800,43.00223071289062,0.0025495414156466722,0.0014406624250113964,-0.011691096238791943
1746739151184310000,43.01231005859375,0.005142927635461092,-0.00198309775441885,-0.010501994751393795
1746739151194389000,43.02238891601562,0.0071530393324792385,-0.005052600987255573,-0.007458723150193691
1746739151204467700,43.0324677734375,0.006757293362170458,-0.00431437324732542,0.001025575678795576
1746739151214547000,43.042546875,0.0042519280686974525,-0.001961925532668829,0.0018126118229702115
1746739151224626000,43.0526259765625,0.002824740018695593,0.000180054921656847,0.0019942393992096186
1746739151234705000,43.06270483398438,-0.0008338605985045433,0.0014598905108869076,0.003731382777914405
1746739151244783900,43.07278393554687,-0.002843482419848442,0.002395458985120058,0.004274401348084211
1746739151254862800,43.08286279296875,-0.0007137521170079708,-0.0004653092473745346,0.0036757225170731544
1746739151264941800,43.09294189453125,0.0011970656923949718,-0.00215162243694067,0.0009486457565799356
1746739151275020800,43.103020751953125,-0.0004901615902781487,-0.0016099074855446815,-0.0017591016367077827
1746739151285100000,43.11310009765625,0.001730115618556738,-0.004328728653490543,-0.00548752723261714
1746739151295179000,43.123178955078124,0.0021976155694574118,-0.006106683053076267,0.004399570170789957
1746739151305257700,43.1332578125,0.0006252853199839592,-0.0028030318208038807,0.004395308904349804
1746739151315337000,43.1433369140625,-0.00035072537139058113,-0.0014210538938641548,0.00843882653862238
1746739151325416000,43.153416015625,0.0009507616050541401,0.0018317308276891708,0.007856925949454308
1746739151335494700,43.16349462890625,-0.002954477444291115,0.004656914155930281,0.011418066918849945
1746739151345574000,43.173573974609376,0.0007667574100196362,0.002414266113191843,0.011781321838498116
1746739151355652900,43.18365283203125,-0.0005196142010390759,0.0012631635181605816,0.009542934596538544
1746739151365731800,43.19373193359375,0.0038876510225236416,0.001890071202069521,0.006909867748618126
1746739151375810800,43.20381079101563,0.004608180373907089,-0.002104617189615965,-0.0034651614259928465
1746739151385891000,43.21389111328125,0.005074499640613794,0.00019582128152251244,-0.0072420560754835606
1746739151395969800,43.2239697265625,0.003250305773690343,-0.004071334842592478,-0.008052532561123371
1746739151406048800,43.234048828125,0.0031272675842046738,-0.0018353448249399662,-0.0013277847319841385
1746739151416128000,43.2441279296875,0.0011803749948740005,-0.0015982710756361485,0.005080692935734987
1746739151426206700,43.254206787109375,-0.0007402966730296612,0.0028614583425223827,0.009156927466392517
1746739151436286000,43.26428588867188,-0.003347409423440695,0.0033775269985198975,0.013439176604151726
1746739151446365000,43.274364990234375,-0.0032249041832983494,0.003277924843132496,0.017098892480134964
1746739151456444000,43.28444384765625,0.00009462563320994377,0.0042549315840005875,0.013090375810861588
1746739151466523000,43.29452294921875,0.001112752128392458,0.002469015307724476,0.01096970122307539
1746739151476601900,43.304601806640626,0.001347642857581377,0.0016911057755351067,0.004548553843051195
1746739151486681000,43.31468115234375,0.0037175901234149933,0.0008319700136780739,-0.005492095835506916
1746739151496759800,43.324759765625,0.00035148393362760544,-0.0043069422245025635,-0.006478603463619947
1746739151506838800,43.3348388671875,0.0036753753665834665,-0.004604417365044355,-0.007187004201114178
1746739151516918000,43.34491796875,0.0027062941808253527,-0.0010883021168410778,-0.009575138799846172
1746739151526996700,43.35499682617188,0.002239175606518984,-0.0011016177013516426,-0.011750674806535244
1746739151537075700,43.36507568359375,0.0013411291874945164,-0.0036098617129027843,-0.008357011713087559
1746739151547155000,43.37515502929688,0.0023691095411777496,-0.0007392400875687599,-0.004372922703623772
1746739151557234000,43.38523388671875,-0.0004459167830646038,-0.0008988166227936745,0.0013069194974377751
1746739151567313000,43.39531298828125,-0.0012672357261180878,0.0012298482470214367,0.00973742175847292
1746739151577391900,43.40539184570312,-0.003009619191288948,0.0013531004078686237,0.01315600797533989
1746739151587470800,43.415470947265625,-0.003940126858651638,0.0001125996932387352,0.015378949232399464
1746739151597549800,43.4255498046875,0.000818941742181778,0.00024149660021066666,0.01475576963275671
1746739151607628800,43.43562890625,-0.0015190476551651955,0.0001176595687866211,0.00885873194783926
1746739151617708000,43.4457080078125,0.002032608026638627,-0.004279434680938721,0.005112078506499529
1746739151627786800,43.45578686523437,0.0038435575552284718,-0.005635782610625029,-0.0001338160363957286
1746739151637865700,43.46586572265625,0.0019527424592524767,-0.003780810860916972,-0.0016637991648167372
1746739151647945000,43.47594506835937,0.0011298255994915962,-0.002638581208884716,-0.0070228781551122665
1746739151658024000,43.48602392578125,0.0012196456082165241,-0.0016316128894686699,-0.011700531467795372
1746739151668103000,43.49610302734375,0.00208091177046299,-0.003241493832319975,-0.013244365341961384
1746739151678182000,43.506181884765624,0.004622375592589378,0.0007170084863901138,-0.007556346710771322
1746739151688261000,43.51626123046875,0.003918768372386694,-0.00014399178326129913,-0.0041600177064538
1746739151698339800,43.52633984375,0.004090921953320503,0.0010506696999073029,0.0038665973115712404
1746739151708418800,43.536418701171876,0.002812870778143406,-0.002774961292743683,0.011805480346083641
1746739151718498000,43.546498046875,0.0023178618866950274,0.0006749238818883896,0.01732373982667923
1746739151728577000,43.556576904296875,0.00042568566277623177,0.00437618512660265,0.01434233132749796
1746739151738656000,43.56665600585937,-0.0009687962010502815,0.004694246221333742,0.005948617123067379
1746739151748735000,43.57673486328125,-0.0012340466491878033,0.0015799454413354397,0.0015852942597121
1746739151758814000,43.58681396484375,0.0018217861652374268,-0.0030801063403487206,-0.0038383465725928545
1746739151768893000,43.59689282226562,-0.0003590765409171581,-0.005309171974658966,-0.004007724113762379
1746739151778972000,43.60697192382813,0.0015452941879630089,-0.0029492350295186043,-0.0022242125123739243
1746739151789051100,43.61705102539062,-0.0023205499164760113,0.0009648129343986511,0.000013641751138493419
1746739151799129900,43.6271298828125,0.004988378845155239,-0.0003180094063282013,0.0007962363888509572
1746739151809208800,43.63720874023438,0.0016453126445412636,0.00010596588253974915,0.005536396522074938
1746739151819288000,43.6472880859375,0.0021552075631916523,-0.0006494107656180859,0.00827819388359785
1746739151829367000,43.65736694335938,0.0030473663937300444,0.00039561372250318527,0.006763653829693794
1746739151839446000,43.667446044921874,0.0026361304335296154,0.00031363917514681816,0.0020307647064328194
1746739151849525000,43.67752490234375,0.0013484922237694263,0.003238588571548462,-0.0009687537094578147
1746739151859604000,43.68760400390625,-0.0019251084886491299,0.002106800675392151,-0.0034755088854581118
1746739151869683000,43.697682861328126,-0.0031333849765360355,0.0004455205053091049,-0.0025098465848714113
1746739151879762000,43.70776196289062,-0.0017160791903734207,-0.002765001729130745,-0.0010839920723810792
1746739151889841000,43.7178408203125,-0.001337643712759018,-0.004928021226078272,0.003099567722529173
1746739151899920000,43.727919921875,-0.0032649794593453407,-0.004992439411580563,0.000239288347074762
1746739151909998800,43.73799877929687,-0.00398030411452055,-0.002410238143056631,0.0011735253501683474
1746739151920078000,43.748078125,-0.0011088065803050995,-0.0045972298830747604,-0.0017381409415975213
1746739151930157000,43.75815698242187,0.00046458886936306953,-0.003113849088549614,-0.002051594899967313
1746739151940235800,43.76823583984375,-0.0003633154556155205,-0.0022911722771823406,0.002787824720144272
1746739151950315000,43.77831494140625,-0.0034200921654701233,-0.0008802297525107861,0.006813725456595421
1746739151960394000,43.78839404296875,-0.0025368942879140377,-0.0015450865030288696,0.005421840585768223
1746739151970473000,43.79847290039063,0.0000727376900613308,0.0006070146337151527,0.00596033176407218
1746739151980552000,43.808552001953124,0.0014072204940021038,-0.0011363658122718334,-0.0011575041571632028
1746739151990631000,43.818630859375,0.002033329801633954,0.0012418371625244617,0.0007703581941314042
1746739152000710000,43.8287099609375,0.0027462849393486977,0.004388170316815376,0.004237266723066568
1746739152010788900,43.838788818359376,0.0033952973317354918,-0.0015959525480866432,0.010065860114991665
1746739152020868000,43.8488681640625,0.004129098728299141,-0.00027918070554733276,0.009949141182005405
1746739152030947000,43.858947021484376,0.00019587622955441475,0.0015160562470555305,0.007173861376941204
1746739152041025800,43.86902587890625,-0.00047747138887643814,0.0026856111362576485,0.00883255060762167
1746739152051105000,43.87910498046875,-0.004106561187654734,0.00236603245139122,0.004583477508276701
1746739152061184000,43.88918408203125,-0.0012562735937535763,0.0022697574459016323,0.004859231412410736
1746739152071262700,43.8992626953125,-0.002966822125017643,0.004879921209067106,0.000023996239178813994
1746739152081342000,43.90934204101563,0.0012006149627268314,0.0003737998194992542,-0.0000980898184934631
1746739152091421000,43.9194208984375,0.002816887339577079,0.0002707354724407196,0.00042575394036248326
1746739152101500200,43.92950024414063,0.004521605558693409,-0.0015252185985445976,0.002021521795541048
1746739152111579000,43.93957885742188,0.005932282190769911,0.0007387343794107437,0.005215184763073921
1746739152121657900,43.949657958984375,0.0009291381575167179,0.001645087730139494,0.006543374620378017
1746739152131737000,43.95973706054688,0.0014913314953446388,0.0005236305296421051,0.003948656842112541
1746739152141815800,43.96981591796875,0.00013455143198370934,0.0010462482459843159,0.008268230594694614
1746739152151895000,43.97989501953125,-0.00021086027845740318,0.004455626476556063,0.011869356967508793
1746739152161974000,43.98997412109375,0.0004262477159500122,-0.001357251312583685,0.0095028355717659
1746739152172052700,44.000052734375,-0.003815635573118925,0.0024065948091447353,0.0055887880735099316
1746739152182132000,44.01013208007812,-0.0017777206376194954,0.0027656382881104946,0.0035745224449783564
1746739152192211000,44.0202109375,-0.0011974177323281765,-0.0013385596685111523,-0.0032708668150007725
1746739152202291000,44.030291015625,0.0005161827430129051,-0.001919980626553297,-0.007710203528404236
1746739152212370000,44.04036987304688,0.0027431179769337177,-0.0028773872181773186,-0.008350160904228687
1746739152222449200,44.05044921875,0.002766604535281658,0.0006506890058517456,-0.007321684621274471
1746739152232528000,44.06052783203125,0.0033908493351191282,-0.00473928265273571,-0.0026792625430971384
1746739152242606800,44.07060693359375,0.0018295312765985727,-0.003735670819878578,0.004962562117725611
1746739152252686000,44.08068603515625,0.0007349718362092972,-0.002162009011954069,0.008293644525110722
1746739152262765000,44.09076513671875,-0.0033775451593101025,0.0028020734898746014,0.008342229761183262
1746739152272843800,44.10084375,-0.0028771371580660343,-0.000009159091860055923,0.011112450622022152
1746739152282923000,44.11092309570312,-0.003484207671135664,0.002145447302609682,0.007743579335510731
1746739152293002000,44.121001953125,-0.004122833255678415,0.00026765232905745506,0.004601848311722279
1746739152303081000,44.1310810546875,-0.0004704468883574009,0.0002547833137214184,0.0033194683492183685
1746739152313160000,44.14115991210937,0.0007452862337231636,-0.00152633897960186,-0.005709180608391762
1746739152323239000,44.151239013671876,0.0028218249790370464,-0.0006772968918085098,-0.00784244854003191
1746739152333318000,44.16131787109375,0.0007525486871600151,-0.0012695835903286934,-0.004156101029366255
1746739152343396900,44.17139697265625,0.0008490276522934437,-0.000604565255343914,7.501948857679963e-7
1746739152353476000,44.18147607421875,0.000029040034860372543,-0.0011475840583443642,0.0013831971446052194
1746739152363555000,44.19155517578125,-0.00027179624885320663,-0.0003418712876737118,0.0023383991792798042
1746739152373633800,44.2016337890625,-0.00020308652892708778,0.0026845447719097137,0.010163831524550915
1746739152383713000,44.211713134765624,0.0007948209531605244,0.002445765770971775,0.011191772297024727
1746739152393792000,44.2217919921875,-0.0005535376258194447,0.0014329655095934868,0.015599037520587444
1746739152403871000,44.23187109375,-0.00034360820427536964,0.0029507274739444256,0.010707000270485878
1746739152413950000,44.241949951171875,-0.0005912822671234608,0.004854355473071337,0.001851723762229085
1746739152424029000,44.25202880859375,-0.0017617912963032722,0.0049252756871283054,-0.004304136615246534
1746739152434108000,44.26210791015625,0.0012084324844181538,0.00017020106315612793,-0.003817843273282051
1746739152444187000,44.27218676757813,0.0012273266911506653,0.002716320101171732,-0.009609339758753777
1746739152454266000,44.28226611328125,0.0016443775966763496,-0.0026877662166953087,-0.004147995263338089
1746739152464345000,44.29234497070313,0.001201752107590437,-0.001754571683704853,-0.0008025724673643708
1746739152474423800,44.302423828125,0.0025570346042513847,-0.0018778759986162186,-0.0013202909613028169
1746739152484503000,44.3125029296875,0.00116398511454463,0.002430773340165615,-0.0005813007010146976
1746739152494582000,44.32258203125,0.0010025976225733757,0.0028190622106194496,0.002773483283817768
1746739152504660700,44.33266064453125,-0.001066490076482296,0.0016888179816305637,0.007119262591004372
1746739152514740000,44.34273999023438,-0.003380510490387678,0.0018118559382855892,0.0017492647748440504
1746739152524819000,44.35281884765625,-0.00217265821993351,-0.004450403619557619,0.005767247639596462
1746739152534898000,44.36289794921875,-0.0027329870499670506,-0.002677537500858307,0.003058013506233692
1746739152544977000,44.37297680664062,-0.0008781338110566139,-0.003353159874677658,0.004918888211250305
1746739152555055900,44.383055908203126,-0.0022824183106422424,-0.0036439772229641676,-0.001854062546044588
1746739152565135000,44.39313500976562,-0.0011494946666061878,-0.005823638755828142,-0.00216174079105258
1746739152575213800,44.4032138671875,-0.002754848450422287,-0.0033969664946198463,-0.00427096476778388
1746739152585293000,44.41329296875,0.0019664536230266094,-0.0020987573079764843,-0.0001369755482301116
1746739152595372000,44.4233720703125,0.003735325299203396,-0.003624748671427369,0.004882018081843853
1746739152605450800,44.43345068359375,0.002562030917033553,-0.002199131064116955,0.004974086303263903
1746739152615530000,44.44353002929687,0.002214222215116024,0.0007348735816776752,0.001495199277997017
1746739152625609000,44.45360888671875,0.002546030329540372,0.0024437690153717995,2.2009771782904863e-7
1746739152635688200,44.46368823242187,-0.0000886349007487297,0.0031242072582244873,-0.0018173872958868742
1746739152645767000,44.473766845703125,0.0029897645581513643,0.0011245757341384888,-0.0005242399056442082
1746739152655846000,44.48384594726563,0.0019444737117737532,0.0014822380617260933,-0.003147187177091837
1746739152665925000,44.493925048828125,0.0008029039017856121,-0.002424968872219324,-0.005412008613348007
1746739152676003800,44.50400390625,0.0007733427919447422,-0.004808497615158558,-0.006156628020107746
1746739152686082800,44.51408276367187,-0.0051978533156216145,-0.000589731615036726,-0.0031548659317195415
1746739152696162000,44.524162109375,0.0009114383719861507,-0.001958063803613186,0.00585087900981307
1746739152706240800,44.53424072265625,0.0027228640392422676,-0.0019676480442285538,0.013434795662760735
1746739152716320000,44.544320068359376,0.0019257799722254276,0.002039077691733837,0.013269413262605667
1746739152726399000,44.55439892578125,0.0009986846707761288,0.005257213953882456,0.01077091321349144
1746739152736478000,44.56447802734375,0.004139882978051901,0.007018096279352903,0.007045149803161621
1746739152746557000,44.57455688476563,0.00046747131273150444,0.0031153918243944645,0.0054387375712394714
1746739152756636000,44.584635986328124,-0.001012447290122509,-0.0005304752849042416,0.0011779461055994034
1746739152766715100,44.59471508789063,0.0007820539176464081,-0.0026583950966596603,-0.005424375180155039
1746739152776793900,44.6047939453125,-0.0011708419770002365,-0.002821114379912615,-0.007370879873633385
1746739152786872800,44.614872802734375,-0.001941537018865347,-0.004376559052616358,-0.014145735651254654
1746739152796952000,44.6249521484375,-0.001388664823025465,-0.0033624274656176567,-0.0159782562404871
1746739152807031000,44.635031005859375,0.0018627878744155169,-0.0026885387487709522,-0.010957173071801662
1746739152817110000,44.64511010742188,0.0020036690402776003,-0.002949528396129608,-0.007686545606702566
1746739152827189000,44.65518896484375,0.00506997387856245,-0.004127444699406624,0.0035333523992449045
1746739152837268000,44.66526806640625,-0.0013205474242568016,-0.001453098375350237,0.010189923457801342
1746739152847347000,44.67534692382812,-0.002692403271794319,0.0033655166625976562,0.017517119646072388
1746739152857426000,44.685426025390626,-0.001205294393002987,0.0008719982579350471,0.016158374026417732
1746739152867505200,44.69550512695312,-0.0030094352550804615,-0.0004216330125927925,0.015351287089288235
1746739152877584000,44.705583984375,-0.0013145999982953072,0.0015605571679770947,0.002502067480236292
1746739152887662800,44.71566284179688,-0.0012432970106601715,0.00001984182745218277,-0.00893781054764986
1746739152897742000,44.7257421875,0.003741608001291752,-0.0020949747413396835,-0.010497091338038445
1746739152907821000,44.73582104492188,0.004581785760819912,-0.003298752009868622,-0.013087771832942963
1746739152917899800,44.74589965820312,0.0020981216803193092,-0.005651654675602913,-0.014108827337622643
1746739152927979000,44.75597900390625,0.0019644612912088633,-0.005773728247731924,-0.004924012813717127
1746739152938058000,44.76605810546875,0.0015785694122314453,-0.0037374754901975393,-0.003826257772743702
1746739152948137000,44.776136962890625,-0.0005965339951217175,-0.0012311260215938091,0.00015125521167647094
1746739152958216000,44.7862158203125,-0.0006644446402788162,0.002891979645937681,0.006455756723880768
1746739152968295000,44.796294921875,-0.00020328816026449203,0.003766110632568598,0.008438516408205032
1746739152978374000,44.80637377929688,-0.0000930330716073513,0.003678226377815008,0.011121384799480438
1746739152988452900,44.81645288085937,-0.0009900559671223164,0.007064326200634241,0.008651076816022396
1746739152998532000,44.826531982421876,0.001331687904894352,0.006793482694774866,0.002248837612569332
1746739153008611000,44.83661108398437,0.0017029722221195698,0.005812510848045349,-0.003176937811076641
1746739153018689800,44.846689697265624,0.004827393218874931,0.0025107236579060555,-0.009649750776588917
1746739153028769000,44.85676904296875,0.006327170878648758,-0.0001670350320637226,-0.006983845494687557
1746739153038848000,44.866847900390624,0.004658434074372053,-0.00195694575086236,-0.00793486088514328
1746739153048927000,44.87692700195313,-0.00003970041871070862,0.0006896923296153545,-0.009614379145205021
1746739153059006000,44.887005859375,0.00012701330706477165,-0.0025100959464907646,-0.0043373252265155315
1746739153069085000,44.8970849609375,-0.0012972899712622166,-0.006894577760249376,0.00010031210695160553
1746739153079164000,44.90716381835937,-0.0031218212097883224,-0.004910256713628769,0.00427827937528491
1746739153089243000,44.917242919921875,-0.0050789848901331425,0.001629429403692484,0.0029988200403749943
1746739153099321900,44.92732177734375,-0.0050054811872541904,0.0030092126689851284,0.001587877282872796
1746739153109401000,44.937401123046875,-0.004040107596665621,0.006070408038794994,-0.0009114590939134359
1746739153119479800,44.94747973632813,-0.0029138573445379734,0.004812064580619335,-0.002094967756420374
1746739153129559000,44.95755908203125,0.002110435161739588,-0.001985464245080948,-0.0007013401482254267
1746739153139638000,44.96763793945313,0.0059509798884391785,-0.006024680566042662,0.00024381573894061148
1746739153149716700,44.977716796875,0.006669866852462292,-0.004168088082224131,-0.0034942692145705223
1746739153159796000,44.9877958984375,0.004943339619785547,0.0007566292770206928,-0.0039861551485955715
1746739153169875000,44.997875,-0.000029221177101135254,0.005671363323926926,-0.004602528177201748
1746739153179954200,45.0079541015625,-0.001392759382724762,-0.0005479166284203529,-0.0016813065158203244
1746739153190033000,45.01803295898438,-0.0016455203294754028,0.000025121960788965225,0.0016921134665608406
1746739153200111900,45.02811181640625,-0.0020543155260384083,-0.000995934009552002,-0.0013944902457296848
1746739153210191000,45.03819116210938,-0.003706829622387886,-0.0055644316598773,-0.0019909965340048075
1746739153220269800,45.04826977539062,-0.0013576550409197807,-0.005884277168661356,-0.001850381726399064
1746739153230349000,45.05834912109375,-0.0007461658678948879,-0.007042942568659782,-0.0006977604934945703
1746739153240428000,45.06842797851562,-0.004748630803078413,-0.009527405723929405,-0.0015941805904731154
1746739153250506800,45.0785068359375,-0.004350027535110712,-0.0036887191236019135,-0.004584034904837608
1746739153260586000,45.0885859375,-0.0027646473608911037,-0.0028804498724639416,-0.007374761626124382
1746739153270665000,45.0986650390625,-0.0018385229632258415,0.0002554766833782196,-0.0008091573836281896
1746739153280744000,45.10874389648438,0.0011982796713709831,0.0014472417533397675,0.004122750833630562
1746739153290824000,45.11882397460938,0.0017854797188192606,0.005816614720970392,0.010104471817612648
1746739153300902000,45.12890185546875,0.0010789432562887669,0.001866880338639021,0.009712986648082733
1746739153310982000,45.13898193359375,0.003795740194618702,0.005140245892107487,0.004330177325755358
1746739153321060900,45.14906079101563,0.002598382765427232,0.00314394012093544,0.0005998876295052469
1746739153331140000,45.15914013671875,-0.0002266550436615944,0.0013406607322394848,-0.0013882415369153023
1746739153341219000,45.16921899414063,0.000053509604185819626,0.0018450631760060787,-0.0037217033095657825
1746739153351297800,45.1792978515625,-0.0031570042483508587,0.0020570242777466774,-0.006881999783217907
1746739153361377000,45.189376953125,-0.00033005839213728905,0.0015041520819067955,-0.0067200795747339725
1746739153371456000,45.1994560546875,-0.0008510034531354904,0.000674540176987648,-0.0022486853413283825
1746739153381535000,45.209534912109376,0.002202576957643032,0.0031022783368825912,0.00041287761996500194
1746739153391614000,45.21961401367187,0.0019414243288338184,0.0032653273083269596,0.007775429170578718
1746739153401693000,45.22969287109375,0.005336422007530928,0.0010032379068434238,0.014348377473652363
1746739153411772000,45.23977197265625,0.0023570936173200607,0.004272350575774908,0.009989351034164429
1746739153421851000,45.249850830078124,-0.0004791729152202606,0.006532309111207724,0.003251287853345275
1746739153431930000,45.25993017578125,-0.002182074822485447,0.0038015125319361687,-0.002392719965428114
1746739153442009000,45.270009033203124,-0.0004110727459192276,0.0008304901421070099,-0.006565893534570932
1746739153452087800,45.280087890625,-0.002356340177357197,-0.000512947328388691,-0.012328854762017727
1746739153462167000,45.2901669921875,-0.002996032126247883,-0.0029851598665118217,-0.012798902578651905
1746739153472246000,45.30024609375,-0.0015463014133274555,-0.004836726002395153,-0.01530801597982645
1746739153482324700,45.31032470703125,-0.0063668894581496716,-0.005066823214292526,-0.017368769273161888
1746739153492404000,45.320404052734375,-0.0025525433011353016,-0.003107903990894556,-0.017297592014074326
1746739153502483000,45.33048291015625,-0.0002872585318982601,0.0005430234596133232,-0.014450672082602978
1746739153512562000,45.34056201171875,-0.0023313071578741074,-0.0027971407398581505,-0.009105897508561611
1746739153522641000,45.350640869140626,-0.0008428660221397877,-0.0029910188168287277,-0.0024194992147386074
1746739153532719900,45.36071997070312,0.0015391833148896694,-0.00034944526851177216,0.002318369457498193
1746739153542799000,45.370799072265626,-0.0008906847797334194,0.005637607537209988,0.007058529648929834
1746739153552877800,45.3808779296875,-0.0020072725601494312,0.002196257933974266,0.008197802118957043
1746739153562957000,45.39095703125,-0.0021473546512424946,-0.000017094891518354416,0.010625006631016731
1746739153573036000,45.4010361328125,-0.0026425025425851345,0.00048219040036201477,0.007324672769755125
1746739153583114800,45.41111474609375,-0.0016661877743899822,-0.003069401253014803,-0.0029729721136391163
1746739153593194000,45.42119409179688,-0.003781302832067013,0.0006797546520829201,-0.007322231307625771
1746739153603273000,45.43127294921875,-0.004740839824080467,-0.004027382470667362,-0.011338544078171253
1746739153613352000,45.44135205078125,0.000011837109923362732,-0.002922436688095331,-0.014226210303604603
1746739153623431000,45.45143090820312,-0.0002707242965698242,0.0003114398568868637,-0.013540445826947689
1746739153633510000,45.461510009765625,-0.0009443103335797787,-0.0005463925190269947,-0.013344892300665379
1746739153643589000,45.47158911132812,0.0016570654697716236,-0.0009085824713110924,-0.009870266541838646
1746739153653667800,45.48166772460937,0.0024100407026708126,-0.001411020290106535,-0.005313402507454157
1746739153663747600,45.49174755859375,0.003747480222955346,0.0021397722885012627,-0.0010917596518993378
1746739153673826800,45.50182690429688,0.001350513193756342,0.006611807271838188,-0.0030922137666493654
1746739153683905500,45.51190551757813,0.0012924564070999622,0.004013894125819206,-0.00033770615118555725
1746739153693984500,45.521984619140625,-0.0016876435838639736,0.003961054142564535,0.0003342505660839379
1746739153704063700,45.53206372070313,-0.0018002954311668873,0.0029336060397326946,0.0013158917427062988
1746739153714142500,45.542142578125,-0.0028796247206628323,0.005598816554993391,0.003417089581489563
1746739153724221400,45.552221435546876,-0.0012090234085917473,-0.0001128646545112133,-0.00191056402400136
1746739153734300700,45.56230078125,0.0004765358753502369,-0.003113230224698782,-0.0020949370227754116
1746739153744379600,45.572379638671876,0.0031796444673091173,-0.0065108914859592915,-0.003801490180194378
1746739153754458600,45.58245874023437,-0.0005957689136266708,-0.004192056600004435,-0.007857326418161392
1746739153764537600,45.59253759765625,-0.003325775731354952,0.0003686067648231983,-0.009894910268485546
1746739153774616600,45.60261645507813,-0.00040121516212821007,0.002628353424370289,-0.010702534578740597
1746739153784695600,45.612695556640624,-0.00011945236474275589,0.0014019673690199852,-0.004767147358506918
1746739153794774500,45.6227744140625,-0.0005963067524135113,-0.002305971458554268,-0.000911049428395927
1746739153804853800,45.632853759765624,-0.0019622421823441982,-0.0007986221462488174,0.0033963473979383707
1746739153814932500,45.642932373046875,-0.0033531123772263527,0.0013607703149318695,0.004492166917771101
1746739153825011500,45.65301147460937,-0.0020862468518316746,0.0005775350145995617,0.001990926219150424
1746739153835090700,45.663090576171875,-0.0023422702215611935,0.0006205416284501553,-0.003633552696555853
1746739153845169700,45.67316967773438,-0.0014296048320829868,0.0011435863561928272,-0.01325981505215168
1746739153855248600,45.68324853515625,-0.0030829953029751778,0.00023348163813352585,-0.016247011721134186
1746739153865327600,45.69332763671875,-0.0031405193731188774,-0.0034499363973736763,-0.018146377056837082
1746739153875406600,45.70340649414062,-0.0018020905554294586,-0.005357015412300825,-0.019123194739222527
1746739153885485600,45.713485595703126,-0.002205825876444578,-0.005376722663640976,-0.019957562908530235
1746739153895564500,45.723564453125,-0.0022413362748920918,-0.00878707505762577,-0.015134946443140507
1746739153905643500,45.7336435546875,-0.004031246993690729,-0.00422694394364953,-0.01169147901237011
1746739153915722500,45.74372241210938,-0.005894760601222515,-0.001991855911910534,-0.0032292124815285206
1746739153925801500,45.753801513671874,-0.005472916178405285,-0.001964158844202757,0.005132846534252167
1746739153935880700,45.76388061523438,-0.004978733137249947,0.0026659127324819565,0.010943402536213398
1746739153945959700,45.773959716796874,-0.004850635305047035,0.0034882966428995132,0.013984199613332748
1746739153956038400,45.784038330078126,-0.0033198725432157516,0.004818168468773365,0.017457270994782448
1746739153966117600,45.79411767578125,0.00030069518834352493,0.0025052130222320557,0.01637868955731392
1746739153976196600,45.804196533203125,-0.001156458631157875,0.005790403578430414,0.00574302114546299
1746739153986275600,45.81427563476562,0.001498713158071041,0.005398119334131479,-0.0007572222384624183
1746739153996354600,45.8243544921875,0.001979307970032096,0.00539219006896019,-0.008131488226354122
1746739154006433500,45.83443359375,0.005839560180902481,0.001138855703175068,-0.011713706888258457
1746739154016512500,45.84451245117187,0.004875788930803537,0.0013059098273515701,-0.009108063764870167
1746739154026591500,45.85459155273438,0.0033138450235128403,0.0025645196437835693,-0.009751217439770699
1746739154036670700,45.86467065429687,0.0007673762738704681,0.0025309184566140175,-0.0017261309549212456
1746739154046749700,45.874749755859376,0.0007223687134683132,-0.001122938934713602,0.002284057205542922
1746739154056828400,45.88482836914063,-0.0005068923346698284,0.0008780425414443016,0.003958397079259157
1746739154066907600,45.89490771484375,-0.0012722848914563656,0.0019369153305888176,0.004407939035445452
1746739154076986600,45.90498657226563,-0.0039143129251897335,0.004835369531065226,0.002721508266404271
1746739154087065600,45.915065673828124,-0.0039140465669333935,0.0029197572730481625,0.0019151030573993921
1746739154097144600,45.92514453125,-0.0018723220564424992,0.0008782325312495232,-0.001262201927602291
1746739154107223600,45.9352236328125,0.0017351957503706217,-0.0045554144307971,0.0013152053579688072
1746739154117302800,45.945302734375,0.0007568718865513802,-0.003037999849766493,0.0006383835570886731
1746739154127381500,45.95538159179687,0.0027217520400881767,-0.0012201261706650257,0.0007374532287940383
1746739154137460500,45.96546044921875,-0.0019085411913692951,-0.0010317862033843994,-0.000999347772449255
1746739154147539700,45.97553979492187,-0.0031666187569499016,0.0005187061615288258,-0.0020241322927176952
1746739154157618400,45.98561840820312,-0.0004806038923561573,-0.0002830890007317066,-0.0020536580123007298
1746739154167697700,45.99569775390625,-0.0016183066181838512,-0.0005139852873980999,0.002498483285307884
1746739154177776600,46.00577661132812,-0.004219803959131241,-0.002246316522359848,-0.00033793714828789234
1746739154187855400,46.01585546875,-0.00590052455663681,0.0006224405951797962,-0.003199503757059574
1746739154197934600,46.0259345703125,-0.005840314086526632,-0.000443511176854372,-0.008358621969819069
1746739154208013600,46.036013671875,-0.0023097614757716656,-0.0009987801313400269,-0.014301465824246407
1746739154218092800,46.0460927734375,-0.0036896136589348316,0.0006765504367649555,-0.014387627132236958
1746739154228171500,46.056171630859374,0.0005008704029023647,-0.002917119301855564,-0.009236008860170841
1746739154238250500,46.06625048828125,0.002845151349902153,-0.002889525145292282,-0.00276205874979496
1746739154248329700,46.076329833984374,0.0006083622574806213,-0.0016040168702602386,0.0007810108363628387
1746739154258408400,46.086408447265626,-0.0013779900036752224,0.0043277437798678875,0.0012909347424283624
1746739154268487700,46.09648779296875,-0.002802514936774969,0.0011338149197399616,0.0025769753847271204
1746739154278566700,46.106566650390626,-0.00048583559691905975,0.001395906787365675,0.0027644140645861626
1746739154288645600,46.11664575195312,-0.0013244645670056343,0.002122416626662016,0.001061322633177042
1746739154298724600,46.126724609375,-0.0020792996510863304,0.004435766022652388,-0.00135138223413378
1746739154308803600,46.13680346679688,-0.00003851950168609619,0.00045593781396746635,-0.00011354495654813945
1746739154318882600,46.14688256835937,-0.0007220804691314697,0.00003438722342252731,0.0026984098367393017
1746739154328961500,46.15696142578125,-0.000925279688090086,0.002726576291024685,-0.0020409515127539635
1746739154339040500,46.16704052734375,-0.0017040860839188099,0.0026939869858324528,-0.0005931873456574976
1746739154349119700,46.17711962890625,-0.00014746841043233871,0.0008436222560703754,-0.0038555595092475414
1746739154359198500,46.18719848632813,0.001247843261808157,0.003960811998695135,-0.006691544316709042
1746739154369277400,46.19727734375,-0.0005982602015137672,0.0026848907582461834,-0.003951684106141329
1746739154379356700,46.20735668945313,-0.00045951874926686287,0.003913210704922676,-0.005340615287423134
1746739154389435600,46.217435546875,-0.000180685892701149,0.0013978546485304832,-0.002230309648439288
1746739154399514600,46.2275146484375,-0.0007091783918440342,-0.002238102722913027,-0.00460254168137908
1746739154409593600,46.23759350585937,0.0005089514888823032,-0.00001596100628376007,-0.0028768135234713554
1746739154419672600,46.247672607421876,-0.0013572443276643753,0.004091446287930012,-0.0015517289284616709
1746739154429751600,46.25775146484375,0.0010566445998847485,0.005235540680587292,0.004660626873373985
1746739154439830500,46.26783056640625,-0.0013085035607218742,0.0007795058190822601,0.002811373909935355
1746739154449909800,46.27790966796875,-0.0010134256444871426,-0.0014066831208765507,-0.0020369107369333506
1746739154459988500,46.287988525390624,-0.0001301090233027935,-0.0005506253801286221,-0.0015511612873524427
1746739154470067500,46.2980673828125,-0.001069139689207077,-0.0015117605216801167,-0.004555473104119301
1746739154480146700,46.308146728515624,-0.0017493339255452156,-0.0030202860943973064,-0.005146919284015894
1746739154490225700,46.3182255859375,-0.000019078142940998077,0.001135310623794794,-0.0066153863444924355
1746739154500304600,46.3283046875,-0.0002546836622059345,0.0037409160286188126,-0.0038880323991179466
1746739154510383600,46.338383544921875,-0.003264055121690035,0.003381389193236828,-0.00031886412762105465
1746739154520462600,46.34846264648438,-0.0030268519185483456,0.00213372940197587,0.001403657952323556
1746739154530541600,46.35854150390625,0.0007194164209067822,0.0021901880390942097,0.001710187760181725
1746739154540620500,46.36862060546875,-0.0016951998695731163,-0.0011115712113678455,-0.0022135244216769934
1746739154550699500,46.37869946289062,0.00018605729565024376,-0.002261524088680744,0.0005188788054510951
1746739154560778500,46.388778564453126,0.002536468207836151,-0.00046669039875268936,0.007124701514840126
1746739154570857500,46.398857421875,0.0020206139888614416,-0.0008935951627790928,0.009563891217112541
1746739154580936700,46.408936767578126,0.0006658202037215233,-0.003260563127696514,0.009498724713921547
1746739154591015700,46.419015625,0.001779553946107626,0.0003637331537902355,0.006860330700874329
1746739154601094400,46.429094482421874,0.0005384711548686028,0.0022691995836794376,0.0013180627720430493
1746739154611173600,46.43917358398438,0.0003435276448726654,0.0015506795607507229,-0.003821571823209524
1746739154621252600,46.449252685546874,0.002022284548729658,0.0023505212739109993,-0.0014752547722309828
1746739154631331600,46.45933154296875,0.004070787690579891,0.0003872392699122429,-0.0011202553287148476
1746739154641410600,46.46941064453125,0.0019187098369002342,0.0026254085823893547,0.004264348186552525
1746739154651489500,46.479489501953125,-0.000023799948394298553,0.001526055857539177,0.011244759894907475
1746739154661569300,46.4895693359375,0.0024691130965948105,0.0037394529208540916,0.012061628513038158
1746739154671648300,46.49964819335938,-0.0017464044503867626,0.005987427197396755,0.007507623173296452
1746739154681727500,46.5097275390625,-0.00179716432467103,0.0012388760223984718,0.009058087132871151
1746739154691806200,46.51980615234375,-0.001032304484397173,0.0005706893280148506,0.008862877264618874
1746739154701885400,46.52988549804687,0.0006171013228595257,-0.002118379808962345,0.011024628765881062
1746739154711964400,46.53996435546875,-0.0028585903346538544,0.00009683752432465553,0.004814935848116875
1746739154722043400,46.55004345703125,-0.002163215074688196,0.0024771825410425663,0.003707018680870533
1746739154732122400,46.560122314453125,0.0017851872835308313,0.00358052970841527,-0.0017061223043128848
1746739154742201300,46.57020141601563,0.00003120582550764084,-0.0002992064692080021,-0.0009806349407881498
1746739154752280600,46.580280517578124,0.00225867354311049,-0.0031618382781744003,-0.0033095693215727806
1746739154762359300,46.590359375,0.0036208087112754583,-0.008277804590761662,-0.002244760515168309
1746739154772438300,46.60043823242187,0.002769928891211748,-0.0018292260356247425,-0.004903127904981375
1746739154782517500,46.610517578125,0.003531309077516198,-0.0002413243055343628,-0.003949630074203014
1746739154792596200,46.62059619140625,0.0020473957993090153,-0.0008751563727855682,-0.0008339977357536554
1746739154802675500,46.630675537109376,0.001195395365357399,-0.0016124723479151726,0.0013085061218589544
1746739154812754400,46.64075439453125,-0.00286139827221632,0.0012126090005040169,0.003300550626590848
1746739154822833400,46.65083349609375,-0.0041395435109734535,0.002128865569829941,0.007767056114971638
1746739154832912400,46.66091235351563,-0.0029475130140781403,-0.0023130206391215324,0.01048534456640482
1746739154842991400,46.67099145507812,-0.000824247021228075,-0.001902122050523758,0.010260650888085365
1746739154853070300,46.6810703125,-0.00041119055822491646,-0.0033913617953658104,0.003267722437158227
1746739154863149300,46.6911494140625,0.0008072978816926479,0.000691442284733057,0.0018944286275655031
1746739154873228300,46.701228271484375,0.0014752186834812164,-0.002228980418294668,-0.0047512236051261425
1746739154883307500,46.7113076171875,0.002225367119535804,-0.001073002815246582,-0.006010460201650858
1746739154893386200,46.72138623046875,0.00009750155732035637,-0.00010574283078312874,-0.00844538863748312
1746739154903465200,46.73146533203125,0.00037378398701548576,0.0018479684367775917,-0.007434126455336809
1746739154913544400,46.74154443359375,0.0009825825691223145,0.0017800582572817802,0.00039689865661785007
1746739154923623400,46.75162353515625,-0.0006844522431492805,0.00050739711150527,0.004592152778059244
1746739154933702400,46.76170239257812,0.002225317293778062,-0.0037842870224267244,0.012156861834228039
1746739154943781400,46.771781494140626,0.0006565158255398273,-0.00396878132596612,0.013223867863416672
1746739154953860400,46.7818603515625,0.0004461263306438923,-0.0006715217605233192,0.01125259604305029
1746739154963939300,46.791939208984374,0.003250511595979333,0.0027485014870762825,0.011911164969205856
1746739154974018300,46.80201831054688,0.001505075953900814,0.002299758605659008,0.0058141243644058704
1746739154984097500,46.81209765625,0.0048310477286577225,-0.00007649790495634079,0.004813077859580517
1746739154994176500,46.82217651367188,0.00007304409518837929,0.0009842393919825554,0.0015650867717340589
1746739155004255200,46.83225512695312,0.0024384146090596914,0.0020269490778446198,-0.0026834183372557163
1746739155014334500,46.84233447265625,0.0028789013158529997,-0.0002156989648938179,-0.002323092659935355
1746739155024413400,46.85241333007812,0.001840071752667427,-0.00127743324264884,-0.0019895255099982023
1746739155034492200,46.8624921875,0.001632345374673605,-0.00019086338579654694,-0.004395691677927971
1746739155044571400,46.8725712890625,0.0010414873249828815,-0.0012325942516326904,-0.0035438155755400658
1746739155054650400,46.882650390625,0.0004830225370824337,0.0007117795757949352,-0.0028617801144719124
1746739155064729300,46.89272924804688,-0.000040094368159770966,0.0024643782526254654,-0.0018992363475263119
1746739155074808300,46.90280834960937,0.0031240072567015886,-0.00013433396816253662,0.00811158586293459
1746739155084887300,46.91288720703125,-0.00021878862753510475,0.00023740669712424278,0.00755636440590024
1746739155094966500,46.92296655273437,0.0023559557739645243,-0.005076664499938488,0.013128495775163174
1746739155105045200,46.933045166015624,-0.001122326124459505,-0.002425194252282381,0.010653011500835419
1746739155115124500,46.94312451171875,0.0009573362767696381,0.00017431750893592834,0.004578607156872749
1746739155125203500,46.953203369140624,0.0013662753626704216,0.0006526755169034004,0.002166162244975567
1746739155135282200,46.9632822265625,-0.0004164446145296097,-0.00021178647875785828,0.00027585052885115147
1746739155145361400,46.973361328125,-0.0020605879835784435,-0.0022121742367744446,-0.0016204887069761753
1746739155155440400,46.9834404296875,-0.0021476736292243004,0.002251550555229187,-0.004963288549333811
1746739155165520400,46.993520263671876,-0.0009804796427488327,-0.004061276093125343,-0.0037290523760020733
1746739155175599400,47.00359936523437,-0.0010941964574158192,-0.005420287139713764,-0.0017370079876855016
1746739155185677300,47.01367724609375,0.0012574968859553337,-0.008188698440790176,-0.0006835737731307745
1746739155195756500,47.023756591796875,0.003328637219965458,-0.0046938322484493256,-0.002442325232550502
1746739155205836300,47.03383618164062,0.001570052932947874,-0.005216976627707481,0.001060068141669035
1746739155215915500,47.04391552734375,0.0028837900608778,-0.0017633894458413124,-0.00010559736983850598
1746739155225993500,47.05399340820313,-0.00047448137775063515,-0.00015118205919861794,0.00496851559728384
1746739155236073200,47.0640732421875,-0.00027607614174485207,-0.0001080390065908432,0.010193902999162674
1746739155246152400,47.07415234375,0.0017449497245252132,0.003284337930381298,0.009404362179338932
1746739155256231400,47.0842314453125,0.0006836801767349243,0.006729668937623501,0.005870879627764225
1746739155266310400,47.09431030273438,0.001999160274863243,0.005084956530481577,0.005625448189675808
1746739155276389400,47.104389404296874,0.0020915719214826822,0.001830573659390211,0.001249341876246035
1746739155286468400,47.11446826171875,0.004300375003367662,0.0006277784705162048,-0.0020065968856215477
1746739155296547300,47.12454736328125,0.003867078572511673,-0.001268658321350813,-0.00004624396387953311
1746739155306626300,47.134626220703126,0.0018282844685018063,-0.0022128038108348846,0.0008977343095466495
1746739155316705500,47.14470556640625,0.000584055669605732,0.0020077740773558617,0.007609965279698372
1746739155326784300,47.1547841796875,0.000012103468179702759,-0.000874160323292017,0.012224838137626648
1746739155336863200,47.16486328125,-0.003235887736082077,0.003328840248286724,0.01397826336324215
1746739155346942500,47.1749423828125,-0.0021229032427072525,0.004555142484605312,0.015422194264829159
1746739155357021400,47.185021484375,-0.0028771106153726578,0.006633207201957703,0.013963314704596996
1746739155367100400,47.19510034179687,-0.0015635695308446884,0.005238314159214497,0.011242235079407692
1746739155377179400,47.20517944335938,0.0017826922703534365,0.00558825396001339,0.003845305647701025
1746739155387258400,47.21525830078125,0.0007956288754940033,0.0012503555044531822,-0.00471663661301136
1746739155397337300,47.22533740234375,0.0034087225794792175,-0.004931640811264515,-0.011600376106798649
1746739155407416300,47.23541625976563,0.0040124645456671715,-0.0037199414800852537,-0.012453869916498661
1746739155417495600,47.24549560546875,0.004187700804322958,-0.0028418973088264465,-0.01082587894052267
1746739155427574300,47.25557421875,0.0028902809135615826,-0.0012442399747669697,-0.003082815557718277
1746739155437653200,47.2656533203125,0.0021126377396285534,-0.0010386439971625805,0.004615850280970335
1746739155447732500,47.275732421875,-0.0010320949368178844,0.0006305985152721405,0.010886873118579388
1746739155457811500,47.2858115234375,-0.0012741764076054096,0.0037779221311211586,0.014070682227611542
1746739155467890200,47.29589013671875,-0.004244955722242594,0.004297662526369095,0.01202355045825243
1746739155477969400,47.30596948242187,-0.0028939335606992245,0.0004208986647427082,0.009160119108855724
1746739155488048400,47.31604833984375,-0.0038519660010933876,0.00010651117190718651,0.0026762383058667183
1746739155498127400,47.32612744140625,0.000967822503298521,-0.003209124319255352,-0.0037070924881845713
1746739155508206300,47.336206298828124,0.0010153204202651978,-0.002966376021504402,-0.009312630631029606
1746739155518285300,47.34628540039063,0.0029003059025853872,-0.001412421464920044,-0.008851105347275734
1746739155528364500,47.356364501953124,0.004762970842421055,-0.0029382272623479366,-0.005345089361071587
1746739155538443300,47.366443359375,0.004023677669465542,-0.0030511454679071903,-0.0003087857039645314
1746739155548522500,47.3765224609375,0.0026248821523040533,0.00019172020256519318,0.005380016751587391
1746739155558601500,47.3866015625,-0.0011922265402972698,0.0014316882006824017,0.006784834433346987
1746739155568680200,47.39668017578125,-0.002849242649972439,0.004788298159837723,0.008865343406796455
1746739155578759400,47.406759521484375,-0.004205323755741119,0.0015190020203590393,0.00798703357577324
1746739155588838400,47.41683837890625,-0.0024909027852118015,-0.0010815206915140152,0.0071764797903597355
1746739155598917400,47.42691748046875,-0.0029665431939065456,0.0008487384766340256,0.004548738710582256
1746739155608996400,47.436996337890626,-0.0022157253697514534,-0.0014532702043652534,-0.0056033083237707615
1746739155619075300,47.44707543945312,-0.0014466047286987305,-0.0009754989296197891,-0.006287740543484688
1746739155629154600,47.457154541015626,-0.0005064369179308414,-0.0006471038796007633,-0.01124822162091732
1746739155639233300,47.4672333984375,0.0031977540347725153,0.0037340628914535046,-0.012352634221315384
1746739155649312300,47.477312255859374,0.002439187141135335,-0.0014932896010577679,-0.012283855117857456
1746739155659391500,47.4873916015625,0.002194975269958377,-0.0018054121173918247,-0.004350564442574978
1746739155669469400,47.49746948242188,0.004327102098613977,-0.005620922893285751,0.004079139791429043
1746739155679548200,47.50754809570312,0.0024162838235497475,-0.005509602837264538,0.010258206166327
1746739155689627400,47.51762744140625,-0.0011326903477311134,0.0014428896829485893,0.015568632632493973
1746739155699706400,47.52770629882812,-0.002859750296920538,0.0064070215448737144,0.019209973514080048
1746739155709785300,47.537785400390625,-0.002815202809870243,0.006954062730073929,0.019717229530215263
1746739155719864300,47.5478642578125,-0.0009619095362722874,0.0054235439747571945,0.012570369988679886
1746739155729943300,47.557943359375,-0.0008652312681078911,0.0030136178247630596,0.0033193917479366064
1746739155740022500,47.5680224609375,0.0035854435991495848,-0.004028312861919403,-0.0021062663290649652
1746739155750101200,47.57810131835937,0.001278822310268879,-0.006321935448795557,-0.009202053770422935
1746739155760180200,47.58818017578125,0.0023909583687782288,-0.004881431348621845,-0.02040943317115307
1746739155770259500,47.59825952148437,0.005263009574264288,-0.0006074942648410797,-0.021459054201841354
1746739155780338200,47.608338134765624,0.005752231925725937,-0.0017494577914476395,-0.01619691401720047
1746739155790417400,47.61841748046875,0.003893155138939619,-0.004534868523478508,-0.008722514845430851
1746739155800496400,47.628496337890624,0.0019631623290479183,-0.004778548143804073,-0.0018379772081971169
1746739155810575400,47.63857543945313,-0.001181985717266798,-0.00083871278911829,0.009843628853559494
1746739155820654300,47.648654296875,-0.0026613720692694187,-0.00011912640184164047,0.011935541406273842
1746739155830733300,47.6587333984375,-0.003878919407725334,0.0013061133213341236,0.011638831347227097
1746739155840812500,47.6688125,-0.0015270817093551159,-0.002857472747564316,0.012484118342399597
1746739155850891300,47.678891357421875,-0.0017387042753398418,-0.0005310992710292339,0.007015245500952005
1746739155860970200,47.68897021484375,-0.0013573397882282734,-0.0017404407262802124,0.0003488211368676275
1746739155871049500,47.699049560546875,-0.0003367471508681774,-0.0013446290977299213,-0.008663175627589226
1746739155881128200,47.70912817382813,0.002690734341740608,0.0006322357803583145,-0.016234276816248894
1746739155891207200,47.71920727539062,0.0033419032115489244,-0.0008276384323835373,-0.025001928210258484
1746739155901286400,47.72928637695313,0.004707572050392628,-0.0012377654202282429,-0.022956885397434235
1746739155911365400,47.73936547851562,0.007406176067888737,-0.0034113263245671988,-0.016013532876968384
1746739155921444400,47.7494443359375,0.0048143877647817135,-0.000060803256928920746,-0.006377418991178274
1746739155931523300,47.7595234375,0.0038000396452844143,0.0026496783830225468,0.006437677424401045
1746739155941602300,47.769602294921874,-0.0012370632030069828,0.005049186293035746,0.02092181146144867
1746739155951681300,47.77968139648438,-0.005232678726315498,0.0063576120883226395,0.02641061320900917
1746739155961760300,47.78976025390625,-0.00482521578669548,0.007788795046508312,0.028377624228596687
1746739155971839500,47.79983959960938,-0.004547372460365295,0.004467818420380354,0.02147521637380123
1746739155981918200,47.80991821289062,-0.001186729408800602,0.0037319869734346867,0.010358117520809174
1746739155991997200,47.8199970703125,0.0022074426524341106,-0.0013818852603435516,0.00021359598031267524
1746739156002076400,47.83007641601562,0.004978994373232126,-0.002348346635699272,-0.01014423556625843
1746739156012155400,47.8401552734375,0.0035436537582427263,-0.004865502472966909,-0.015538758598268032
1746739156022234400,47.850234375,0.003335128305479884,-0.0016057933680713177,-0.019268782809376717
1746739156032313300,47.86031323242187,0.006286001764237881,-0.005496230907738209,-0.016048919409513474
1746739156042392300,47.87039233398438,0.005102226510643959,-0.005159340798854828,-0.007475139107555151
1746739156052471300,47.88047119140625,0.0009205075912177563,0.00022466015070676804,-0.005228986497968435
1746739156062550300,47.89055029296875,0.00018893741071224213,0.0007439767941832542,0.004428700543940067
1746739156072629200,47.90062915039063,-0.0013883081264793873,0.00059888930991292,0.013589020818471909
1746739156082708500,47.91070849609375,-0.0007092021405696869,0.004143290687352419,0.014359739609062672
1746739156092787200,47.920787109375,-0.0021144035272300243,0.0033068088814616203,0.011882629245519638
1746739156102866400,47.930866455078124,-0.005964801646769047,0.002329695038497448,0.005157880485057831
1746739156112945400,47.9409453125,-0.004422351252287626,0.002273626159876585,0.0039040499832481146
1746739156123024100,47.95102416992187,-0.004360832739621401,0.0013393894769251347,-0.000965273764450103
1746739156133103400,47.961103271484376,-0.0021258099004626274,-0.0011503025889396667,-0.008375056087970734
1746739156143182300,47.97118237304687,0.0028122232761234045,-0.0029902802780270576,-0.010954860597848892
1746739156153261300,47.98126123046875,0.005088598467409611,-0.005527879111468792,-0.00916722696274519
1746739156163340300,47.99134033203125,0.0024257036857306957,-0.004329989198595285,-0.006415116600692272
1746739156173419300,48.001419189453124,0.002525859512388706,-0.002111953217536211,-0.004890549927949905
1746739156183498500,48.01149853515625,-0.0006054854020476341,-0.0004469449631869793,-0.004341938998550177
1746739156193577200,48.0215771484375,-0.0019321981817483902,-0.0012855911627411842,-0.0003016831469722092
1746739156203656400,48.03165649414063,-0.003028887789696455,0.0014484100975096226,0.007647852413356304
1746739156213735400,48.0417353515625,-0.005951028782874346,-0.0012272121384739876,0.0144640589132905
1746739156223814100,48.051814208984375,-0.006818420719355345,0.0035302587784826756,0.011763347312808037
1746739156233893400,48.06189331054688,-0.0041686007753014565,0.003407419193536043,0.007322517689317465
1746739156243972400,48.071972412109375,0.0014357552863657475,-0.0032803108915686607,0.005606642924249172
1746739156254051300,48.08205126953125,-0.000369309913367033,0.0008639018051326275,0.0008193532703444362
1746739156264130300,48.09213037109375,-0.0017882422544062138,-0.0012932582758367062,-0.002135690301656723
1746739156274209300,48.102209228515626,-0.0015701786614954472,0.0027668154798448086,-0.006370880641043186
1746739156284288500,48.11228857421875,-0.002609077375382185,0.0028038336895406246,-0.007562112528830767
1746739156294367200,48.1223671875,-0.0029058498330414295,0.002071856055408716,-0.00937747023999691
1746739156304446200,48.1324462890625,-0.000685572624206543,0.00017541926354169846,-0.008700228296220303
1746739156314525400,48.142525390625,0.0019159745424985886,0.000026143155992031097,-0.003326648846268654
1746739156324604200,48.15260424804688,0.002714922884479165,-0.0024937395937740803,0.0024787760339677334
1746739156334683400,48.162683349609374,0.0036333973985165358,-0.003465976333245635,0.010035264305770397
1746739156344762400,48.17276245117188,0.005521312355995178,-0.004955749027431011,0.020043157041072845
1746739156354841300,48.18284130859375,0.00027485936880111694,-0.0007339096628129482,0.01614374853670597
1746739156364920300,48.19292041015625,-0.0006274194456636906,0.0057756551541388035,0.010563628748059273
1746739156374999300,48.20299926757812,-0.0007884427905082703,0.007333169691264629,0.011314303614199162
1746739156385078500,48.21307861328125,0.00013221194967627525,0.0035783788189291954,0.007841807790100574
1746739156395157200,48.2231572265625,0.00149526447057724,-0.0008001662790775299,0.001338016940280795
1746739156405236200,48.233236328125,-0.0003833291120827198,-0.003184760455042124,-0.0068741063587367535
1746739156415315500,48.2433154296875,-0.0008046878501772881,-0.004493928514420986,-0.015298930928111076
1746739156425394200,48.25339428710937,0.002149290405213833,-0.0025761863216757774,-0.02207188308238983
1746739156435473400,48.263473388671876,0.0028802065644413233,-0.0029942472465336323,-0.02604946866631508
1746739156445552400,48.27355249023437,0.0011994857341051102,-0.003437663661316037,-0.019118592143058777
1746739156455631400,48.28363134765625,-0.00011788168922066689,-0.0008931797929108143,-0.008095570839941502
1746739156465710300,48.29371044921875,0.0005529685877263546,-0.003126773051917553,0.006450081709772348
1746739156475789300,48.303789306640624,-0.0021382560953497887,-0.003496740013360977,0.01757039502263069
1746739156485868300,48.31386840820313,0.00036591431125998497,-0.0029505258426070213,0.02382642589509487
1746739156495947300,48.323947265625,-0.0036367885768413544,-0.0022839102894067764,0.023030200973153114
1746739156506026200,48.334026123046876,-0.0030820518732070923,0.0004674014635384083,0.018450096249580383
1746739156516105500,48.34410546875,-0.0020647277124226093,-0.004148614592850208,0.007585947401821613
1746739156526184400,48.354184326171875,-0.001614387147128582,-0.0009128740057349205,-0.002207827288657427
1746739156536263200,48.36426318359375,0.002006910275667906,-0.0008463636040687561,-0.007849074900150299
1746739156546342400,48.37434228515625,0.0012271367013454437,-0.0020431880839169025,-0.01498608011752367
1746739156556421400,48.38442138671875,0.0015528379008173943,-0.0024796403013169765,-0.013360535725951195
1746739156566500400,48.39450024414062,0.004702025558799505,-0.0019904174841940403,-0.010613219812512398
1746739156576579300,48.40457934570313,0.005559861194342375,-0.004352872259914875,-0.002568554598838091
1746739156586658300,48.414658203125,0.003503368468955159,-0.0005661230534315109,0.004486958030611277
1746739156596737300,48.4247373046875,0.0024727662093937397,-0.00007903855293989182,0.01497116032987833
1746739156606816300,48.43481616210938,-0.002622659783810377,0.0077956621535122395,0.02594098635017872
1746739156616895500,48.4448955078125,-0.0037775253877043724,0.005607623606920242,0.02658882923424244
1746739156626974500,48.45497436523438,-0.00590086355805397,0.008734440430998802,0.0193191971629858
1746739156637053200,48.46505322265625,-0.00221742270514369,0.007766493130475283,0.012241273187100887
1746739156647132400,48.47513232421875,-0.0008794507011771202,0.004110772628337145,0.0025641443207859993
1746739156657211400,48.48521142578125,0.004600923508405685,-0.0005223844200372696,-0.00246268417686224
1746739156667291400,48.49529150390625,0.004802791401743889,0.0012102676555514336,-0.010172002948820591
1746739156677370600,48.50537060546875,0.00476126978173852,-0.001882349606603384,-0.01358355488628149
1746739156687449300,48.51544946289062,0.006001504138112068,-0.0008269390091300011,-0.012475945986807346
1746739156697528300,48.5255283203125,0.0010251193307340145,-0.004344395361840725,-0.011197148822247982
1746739156707607600,48.53560766601562,0.0002480088733136654,-0.0038823368959128857,-0.0053621623665094376
1746739156717686500,48.5456865234375,-0.0016581588424742222,-0.0007343166507780552,0.005289889872074127
1746739156727765500,48.555765625,-0.004160731565207243,0.003110754769295454,0.013653547503054142
1746739156737844500,48.56584448242187,-0.005101869348436594,0.003783315420150757,0.019190216436982155
1746739156747923500,48.57592333984375,-0.004270696546882391,0.0013012494891881943,0.015153396874666214
1746739156758002400,48.58600244140625,-0.0007677427493035793,0.0016861753538250923,0.006540930829942226
1746739156768081400,48.596081298828125,-0.0011898535303771496,0.0010060034692287445,0.0007895681774243712
1746739156778160600,48.60616064453125,-0.001707354560494423,-0.0017992868088185787,-0.003962541930377483
1746739156788239400,48.6162392578125,0.0007589985616505146,-0.0021545523777604103,-0.009436403401196003
1746739156798318300,48.626318359375,0.0007785358466207981,-0.001800477970391512,-0.016449157148599625
1746739156808397600,48.6363974609375,0.003600687487050891,-0.0018470832146704197,-0.014293063431978226
1746739156818476500,48.6464765625,0.005856289062649012,-0.0026656133122742176,-0.002180354204028845
1746739156828555300,48.65655517578125,0.00325145130045712,0.001730200368911028,0.006283704191446304
1746739156838634500,48.666634521484376,0.0013141995295882225,-0.0003300854004919529,0.018047276884317398
1746739156848713500,48.67671337890625,0.0026979781687259674,0.0027703666128218174,0.014771856367588043
1746739156858792400,48.68679248046875,0.000014185439795255661,0.0011384743265807629,0.011296761222183704
1746739156868871400,48.69687133789063,-0.0018281894735991955,0.0012418045662343502,0.005293730180710554
1746739156878950400,48.706950439453124,-0.0026125889271497726,-0.001546621322631836,0.000914496835321188
1746739156889029400,48.717029296875,-0.0038501592352986336,-0.004623903892934322,-0.007666208781301975
1746739156899108400,48.7271083984375,-0.0003823833540081978,-0.006095848046243191,-0.011899062432348728
1746739156909187600,48.7371875,0.0008013918995857239,-0.005204221699386835,-0.014703105203807354
1746739156919266600,48.7472666015625,0.0026377122849226,-0.0009420262649655342,-0.013867533765733242
1746739156929345300,48.75734521484375,0.003730407450348139,-0.0011470899917185307,-0.008523101918399334
1746739156939424500,48.76742456054688,0.0015896386466920376,-0.0007947427220642567,0.0002071697381325066
1746739156949503500,48.77750341796875,-0.0015531578101217747,0.0027805515564978123,0.004099379293620586
1746739156959582500,48.78758251953125,-0.0022026062943041325,0.003860869910567999,0.00869267899543047
1746739156969661400,48.79766137695312,-0.0004965858533978462,0.00453012203797698,0.01173640601336956
1746739156979740400,48.807740478515626,0.0016324413008987904,0.004889259114861488,0.014890800230205059
1746739156989819600,48.81781958007812,-0.0016389857046306133,-0.00010683061555027962,0.012529108673334122
1746739156999898400,48.8278984375,-0.0004830523394048214,-0.001852590125054121,0.007811473682522774
1746739157009977300,48.83797729492188,-0.0015997160226106644,-0.006274236366152763,-0.0014443423133343458
1746739157020056600,48.848056640625,-0.0032618180848658085,-0.0036689795088022947,-0.012059392407536507
1746739157030135300,48.85813525390625,-0.003242910373955965,-0.0006625372916460037,-0.017658157274127007
1746739157040214500,48.868214599609374,0.00024834927171468735,0.00020879274234175682,-0.01250878069549799
1746739157050293500,48.87829345703125,0.0017482414841651917,-0.000044207554310560226,-0.008269826881587505
1746739157060372500,48.88837255859375,0.001192804891616106,0.002077631186693907,0.0013513059820979834
1746739157070451500,48.898451416015625,0.001867117127403617,0.003119726199656725,0.01165507547557354
1746739157080530400,48.90853051757812,-0.000024259556084871292,0.006498478818684816,0.014009309932589531
1746739157090609700,48.918609619140625,0.0010226289741694927,0.002770052757114172,0.007595086935907602
1746739157100688400,48.9286884765625,0.0004655909724533558,0.0036391825415194035,0.005542736034840345
1746739157110767400,48.93876733398437,0.0005793082527816296,0.002492691855877638,-0.0007521780789829791
1746739157120846600,48.9488466796875,-0.003493489697575569,0.002370117697864771,-0.010551021434366703
1746739157130925300,48.95892529296875,-0.00280639436095953,0.001091002020984888,-0.015354565344750881
1746739157141004500,48.969004638671876,0.0005495562218129635,-0.003250159788876772,-0.01632584072649479
1746739157151083500,48.97908349609375,0.0010805907659232616,-0.005016634706407785,-0.01843293383717537
1746739157161162500,48.98916259765625,0.001415732316672802,-0.00703341793268919,-0.012595763429999352
1746739157171241500,48.99924145507813,0.001844767713919282,-0.005706631112843752,-0.0047658029943704605
1746739157181320400,49.009320556640624,0.0003740992397069931,-0.003213187213987112,0.004028882831335068
1746739157191399700,49.01939965820313,-0.0021279403008520603,-0.0014586965553462505,0.0085293585434556
1746739157201478400,49.029478515625,-0.002238001674413681,0.003703281283378601,0.011159840039908886
1746739157211557400,49.039557373046875,-0.0038726497441530228,0.00276371743530035,0.006525407545268536
1746739157221636600,49.04963671875,-0.0051244585774838924,0.004213910084217787,0.0036657648161053658
1746739157231715300,49.05971533203125,-0.00034088827669620514,0.002796309534460306,-0.0035346238873898983
1746739157241794300,49.06979418945313,0.0018603838980197906,0.004542134702205658,-0.009925290942192078
1746739157251873500,49.07987353515625,0.002338155172765255,0.0007146401330828667,-0.01126432791352272
1746739157261952500,49.08995239257813,0.0022107919212430716,-0.00245355861261487,-0.016171561554074287
1746739157272031500,49.10003149414062,0.004153035581111908,-0.002241038251668215,-0.013363790698349476
1746739157282110500,49.1101103515625,0.0005422644317150116,0.0006925924681127071,-0.010968072339892387
1746739157292189400,49.120189453125,-0.0024122465401887894,0.002864666748791933,-0.006608211901038885
1746739157302268400,49.130268310546874,-0.002398543991148472,0.0016361437737941742,0.001220516744069755
1746739157312347400,49.14034741210938,-0.000781206414103508,0.0029365653172135353,0.00845792330801487
1746739157322426600,49.150426513671874,-0.00028891582041978836,0.0031856070272624493,0.009513955563306808
1746739157332505300,49.16050537109375,-0.00038239266723394394,0.005659949500113726,0.010633282363414764
1746739157342584300,49.17058422851562,0.0017693780828267336,0.004717314150184393,0.004300938453525305
1746739157352663600,49.18066357421875,0.0007903999648988247,0.0014386973343789577,-0.0008235162822529674
1746739157362742500,49.19074243164062,0.0009255767799913883,-0.0010122666135430336,-0.008251184597611427
1746739157372821500,49.200821533203126,0.001592166256159544,-0.005108474753797054,-0.013198805041611195
1746739157382900500,49.210900390625,-0.0006398968398571014,-0.0017697657458484173,-0.015785198658704758
1746739157392979500,49.2209794921875,0.0013156626373529434,-0.0016933330334722996,-0.013813394121825695
1746739157403058400,49.23105834960938,-0.0009670867584645748,-0.001819005236029625,-0.007317755371332169
1746739157413137400,49.24113745117187,-0.0009188838303089142,0.0011829095892608166,-0.002719008829444647
1746739157423216400,49.25121630859375,-0.0025663133710622787,0.0006804573349654675,0.0030542253516614437
1746739157433295600,49.26129565429687,-0.003906150348484516,0.0010117539204657078,0.0019705852027982473
1746739157443374300,49.271374267578125,-0.0034509110264480114,-0.0012251646257936954,0.006833268795162439
1746739157453453600,49.28145361328125,-0.002569404896348715,-0.00013779615983366966,0.006664690561592579
1746739157463532500,49.291532470703125,-0.005324335768818855,-0.00018550874665379524,0.0018892912194132805
1746739157473611300,49.301611328125,-0.0014893836341798306,-0.0006158752366900444,-0.005869562271982431
1746739157483690500,49.3116904296875,-0.000017177779227495193,-0.002359893638640642,-0.01439590472728014
1746739157493769500,49.32176953125,-0.00045473501086235046,-0.002097838558256626,-0.020664453506469727
1746739157503848400,49.33184838867187,0.002923488849774003,-0.0028501423075795174,-0.017854465171694756
1746739157513927400,49.341927490234376,0.0007500830106437206,-0.0037052833940833807,-0.01315878052264452
1746739157524006400,49.35200634765625,0.00021813297644257545,-0.004170438274741173,-0.006779780611395836
1746739157534085600,49.362085693359376,0.0015553059056401253,0.000703146681189537,-0.0041983784176409245
1746739157544164400,49.37216430664063,-0.0034516281448304653,0.002201118040829897,0.0011861169477924705
1746739157554243600,49.38224365234375,-0.0029456275515258312,0.002538807224482298,0.003026361344382167
1746739157564322600,49.39232250976563,-0.00041051022708415985,0.0011656275019049644,0.0072264885529875755
1746739157574401300,49.4024013671875,-0.0016733813099563122,0.0028532724827528,0.00588239124044776
1746739157584480500,49.41248046875,-0.0009600501507520676,0.0029190811328589916,0.005743829533457756
1746739157594559500,49.4225595703125,-0.0006995932199060917,0.0016977558843791485,-0.004554880782961845
1746739157604638500,49.432638427734375,0.0012438767589628696,0.0003034193068742752,-0.007586691062897444
1746739157614717400,49.44271752929688,-0.00022512255236506462,0.004407883156090975,-0.010919904336333275
1746739157624796400,49.45279638671875,0.0002850745804607868,0.00321218091994524,-0.007595900911837816
1746739157634875600,49.46287573242188,-0.0015799370594322681,0.0006230557337403297,-0.002533764112740755
1746739157644954400,49.47295434570312,-0.0032734274864196777,0.00020258314907550812,-0.005050099454820156
1746739157655033300,49.483033447265626,-0.0029466580599546432,-0.002224888186901808,-0.005771283525973558
1746739157665114400,49.4931142578125,-0.004441280383616686,-0.0034927164670079947,-0.004536582622677088
1746739157675193300,49.503193359375,-0.001904352568089962,-0.0007485952228307724,-0.0025448044762015343
1746739157685272300,49.51327221679688,-0.0004613487981259823,0.0029679122380912304,-0.00559384748339653
1746739157695351300,49.523351318359374,0.00044945208355784416,0.005395915824919939,-0.005919286049902439
1746739157705430300,49.53343017578125,0.004573433194309473,0.0014155558310449123,-0.00431526405736804
1746739157715509500,49.543509521484374,0.004250657744705677,0.0024922718293964863,-0.0028385412879288197
1746739157725588200,49.553588134765626,-0.0007796799764037132,-0.003314569126814604,0.002411580178886652
1746739157735667200,49.56366723632812,0.0011167572811245918,-0.001967542339116335,-0.00006675768236164004
1746739157745746400,49.573746337890626,-0.0009509166702628136,0.0018003820441663265,-0.004771729931235313
1746739157755825400,49.58382543945312,-0.000775414053350687,0.0009002336300909519,-0.0074316952377557755
1746739157765904400,49.593904296875,-0.0009892587549984455,0.0006955224089324474,-0.009170971810817719
1746739157775983400,49.6039833984375,-0.005343260709196329,0.0020340275950729847,-0.007181590422987938
1746739157786062300,49.61406225585937,-0.0006447657942771912,0.0008795592002570629,-0.008945505134761333
1746739157796141300,49.62414135742188,-0.0020876661874353886,0.0014753076247870922,-0.005863162688910961
1746739157806220300,49.63422021484375,-0.00031354231759905815,-0.0010514822788536549,-0.0031823988538235426
1746739157816299500,49.64429956054688,0.00045930687338113785,-0.002849648706614971,-0.0013576007913798094
1746739157826378200,49.65437817382813,0.002630824688822031,-0.005528104491531849,-0.0005996217369101942
1746739157836457200,49.664457275390625,-0.0005697621963918209,-0.001202065497636795,-0.004529648460447788
1746739157846536400,49.67453637695313,-0.00005018012598156929,-0.002069407142698765,-0.007465837523341179
1746739157856615400,49.684615478515624,-0.0016467454843223095,0.0018616849556565285,-0.010474677197635174
1746739157866694100,49.694694091796876,-0.0008517145179212093,-0.0005419338122010231,-0.008009610697627068
1746739157876773400,49.7047734375,-0.0023300349712371826,0.0008567585609853268,-0.00471474789083004
1746739157886852400,49.714852294921876,0.0016377484425902367,0.0032267579808831215,-0.0025709206238389015
1746739157896931300,49.72493139648437,0.003523000283166766,0.0022264746949076653,0.0021982681937515736
1746739157907010300,49.73501025390625,0.0036013673525303602,0.0034734876826405525,0.0036026365123689175
1746739157917089300,49.74508935546875,0.00582111207768321,0.003954987041652203,0.002239364432170987
1746739157927168300,49.755168212890624,0.0034285043366253376,0.0011292090639472008,0.003533758921548724
1746739157937247200,49.76524731445313,0.002391735790297389,0.003026179037988186,0.0015025659231469035
1746739157947326500,49.77532641601562,-0.00014318199828267097,0.001905044075101614,-0.002505379728972912
1746739157957405400,49.78540551757813,-0.0023783729411661625,0.005828946363180876,-0.002764771692454815
1746739157967484200,49.79548413085938,-0.0002929242327809334,0.004568177741020918,-0.003701860783621669
1746739157977563400,49.8055634765625,-0.000423419289290905,0.0025178096257150173,-0.005860619246959686
1746739157987642400,49.81564233398438,0.001773252384737134,0.0033912030048668385,-0.008273296989500523
1746739157997721300,49.825721435546875,0.0024771259631961584,0.0018580206669867039,-0.012207319028675556
1746739158007799300,49.83579931640625,0.002198196481913328,-0.0013986346311867237,-0.0066137611865997314
1746739158017879300,49.84587939453125,0.0022115122992545366,-0.00018210289999842644,-0.0007739814464002848
1746739158027958300,49.855958251953126,0.0017132586799561977,-0.004594580736011267,0.0021972639951854944
1746739158038036200,49.8660361328125,-0.0011776024475693703,0.0003450503572821617,-0.0020033400505781174
1746739158048115200,49.876115234375,-0.0002239486202597618,-0.0011245952919125557,-0.00001657840039115399
1746739158058195500,49.88619555664062,-0.0010820189490914345,0.0002530575729906559,0.0012912999372929335
1746739158068273400,49.8962734375,-0.0014873044565320015,0.0007094857282936573,0.0041660950519144535
1746739158078352100,49.90635205078125,-0.0005325609818100929,0.00255905045196414,0.0034675479400902987
1746739158088431400,49.91643139648438,-0.0009172181598842144,0.0007458273321390152,-0.0007350650848820806
1746739158098510300,49.92651025390625,-0.0019065826199948788,0.0018965797498822212,-0.0037106149829924107
1746739158108589300,49.93658935546875,0.00017206324264407158,-0.003208204172551632,-0.004646537825465202
1746739158118668300,49.94666821289063,-0.0008090450428426266,-0.004725673235952854,-0.00003500812454149127
1746739158128747300,49.956747314453125,-0.0014559756964445114,-0.004055052995681763,0.0006154238362796605
1746739158138826500,49.96682641601563,-0.0009060329757630825,-0.006028188858181238,-0.00020456346101127565
1746739158148905200,49.9769052734375,0.0005242549814283848,-0.001712678000330925,0.003562331898137927
1746739158158984400,49.986984375,-0.00032449420541524887,0.00020479829981923103,0.005759439896792173
1746739158169063400,49.9970634765625,0.0007209409959614277,0.001121563371270895,0.010047986172139645
1746739158179142100,50.00714208984375,-0.00022847624495625496,0.001517308410257101,0.008043158799409866
1746739158189221400,50.01722143554687,0.0013639000244438648,-0.00231015682220459,0.008724583312869072
1746739158199300400,50.02730029296875,-0.0010071122087538242,-0.0029626316390931606,0.009347762912511826
1746739158209379300,50.03737939453125,-0.00021208589896559715,-0.0031722434796392918,0.0040131621062755585
1746739158219458300,50.047458251953124,0.0024127259384840727,0.00037641823291778564,0.004186001606285572
1746739158229537300,50.05753735351563,0.00027268240228295326,0.001185782253742218,0.004979812074452639
1746739158239616500,50.067616455078124,0.0019597948994487524,0.0028350772336125374,0.0002894529316108674
1746739158249695200,50.0776953125,0.0037568958941847086,0.0016766022890806198,0.0007637619273737073
1746739158259774500,50.0877744140625,-0.0022802241146564484,0.0023117661476135254,0.0018988011870533228
1746739158269853400,50.097853515625,0.0017136451788246632,0.0019629141315817833,0.0023963022977113724
1746739158279932200,50.10793212890625,-0.0013223583810031414,0.0031743859872221947,0.005897293798625469
1746739158290011400,50.118011474609375,-0.00040153181180357933,0.001541942823678255,0.01136334054172039
1746739158300090400,50.12809033203125,-0.001846296712756157,-0.005255509167909622,0.014903480187058449
1746739158310169300,50.13816943359375,0.0006722291000187397,-0.0034600740764290094,0.009904718026518822
1746739158320248300,50.148248291015626,0.0007398733869194984,0.0030255219899117947,0.004046829417347908
1746739158330327300,50.15832739257812,0.0019307690672576427,0.005773832555860281,-0.004470364190638065
1746739158340406500,50.168406494140626,0.0026554150972515345,0.0024174503050744534,-0.0027781915850937366
1746739158350485200,50.1784853515625,0.004737156443297863,0.00013897893950343132,-0.00235103745944798
1746739158360564200,50.188564208984374,0.004201062023639679,-0.004626747686415911,-0.00013262429274618626
1746739158370643500,50.1986435546875,0.004279674496501684,-0.0021948348730802536,0.003178716404363513
1746739158380722200,50.20872216796875,-8.242204785346985e-7,-0.0002757608890533447,0.004862366709858179
1746739158390801400,50.21880151367188,0.004729071166366339,-0.00004279147833585739,0.008765117265284061
1746739158400880400,50.22888037109375,0.0032739199232310057,0.0027157110162079334,0.005007131490856409
1746739158410959400,50.23895947265625,0.0013868077658116817,0.0014894786290824413,0.003806354943662882
1746739158421038300,50.24903833007812,0.0012778844684362411,-0.00008444953709840775,0.004272407852113247
1746739158431117300,50.259117431640625,-0.0008659856393933296,0.004022876266390085,0.005647655576467514
1746739158441196500,50.26919653320312,-0.0011786408722400665,-0.0021636472083628178,0.01037849485874176
1746739158451275300,50.27927514648437,-0.0014426326379179955,-0.0014139958657324314,0.010844625532627106
1746739158461354200,50.28935424804688,0.000773116946220398,-0.0008600582368671894,0.006677843630313873
1746739158471433500,50.29943359375,-0.0005072816275060177,-0.003218639176338911,0.0031280822586268187
1746739158481512200,50.30951220703125,0.00269863149151206,-0.00045294640585780144,0.0006585329538211226
1746739158491591200,50.31959106445313,-0.00016039330512285233,-0.000010006129741668701,-0.000005015259375795722
1746739158501670400,50.32967041015625,0.00026491330936551094,0.0005114409141242504,0.0005531833157874644
1746739158511749400,50.33974926757813,0.0010690256021916866,-0.004041878506541252,-0.0038561695255339146
1746739158521828400,50.349828369140624,0.0006751436740159988,0.0004346291534602642,-0.004216228611767292
1746739158531907300,50.3599072265625,0.002708014100790024,0.0014220625162124634,-0.002007277449592948
1746739158541986300,50.369986328125,0.002878989093005657,0.000987434759736061,0.0009522933978587389
1746739158552065300,50.380065185546876,0.006788747385144234,-0.0009108963422477245,0.007954219356179237
1746739158562144300,50.39014428710937,0.004715476185083389,0.003552029374986887,0.011938042007386684
1746739158572223500,50.400223388671876,0.0024552771355956793,0.004184597637504339,0.012616624124348164
1746739158582302200,50.41030224609375,-0.0001181354746222496,0.005038140807300806,0.012730340473353863
1746739158592381200,50.42038110351562,-0.00020076800137758255,0.0018311799503862858,0.009676785208284855
1746739158602460400,50.43046044921875,-0.004459961783140898,0.0011651231907308102,0.010120468214154243
1746739158612539400,50.44053930664062,0.0005013388581573963,-0.0004848763346672058,0.0077989231795072556
1746739158622618400,50.45061840820313,0.0013594096526503563,0.000344165600836277,0.005028436426073313
1746739158632697300,50.460697265625,0.0009643649682402611,0.0010311664082109928,0.0012902251910418272
1746739158642776300,50.4707763671875,0.0040813288651406765,0.00489541282877326,0.0026500350795686245
1746739158652855300,50.48085522460938,0.0020629933569580317,-0.0003861854784190655,0.0022633192129433155
1746739158662934300,50.490934326171875,-0.0011927210725843906,-0.000813889317214489,-0.003161273431032896
1746739158673010700,50.5010107421875,0.0014019506052136421,-0.0017566042952239513,-0.004819273483008146
1746739158683089700,50.51108959960938,-0.0002233763225376606,0.0005337144248187542,-0.006851797923445702
1746739158693168600,50.521168701171874,-0.001150837168097496,-0.0034384061582386494,-0.007773945573717356
1746739158703248000,50.53124780273438,-0.0010307286866009235,-0.002166746649891138,-0.006763009820133448
1746739158713326600,50.54132666015625,0.0010812068358063698,-0.003636895911768079,-0.0031621844973415136
1746739158723405600,50.551405517578125,0.0009903931058943272,-0.0019878665916621685,-0.002062831772491336
1746739158733484800,50.56148486328125,0.0018860187847167253,-0.0016789762303233147,0.00258123641833663
1746739158743563800,50.571563720703125,0.0009600375778973103,-0.001856342889368534,0.010077768005430698
1746739158753642800,50.58164282226563,0.0006716852076351643,0.0007802513428032398,0.008923429064452648
1746739158763721700,50.5917216796875,0.0006096339784562588,-0.0019399016164243221,0.010260602459311485
1746739158773800700,50.60180078125,-0.0032435739412903786,-0.00043842289596796036,0.0023125014267861843
1746739158783879700,50.61187963867187,-0.00295062642544508,-0.0009675929322838783,-0.003437263425439596
1746739158793958700,50.621958740234376,-0.0020750262774527073,-0.0009124265052378178,-0.009535816498100758
1746739158804038000,50.63203784179687,-0.0009572976268827915,-0.00453645596280694,-0.010217851959168911
1746739158814116600,50.64211669921875,-0.0017004176042973995,-0.0042816875502467155,-0.015010407194495201
1746739158824195600,50.65219555664063,-0.0003121118061244488,-0.0024803257547318935,-0.013643939979374409
1746739158834274800,50.66227490234375,0.001152336597442627,-0.004837603308260441,-0.010338913649320602
1746739158844353800,50.67235375976563,0.0024117454886436462,-0.002097743097692728,-0.003419754561036825
1746739158854432800,50.682432861328124,0.0030609287787228823,-0.0007702969014644623,0.004697147291153669
1746739158864511700,50.69251171875,-0.000008364208042621613,0.0007762005552649498,0.011588608846068382
1746739158874590700,50.7025908203125,-0.0011479798704385757,0.0022985474206507206,0.014512262307107449
1746739158884669700,50.712669677734375,0.0012323535047471523,0.003201624844223261,0.012855242937803268
1746739158894748700,50.72274877929687,0.0003638472408056259,0.006467810366302729,0.00870820414274931
1746739158904827600,50.73282763671875,0.00022669462487101555,0.004449134226888418,0.00784107856452465
1746739158914906600,50.74290673828125,-0.0017194943502545357,0.0026894989423453808,0.003220459446310997
1746739158924985600,50.75298559570312,-0.00007445970550179482,-0.00018804660066962242,-0.0016017263988032937
1746739158935064800,50.76306494140625,0.0010959981009364128,-0.0031893826089799404,-0.005085726268589497
1746739158945143800,50.77314379882812,0.0023940226528793573,-0.003220541402697563,-0.00916382484138012
1746739158955222500,50.783222412109374,0.0020681489259004593,-0.0011029676534235477,-0.013474219478666782
1746739158965301800,50.7933017578125,0.0017717389855533838,0.001618250273168087,-0.00946136750280857
1746739158975380700,50.803380615234374,0.0009881160221993923,0.0007064412347972393,-0.005260119680315256
1746739158985459700,50.81345971679688,0.0008344515226781368,0.0033847824670374393,-0.0006049139774404466
1746739158995538700,50.82353857421875,0.0005607763305306435,0.002337723970413208,0.00888199545443058
1746739159005617700,50.83361767578125,0.0021123341284692287,0.0025393255054950714,0.010723038576543331
1746739159015696600,50.84369653320312,0.0002802480012178421,0.003569606225937605,0.015521591529250145
1746739159025775600,50.853775634765626,0.0007708021439611912,0.0033288556151092052,0.011716733686625957
1746739159035854800,50.86385473632812,0.0005404246039688587,0.0037561235949397087,0.009279339574277401
1746739159045933800,50.873933837890625,-0.0023541655391454697,0.003662380389869213,0.005126672796905041
1746739159056012500,50.88401245117188,-0.0019864928908646107,0.003029879182577133,0.0009838594123721123
1746739159066091800,50.894091796875,-0.00042215222492814064,-0.001161936204880476,-0.0054841600358486176
1746739159076170800,50.90417065429688,0.0016389638185501099,-0.0025726407766342163,-0.009316638112068176
1746739159086249500,50.91424951171875,0.002772671403363347,-0.007575122639536858,-0.009335546754300594
1746739159096328700,50.92432861328125,0.0009221844375133514,-0.004863869398832321,-0.008489151485264301
1746739159106407700,50.93440771484375,0.00003055809065699577,-0.0040388223715126514,-0.00271781487390399
1746739159116487000,50.94448681640625,-0.000018588267266750336,-0.0036378062795847654,-0.0012611780548468232
1746739159126565600,50.95456567382813,-0.0002817087806761265,-0.0026881229132413864,0.0038821848575025797
1746739159136644600,50.96464453125,0.0001115109771490097,0.0016588838770985603,0.010098261758685112
1746739159146723800,50.97472387695313,-0.002105038147419691,0.003745471127331257,0.01390072237700224
1746739159156802600,50.98480249023437,-0.0022597159259021282,0.005486368667334318,0.02039521001279354
1746739159166881800,50.9948818359375,0.0013808258809149265,0.006929269526153803,0.018897181376814842
1746739159176960800,51.00496069335937,0.002983921905979514,0.003420792520046234,0.013154685497283936
1746739159187039500,51.01503955078125,0.002662744838744402,0.004851442761719227,0.00878710113465786
1746739159197118700,51.02511865234375,0.004079505801200867,0.0019372603856027126,0.0010809339582920074
1746739159207197700,51.03519775390625,0.002391860820353031,-0.001349080353975296,-0.0031316541135311127
1746739159217277000,51.04527685546875,0.0042992765083909035,-0.0029634800739586353,-0.0014366531977429986
1746739159227355600,51.05535571289062,0.00014501111581921577,-0.00093095563352108,0.003285663900896907
1746739159237434600,51.0654345703125,-0.0005097291432321072,0.0014137770049273968,0.00396933127194643
1746739159247513900,51.07551391601562,0.00016564829275012016,0.002419919241219759,0.003770659677684307
1746739159257592600,51.085592529296875,0.00041188765317201614,0.002451812382787466,0.000774859101511538
1746739159267671800,51.095671875,0.0037360452115535736,0.0038150842301547527,-0.003134394995868206
1746739159277750800,51.105750732421875,0.0017197057604789734,0.00025099748745560646,-0.0008474768837913871
1746739159287829800,51.11582983398438,-0.00011281529441475868,0.0003316914662718773,0.0014806585386395454
1746739159297908700,51.12590869140625,0.003945114091038704,-0.00042687589302659035,0.005027259700000286
1746739159307987700,51.13598779296875,0.0003304053097963333,-0.0009850743226706982,0.008118124678730965
1746739159318066700,51.14606665039062,-0.0019364282488822937,0.0026797582395374775,0.009832778945565224
1746739159328145700,51.156145751953126,0.001569889485836029,-0.00018154224380850792,0.01034756749868393
1746739159338224600,51.166224609375,-0.0021431013010442257,0.0056944843381643295,0.007171405013650656
1746739159348304000,51.176303955078126,-0.0023982319980859756,0.0022179940715432167,0.0048925383016467094
1746739159358382600,51.18638256835938,-0.0012606829404830933,0.0015016254037618637,0.0021516357082873583
1746739159368461600,51.196461669921874,-0.0012287250719964504,-0.00025153346359729767,-0.0023616233374923468
1746739159378540800,51.20654077148438,0.003603775752708316,0.00038848863914608955,-0.003674551146104932
1746739159388619800,51.216619873046874,0.0011669835075736046,-0.0037346172612160444,-0.006067401263862848
1746739159398698800,51.22669873046875,0.000961837824434042,-0.0046908436343073845,-0.008803043514490128
1746739159408777700,51.23677783203125,0.0016372152604162693,-0.0026359488256275654,-0.005210706498473883
1746739159418856700,51.246856689453125,0.0009029647335410118,-0.0002672388218343258,-0.003770536044612527
1746739159428935700,51.25693579101563,-0.0010794922709465027,0.002122681587934494,0.004304700531065464
1746739159439014700,51.2670146484375,0.0007835449650883675,-0.00029626721516251564,0.006765461526811123
1746739159449094000,51.27709399414063,-0.0013190205208957195,0.0013876492157578468,0.008813965134322643
1746739159459172600,51.28717260742187,-0.0025002090260386467,-0.00246933801099658,0.014389567077159882
1746739159469251600,51.29725146484375,-0.002207527868449688,-0.00011137546971440315,0.00752154178917408
1746739159479330800,51.30733081054687,-0.0018002274446189404,-0.002175991889089346,0.0026796297170221806
1746739159489409800,51.317409912109376,-0.0022207400761544704,-0.0025240671820938587,-0.0013191066682338715
1746739159499488500,51.32748852539063,-0.0004110238514840603,-0.0009647496044635773,-0.007731377612799406
1746739159509567700,51.337567626953124,0.003985588438808918,-0.0024345479905605316,-0.011043019592761993
1746739159519646700,51.34764672851563,0.0011203303001821041,-0.0023002675734460354,-0.010290564969182014
1746739159529725700,51.3577255859375,-0.0008059339597821236,-0.001028075348585844,-0.0067424350418150425
1746739159539804700,51.3678046875,-0.0005129263736307621,-0.0004041907377541065,-0.0008930009207688272
1746739159549883600,51.37788354492187,-0.001950767356902361,-0.00220022676512599,0.004789119120687246
1746739159559962600,51.387962646484375,-0.00026038847863674164,0.00016664760187268257,0.005213482771068811
1746739159570041600,51.39804150390625,0.002322877524420619,-0.00022323941811919212,0.009589322842657566
1746739159580120800,51.408120849609375,0.0015847794711589813,-0.000309706199914217,0.01069057360291481
1746739159590199800,51.41819970703125,-0.00024561118334531784,-0.00017921160906553268,0.014317798428237438
1746739159600278500,51.42827856445312,-0.0012007146142423153,-0.0018017236143350601,0.010927372612059116
1746739159610357800,51.43835766601563,-0.0008827331475913525,0.00031202705577015877,0.004492375999689102
1746739159620436700,51.44843676757812,-0.0017970665358006954,0.002599415834993124,-0.0013529958669096231
1746739159630515700,51.458515625,0.0007209521718323231,0.00008965330198407173,-0.007248968351632357
1746739159640594700,51.4685947265625,-0.0018975851126015186,-0.001996847800910473,-0.010308906435966492
1746739159650673700,51.478673583984374,-0.0001244526356458664,-0.004027508199214935,-0.013246373273432255
1746739159660753000,51.4887529296875,0.003828346263617277,-0.0007981201633810997,-0.010031851008534431
1746739159670831400,51.49883129882812,0.0023140728008002043,-0.0019824281334877014,-0.010236648842692375
1746739159680910300,51.508910400390626,0.001784272724762559,-0.0019372496753931046,-0.0059419660829007626
1746739159690989300,51.5189892578125,-0.0011286926455795765,0.0036066523753106594,-0.003704911097884178
1746739159701068300,51.529068359375,0.0005059065297245979,0.005450178403407335,-0.0023362787906080484
1746739159711147300,51.53914721679688,-0.0010011764243245125,0.0035188538022339344,0.000782549032010138
1746739159721226500,51.5492265625,-0.001288263127207756,-0.0032584047876298428,0.0030231191776692867
1746739159731305500,51.55930541992188,-0.0019162367098033428,-0.002426433376967907,0.002990628592669964
1746739159741384200,51.56938427734375,0.000040193554013967514,-0.004634431563317776,-0.001929372432641685
1746739159751463400,51.57946337890625,0.0011984026059508324,-0.0037989981938153505,-0.0028047533705830574
1746739159761542400,51.58954248046875,0.0020828130654990673,-0.006338655948638916,-0.0075941914692521095
1746739159771621400,51.599621337890625,0.0023896093480288982,-0.002648846246302128,-0.011944730766117573
1746739159781700400,51.60970043945313,0.0020386530086398125,-0.0003002909943461418,-0.009034995920956135
1746739159791779300,51.619779296875,0.0020860573276877403,-0.0024084490723907948,0.0027060825377702713
1746739159801858300,51.6298583984375,0.0024690674617886543,-0.001150408759713173,0.009551916271448135
1746739159811937300,51.63993725585937,0.00006423285230994225,0.003232622053474188,0.008574269711971283
1746739159822016500,51.6500166015625,0.00043841032311320305,0.004671774338930845,0.006628807168453932
1746739159832095500,51.66009545898437,0.0018522825557738543,-0.00001512281596660614,0.005068461410701275
1746739159842174200,51.67017431640625,0.00043653417378664017,0.0038980883546173573,0.0002877337101381272
1746739159852253400,51.68025341796875,0.0005888668820261955,0.002836551982909441,0.005387420766055584
1746739159862332400,51.69033251953125,-0.0008496744558215141,0.0025405818596482277,0.0017141891876235604
1746739159872411400,51.70041137695313,-0.0010832338593900204,0.0001325518824160099,0.0020494810305535793
1746739159882490400,51.710490478515624,0.00022623082622885704,0.0030366419814527035,0.0017466465942561626
1746739159892569300,51.7205693359375,9.275972843170166e-7,0.00045124534517526627,0.0011820564977824688
1746739159902648600,51.73064868164062,-0.000005307141691446304,-0.0023013106547296047,0.00429479219019413
1746739159912727300,51.740727294921875,0.003607537131756544,0.0005187103524804115,0.005569114815443754
1746739159922806300,51.75080615234375,0.0022037820890545845,0.0003591650165617466,0.006562717724591494
1746739159932885500,51.760885498046875,0.003967327065765858,0.0017274976707994938,0.008037310093641281
1746739159942964200,51.77096411132813,0.0012741433456540108,0.0007652030326426029,0.0020513900090008974
1746739159953043500,51.78104345703125,-0.0009322855621576309,-0.0012840991839766502,-0.00010337369167245924
1746739159963122400,51.791122314453126,0.001319774892181158,0.0015992759726941586,-0.0023169154301285744
1746739159973201200,51.801201171875,-0.0011958470568060875,0.00002055428922176361,-0.0025912211276590824
1746739159983280400,51.8112802734375,-0.0006397473625838757,-0.004364930558949709,-0.002926357788965106
1746739159993359400,51.821359375,-0.0005758311599493027,-0.0030884775333106518,-0.007367977872490883
1746739160003438600,51.8314384765625,-0.0006722123362123966,-0.005637777037918568,-0.009241367690265179
1746739160013517300,51.84151733398438,-0.003694367129355669,-0.005205279216170311,-0.013137572444975376
1746739160023596300,51.85159619140625,0.0004135393537580967,0.00037129269912838936,-0.016495585441589355
1746739160033675500,51.86167553710938,-0.0008357493206858635,-0.002179749310016632,-0.011064067482948303
1746739160043754200,51.87175415039062,-0.00041896384209394455,-0.0014188550412654877,0.00021647196263074875
1746739160053833500,51.88183349609375,-0.002340167760848999,0.00024828361347317696,0.012073131278157234
1746739160063912400,51.89191235351562,-0.00069787772372365,-0.00026901718229055405,0.017060210928320885
1746739160073991400,51.901991455078125,-0.0021540941670536995,0.0006790682673454285,0.01931511051952839
1746739160084070400,51.9120703125,0.001789358677342534,0.0025984658859670162,0.01511008944362402
1746739160094149400,51.9221494140625,0.0025102763902395964,0.0003539533354341984,0.009322773665189743
1746739160104228400,51.93222827148438,-0.0022225305438041687,-0.0024123010225594044,0.004515313543379307
1746739160114307300,51.94230737304687,-0.00007389253005385399,-0.0020370613783597946,0.00004093626921530813
1746739160124386300,51.95238623046875,-0.0022372137755155563,-0.002796906977891922,-0.009228143841028214
1746739160134465500,51.96246557617187,-0.002698473632335663,0.0012771966867148876,-0.015208804979920387
1746739160144544300,51.972544189453124,-0.000655855517834425,-0.0014932439662516117,-0.015791289508342743
1746739160154623200,51.98262329101563,0.0005819816142320633,-0.0029542543925344944,-0.013300169259309769
1746739160164702500,51.992702392578124,0.0023270677775144577,-0.00459227804094553,-0.0077037690207362175
1746739160174781400,52.00278149414063,0.00250576576218009,-0.002704629208892584,0.0026796297170221806
1746739160184860400,52.0128603515625,0.0012014270760118961,-0.0009406092576682568,0.008624493144452572
1746739160194939400,52.022939453125,-0.00024227239191532135,0.00162801006808877,0.012998469173908234
1746739160205018400,52.03301831054687,-0.00006139883771538734,0.004551989026367664,0.015950782224535942
1746739160215097300,52.043097412109375,-0.002326683606952429,0.005662793293595314,0.01422132458537817
1746739160225176300,52.05317626953125,-0.0025789281353354454,0.004799130372703075,0.010394361801445484
1746739160235255600,52.063255615234375,-0.0006225700490176678,0.003869154490530491,0.011026863008737564
1746739160245334300,52.07333422851563,0.0007990505546331406,-0.0021460987627506256,0.005278884898871183
1746739160255413200,52.08341333007812,0.0028515488374978304,-0.007624487392604351,-0.00016594762564636767
1746739160265492500,52.09349243164063,0.0009919358417391777,-0.005008787848055363,-0.009181925095617771
1746739160275571500,52.10357153320312,0.0010310844518244267,-0.0012627854011952877,-0.01990514248609543
1746739160285650200,52.113650146484375,0.003164722118526697,-0.0018153060227632523,-0.026135040447115898
1746739160295729400,52.1237294921875,0.004519205540418625,-0.001876825001090765,-0.0242878720164299
1746739160305808400,52.133808349609374,0.004649778828024864,0.00035356543958187103,-0.02019129879772663
1746739160315887400,52.14388745117188,0.0033927669283002615,-0.002591624390333891,-0.00784248672425747
1746739160325966300,52.15396630859375,0.0027154486160725355,-0.0016961190849542618,0.004432599991559982
1746739160336045300,52.16404541015625,0.0021926702465862036,-0.000022322405129671097,0.013133946806192398
1746739160346124300,52.17412426757812,0.0012778155505657196,0.002156143542379141,0.010226840153336525
1746739160356203300,52.184203369140626,0.0022029979154467583,0.004636344965547323,0.00899166613817215
1746739160366282500,52.19428247070312,-0.0019747093319892883,0.0035118269734084606,0.005111990496516228
1746739160376361500,52.204361572265626,-0.0029017552733421326,-0.0022922661155462265,0.009154669009149075
1746739160386440200,52.21444018554688,-0.0007982985116541386,-0.006740974262356758,0.0050028604455292225
1746739160396519400,52.22451953125,-0.0026843491941690445,-0.0068930406123399734,0.0021322390530258417
1746739160406598400,52.23459838867188,-0.002038192003965378,-0.007701899856328964,-0.0068246154114604
1746739160416677400,52.24467749023437,0.0005725049413740635,-0.003633654909208417,-0.006358828395605087
1746739160426756400,52.25475634765625,0.0011223247274756432,-0.003616372821852565,-0.011277609504759312
1746739160436835300,52.26483544921875,0.0008666613139212132,-0.006575411185622215,-0.007063689641654491
1746739160446914600,52.27491455078125,0.0012191608548164368,-0.004081808030605316,-0.0028609216678887606
1746739160456993300,52.2849931640625,0.0002114209346473217,-0.000587207730859518,0.004979691002517939
1746739160467072500,52.295072509765625,-0.00013648159801959991,-0.0009336466901004314,0.01241106353700161
1746739160477151500,52.3051513671875,-0.0015740562230348587,0.0010703816078603268,0.010510099120438099
1746739160487230200,52.31523022460937,-0.0002685142681002617,0.003358934074640274,0.011766774579882622
1746739160497309400,52.325309326171876,0.00009500747546553612,0.003552014008164406,0.010444249026477337
1746739160507388400,52.33538842773437,0.0019098629709333181,0.004021659027785063,0.010247156955301762
1746739160517467100,52.345467041015624,0.0029066840652376413,0.002546799834817648,0.0076628257520496845
1746739160527546400,52.35554638671875,0.0011529317125678062,0.004846591968089342,0.005194651894271374
1746739160537625300,52.365625244140624,0.002045623492449522,0.0015296242199838161,0.0060465969145298
1746739160547704600,52.37570458984375,-0.0006890869699418545,-0.0025093327276408672,0.005853618495166302
1746739160557783300,52.385783203125,-0.0005697775632143021,-0.0013963975943624973,0.0025539614725857973
1746739160567862300,52.3958623046875,0.002881238702684641,0.0007974081672728062,-0.0016602814430370927
1746739160577941500,52.40594140625,0.0016093128360807896,0.004662720020860434,-0.00377749465405941
1746739160588020200,52.416020263671875,0.001244084443897009,0.002861643675714731,-0.0009720968664623797
1746739160598099500,52.42609936523438,0.0012789717875421047,0.001257887575775385,0.0044892472214996815
1746739160608178400,52.436178466796875,0.0006733075715601444,0.0023403475061059,0.005651494953781366
1746739160618257400,52.44625732421875,-0.001324329525232315,0.0005664164200425148,0.005486113019287586
1746739160628336400,52.45633642578125,-0.0016566291451454163,-0.0033485526219010353,0.0023080408573150635
1746739160638415400,52.466415283203126,0.00011783512309193611,-0.0006425147876143456,-0.0012233105953782797
1746739160648494600,52.47649462890625,-0.002542431466281414,-0.003889489220455289,-0.007063835393637419
1746739160658573300,52.4865732421875,0.00035002734512090683,-0.0018449807539582253,-0.007475560065358877
1746739160668652800,52.49665283203125,0.00023380015045404434,0.0026634568348526955,-0.005532706622034311
1746739160678731800,52.506731689453126,-0.00035875337198376656,0.0050280774012207985,-0.007773490156978369
1746739160688810500,52.516810546875,-0.0024128765799105167,0.005161082372069359,-0.005291201174259186
1746739160698889700,52.5268896484375,-0.0011779689230024815,0.002984214574098587,-0.0021723732352256775
1746739160708968700,52.53696875,0.00016481056809425354,0.0033512269146740437,-0.005730966571718454
1746739160719047700,52.547047607421874,0.002329161623492837,0.0011975285597145557,0.0014326706295832992
1746739160729126700,52.55712670898438,0.004106826614588499,0.0012270743027329445,0.004965327680110931
1746739160739205600,52.56720556640625,0.003348624799400568,0.0029488075524568558,0.003414568956941366
1746739160749284900,52.57728491210938,0.004322584718465805,0.0025393147952854633,0.005385101772844791
1746739160759363600,52.58736352539062,0.0024258813355118036,0.0029020369984209538,-0.0013039601035416126
1746739160769442800,52.59744287109375,0.0013798321597278118,0.003394732251763344,-0.005885498132556677
1746739160779521800,52.60752172851563,-0.00344608211889863,0.004677044227719307,-0.01317670103162527
1746739160789600500,52.6176005859375,-0.001909364014863968,0.002174109686166048,-0.018040629103779793
1746739160799679700,52.6276796875,0.000497068278491497,0.0007493183948099613,-0.015774546191096306
1746739160809758700,52.6377587890625,-0.0006783516146242619,0.0037985662929713726,-0.013214586302638054
1746739160819837700,52.647837646484376,0.00098772207275033,0.0030206567607820034,-0.007737796287983656
1746739160829916700,52.65791674804687,0.0009640702046453953,0.002317264210432768,-0.000014080083929002285
1746739160839995600,52.66799560546875,0.001320401206612587,0.0009406763128936291,0.004491988103836775
1746739160850075000,52.67807495117187,0.00232248124666512,0.0059973555617034435,0.011320085264742374
1746739160860153600,52.688153564453124,0.0037123849615454674,0.00684876786544919,0.01770900934934616
1746739160870232800,52.69823291015625,0.003339446149766445,0.010826893150806427,0.014831100590527058
1746739160880311800,52.708311767578124,0.0045964582823216915,0.005153825972229242,0.011214794591069221
1746739160890390500,52.718390625,0.0014297468587756157,0.005494035314768553,0.00425927247852087
1746739160900469800,52.7284697265625,0.001606314443051815,0.002972820308059454,-0.007882345467805862
1746739160910548700,52.738548828125,-0.0018290933221578598,-0.0022870651446282864,-0.017699701711535454
1746739160920627700,52.74862768554687,0.0011033136397600174,-0.006479147356003523,-0.024381572380661964
1746739160930706700,52.758706787109375,-0.00020590890198946,-0.007610229775309563,-0.02889305353164673
1746739160940785700,52.76878564453125,0.0006114151328802109,-0.0026586144231259823,-0.021603718400001526
1746739160950865000,52.778864990234375,-0.0026874556206166744,-0.002050498966127634,-0.013429720886051655
1746739160960943600,52.78894360351563,-0.00377455772832036,-0.004309924319386482,-0.0034745584707707167
1746739160971022600,52.79902270507812,-0.0024830708280205727,0.00162034435197711,0.006221101153641939
1746739160981101800,52.809101806640626,-0.005768079310655594,0.0015572276897728443,0.01517731137573719
1746739160991180500,52.8191806640625,-0.003740517422556877,-0.00009650178253650665,0.02085084281861782
1746739161001259800,52.829259765625,-0.004249979741871357,0.001331218983978033,0.017555980011820793
1746739161011338800,52.8393388671875,-0.0034808353520929813,0.003558534663170576,0.008149651810526848
1746739161021417700,52.849417724609374,-0.0024770903401076794,0.0032964800484478474,-0.004258814733475447
1746739161031496700,52.85949658203125,0.000536398496478796,0.0024029859341681004,-0.012427430599927902
1746739161041575700,52.86957568359375,0.002535367151722312,0.00019575795158743858,-0.012226361781358719
1746739161051655000,52.87965502929688,0.0021908022463321686,-0.003778083948418498,-0.010196478106081486
1746739161061733600,52.88973364257812,-0.00021935859695076942,-0.003957314416766167,-0.013929164037108421
1746739161071812600,52.8998125,0.0010782545432448387,-0.004771184176206589,-0.0027997135184705257
1746739161081891800,52.90989184570312,-0.0010099303908646107,0.000883239321410656,0.004986304324120283
1746739161091970600,52.91997045898437,-0.001152893528342247,-0.00014802347868680954,0.010850818827748299
1746739161102049500,52.93004956054688,-0.0015395847149193287,0.0028136777691543102,0.013207982294261456
1746739161112128800,52.94012866210937,-0.0024181134067475796,0.006845084950327873,0.010333066806197166
1746739161122207700,52.95020776367188,0.0038038301281630993,0.006404598243534565,0.005866944789886475
1746739161132286700,52.96028662109375,0.0054583074524998665,0.007705761585384607,0.0031048692762851715
1746739161142365700,52.97036572265625,0.00975345354527235,0.0065877665765583515,0.005990936886519194
1746739161152444700,52.98044458007813,0.01350531354546547,0.005275412928313017,0.0051344092935323715
1746739161162523600,52.990523681640624,0.01688379980623722,0.004136378411203623,0.00807800143957138
1746739161172602600,53.0006025390625,0.01664472185075283,0.012139154598116875,0.006061966065317392
1746739161182681900,53.010681884765624,0.014276105910539627,0.012040883302688599,0.011976846493780613
1746739161192760800,53.0207607421875,0.015639524906873703,0.008068524301052094,0.020371027290821075
1746739161202839600,53.03083959960937,0.006275051739066839,0.0048583499155938625,0.024161770939826965
1746739161212918800,53.040918701171876,0.0016243229620158672,0.009238583967089653,0.019077511504292488
1746739161222997800,53.05099780273437,0.00003787782043218613,0.0077967471443116665,0.017009565606713295
1746739161233076700,53.06107666015625,-0.0010010194964706898,0.004546948708593845,0.012793458066880703
1746739161243155700,53.07115576171875,-0.0001682490110397339,0.004896088503301144,0.009520433843135834
1746739161253234700,53.08123461914062,-0.00029179640114307404,0.004419924691319466,0.002131028799340129
1746739161263313700,53.09131372070313,0.004950103349983692,0.0000707162544131279,-0.005598530173301697
1746739161273392600,53.101392578125,0.002865211106836796,-0.0005272864364087582,-0.012679197825491428
1746739161283472000,53.11147192382813,0.0036090321373194456,-0.004608048126101494,-0.013635272160172462
1746739161293550800,53.12155078125,0.0031959519255906343,-0.0036326469853520393,-0.021734166890382767
1746739161303629600,53.131629638671875,0.0038750581443309784,-0.00297458004206419,-0.02470758743584156
1746739161313708800,53.14170874023438,0.003367725759744644,-0.0033474224619567394,-0.02397415228188038
1746739161323787800,53.151787841796875,0.002912058960646391,-0.0017937342636287212,-0.018275253474712372
1746739161333866500,53.161866455078126,0.0017524459399282932,-0.0035706236958503723,-0.004255231469869614
1746739161343945700,53.17194580078125,-0.0026897070929408073,0.0009018890559673309,0.0025667219888418913
1746739161354024700,53.182024658203126,-0.0037610232830047607,-0.0020035915076732635,0.00593740725889802
1746739161364103700,53.19210375976562,-0.00405583530664444,-0.0027442164719104767,0.0022422713227570057
1746739161374181600,53.202181640625,-0.003798719495534897,-0.004340838640928268,0.003136981977149844
1746739161384260600,53.212260498046874,-0.0035787420347332954,-0.003429238684475422,0.005464851390570402
1746739161394339800,53.22233984375,-0.0035866103135049343,-0.005575270392000675,0.0017605489119887352
1746739161404418800,53.23241870117187,-0.002616953570395708,-0.0030511263757944107,-0.0084108617156744
1746739161414497500,53.24249755859375,-0.0032187565229833126,-0.0019287923350930214,-0.014284063130617142
1746739161424576800,53.25257666015625,-0.0014711897820234299,-0.0022054947912693024,-0.019060442224144936
1746739161434655700,53.26265576171875,-0.0020497250370681286,-0.0014900481328368187,-0.02172800898551941
1746739161444734700,53.27273461914063,0.003070734441280365,-0.0038690499495714903,-0.02118206024169922
1746739161454813700,53.282813720703125,0.00008036848157644272,-0.005784300621598959,-0.013576140627264977
1746739161464892700,53.292892578125,-0.0012943549081683159,-0.005523310974240303,-0.007740888278931379
1746739161474971600,53.3029716796875,-0.0022575967013835907,-0.003230747301131487,-0.0051438165828585625
1746739161485050600,53.313050537109376,-0.001339072361588478,0.00023535685613751411,0.0011502979323267937
1746739161495129900,53.3231298828125,-0.0026955651119351387,-0.0011822506785392761,0.0003048442886210978
1746739161505208800,53.333208740234376,-0.0036447159945964813,0.0016500214114785194,-0.0009729404118843377
1746739161515287600,53.34328759765625,-0.006063641514629126,-0.001925154123455286,-0.00244438205845654
1746739161525366800,53.35336669921875,-0.005644193384796381,-0.0005621481686830521,-0.00669505400583148
1746739161535445800,53.36344580078125,-0.00472465343773365,0.0009612119756639004,-0.012420760467648506
1746739161545524500,53.3735244140625,-0.0037661809474229813,-0.0028577609919011593,-0.014586176723241806
1746739161555603700,53.38360375976563,-0.002471255138516426,-0.003236635122448206,-0.012686876580119133
1746739161565682700,53.3936826171875,-0.000872559379786253,-0.004701639525592327,-0.0074484390206635
1746739161575762000,53.40376196289063,-0.004304235801100731,-0.0024485765025019646,-0.006237310823053122
1746739161585840600,53.41384057617187,-0.003023255616426468,0.001534446608275175,-0.011022478342056274
1746739161595919600,53.423919677734375,-0.0007502720691263676,0.004241485148668289,-0.011552192270755768
1746739161605998800,53.43399877929688,0.0014247316867113113,0.0008704559877514839,-0.0054961638525128365
1746739161616077600,53.44407763671875,0.002012467011809349,-0.004533746279776096,-0.00028963960357941687
1746739161626156800,53.45415673828125,0.0011831587180495262,-0.007701309863477945,0.007034053560346365
1746739161636235800,53.46423583984375,-0.0007075397297739983,-0.007599034812301397,0.0009065505000762641
1746739161646314500,53.474314453125,-0.0030239573679864407,-0.006810472812503576,-0.009609740227460861
1746739161656393700,53.48439379882812,-0.0023664236068725586,0.0007731928490102291,-0.021782303228974342
1746739161666472700,53.49447265625,-0.003135278820991516,0.0029596476815640926,-0.027043644338846207
1746739161676551700,53.5045517578125,-0.0016984781250357628,0.002297968603670597,-0.018140742555260658
1746739161686630700,53.514630615234374,-0.0010936739854514599,-0.0015510981902480125,-0.005524015985429287
1746739161696709600,53.52470971679688,-0.00163654750213027,-0.005184175446629524,0.005700841546058655
1746739161706788600,53.53478857421875,-0.002137221861630678,-0.002895455341786146,0.014288204722106457
1746739161716867600,53.54486767578125,-0.0006795041263103485,-0.002865987829864025,0.013315152376890182
1746739161726946600,53.55494653320312,0.0015386426821351051,0.00031462498009204865,0.009315351024270058
1746739161737025800,53.56502587890625,-0.00005291076377034187,-0.0017772512510418892,0.008683736436069012
1746739161747104800,53.57510473632812,0.0015926561318337917,-0.002616945654153824,0.005573696922510862
1746739161757183500,53.58518359375,-0.0010437029413878918,-0.004131893627345562,0.00145896733738482
1746739161767262700,53.5952626953125,0.00039014313369989395,-0.002501240000128746,-0.002244690665975213
1746739161777341700,53.605341796875,0.0010583051480352879,-0.00015719281509518623,-0.00396989518776536
1746739161787420400,53.61542041015625,-0.0001976415514945984,-0.001569999847561121,-0.0040822806768119335
1746739161797499600,53.62549975585937,0.004674515221267939,-0.002504379488527775,-0.0013223262503743172
1746739161807578600,53.63557861328125,0.004623648710548878,0.000017634127289056778,0.004526241682469845
1746739161817657600,53.64565771484375,0.0031537541653960943,-0.0024973293766379356,0.00876931007951498
1746739161827736600,53.655736572265624,0.001915650675073266,-0.0019841380417346954,0.01147614698857069
1746739161837815600,53.66581567382813,-0.00016185780987143517,0.004886929877102375,0.015141146257519722
1746739161847894800,53.675894775390624,-0.0022034370340406895,0.005165495909750462,0.013072935864329338
1746739161857973500,53.685973388671876,-0.002144484780728817,0.0035717361606657505,0.007539032492786646
1746739161868052700,53.696052734375,-0.0029610097408294678,0.004043914843350649,0.006210381630808115
1746739161878131700,53.706131591796876,-0.0020958688110113144,-0.0022496553137898445,0.0034283401910215616
1746739161888210400,53.71621044921875,0.000966233666986227,-0.0002506868913769722,0.001665593939833343
1746739161898289700,53.72628955078125,0.0013883919455111027,-0.0033114980906248093,0.0005690848338417709
1746739161908368600,53.73636865234375,0.0025801565498113632,-0.0008597918786108494,0.003488175803795457
1746739161918447600,53.74644750976562,0.0035236445255577564,-0.0031951889395713806,0.004451035987585783
1746739161928526600,53.75652661132813,0.0033771705348044634,-0.0029326011426746845,-0.002771723084151745
1746739161938605600,53.76660546875,0.002679831348359585,-0.0006930497474968433,-0.0051573216915130615
1746739161948684800,53.77668481445313,0.0019069819245487452,0.0005522440187633038,-0.00445557851344347
1746739161958763500,53.78676342773438,-0.0006108633242547512,0.0014921585097908974,-0.0005927600432187319
1746739161968842500,53.796842529296875,-0.0021219407208263874,-0.003526835236698389,0.001358538051135838
1746739161978921700,53.80692163085938,-0.0033927555195987225,0.0006321794353425503,-0.0012618298642337322
1746739161989000400,53.81700048828125,-0.00617815600708127,-0.00012575648725032806,-0.001290858373977244
1746739161999079700,53.82707958984375,-0.006979402620345354,-0.00011021038517355919,-0.005993538070470095
1746739162009158700,53.83715869140625,-0.0038621718995273113,-0.0032210489735007286,-0.004734395537525415
1746739162019237600,53.847237548828126,-0.0014736093580722809,-0.006366047542542219,0.0016350795049220324
1746739162029316600,53.85731665039062,-0.002260573673993349,-0.006656598299741745,0.010521781630814075
1746739162039395600,53.8673955078125,0.0017486216966062784,-0.004375838674604893,0.01047829445451498
1746739162049474800,53.87747485351562,0.0047614555805921555,-0.0014913692139089108,0.008523534052073956
1746739162059553500,53.887553466796874,0.0019682140555232763,-0.00015524541959166527,-0.0006530244136229157
1746739162069632500,53.89763256835938,0.002499248366802931,-0.002349956426769495,-0.005228335037827492
1746739162079711700,53.90771166992187,0.0030387528240680695,-0.0028278683312237263,-0.004264552611857653
1746739162089790500,53.91779052734375,-0.00010537495836615562,-0.00018920795992016792,-0.0017960683908313513
1746739162099869700,53.92786962890625,-0.0020876359194517136,-0.003589070402085781,0.000044037195038981736
1746739162109948700,53.93794873046875,0.00002291938289999962,-0.0038700338918715715,0.006617783568799496
1746739162120027600,53.94802758789063,-0.0009655505418777466,-0.0006189737468957901,0.003278593299910426
1746739162130106600,53.958106689453125,0.00037561729550361633,0.0016021025367081165,0.010803354904055595
1746739162140185600,53.968185546875,-0.0002547493204474449,0.001542676705867052,0.013495858758687973
1746739162150264800,53.978264892578125,0.0014158515259623528,0.0023887627758085728,0.01254937145859003
1746739162160343600,53.988343505859376,-0.0007382379844784737,0.00289166159927845,0.005055033601820469
1746739162170422500,53.99842260742187,-0.001980602741241455,0.006122342310845852,0.006292072124779224
1746739162180501800,54.008501708984376,-0.001331106759607792,0.00011513382196426392,0.006154154893010855
1746739162190580500,54.01858056640625,0.00024947943165898323,-0.0014263037592172623,0.006315009668469429
1746739162200659500,54.028659423828124,0.0008760252967476845,-0.0013388264924287796,0.0044927289709448814
1746739162210738700,54.03873876953125,0.0005591092631220818,-0.0035354015417397022,0.000782412535045296
1746739162220817700,54.048817626953124,0.0015614274889230728,-0.0029267421923577785,-9.702343959361315e-7
1746739162230896600,54.05889672851563,0.0009230677969753742,0.0005777115002274513,-0.007325196173042059
1746739162240975600,54.0689755859375,0.00202285498380661,-0.0017933999188244343,-0.003906692378222942
1746739162251054600,54.0790546875,0.0029437760822474957,-0.00430875550955534,-0.00012047623749822378
1746739162261133600,54.08913354492187,0.0027155920397490263,-0.004643598571419716,0.006516352761536837
1746739162271212500,54.099212646484375,0.0006897253915667534,0.0005551585927605629,0.0028795399703085423
1746739162281291800,54.10929174804688,-0.000618369784206152,0.0006879661232233047,0.0030110650695860386
1746739162291370800,54.119370849609375,-0.001725712325423956,0.001183580607175827,-0.0013551876181736588
1746739162301449500,54.129449462890626,-0.0006706402637064457,0.0030352487228810787,-0.0029311692342162132
1746739162311528700,54.13952880859375,-0.0001902058720588684,0.0012019290588796139,-0.007430313620716333
1746739162321607700,54.149607666015626,-0.0006724772974848747,-0.0031434758566319942,-0.0084026288241148
1746739162331686700,54.15968676757812,-0.002261053305119276,-0.005853508599102497,-0.009414097294211388
1746739162341765600,54.169765625,0.0001406860537827015,-0.003555628238245845,-0.008007488213479519
1746739162351844600,54.1798447265625,0.0008863713592290878,-0.0030120769515633583,-0.0008680862374603748
1746739162361923600,54.189923583984374,0.0010371007956564426,-0.005568148102611303,0.008559192530810833
1746739162372002600,54.20000244140625,-0.0014015557244420052,-0.0023744856007397175,0.016424039378762245
1746739162382081500,54.21008154296875,-0.003431417513638735,0.0009123878553509712,0.015492466278374195
1746739162392160800,54.22016088867188,-0.0025911894626915455,0.003389393910765648,0.018411025404930115
1746739162402239500,54.23023950195312,-0.0030858833342790604,0.003927032463252544,0.017062021419405937
1746739162412318700,54.240318603515625,-0.0006168670952320099,0.002653774805366993,0.01190214604139328
1746739162422397700,54.25039770507812,0.0010027955286204815,0.0011677038855850697,0.008113077841699123
1746739162432476400,54.26047631835937,0.00294956611469388,-0.0019995938055217266,-0.003895648056641221
1746739162442555600,54.2705556640625,0.0032431185245513916,-0.001101016066968441,-0.010018599219620228
1746739162452634600,54.28063452148437,0.004754195921123028,-0.002364153042435646,-0.007396982982754707
1746739162462713600,54.29071362304688,0.0005037691444158554,-0.003201826009899378,0.001893495093099773
1746739162472792600,54.30079248046875,0.00023345835506916046,-0.0019522705115377903,0.009574584662914276
1746739162482871600,54.31087158203125,-0.0016093049198389053,0.0021096370182931423,0.01408582553267479
1746739162492950800,54.32095068359375,-0.004352626856416464,0.0016891234554350376,0.015005415305495262
1746739162503029500,54.331029541015624,-0.0013863034546375275,0.0029819579795002937,0.014472132548689842
1746739162513108700,54.34110864257813,0.0005306396633386612,0.0036312369629740715,0.012046259827911854
1746739162523187700,54.351187744140624,0.0009646178223192692,0.0030869077891111374,0.009526001289486885
1746739162533266400,54.361266357421876,0.00266984011977911,-0.001219689380377531,0.005321136675775051
1746739162543345700,54.371345703125,0.00012809177860617638,0.00024843495339155197,-0.002433992689475417
1746739162553424600,54.381424560546876,0.0023062911350280046,-0.0039194123819470406,-0.009926529601216316
1746739162563503600,54.39150366210937,0.003439566120505333,-0.002715826965868473,-0.01669289544224739
1746739162573582600,54.40158251953125,0.0011660256423056126,-0.0039275651797652245,-0.016464395448565483
1746739162583661600,54.41166162109375,0.0005689891986548901,-0.005373443476855755,-0.009492588229477406
1746739162593740800,54.42174072265625,-0.002047566697001457,-0.005085821729153395,-0.002329484326764941
1746739162603820500,54.43182055664062,-0.0020407866686582565,-0.0011654375120997429,0.007677763234823942
1746739162613899800,54.44189965820313,-0.004340159706771374,0.001615169458091259,0.008930780924856663
1746739162623978500,54.451978515625,-0.0036662803031504154,-0.0015885108150541782,0.008836698718369007
1746739162634057500,54.462057373046875,-0.004246050026267767,0.0026954500935971737,0.0034531191922724247
1746739162644136700,54.47213671875,-0.006628126371651888,-0.003325211349874735,0.002298791892826557
1746739162654215700,54.482215576171875,-0.003974818158894777,-0.0026985695585608482,0.0016521763755008578
1746739162664294700,54.49229467773438,-0.0019008209928870201,-0.003958271816372871,0.0013760831207036972
1746739162674373000,54.502373046875,-0.0006118509918451309,-0.0015094950795173645,-0.0011517893290147185
1746739162684452000,54.5124521484375,-0.0011644130572676659,-0.005057674366980791,-0.0028709406033158302
1746739162694531300,54.52253125,-0.0021018455736339092,-0.00557805597782135,-0.0026514960918575525
1746739162704610000,54.532610107421874,-0.00086543383076787,-0.005226388573646545,0.0005816987250000238
1746739162714689000,54.54268896484375,-0.001885957084596157,-0.0032077128998935223,0.0005065975710749626
1746739162724768300,54.552768310546874,-0.0011656265705823898,-0.0030331574380397797,0.0013012734707444906
1746739162734847000,54.562846923828126,-0.005046651232987642,-0.0002528172917664051,0.0022914367727935314
1746739162744926200,54.57292626953125,-0.002256091684103012,0.0003635385073721409,0.0017661910969763994
1746739162755005200,54.583005126953125,-0.0026798006147146225,0.0006644753739237785,-0.0039843725971877575
1746739162765084000,54.593083984375,-0.0018061622977256775,-0.0009523844346404076,-0.00991907250136137
1746739162775163100,54.6031630859375,-0.0006812429055571556,0.000007951166480779648,-0.01075903419405222
1746739162785242000,54.6132421875,0.003454918507486582,-0.001665343064814806,-0.005265687592327595
1746739162795321300,54.6233212890625,0.003582750214263797,-0.003625962184742093,-0.00003470659430604428
1746739162805400000,54.63340014648438,0.00281679630279541,-0.0026603788137435913,0.008443995378911495
1746739162815479000,54.64347900390625,-0.0010855337604880333,-0.0011343872174620628,0.014563140459358692
1746739162825558300,54.653558349609376,-0.0021483558230102062,-0.0005280328914523125,0.014213385060429573
1746739162835637000,54.66363696289063,-0.0005238275043666363,0.001509285531938076,0.0072588068433105946
1746739162845716200,54.67371630859375,0.00035557104274630547,0.000006308313459157944,0.0012224438833072782
1746739162855795200,54.68379516601563,-0.0004170122556388378,0.003200769890099764,-0.002595464000478387
1746739162865874200,54.693874267578124,0.00003485800698399544,-0.0010771295055747032,-0.007125109899789095
1746739162875953200,54.703953125,-0.0007526385597884655,-0.00292376521974802,-0.006095798220485449
1746739162886032100,54.7140322265625,-0.0006718994118273258,-0.002804769203066826,-0.004779480397701263
1746739162896111000,54.724111083984376,-0.002019991632550955,-0.0029597654938697815,-0.0010361409513279796
1746739162906190000,54.73419018554687,-0.003186794463545084,-0.0035832389257848263,0.0005061726551502943
1746739162916269000,54.74426904296875,-0.003031799104064703,-0.005116687156260014,-0.00098226813133806
1746739162926348300,54.75434838867187,-0.0026950305327773094,0.00003472017124295235,-0.0035273388493806124
1746739162936427000,54.76442700195312,-0.0007490585558116436,0.0012821448035538197,-0.001101465430110693
1746739162946506000,54.77450610351563,-0.0054743047803640366,-0.0010457239113748074,-0.0017185198375955224
1746739162956585200,54.78458520507812,-0.0039059696719050407,0.0003164829686284065,0.0015739462105557323
1746739162966664200,54.79466430664063,-0.001803890336304903,-0.0022199535742402077,0.005472995340824127
1746739162976743200,54.8047431640625,0.0005711168050765991,-0.006087129935622215,0.00898650474846363
1746739162986822100,54.814822265625,-0.0002052411437034607,-0.005903596058487892,0.009506970643997192
1746739162996901000,54.82490112304688,-0.00014611892402172089,-0.003012202214449644,0.004714611917734146
1746739163006980000,54.83497998046875,-0.0008372091688215733,0.00035057123750448227,-0.004215499851852655
1746739163017059000,54.84505908203125,-0.001982368528842926,-0.001151984091848135,-0.005662661511451006
1746739163027138300,54.85513818359375,-0.0011784550733864307,-0.0012024552561342716,-0.0022318586707115173
1746739163037217000,54.865217041015626,-0.0023577027022838593,-0.001084210816770792,-0.0021477029658854008
1746739163047296000,54.8752958984375,-0.0028465413488447666,-0.0004948708228766918,-0.0007885861559771001
1746739163057375200,54.885375244140626,-0.00008537573739886284,-0.004162576049566269,-0.0017561125569045544
1746739163067454200,54.8954541015625,0.001549998763948679,-0.0005516237579286098,-0.006221624091267586
1746739163077533000,54.905532958984374,0.001468505710363388,0.0016297711990773678,0.0003494597040116787
1746739163087612200,54.91561206054688,0.0010945028625428677,-0.0007834578864276409,0.004761637654155493
1746739163097691100,54.92569116210937,0.00047425273805856705,0.0010464000515639782,0.006350745912641287
1746739163107770000,54.93577001953125,-0.00417068786919117,-0.0002877884544432163,0.010347729548811913
1746739163117849000,54.94584912109375,-0.0028593474999070168,-0.0002406504936516285,0.014153387397527695
1746739163127928000,54.955927978515625,-0.001986945513635874,0.0014316323213279247,0.018581993877887726
1746739163138007000,54.96600708007813,-0.0029896260239183903,-0.002188669051975012,0.017960146069526672
1746739163148086000,54.9760859375,-0.0011050514876842499,0.003458241932094097,0.01663484238088131
1746739163158165200,54.98616528320313,-0.0008195606060326099,0.00326702743768692,0.0147471958771348
1746739163168244200,54.996244140625,0.0022054295986890793,0.0046338895335793495,0.014871950261294842
1746739163178323000,55.006322998046876,0.00114149646833539,-0.002472755964845419,0.011250317096710205
1746739163188402200,55.01640209960937,0.0010931487195193768,-0.004058988764882088,0.008391833864152431
1746739163198481200,55.026481201171876,0.005603744648396969,0.00038396287709474564,0.0023555129300802946
1746739163208560000,55.03656005859375,0.000986618921160698,0.00034431926906108856,0.003915810491889715
1746739163218639000,55.04663916015625,0.0008851527236402035,-0.0006354576908051968,0.007059938739985228
1746739163228718000,55.05671801757813,0.00012058485299348831,0.001683694776147604,0.00918088760226965
1746739163238797300,55.06679736328125,-0.001072244718670845,-0.000964019913226366,0.004316091071814299
1746739163248876000,55.0768759765625,-0.002687963657081127,-0.0020264657214283943,0.00391226215288043
1746739163258955300,55.086955322265624,-0.0022946149110794067,-0.003075218293815851,0.004409474786370993
1746739163269034200,55.0970341796875,-0.002777226734906435,-0.0024762344546616077,-0.00004164667916484177
1746739163279113000,55.10711303710937,-0.005613493267446756,-0.0008429177105426788,0.0006904563051648438
1746739163289192200,55.117192138671875,-0.0054739429615437984,-0.002224299591034651,-0.004173807334154844
1746739163299271200,55.12727124023438,-0.0042060124687850475,-0.0015545142814517021,-0.008593057282269001
1746739163309350000,55.13734985351562,-0.0015763314440846443,-0.0036709392443299294,-0.006125666666775942
1746739163319429000,55.14742919921875,0.0018711306620389223,-0.0031108763068914413,-0.005202082451432943
1746739163329508000,55.15750805664062,0.0025642262771725655,-0.0007213926874101162,-0.0004906210815533996
1746739163339587300,55.16758740234375,0.002120543736964464,-0.001568810548633337,0.00804960448294878
1746739163349666000,55.177666015625,0.001908581703901291,-0.0017724721692502499,0.01753818802535534
1746739163359745000,55.1877451171875,-0.001338078174740076,0.0003735027275979519,0.018491333350539207
1746739163369824300,55.19782421875,-0.001371800433844328,0.0018844148144125938,0.016790833324193954
1746739163379903000,55.207903076171874,-0.0008860398083925247,0.001614636741578579,0.00936141423881054
1746739163389982200,55.21798217773438,0.00037842895835638046,-0.0008210907690227032,0.0025008448865264654
1746739163400061200,55.228061279296874,-0.0017643505707383156,-0.0011614426039159298,-0.006410092581063509
1746739163410140200,55.23814013671875,-0.0006035510450601578,-0.0004887552931904793,-0.014257019385695457
1746739163420219100,55.24821923828125,0.0009248368442058563,-0.0026275399141013622,-0.011787204071879387
1746739163430298000,55.258298095703125,0.0015369313769042492,-0.003442630171775818,-0.012181424535810947
1746739163440377300,55.26837744140625,0.0014791404828429222,0.0004935218021273613,-0.0084905494004488
1746739163450456000,55.2784560546875,-0.0013121236115694046,-0.0018069357611238956,-0.0018183114007115364
1746739163460535000,55.28853515625,0.0007161400280892849,-0.0034245396964251995,0.0020810889545828104
1746739163470614300,55.2986142578125,-0.002325040753930807,-0.0016496055759489536,0.007543125189840794
1746739163480693000,55.30869287109375,-0.0005529732443392277,-0.0030413735657930374,0.01019616611301899
1746739163490772000,55.31877197265625,-0.0009977929294109344,-0.0044103628024458885,0.009554953314363956
1746739163500851200,55.328851318359376,-0.003697704989463091,-0.0008302750065922737,0.0052976240403950214
1746739163510930200,55.33893017578125,-0.0006196023896336555,0.002359708771109581,-0.0015049284556880593
1746739163521009200,55.349009033203124,-0.0048942421562969685,0.0019453205168247223,-0.012042524293065071
1746739163531088100,55.35908813476563,-0.00034161750227212906,0.00014967145398259163,-0.012541565112769604
1746739163541167000,55.3691669921875,0.000687694177031517,-0.003353717038407922,-0.013640385121107101
1746739163551246000,55.37924609375,0.001959665445610881,-0.006231729872524738,-0.00908539816737175
1746739163561325000,55.38932495117187,0.002424387028440833,-0.007802195847034454,-0.001776352641172707
1746739163571404300,55.399404296875,0.004945555701851845,-0.00015279138460755348,-0.000001005639205686748
1746739163581483000,55.40948291015625,0.002566554117947817,0.0033982680179178715,-0.0006023474270477891
1746739163591562000,55.41956201171875,0.0006654178723692894,0.003411733079701662,-0.0007803652551956475
1746739163601641200,55.42964111328125,-0.0008834763430058956,0.0025443420745432377,0.0015496343839913607
1746739163611720200,55.43972021484375,-0.0010625123977661133,0.00026278337463736534,0.005630739498883486
1746739163621799200,55.44979907226563,-0.001439882442355156,-0.0004299045540392399,0.006596668157726526
1746739163631878100,55.45987817382812,-0.0009437855333089828,-0.008541726507246494,0.0046107834205031395
1746739163641957000,55.46995703125,-0.0031821723096072674,-0.003717143554240465,0.0011614575050771236
1746739163652036000,55.4800361328125,-0.001386980526149273,-0.0030965819023549557,-0.0025301328860223293
1746739163662115000,55.490114990234375,0.0005209078080952168,-0.006226595025509596,-0.0017090803012251854
1746739163672194600,55.50019458007812,0.00004681292921304703,-0.008850750513374805,0.0000467274512629956
1746739163682273500,55.5102734375,0.001087309792637825,-0.0009880336001515388,0.004090737551450729
1746739163692352500,55.5203525390625,-0.002778751775622368,0.002110203728079796,0.007927252911031246
1746739163702431700,55.530431640625,-0.003352397121489048,0.0026178015395998955,0.002878698520362377
1746739163712510500,55.54051049804688,0.0014454848133027554,0.0015780376270413399,0.0011000988306477666
1746739163722589400,55.55058935546875,0.0014105974696576595,0.0019186558201909065,0.0018945198971778154
1746739163732668700,55.56066870117188,0.0020329782273620367,-0.0006150752305984497,-0.003673350904136896
1746739163742747600,55.57074755859375,0.0015682564117014408,0.0012446101754903793,-0.005036090966314077
1746739163752826600,55.58082666015625,0.0006031962111592293,0.0016990117728710175,-0.0012111179530620575
1746739163762905600,55.59090551757812,0.005517793353646994,0.0010486673563718796,0.002038737526163459
1746739163772984600,55.600984619140625,0.0035318052396178246,0.0025040190666913986,0.007842157036066055
1746739163783063600,55.6110634765625,0.0019490886479616165,0.002457147464156151,0.010984953492879868
1746739163793142500,55.621142578125,0.003797802608460188,0.0010516536422073841,0.011249125935137272
1746739163803221500,55.63122143554688,0.0018523633480072021,0.001314507331699133,0.006626943126320839
1746739163813300700,55.64130078125,0.0022987844422459602,0.0036484883166849613,0.0015746328281238675
1746739163823379500,55.65137939453125,0.0014907815493643284,0.0017898683436214924,-0.002498671878129244
1746739163833458700,55.66145874023437,0.0031260394025593996,0.002415172755718231,-0.0083741694688797
1746739163843537700,55.67153759765625,0.001310562714934349,-0.003933803178369999,-0.010164612904191017
1746739163853616400,55.68161645507813,-0.0012003430165350437,-0.002559605985879898,-0.013111102394759655
1746739163863695600,55.691695556640624,-0.002928734291344881,-0.0005158963613212109,-0.013231211341917515
1746739163873774600,55.70177465820313,-0.0020316140726208687,-0.006542196962982416,-0.011148016899824142
1746739163883853600,55.711853515625,-0.0013794060796499252,-0.004586371593177319,-0.012154691852629185
1746739163893932500,55.7219326171875,0.004465384408831596,-0.004041138105094433,-0.0086978729814291
1746739163904011500,55.73201147460937,0.002970285713672638,-0.002952171489596367,-0.00828029029071331
1746739163914090800,55.7420908203125,0.0032983410637825727,-0.0030240342020988464,-0.0007650310872122645
1746739163924169500,55.75216943359375,-0.002233044244349003,-0.0009683398529887199,0.004542648792266846
1746739163934248700,55.762248779296876,-0.0015889429487287998,0.0014764624647796154,0.004661318846046925
1746739163944327700,55.77232763671875,-0.0022486080415546894,0.003617378417402506,0.0036956563126295805
1746739163954406400,55.78240649414062,-0.004087764769792557,0.0018701860681176186,0.0007570837624371052
1746739163964485600,55.79248559570313,-0.0008147400803864002,-0.003397812368348241,-0.004502393305301666
1746739163974564600,55.80256469726562,0.0012305406853556633,-0.00047480035573244095,-0.007046250626444817
1746739163984643600,55.8126435546875,0.0018143057823181152,-0.0006937123835086823,-0.010847913101315498
1746739163994722600,55.82272265625,0.002174388850107789,-0.0017633927054703236,-0.011123592965304852
1746739164004801500,55.832801513671875,-0.0001276475377380848,-0.004500589333474636,-0.004904844798147678
1746739164014880800,55.842880859375,-0.0006458987481892109,-0.0035599612165242434,-0.0022137206979095936
1746739164024959500,55.85295947265625,-0.00190370948985219,-0.0022699260152876377,-0.00018465842003934085
1746739164035038500,55.86303857421875,0.0006438465788960457,0.00033773016184568405,-0.00022003616322763264
1746739164045117700,55.87311767578125,-0.0032917726784944534,0.0009079128503799438,-0.0005012659821659327
1746739164055196400,55.883196533203126,-0.0004141549579799175,-0.0005128555931150913,0.003484876360744238
1746739164065275600,55.89327563476562,0.0017738982569426298,0.0006067370995879173,-0.0046372320502996445
1746739164075354600,55.903354736328126,0.0006215027533471584,-0.00015035364776849747,-0.012237544171512127
1746739164085433600,55.91343359375,0.0011642551980912685,0.0028267940506339073,-0.009659605100750923
1746739164095512600,55.9235126953125,0.0009205755777657032,0.002590038813650608,-0.01246737502515316
1746739164105591600,55.93359155273438,0.00268545257858932,0.0016424860805273056,-0.009154935367405415
1746739164115670800,55.9436708984375,0.003538702614605427,-0.001489198300987482,-0.0030656238086521626
1746739164125749500,55.95374951171875,0.007117990870028734,-0.0021954686380922794,0.011971116065979004
1746739164135828500,55.96382836914062,-0.0002861311659216881,0.004068063106387854,0.018513653427362442
1746739164145907700,55.97390771484375,0.000012143049389123917,0.0033681844361126423,0.021734746173024178
1746739164155986400,55.983986328125,-0.0005098078399896622,0.007397310808300972,0.015849750488996506
1746739164166065700,55.994065673828125,0.00022469181567430496,0.007980809547007084,0.00880169402807951
1746739164176144600,56.00414453125,0.0008017495274543762,0.006348639726638794,-0.0029436093755066395
1746739164186223600,56.0142236328125,0.0006669936701655388,0.0008207168430089951,-0.010004714131355286
1746739164196302600,56.024302490234376,0.001640375703573227,-0.003261602483689785,-0.015206982381641865
1746739164206381600,56.03438159179687,0.0021058963611721992,-0.0028062020428478718,-0.014088987372815609
1746739164216460500,56.04446044921875,0.004058018792420626,-0.008309287950396538,-0.009811943396925926
1746739164226539500,56.05453955078125,0.0026486741844564676,-0.0008266037330031395,-0.0051977504044771194
1746739164236618500,56.064618408203124,0.0023912684991955757,0.0010215742513537407,-0.0019490725826472044
1746739164246697700,56.07469775390625,0.0011403816752135754,0.0037531778216362,0.002678169868886471
1746739164256776400,56.0847763671875,-0.0005836989730596542,0.005648466758430004,0.005021183285862207
1746739164266855400,56.09485546875,-0.0024537709541618824,0.003085707314312458,0.00841990951448679
1746739164276934700,56.1049345703125,-0.006258727982640266,0.002363092266023159,0.006605302449315786
1746739164287013600,56.115013671875,-0.004755640402436256,0.0038350215181708336,0.006967226043343544
1746739164297092600,56.12509252929687,0.00015133339911699295,-0.0018539237789809704,0.0008765059756115079
1746739164307171600,56.135171630859375,0.003031009342521429,-0.002790024969726801,-0.004218387883156538
1746739164317250600,56.14525048828125,-0.00030927499756217003,-0.005396476946771145,-0.011270333081483841
1746739164327329500,56.15532958984375,0.0006220322102308273,-0.0065706647001206875,-0.017926637083292007
1746739164337408500,56.16540844726563,0.002653612522408366,-0.0014406736008822918,-0.017335260286927223
1746739164347487700,56.17548779296875,0.00011588633060455322,-0.0011639711447060108,-0.011123704724013805
1746739164357566700,56.185566650390626,-0.00022688508033752441,0.000388540793210268,-0.006110528018325567
1746739164367645400,56.1956455078125,-0.0020942939445376396,0.0034378599375486374,-0.002854813588783145
1746739164377724700,56.205724609375,-0.004009489435702562,0.004846959840506315,0.0037515826988965273
1746739164387803600,56.2158037109375,-0.0007926574908196926,0.00402990123257041,0.003512963419780135
1746739164397882400,56.22588232421875,-0.0015918007120490074,0.004729274660348892,0.0007570476736873388
1746739164407961600,56.23596166992188,-0.0010037748143076897,0.0038411105051636696,-0.0031005411874502897
1746739164418040600,56.24604052734375,0.0004715174436569214,-0.0003627920523285866,-0.0008543594740331173
1746739164428119600,56.25611962890625,-0.00015778746455907822,0.000525372102856636,0.0011512672062963247
1746739164438198500,56.26619848632812,0.0012569557875394821,0.003846628125756979,-0.005691269412636757
1746739164448277500,56.276277587890625,0.0009046196937561035,-0.0007188292220234871,-0.008267877623438835
1746739164458356700,56.28635668945312,0.004463884513825178,0.000873291864991188,-0.0050009433180093765
1746739164468435500,56.296435546875,0.00203002174384892,-0.0021310201846063137,-0.006977807730436325
1746739164478514700,56.3065146484375,0.002102217171341181,-0.0039019109681248665,-0.005935221910476685
1746739164488593700,56.31659375,0.0006526587530970573,0.00045661814510822296,-0.0067983525805175304
1746739164498672400,56.32667236328125,-0.0029773027636110783,0.0018262541852891445,-0.003060528775677085
1746739164508751600,56.33675170898437,-0.0015732841566205025,-0.0010827165096998215,0.005441346205770969
1746739164518830600,56.34683056640625,-0.0016973144374787807,-0.001413453370332718,0.006930509116500616
1746739164528909600,56.35690966796875,-0.003096007276326418,0.0018284129910171032,0.00268063647672534
1746739164538988500,56.366988525390624,-0.0018153181299567223,0.0006781253032386303,-0.0021847011521458626
1746739164549067500,56.37706762695313,-0.00002434244379401207,-0.00034559378400444984,-0.0037852609530091286
1746739164559146800,56.387146728515624,0.0020454192999750376,0.00011570565402507782,-0.009810310788452625
1746739164569225500,56.3972255859375,0.00045790895819664,-0.0003098673187196255,-0.015963012352585793
1746739164579304700,56.4073046875,-0.0020251753740012646,-0.004222357179969549,-0.01921907812356949
1746739164589383700,56.4173837890625,-0.002788171172142029,-0.002372259274125099,-0.02397175505757332
1746739164599462400,56.42746240234375,-0.005314009729772806,-0.004229157231748104,-0.0244134534150362
1746739164609541600,56.437541748046876,-0.0016897134482860565,-0.003476281650364399,-0.0170679222792387
1746739164619620600,56.44762060546875,-0.00018798047676682472,0.0003859885036945343,-0.008167329244315624
1746739164629699600,56.45769946289062,0.0017135166563093662,0.000060284044593572617,-0.003351002698764205
1746739164639778600,56.46777856445313,0.00004386017099022865,-0.0010387464426457882,0.008079662919044495
1746739164649857500,56.477857421875,-0.002837148029357195,0.0022345450706779957,0.011808620765805244
1746739164659936800,56.48793676757813,-0.003204397391527891,-0.0009276927448809147,0.01036891620606184
1746739164670015500,56.49801538085938,-0.004742106888443232,0.0016627642326056957,0.00786607712507248
1746739164680094500,56.508094482421875,-0.004061547573655844,0.0004858574829995632,0.004821173381060362
1746739164690173400,56.51817333984375,-0.0028892247937619686,-0.0014657070860266685,-0.00019995040202047676
1746739164700252400,56.52825244140625,-0.005354949738830328,-0.0008168206550180912,-0.010133660398423672
1746739164710331400,56.538331298828126,-0.0033165658824145794,0.0013227635063230991,-0.020912272855639458
1746739164720410400,56.54841040039062,-0.000714269932359457,0.0019323043525218964,-0.027359364554286003
1746739164730489600,56.558489501953126,-0.00016299542039632797,-0.001677077729254961,-0.03011360578238964
1746739164740568300,56.568568359375,-0.0005464195273816586,-0.002463966142386198,-0.024030810222029686
1746739164750647600,56.5786474609375,-0.0006374996155500412,-0.001386451069265604,-0.009993821382522583
1746739164760726500,56.5887265625,-0.0024778395891189575,-0.0003498257137835026,0.0032083888072520494
1746739164770805200,56.59880517578125,-0.004793991334736347,0.00577331380918622,0.009417016059160233
1746739164780884500,56.60888452148438,-0.006317391991615295,0.004111472982913256,0.01046611275523901
1746739164790963500,56.61896337890625,-0.0007524504326283932,0.0005159387364983559,0.011318324133753777
1746739164801042400,56.62904248046875,-0.0052556139416992664,-0.00006607547402381897,0.003592271124944091
1746739164811121400,56.63912133789062,-0.004495014902204275,0.0035358495078980923,-0.008116582408547401
1746739164821200400,56.649200439453125,-0.0019708452746272087,-0.00022819172590970993,-0.012446342036128044
1746739164831279600,56.65927954101563,-0.0012246272526681423,-0.0010766745544970036,-0.017022719606757164
1746739164841358300,56.6693583984375,0.0008272151462733746,-0.0028481087647378445,-0.016986705362796783
1746739164851437600,56.6794375,0.003947907127439976,-0.0042478665709495544,-0.012808471918106079
1746739164861516500,56.6895166015625,0.003803927917033434,-0.0032746517099440098,-0.004056860227137804
1746739164871595300,56.69959521484375,0.002560497960075736,-0.00111003452911973,-0.0002203102339990437
1746739164881674500,56.70967456054687,0.0021840485278517008,0.0023711929097771645,0.007688100915402174
1746739164891753500,56.71975341796875,0.0022535568568855524,0.008464504964649677,0.006651066243648529
1746739164901832400,56.72983251953125,0.0007088738493621349,0.006901631131768227,0.011409848928451538
1746739164911911400,56.739911376953124,-0.0012035421095788479,0.006847302429378033,0.01284023281186819
1746739164921990400,56.74999047851563,-0.004535251762717962,0.002726136241108179,0.008469892665743828
1746739164932069600,56.760069580078124,-0.004497434478253126,0.0006347554735839367,-0.001189924543723464
1746739164942148400,56.7701484375,-0.0010098572820425034,-0.0030165351927280426,-0.006627231370657682
1746739164952227300,56.78022729492187,0.0005398360081017017,-0.0036415790673345327,-0.013010029681026936
1746739164962306600,56.790306640625,0.0001523951068520546,-0.005908280145376921,-0.013764271512627602
1746739164972385300,56.80038525390625,-0.00013495981693267822,-0.006116539239883423,-0.011635074391961098
1746739164982464500,56.810464599609375,-0.002333494834601879,0.001483449712395668,-0.005254552699625492
1746739164992543500,56.82054345703125,-0.0022938139736652374,0.0012291176244616508,0.0013924306258559227
1746739165002622500,56.83062255859375,-0.003522790502756834,0.002440884243696928,0.007999123074114323
1746739165012701400,56.84070141601563,-0.005441864486783743,0.004764758516103029,0.010979467071592808
1746739165022780400,56.85078051757812,-0.000038625672459602356,0.005520647391676903,0.012263145297765732
1746739165032859600,56.860859619140626,-0.0006572781130671501,0.00580374151468277,0.004621737636625767
1746739165042938400,56.8709384765625,-0.00006402330473065376,0.002560181077569723,0.0009639541967771947
1746739165053017300,56.881017333984374,0.003583974437788129,0.004487777594476938,-0.008707315661013126
1746739165063096600,56.8910966796875,0.0014651636593043804,0.002383879851549864,-0.010661276988685131
1746739165073175600,56.901175537109374,0.0006635519675910473,-0.0005988604389131069,-0.006957618519663811
1746739165083254300,56.911254150390626,0.001024169847369194,0.0004470311105251312,-0.0025588665157556534
1746739165093333500,56.92133349609375,0.00025664642453193665,-0.0008949358016252518,-0.004505104385316372
1746739165103412500,56.93141259765625,0.0010569985024631023,0.003163217566907406,-0.0013091223081573844
1746739165113491500,56.94149145507812,0.00003887200728058815,0.001539488323032856,0.0019982573576271534
1746739165123570400,56.9515703125,-0.0011998126283288002,0.0032032490707933903,0.004705927800387144
1746739165133649400,56.9616494140625,-0.0012906268239021301,0.0007640602998435497,0.00693605886772275
1746739165143728400,56.97172827148437,-0.00023281993344426155,0.0013252375647425652,0.0011100734118372202
1746739165153807400,56.98180737304688,-0.0010591987520456314,0.002435775473713875,0.001501557999290526
1746739165163886600,56.99188647460937,-0.0023274929262697697,-0.0008080992847681046,0.0028670828323811293
1746739165173965600,57.00196557617188,0.000994800589978695,-0.000620612408965826,0.003237794851884246
1746739165184044300,57.01204418945313,-0.002295099198818207,0.00030149705708026886,0.001908465987071395
1746739165194123500,57.02212353515625,-0.0016199876554310322,0.000598173588514328,-0.0044679404236376286
1746739165204202500,57.03220239257813,-0.001733414363116026,0.00044702040031552315,-0.007406516000628471
1746739165214281500,57.042281494140624,-0.002612790558487177,-0.0017146673053503036,-0.005391302052885294
1746739165224360400,57.0523603515625,-0.0016771727241575718,-0.0029749609529972076,-0.0038648119661957026
1746739165234439400,57.062439453125,-0.002764275297522545,-0.0021816054359078407,-0.0014871418243274093
1746739165244518400,57.072518310546876,-0.0027008685283362865,-0.0024379538372159004,0.0039920019917190075
1746739165254597400,57.08259741210937,-0.00037859147414565086,-0.0018784236162900925,0.006344372406601906
1746739165264676600,57.092676513671876,-0.0007839002646505833,-0.0014133201912045479,0.006338469218462706
1746739165274755600,57.10275561523437,0.000517586711794138,0.00213907053694129,0.008930523879826069
1746739165284834300,57.112834228515624,0.000849755946546793,0.0028506466187536716,0.006202091462910175
1746739165294913500,57.12291357421875,-0.0002794242464005947,0.0010258485563099384,0.0030675511807203293
1746739165304992500,57.13299243164062,0.0005822042003273964,-0.0011676540598273277,0.0009765822906047106
1746739165315071200,57.1430712890625,0.0015465347096323967,-0.002766616176813841,-0.003947069868445396
1746739165325150500,57.153150390625,0.000722360797226429,-0.006616232916712761,-0.0037505540531128645
1746739165335229400,57.1632294921875,0.0007748249918222427,-0.005333654582500458,-0.004172398708760738
1746739165345308400,57.17330834960938,0.0006303600966930389,-0.0005921060219407082,-0.001982369227334857
1746739165355387400,57.183387451171875,-0.00011559110134840012,0.0006888741627335548,0.0015849347691982985
1746739165365466400,57.19346630859375,0.000782304909080267,0.002573964651674032,0.003089412348344922
1746739165375545600,57.203545654296875,0.0011940295808017254,0.003258663695305586,0.0074170492589473724
1746739165385624300,57.213624267578126,-0.001173399854451418,0.0030279760248959064,0.006150338798761368
1746739165395703600,57.22370361328125,-0.0008213301189243793,0.00027160393074154854,0.0035012923181056976
1746739165405782500,57.233782470703126,0.00037462450563907623,-0.0005117068067193031,0.0028066039085388184
1746739165415861200,57.243861328125,-0.0008957032114267349,-0.00004432210698723793,-0.004032127093523741
1746739165425940500,57.2539404296875,0.0016777319833636284,-0.00013577239587903023,-0.010852846316993237
1746739165436019500,57.26401953125,0.0019909196998924017,0.0008216341957449913,-0.007761714514344931
1746739165446098700,57.2740986328125,0.0038102217949926853,-0.002492576837539673,-0.007427288684993982
1746739165456177400,57.28417749023438,0.004138057120144367,-0.001431307289749384,-0.007498128805309534
1746739165466256400,57.29425634765625,0.004788159392774105,-0.000260248314589262,-0.0005182406748645008
1746739165476335600,57.30433569335938,0.0030861333943903446,-0.0023441719822585583,0.011979442089796066
1746739165486414300,57.31441430664062,0.001911824569106102,-0.0042876903899014,0.016041673719882965
1746739165496493300,57.324493408203125,0.0008271192200481892,0.0012828432954847813,0.021531779319047928
1746739165506572500,57.33457250976563,-0.0010956344194710255,0.006515604443848133,0.01014460064470768
1746739165516651300,57.3446513671875,-0.0037689153105020523,0.003940328024327755,0.008120331913232803
1746739165526730500,57.35473046875,-0.002550906967371702,0.0032540871761739254,0.0014851781306788325
1746739165536809500,57.3648095703125,-0.003156243357807398,0.0005107652395963669,-0.000851745717227459
1746739165546888400,57.374888427734376,-0.005294955801218748,-0.004450143314898014,-0.003490482922643423
1746739165556967400,57.38496752929687,-0.0027292664162814617,-0.005943111144006252,-0.00899497140198946
1746739165567046400,57.39504638671875,-0.00045976927503943443,-0.0073196133598685265,-0.011566485278308392
1746739165577125600,57.40512573242187,0.00012239767238497734,-0.005711596924811602,-0.009022899903357029
1746739165587204400,57.415204345703124,0.002666878281161189,-0.0025979517959058285,-0.007962283678352833
1746739165597283300,57.42528344726563,0.0037073753774166107,-0.0021321652457118034,-0.0023949462920427322
1746739165607362600,57.435362548828124,0.002533333608880639,-0.00040509598329663277,0.004175769630819559
1746739165617441500,57.44544165039063,0.001427589450031519,0.00024657975882291794,0.010692259296774864
1746739165627520500,57.4555205078125,0.001771209528669715,-0.00034567946568131447,0.011292457580566406
1746739165637599500,57.465599609375,0.0034663116093724966,0.0036437357775866985,0.009962208569049835
1746739165647678500,57.47567846679687,0.0007887464016675949,0.0006030923686921597,0.007821602746844292
1746739165657757400,57.48575732421875,0.0028337875846773386,0.0024614459834992886,0.008819222450256348
1746739165667836400,57.49583642578125,0.0014373944140970707,-0.0005287970416247845,0.002373055089265108
1746739165677915100,57.5059150390625,-0.0019477498717606068,0.0025966884568333626,-0.0002730616834014654
1746739165687994000,57.515994140625,-0.002959776669740677,0.0032828697003424168,-0.0036762706004083157
1746739165698072800,57.52607275390625,-0.0025214198976755142,-0.002978488802909851,-0.00403473200276494
1746739165708152000,57.536152099609374,0.00001078704372048378,-0.0016617928631603718,-0.0008203743491321802
1746739165718231000,57.54623095703125,0.0022686151787638664,-0.0017068004235625267,0.004328847862780094
1746739165728310000,57.55631005859375,0.001857543596997857,0.003091891761869192,0.007311476860195398
1746739165738389000,57.566388916015626,0.0025723360013216734,0.0016298159025609493,0.012714498676359653
1746739165748468000,57.57646801757812,0.004156360402703285,-0.0012502404861152172,0.015863729640841484
1746739165758547000,57.586546875,0.003727857954800129,0.0006770887412130833,0.010255379602313042
1746739165768626000,57.5966259765625,0.0021332779433578253,-0.0043339719995856285,0.010128500871360302
1746739165778705000,57.606704833984374,-0.0019709193147718906,-0.0015983730554580688,0.00212250673212111
1746739165788784000,57.6167841796875,-0.00118686119094491,-0.0026440825313329697,-0.0031665749847888947
1746739165798862800,57.62686279296875,-0.0007801963947713375,0.00030190637335181236,-0.0032970698084682226
1746739165808942000,57.63694213867188,-0.0008609620854258537,0.0004691779613494873,-0.006028386298567057
1746739165819021000,57.64702099609375,-0.002336619421839714,0.0012918286956846714,-0.0017548117320984602
1746739165829099800,57.657099853515625,-0.0012305607087910175,0.00044405553489923477,-0.0018555120332166553
1746739165839179000,57.66717895507813,-0.003028727136552334,0.001413712278008461,0.0008819513022899628
1746739165849258000,57.677258056640625,-0.003022457007318735,0.0004017702303826809,-0.001204791129566729
1746739165859337200,57.68733715820313,-0.0018940754234790802,-0.0031857737340033054,-0.0033395811915397644
1746739165869416000,57.697416015625,-0.00038166576996445656,-0.004431652836501598,-0.0006310904864221811
1746739165879495000,57.707494873046876,-0.0014394735917448997,-0.0009961752220988274,-0.002526728669181466
1746739165889574100,57.71757421875,0.0024509443901479244,-0.003561303485184908,-0.006919157691299915
1746739165899652900,57.72765283203125,0.00034145452082157135,-0.0007769684307277203,-0.012621783651411533
1746739165909732000,57.73773217773437,0.003999040462076664,-0.005175391677767038,-0.015377147123217583
1746739165919811000,57.74781103515625,0.004796390887349844,-0.005625998601317406,-0.014412550255656242
1746739165929889800,57.75788989257813,0.0030329914297908545,-0.00791545957326889,-0.013949848711490631
1746739165939969000,57.767968994140624,0.003507566638290882,-0.0025055143050849438,-0.010809981264173985
1746739165950048000,57.77804809570313,0.00018701469525694847,-0.004329510033130646,-0.001722841989248991
1746739165960127200,57.788127197265624,-0.0003666561096906662,-0.0013694069348275661,0.011815603822469711
1746739165970206000,57.7982060546875,-0.0044705625623464584,0.001696806401014328,0.02126258984208107
1746739165980285000,57.80828491210937,-0.002699294127523899,0.00219135545194149,0.025668257847428322
1746739165990364200,57.8183642578125,-0.0033069546334445477,0.006433801259845495,0.028066355735063553
1746739166000443000,57.82844287109375,-0.00010769953951239586,0.0059251380153000355,0.02130911685526371
1746739166010521900,57.83852197265625,-0.000772012397646904,0.0006481423042714596,0.01623857021331787
1746739166020601000,57.84860107421875,0.0029052800964564085,-0.004202539101243019,0.0045443628914654255
1746739166030680000,57.85868017578125,0.0038976462092250586,-0.0028733261860907078,-0.008672983385622501
1746739166040759000,57.868759033203126,0.003779401769861579,-0.001174229197204113,-0.019053185358643532
1746739166050838000,57.87883813476562,0.0022004134953022003,-0.0029202522709965706,-0.021935734897851944
1746739166060917000,57.8889169921875,0.0021567377261817455,-0.000949513167142868,-0.016002744436264038
1746739166070996000,57.89899584960938,0.002610105322673917,-0.00010306527838110924,-0.01143655739724636
1746739166081074000,57.90907397460938,0.002004768932238221,-0.003152917604893446,0.0016720546409487724
1746739166091154200,57.919154296875,0.0019539017230272293,-0.000976532232016325,0.009199691005051136
1746739166101233000,57.92923291015625,-0.0009710481390357018,0.005724247545003891,0.013169931247830391
1746739166111310800,57.93931079101562,0.0006642532534897327,0.0022112135775387287,0.014042804948985577
1746739166121391000,57.94939111328125,0.0016126050613820553,0.0035558431409299374,0.01455013733357191
1746739166131469000,57.95946899414062,-0.0024303151294589043,0.0019252551719546318,0.013116568326950073
1746739166141548000,57.969548095703125,-0.00243377685546875,0.002469339407980442,0.007772935554385185
1746739166151627000,57.979626953125,-0.002187168225646019,-0.0023206225596368313,-0.0007065692916512489
1746739166161706000,57.9897060546875,-0.0024729249998927116,-0.0051100170239806175,-0.007600694429129362
1746739166171785000,57.99978491210938,0.0012471959926187992,-0.004725051112473011,-0.013226112350821495
1746739166181864000,58.00986401367187,-0.00015628989785909653,-0.006200974807143211,-0.013399749994277954
1746739166191943000,58.01994287109375,0.002529338700696826,-0.006446694489568472,-0.00947937648743391
1746739166202022100,58.03002221679687,0.0028457222506403923,-0.0030524958856403828,-0.0061719962395727634
1746739166212100900,58.040100830078124,0.0029989504255354404,-0.000001964624971151352,-0.00020850260625593364
1746739166222179800,58.05017993164063,0.0027241120114922523,-0.00026481878012418747,0.0060533881187438965
1746739166232259000,58.060259033203124,0.002329261740669608,0.00009240210056304932,0.007387565448880196
1746739166242338000,58.07033813476563,0.0023367186076939106,0.0031055030412971973,0.0050256079994142056
1746739166252417000,58.0804169921875,0.0027545697521418333,0.0023097023367881775,0.0037782371509820223
1746739166262496000,58.09049609375,0.0023681451566517353,0.0008225934579968452,-0.0007249019690789282
1746739166272575000,58.10057495117187,0.0010038316249847412,-0.0008835303597152233,-0.0008576255640946329
1746739166282654000,58.110654052734375,0.00053032161667943,0.0004895953461527824,-0.006917914841324091
1746739166292733000,58.12073291015625,-0.0021495679393410683,-0.00034640030935406685,-0.011737794615328312
1746739166302812200,58.130812255859375,-0.004643351770937443,0.0018930518999695778,-0.006246090400964022
1746739166312891000,58.14089086914063,-0.0033615254797041416,-0.0022957120090723038,0.00173462915699929
1746739166322969900,58.15096997070312,0.0005991272628307343,-0.002480801660567522,0.010216264054179192
1746739166333049000,58.16104907226563,0.0003532934933900833,-0.003310438711196184,0.016472017392516136
1746739166343128000,58.17112817382812,0.0009394553489983082,0.0014547551982104778,0.019353291019797325
1746739166353207000,58.18120703125,0.0021565197966992855,0.002226805780082941,0.017445934936404228
1746739166363286000,58.1912861328125,0.0026513352058827877,0.0014470326714217663,0.016454707831144333
1746739166373365000,58.201364990234374,0.002900316845625639,0.0007294588722288609,0.011035752482712269
1746739166383444000,58.21144384765625,0.0011887033469974995,0.0007843202911317348,-0.000242468377109617
1746739166393523000,58.22152294921875,0.0011755325831472874,0.0016613071784377098,-0.00755987036973238
1746739166403602000,58.231601806640626,0.0036514734383672476,-0.0011456646025180817,-0.009811573661863804
1746739166413681200,58.24168115234375,0.004421344958245754,0.0006877412088215351,-0.01151036936789751
1746739166423760000,58.251759765625,0.0032167972531169653,-0.0014110957272350788,-0.010076257400214672
1746739166433839000,58.26183911132812,0.0011921655386686325,-0.00404159352183342,-0.009784574620425701
1746739166443918000,58.27191796875,0.00240949634462595,-0.00013686716556549072,-0.006803432013839483
1746739166453996800,58.28199682617188,-0.0010115033946931362,-0.0029924805276095867,-0.005650616250932217
1746739166464076000,58.29207592773437,-0.002450942061841488,-0.004849236458539963,-0.0008175116963684559
1746739166474155000,58.30215502929688,-0.0053355079144239426,-0.0012990133836865425,0.00034656477509997785
1746739166484234000,58.31223388671875,-0.0031067077070474625,0.0007289843633770943,-0.0008198997820727527
1746739166494313000,58.32231298828125,-0.0014791791327297688,0.0015928857028484344,-0.0030183589551597834
1746739166504392000,58.33239184570313,0.0004907608963549137,0.002545498311519623,-0.006447445135563612
1746739166514471200,58.34247119140625,0.000533565878868103,-0.0017209150828421116,-0.008707858622074127
1746739166524550000,58.3525498046875,0.001601493451744318,-0.004359574988484383,-0.011304173618555069
1746739166534629000,58.362629150390624,0.002792749321088195,-0.0025360435247421265,-0.00896670762449503
1746739166544708000,58.3727080078125,0.0021258939523249865,-0.0027887774631381035,-0.0015862887958064675
1746739166554786800,58.38278686523437,0.0014646067284047604,-0.0015017371624708176,0.00723835127428174
1746739166564866000,58.392865966796876,0.002722950419411063,-0.0036405217833817005,0.012754024006426334
1746739166574945000,58.40294506835937,0.00027950014919042587,0.0019846069626510143,0.019655605778098106
1746739166585024000,58.41302392578125,-0.002380731515586376,0.004626729059964418,0.015175104141235352
1746739166595103000,58.42310302734375,-0.00007288437336683273,0.0050270892679691315,0.015014281496405602
1746739166605182000,58.433181884765624,-0.0013003353960812092,0.004379142075777054,0.006098284851759672
1746739166615261200,58.44326123046875,-0.0014847475104033947,0.0017834180034697056,-0.001892419415526092
1746739166625340000,58.45333984375,-0.001972638536244631,-0.002830774523317814,-0.009845683351159096
1746739166635419000,58.4634189453125,0.0017651566304266453,-0.004069282673299313,-0.012281388975679874
1746739166645498000,58.473498046875,0.000186168123036623,-0.006351079326122999,-0.019672460854053497
1746739166655576800,58.483576904296875,-0.0003085928037762642,-0.004371522925794125,-0.02751554548740387
1746739166665656000,58.49365600585938,0.0015233955346047878,-0.002931018825620413,-0.028278540819883347
1746739166675735600,58.50373559570313,0.0014873221516609192,-0.0016811401583254337,-0.01852300576865673
1746739166685814300,58.51381420898438,0.003572577377781272,-0.00005155196413397789,-0.0046513983979821205
1746739166695893200,58.523893310546875,-0.0016099563799798489,-0.0027256966568529606,0.006948521360754967
1746739166705972500,58.53397241210938,-0.0038267713971436024,-0.0010407143272459507,0.011006379500031471
1746739166716051500,58.544051513671874,-0.0008843587711453438,-0.0015498530119657516,0.013637959957122803
1746739166726130400,58.55413037109375,-0.0006436090916395187,0.0026989541947841644,0.00875132530927658
1746739166736209400,58.56420947265625,0.0001340918242931366,0.0027367407456040382,0.004479257855564356
1746739166746288400,58.574288330078126,-0.0006904229521751404,0.002598256804049015,-0.004338734317570925
1746739166756367400,58.58436743164062,0.003951338119804859,0.0014429781585931778,0.001032497501000762
1746739166766446300,58.5944462890625,0.0038826283998787403,0.0017295340076088905,0.004969182424247265
1746739166776525300,58.604525390625,0.0008518337272107601,-0.0011010179296135902,0.006687309592962265
1746739166786604300,58.614604248046874,0.0018883361481130123,0.002520348411053419,0.0035988418385386467
1746739166796683300,58.62468334960938,0.001043285708874464,-0.0010709241032600403,0.004219891037791967
1746739166806762500,58.63476245117187,0.0018041508737951517,-0.0025298036634922028,0.0018217144533991814
1746739166816841500,58.64484155273438,0.002454850124195218,0.00018555158749222755,-0.004233149345964193
1746739166826920200,58.65492016601563,0.0001410958357155323,0.0011283108033239841,-0.01364209782332182
1746739166836999400,58.66499951171875,0.0019123302772641182,0.0007663331925868988,-0.015719838440418243
1746739166847078400,58.67507836914063,0.003211420029401779,-0.0005239681340754032,-0.01719975844025612
1746739166857157400,58.685157470703125,0.0031226095743477345,-0.005353379994630814,-0.019614972174167633
1746739166867236400,58.695236328125,0.0047058588825166225,-0.0032436237670481205,-0.017202414572238922
1746739166877315300,58.7053154296875,0.00638000201433897,0.0012516765855252743,-0.016323888674378395
1746739166887394300,58.715394287109376,0.0029525139834731817,-0.0002772444859147072,-0.007212149910628796
1746739166897473300,58.72547338867187,0.000432776752859354,0.00033853668719530106,0.0028778796549886465
1746739166907552500,58.735552490234376,-0.001433033961802721,0.0002045794390141964,0.01713271625339985
1746739166917631500,58.74563159179687,-0.007067290134727955,0.0003787209279835224,0.026743873953819275
1746739166927710200,58.755710205078124,-0.010415681637823582,-0.000805320218205452,0.02538326568901539
1746739166937789400,58.76578955078125,-0.007581180427223444,-0.005310382694005966,0.016951780766248703
1746739166947868400,58.775868408203124,-0.0034703253768384457,-0.0006767488084733486,0.01212453655898571
1746739166957947100,58.785947021484375,0.000033181626349687576,-0.0013118167407810688,0.0024900229182094336
1746739166968026400,58.7960263671875,-0.0012073186226189137,-0.0036676491145044565,-0.006494150962680578
1746739166978105300,58.806105224609375,0.00007765693590044975,-0.007101744879037142,-0.009377344511449337
1746739166988184600,58.8161845703125,0.0018100428860634565,-0.004962427541613579,-0.015537768602371216
1746739166998263300,58.82626318359375,-0.0007402482442557812,-0.004783107899129391,-0.014162746258080006
1746739167008342300,58.83634228515625,-0.002596205100417137,-0.004323978908360004,-0.007329340558499098
1746739167018421500,58.84642138671875,-0.0018986514769494534,-0.0026216572150588036,-0.00541274156421423
1746739167028500200,58.856500244140626,-0.0008091521449387074,-0.003854168113321066,0.0003828295739367604
1746739167038579500,58.86657934570312,0.005663806106895208,0.0003557601012289524,0.005539675708860159
1746739167048658400,58.876658447265626,-0.005261280108243227,0.006996085401624441,0.01669991947710514
1746739167058737200,58.88673706054688,0.0027735745534300804,-0.014162051491439342,0.009065845049917698
1746739167068816400,58.89681640625,0.006970716640353203,0.0009950632229447365,0.0065946984104812145
1746739167078895400,58.90689526367188,0.0006896746344864368,0.0018239025957882404,0.01287071406841278
1746739167088974600,58.916974609375,-0.006736550014466047,-0.004004957620054483,0.0007991382153704762
1746739167099053300,58.92705322265625,-0.003937010653316975,-0.0019712522625923157,-0.007481738924980164
1746739167109132300,58.93713232421875,0.004569392651319504,-0.007610762491822243,-0.015094650909304619
1746739167119211500,58.94721142578125,0.0077683571726083755,-0.007313614245504141,-0.022794127464294434
1746739167129290200,58.95729028320312,0.006068727467209101,-0.005874974653124809,-0.017494704574346542
1746739167139369500,58.967369384765625,0.0040005650371313095,-0.003986349329352379,-0.007037302479147911
1746739167149448400,58.97744848632812,-0.0001893863081932068,-0.00002463068813085556,0.0017623144667595625
1746739167159527400,58.98752734375,0.00030063558369874954,-0.0010816394351422787,0.011638115160167217
1746739167169606400,58.9976064453125,-0.0024461490102112293,0.003975437488406897,0.022795693948864937
1746739167179685400,59.00768530273437,0.00017536943778395653,0.003771293442696333,0.025380946695804596
1746739167189764400,59.01776440429688,-0.0017642108723521233,0.00592073006555438,0.021813109517097473
1746739167199843300,59.02784326171875,-0.0034778094850480556,0.0037713516503572464,0.011560050770640373
1746739167209922300,59.03792236328125,-0.0010905512608587742,0.002431514672935009,-0.0023861245717853308
1746739167220001500,59.04800146484375,0.0005801953375339508,-0.0018824818544089794,-0.015899159014225006
1746739167230080300,59.058080322265624,0.002716582966968417,-0.001739470288157463,-0.026288682594895363
1746739167240159200,59.0681591796875,0.0005273935385048389,-0.00019560614600777626,-0.03249409794807434
1746739167250238500,59.078238525390624,0.0019370047375559807,-0.0022867200896143913,-0.030772630125284195
1746739167260317400,59.0883173828125,0.004208654630929232,0.0011962535791099072,-0.019602961838245392
1746739167270396400,59.098396484375,0.0008149887435138226,0.004065011162310839,-0.003793372306972742
1746739167280475400,59.108475341796876,0.00035036448389291763,0.00043415138497948647,0.004592055920511484
1746739167290554400,59.11855444335937,0.00022972328588366508,-0.0010811872780323029,0.01228459645062685
1746739167300633300,59.12863330078125,0.001281211618334055,-0.0038303399924188852,0.017517630010843277
1746739167310712300,59.13871240234375,-0.0018469374626874924,-0.0017277742736041546,0.014781499281525612
1746739167320791600,59.14879150390625,-0.005222711246460676,-0.0010508843697607517,0.009449017234146595
1746739167330870300,59.15887036132813,-0.002960622776299715,-0.00030360138043761253,0.0018158653983846307
1746739167340949200,59.16894921875,-0.001375485211610794,-0.0020257532596588135,-0.010601699352264404
1746739167351028500,59.17902856445313,-0.0007770727388560772,-0.0036199213936924934,-0.01738903298974037
1746739167361107500,59.189107421875,0.0018075245898216963,-0.00309362867847085,-0.02232871763408184
1746739167371186200,59.199186279296875,0.0028967575635761023,-0.005932824686169624,-0.01459623035043478
1746739167381265400,59.20926538085938,0.0023801284842193127,-0.0042746784165501595,-0.006523378659039736
1746739167391344400,59.219344482421874,0.0009910236112773418,0.0005877218209207058,0.004441122058779001
1746739167401423400,59.22942333984375,-0.000863892026245594,0.003762361127883196,0.00904230959713459
1746739167411502300,59.23950244140625,-0.0004534986801445484,0.005716588813811541,0.013233859091997147
1746739167421581300,59.249581298828126,-0.003207569941878319,0.004507419187575579,0.013653639703989029
1746739167431659500,59.259659423828126,-0.002511420287191868,0.0007038931362330914,0.013827810995280743
1746739167441739300,59.2697392578125,-0.004330311436206102,-0.0044992114417254925,0.009793620556592941
1746739167451818500,59.27981860351562,-0.0030724997632205486,-0.010044978000223637,-0.0005610157386399806
1746739167461897500,59.2898974609375,-0.002086186781525612,-0.009305094368755817,-0.014956089667975903
1746739167471976200,59.29997607421875,-0.0005282377824187279,-0.008941040374338627,-0.028046058490872383
1746739167482054400,59.31005444335938,0.00025286758318543434,-0.005744447931647301,-0.03675219789147377
1746739167492134400,59.32013452148438,0.0017053554765880108,-0.011892088688910007,-0.03757298365235329
1746739167502212400,59.33021240234375,0.002518394961953163,-0.009806415997445583,-0.03672712296247482
1746739167512292400,59.340292236328125,0.0034030969254672527,-0.008361118845641613,-0.03026016615331173
1746739167522370300,59.350370361328125,0.004481242038309574,-0.005330611951649189,-0.02254399284720421
1746739167532449500,59.36044946289063,0.005830932408571243,-0.004795316606760025,-0.01972263865172863
1746739167542528500,59.370528564453124,0.01110570877790451,0.0028002760373055935,-0.009935420006513596
1746739167552607200,59.380607177734376,0.00900261104106903,-0.001995811238884926,0.0033500250428915024
1746739167562686500,59.3906865234375,0.012978492304682732,-0.0012954859994351864,0.008503475226461887
1746739167572765400,59.400765380859376,0.003470208728685975,0.003717382438480854,0.012724318541586399
1746739167582844200,59.41084423828125,-0.0005620596930384636,0.0033081690780818462,0.013919766992330551
1746739167592923400,59.42092333984375,-0.0022036321461200714,0.0018865740858018398,0.008588917553424835
1746739167603002400,59.43100244140625,0.0037366230972111225,0.0012640133500099182,0.008634055964648724
1746739167613081300,59.441081298828124,0.0023150278721004725,0.001808629371225834,0.00828544795513153
1746739167623160300,59.45116040039063,0.0013138223439455032,-0.0010524033568799496,0.011961578391492367
1746739167633239300,59.4612392578125,0.0032025363761931658,-0.004188275896012783,0.011914706788957119
1746739167643318500,59.47131860351563,0.005737164057791233,-0.0029356437735259533,0.00905674509704113
1746739167653397200,59.48139721679688,0.006814412772655487,-0.006931717041879892,0.00881120190024376
1746739167663476500,59.4914765625,0.005349407903850079,-0.0045138332061469555,0.017794311046600342
1746739167673555500,59.50155541992188,0.0035730793606489897,0.0006596231833100319,0.016629710793495178
1746739167683634000,59.51163403320312,-0.00010576285421848297,0.0027895313687622547,0.012000304646790028
1746739167693713200,59.521713134765626,0.0008867974393069744,-0.0007324987091124058,0.003067263402044773
1746739167703792000,59.53179223632812,0.000417330302298069,-0.0025584502145648003,-0.0060173445381224155
1746739167713871000,59.54187109375,-0.00006576720625162125,-0.0030103884637355804,-0.011853928677737713
1746739167723950000,59.5519501953125,-0.0012211175635457039,-0.002784790936857462,-0.01158066838979721
1746739167734029000,59.562029052734374,-0.003298649564385414,-0.0004835533909499645,-0.009758266620337963
1746739167744108000,59.57210791015625,-0.0021014632657170296,0.0004619578830897808,-0.0018538035219535232
1746739167754187000,59.58218701171875,-0.001993871293962002,0.0033717271871864796,0.004543642047792673
1746739167764266000,59.592265869140626,0.002205763477832079,0.001476712990552187,0.01951773092150688
1746739167774345200,59.60234521484375,-0.0004126564599573612,-0.0014125499874353409,0.02720201574265957
1746739167784424200,59.612424072265625,0.0002644169144332409,0.002277353312820196,0.0239811223000288
1746739167794503000,59.6225029296875,0.0013914667069911957,0.006859056185930967,0.016921348869800568
1746739167804582100,59.63258203125,-0.0001650545746088028,0.004448239225894213,0.009164771065115929
1746739167814661000,59.6426611328125,-0.000672120600938797,0.0027645896188914776,0.002625911496579647
1746739167824740000,59.65273999023437,-0.0005134926177561283,0.0006043561734259129,-0.003647042904049158
1746739167834819000,59.66281909179688,-0.0022751735523343086,0.002746869344264269,-0.007493446581065655
1746739167844898000,59.67289794921875,0.0013443045318126678,0.0010359887965023518,-0.004373031202703714
1746739167854977000,59.68297705078125,0.004958746954798698,-0.00009638676419854164,0.00028696804656647146
1746739167865056000,59.69305590820313,0.004117842298001051,0.002730986103415489,0.0019841426983475685
1746739167875135200,59.70313525390625,0.0027444500010460615,0.006569400429725647,0.004716545809060335
1746739167885214200,59.71321411132813,0.002510454272851348,0.010091572068631649,0.0021933468524366617
1746739167895293000,59.72329296875,0.0008086943998932838,0.00997093040496111,0.0031976248137652874
1746739167905372200,59.7333720703125,0.0015068543143570423,0.006360806990414858,0.0008104785811156034
1746739167915451100,59.743451171875,0.003465609159320593,0.0067922393791377544,0.0004853066348005086
1746739167925530000,59.753530029296876,0.0020671586971729994,0.008785017766058445,-0.005874598864465952
1746739167935609000,59.76360913085937,0.0034413496032357216,0.005726377479732037,-0.011674431152641773
1746739167945688000,59.77368798828125,0.006299866363406181,0.0009364737197756767,-0.012012009508907795
1746739167955767000,59.78376708984375,0.006067372392863035,-0.003447089111432433,-0.01117098331451416
1746739167965846000,59.79384594726562,0.004029545001685619,-0.003880854230374098,-0.0005614707479253411
1746739167975925000,59.80392504882813,-0.002551924902945757,-0.0019210339523851871,0.007976889610290527
1746739167986004200,59.81400415039062,-0.00009617535397410393,0.000982044730335474,0.009561382234096527
1746739167996083000,59.8240830078125,0.0004899860359728336,0.0009804465807974339,0.01162799447774887
1746739168006162200,59.834162109375,0.0006518089212477207,0.004037076141685247,0.009843000210821629
1746739168016241200,59.8442412109375,0.0006869626231491566,0.005003537517040968,0.005212562158703804
1746739168026320000,59.85431982421875,0.0015733116306364536,0.00663415901362896,0.007053249049931765
1746739168036399000,59.864399169921874,-0.0000887671485543251,0.004125194624066353,0.0022646193392574787
1746739168046478000,59.87447802734375,0.0017821523360908031,0.002222759183496237,-0.0011585851898416877
1746739168056557000,59.88455712890625,0.002070039976388216,0.0006839842535555363,-0.009594414383172989
1746739168066636000,59.894635986328126,0.00182887795381248,0.0007873084396123886,-0.017024533823132515
1746739168076715000,59.90471508789062,0.0005516256205737591,0.004199083894491196,-0.01850258745253086
1746739168086794200,59.914794189453126,-0.0006316406652331352,0.0019800220616161823,-0.019485780969262123
1746739168096873000,59.924873046875,-0.0015267287380993366,0.00026867445558309555,-0.01504735741764307
1746739168106952200,59.9349521484375,-0.003479598555713892,-0.0002528638578951359,-0.004161524120718241
1746739168117031200,59.94503125,-0.004109702538698912,-0.0005905525758862495,0.0038798905443400145
1746739168127110000,59.95510986328125,-0.0025267931632697582,-0.003044792916625738,0.007245518267154694
1746739168137189000,59.96518920898438,-0.0016498146578669548,-0.0007858998142182827,0.006105951499193907
1746739168147268000,59.97526806640625,-0.0029525593854486942,0.002078467048704624,0.008181428536772728
1746739168157347000,59.98534716796875,-0.00039006536826491356,0.0007269131019711494,0.008713794872164726
1746739168167426000,59.99542602539063,-0.0008592195808887482,0.0010989909060299397,0.006222133059054613
1746739168177505000,60.005505126953125,-0.0017993156798183918,-0.00001767277717590332,0.004228757228702307
1746739168187584300,60.01558422851563,0.0028000851161777973,0.0014805649407207966,-0.0015251135919243097
1746739168197663000,60.0256630859375,0.0024253784213215113,-0.001585266087204218,-0.005305736791342497
1746739168207742000,60.035741943359376,0.008203299716114998,-0.007400787901133299,-0.006230098195374012
1746739168217821200,60.0458212890625,0.00857694074511528,0.0036846199072897434,-0.0031078080646693707
1746739168227900000,60.05589990234375,0.012551224790513515,-0.0027033258229494095,-0.007999002933502197
1746739168237979100,60.06597924804687,0.012648696079850197,-0.003682037815451622,-0.02107991650700569
1746739168248058000,60.07605810546875,0.008596382103860378,-0.0007450156845152378,-0.01588485762476921
1746739168258137000,60.08613720703125,0.0027992131654173136,-0.0007548695430159569,-0.003005809150636196
1746739168268216000,60.096216064453124,-0.0030067930929362774,0.0010700169950723648,0.010983808897435665
1746739168278295000,60.106294921875,-0.007630040403455496,0.004744113422930241,0.02471293695271015
1746739168288374300,60.116374267578124,-0.0051656002178788185,0.003100974950939417,0.022708198055624962
1746739168298453000,60.126452880859375,-0.0048036761581897736,0.0020942999981343746,0.019592033699154854
1746739168308532000,60.13653198242187,-0.0027740811929106712,0.0010538031347095966,0.010610256344079971
1746739168318611200,60.146611083984375,-0.003049451857805252,-0.0020802044309675694,0.0035954907070845366
1746739168328690200,60.15669018554688,-0.0015571126714348793,-0.0024814200587570667,-0.00399972265586257
1746739168338769200,60.16676904296875,-0.0033789807930588722,-0.0007138801738619804,-0.011290925554931164
1746739168348848000,60.17684814453125,0.00018883636221289635,-0.00003524729982018471,-0.019649920985102654
1746739168358927000,60.18692700195312,0.00007671723142266273,0.0005003144033253193,-0.01777052693068981
1746739168369006000,60.197006103515626,0.0016457983292639256,-0.0002094539813697338,-0.013998805545270443
1746739168379085000,60.2070849609375,-0.0003036358393728733,0.003057712223380804,-0.010714595206081867
1746739168389164000,60.2171640625,-0.0012513822875916958,0.0014515887014567852,-0.011578602716326714
1746739168399243000,60.22724291992188,-0.0029576695524156094,0.0026436191983520985,-0.00779504980891943
1746739168409322000,60.237322021484374,-0.002273355145007372,0.001329204998910427,-0.007367296144366264
1746739168419401200,60.24740112304688,-0.0023729573003947735,0.000515609048306942,-0.007222686428576708
1746739168429480200,60.257480224609374,-0.005280574783682823,-0.004772365093231201,-0.008682824671268463
1746739168439559000,60.267558837890626,-0.0007862243801355362,-0.007500507403165102,-0.005030299071222544
1746739168449638100,60.27763818359375,-0.0007378282025456429,-0.008230774663388729,-0.0004975215415470302
1746739168459717000,60.287717041015625,-0.0038888808339834213,-0.008935714140534401,0.004808027762919664
1746739168469796000,60.29779614257812,-0.0018884073942899704,0.000524603296071291,0.005553186405450106
1746739168479875000,60.307875,-0.003024777863174677,0.00474464800208807,0.002578701823949814
1746739168489954000,60.3179541015625,-0.005145577248185873,-0.0035378392785787582,0.00320184207521379
1746739168500033000,60.32803295898437,-0.0029468717984855175,-0.0028653908520936966,0.001687834970653057
1746739168510112000,60.33811206054688,-0.0013746866025030613,-0.0010374020785093307,-0.0025419644080102444
1746739168520191200,60.34819116210937,-0.002954473253339529,-0.000044309068471193314,-0.006646428257226944
1746739168530270200,60.358270263671876,-0.0002690632827579975,-0.0005403966642916203,-0.008400009013712406
1746739168540349000,60.36834887695313,-0.0005138074047863483,-0.0047785514034330845,-0.008385627530515194
1746739168550428200,60.37842822265625,-0.0019088434055447578,-0.0009183287620544434,-0.010802369564771652
1746739168560507100,60.38850708007813,-0.003407670184969902,-0.001530056819319725,-0.007888338528573513
1746739168570585900,60.3985859375,-0.0005354513414204121,-0.000714064110070467,-0.009322983212769032
1746739168580665000,60.4086650390625,-0.001131200697273016,0.00021591130644083023,-0.010476131923496723
1746739168590744000,60.418744140625,0.0006797011010348797,0.0017087017185986042,-0.003815000643953681
1746739168600823000,60.428822998046876,-0.0019653504714369774,0.0029787630774080753,0.005374236032366753
1746739168610902000,60.43890209960937,-0.006545864511281252,0.005521552637219429,0.0153196407482028
1746739168620981000,60.44898095703125,-0.007669185753911734,0.006789750419557095,0.014058633707463741
1746739168631060200,60.45906030273437,-0.0046500349417328835,0.004549140576273203,0.0064466590993106365
1746739168641139000,60.46913891601562,0.0006278175860643387,0.005332109984010458,0.002395991003140807
1746739168651218200,60.47921826171875,-0.0013143536634743214,0.0031632613390684128,-0.004541355650871992
1746739168661297200,60.48929711914062,0.0010760994628071785,-0.0005667624063789845,-0.008872187696397305
1746739168671375000,60.499375,-0.0011453879997134209,-0.0003064163029193878,-0.01894538290798664
1746739168681455400,60.50945532226562,-0.0006668181158602238,0.0013543306849896908,-0.02863183245062828
1746739168691533600,60.51953344726562,0.0016707833856344223,0.003030369058251381,-0.03332000598311424
1746739168701612500,60.529612548828126,-0.0001894347369670868,-0.0015510665252804756,-0.03187897056341171
1746739168711691300,60.53969116210938,0.003962263930588961,-0.001997854560613632,-0.02498837187886238
1746739168721770500,60.5497705078125,0.004636576399207115,-0.0006822529248893261,-0.017610883340239525
1746739168731849500,60.55984936523438,0.005775101948529482,-0.0004757409915328026,-0.01288381777703762
1746739168741928400,60.569928466796874,0.0030200618784874678,0.00022759940475225449,-0.00855245254933834
1746739168752007400,60.58000732421875,-0.00025174953043460846,0.005291189067065716,-0.0026220756117254496
1746739168762086400,60.59008642578125,0.0016380297020077705,0.004753231070935726,0.0018850581254810095
1746739168772165600,60.60016552734375,-0.003666191827505827,0.006293752696365118,0.0051302374340593815
1746739168782244400,60.61024438476562,-0.006619903724640608,0.0027054096572101116,0.00011790162534452975
1746739168792323300,60.6203232421875,-0.002539577428251505,-0.002913715783506632,-0.0008843679679557681
1746739168802402600,60.63040258789062,-0.002225057687610388,-0.0034564679954200983,-0.005116663407534361
1746739168812481300,60.64048120117187,-0.005050986539572477,-0.0045306989923119545,-0.008524411357939243
1746739168822560500,60.650560546875,-0.001932424958795309,-0.00340471463277936,-0.004857771098613739
1746739168832639500,60.66063940429687,-0.00398364057764411,-0.004178274888545275,-0.0021210743580013514
1746739168842718500,60.67071850585938,-0.0005822507664561272,0.00021301116794347763,-0.0009250488365069032
1746739168852797400,60.68079736328125,-0.0013004569336771965,0.0003585983067750931,0.0010821431642398238
1746739168862876400,60.69087646484375,-0.0015276246704161167,0.0011160015128552914,0.0005495109362527728
1746739168872955600,60.70095556640625,0.0021870024502277374,-0.0007897871546447277,0.003055454231798649
1746739168883034400,60.711034423828124,0.004828325472772121,0.004608173854649067,0.004058400634676218
1746739168893113300,60.72111328125,0.0053339614532887936,0.0032705324701964855,0.0045392815954983234
1746739168903192600,60.731192626953124,0.003303567413240671,0.005902267526835203,0.002892915392294526
1746739168913271600,60.741271484375,0.00018231896683573723,0.0038901353254914284,0.0036860485561192036
1746739168923350500,60.7513505859375,0.00022865785285830498,0.001180902123451233,0.0035321179311722517
1746739168933429500,60.761429443359376,-0.0015124930068850517,0.0008159512653946877,0.0007348995422944427
1746739168943508500,60.77150854492187,-0.005387392360717058,0.002479095011949539,0.0000600544735789299
1746739168953587500,60.78158740234375,-0.0024591987021267414,0.0023554363287985325,-0.0013402681797742844
1746739168963666400,60.79166650390625,-0.0031755887903273106,-0.00006457790732383728,-0.005909719504415989
1746739168973745400,60.80174536132812,0.0007343185134232044,-0.0011994102969765663,-0.006656315177679062
1746739168983824400,60.81182446289063,0.0010142168030142784,-0.0005618492141366005,-0.010097119025886059
1746739168993903400,60.8219033203125,0.0038818365428596735,-0.005220279563218355,-0.013901899568736553
1746739169003982600,60.83198266601563,0.009486459195613861,-0.0012670834548771381,-0.01691526547074318
1746739169014061600,60.8420615234375,0.0056255776435136795,0.004283120855689049,-0.01510664727538824
1746739169024140300,60.852140380859375,-0.0007162080146372318,0.0011126268655061722,-0.011569436639547348
1746739169034219500,60.86221948242188,-0.002400051336735487,0.0012063994072377682,-0.010525289922952652
1746739169044298500,60.872298583984374,-0.003941222559660673,-0.0028645084239542484,-0.01068880781531334
1746739169054377500,60.88237744140625,-0.0018752883188426495,-0.003560504410415888,-0.007116764318197966
1746739169064456400,60.89245654296875,0.00026695849373936653,-0.005214327480643988,-0.0006074659177102149
1746739169074535400,60.902535400390626,-0.0003657848574221134,-0.0035531988833099604,0.0026442096568644047
1746739169084614400,60.91261450195312,-0.0022217417135834694,-0.0007464936934411526,0.008852836675941944
1746739169094693400,60.922693359375,-0.0018251235596835613,-0.0025158687494695187,0.008026647381484509
1746739169104772600,60.93277270507812,-0.004353795200586319,-0.0010143783874809742,0.006207175087183714
1746739169114851600,60.9428515625,-0.002181430347263813,-0.0007759607397019863,0.0011061669792979956
1746739169124930300,60.95293041992188,-0.0014530555345118046,0.0011721416376531124,-0.004269956145435572
1746739169135009500,60.96300952148437,-0.0021524024195969105,0.00011385371908545494,-0.00943361409008503
1746739169145088500,60.97308862304688,0.0007025063969194889,-0.0004344908520579338,-0.009818707592785358
1746739169155167200,60.98316723632813,-0.0012365896254777908,-0.003956754691898823,-0.013589388690888882
1746739169165246500,60.99324658203125,0.0037528425455093384,-0.0036568825598806143,-0.018461907282471657
1746739169175325400,61.00332543945313,0.00029969075694680214,-0.002042300533503294,-0.013945120386779308
1746739169185404400,61.013404296875,0.0013393890112638474,-0.0025019622407853603,-0.006998796947300434
1746739169195483400,61.0234833984375,-0.003028098028153181,-0.002824644558131695,-0.0032435404136776924
1746739169205562400,61.03356225585937,-0.0012917169369757175,-0.0036896392703056335,0.005206403788179159
1746739169215641600,61.0436416015625,-0.0026383306831121445,-0.000898103229701519,0.00612961919978261
1746739169225720300,61.05372021484375,0.000026161782443523407,0.0014310972765088081,0.00766546418890357
1746739169235799600,61.063799560546876,0.00013355771079659462,0.0003856164403259754,0.008684791624546051
1746739169245878500,61.07387841796875,-0.0017109476029872894,0.0034844703041017056,0.005255172494798899
1746739169255957200,61.083957275390624,0.0003666095435619354,0.0042688874527812,0.0010518609778955579
1746739169266036500,61.09403637695313,0.0016353395767509937,0.003869413398206234,0.006497493013739586
1746739169276115500,61.104115478515624,-0.0011551445350050926,0.008043753914535046,0.002125745639204979
1746739169286194700,61.11419458007813,-0.0017724651843309402,0.0021344665437936783,-0.0011776393512263894
1746739169296273400,61.1242734375,0.001065084245055914,-0.0024649943225085735,-0.0032697846181690693
1746739169306352400,61.134352294921875,0.00029170187190175056,-0.006106068380177021,-0.006833360064774752
1746739169316431600,61.144431640625,0.003560998709872365,-0.0030122739262878895,-0.013043053448200226
1746739169326510300,61.15451025390625,0.0022203633561730385,-0.003195233177393675,-0.015150945633649826
1746739169336589300,61.16458935546875,-0.0006444687023758888,-0.005178025923669338,-0.009093990549445152
1746739169346668500,61.17466845703125,-0.0017107981257140636,-0.006835311185568571,0.00010350266529712826
1746739169356747300,61.184747314453126,-0.0020745894871652126,-0.004361143801361322,0.010111823678016663
1746739169366826500,61.19482641601562,0.000970735214650631,-0.008387576788663864,0.012004266493022442
1746739169376905500,61.204905517578126,-0.0002710958942770958,-0.009939717128872871,0.016822511330246925
1746739169386984400,61.214984375,-0.0007107839919626713,-0.008454471826553345,0.019788207486271858
1746739169397063400,61.2250634765625,-0.0000919378362596035,-0.012389587238430977,0.027116771787405014
1746739169407142400,61.23514233398438,-0.0032741487957537174,-0.002151330467313528,0.02516201138496399
1746739169417221600,61.2452216796875,-0.005487848538905382,0.0015956130810081959,0.016364935785531998
1746739169427300400,61.25530029296875,-0.0035930094309151173,-0.004586382769048214,0.008781585842370987
1746739169437379300,61.26537939453125,-0.0007601403631269932,-0.008890782482922077,0.0008810613071545959
1746739169447458600,61.27545849609375,-0.0021620281040668488,-0.010419436730444431,0.00013244675938040018
1746739169457537500,61.28553759765625,-0.00120926508679986,-0.010055072605609894,0.0028499821200966835
1746739169467616500,61.295616455078125,-0.0021584155037999153,-0.009393276646733284,0.0057411096058785915
1746739169477695500,61.30569555664062,-0.0036732451990246773,-0.009893003851175308,0.010396094061434269
1746739169487774500,61.3157744140625,-0.005167012102901936,-0.012580666691064835,0.014539706520736217
1746739169497853400,61.325853515625,-0.012228650040924549,0.0007627857849001884,0.014214589260518551
1746739169507932400,61.33593237304687,-0.0052271997556090355,0.01232702936977148,0.02988596074283123
1746739169518011600,61.34601171875,-0.00579457450658083,0.009539023041725159,0.05561753362417221
1746739169528090400,61.35609033203125,-0.006963701918721199,0.011450374498963356,0.08543268591165543
1746739169538169300,61.36616943359375,-0.009239226579666138,-0.0026595741510391235,0.07114153355360031
1746739169548248600,61.37624853515625,0.0009497613646090031,-0.0032039242796599865,0.031034057959914207
1746739169558327600,61.38632763671875,0.015081025660037994,0.0028433608822524548,0.013449419289827347
1746739169568406300,61.39640625,0.010141925886273384,-0.00006800657138228416,-0.002060830593109131
1746739169578485500,61.406485595703124,0.002460645278915763,0.005028467159718275,-0.01805899664759636
1746739169588564500,61.416564453125,-0.0016166544519364834,0.00940031185746193,-0.024877753108739853
1746739169598643500,61.4266435546875,-0.003336254507303238,0.0012757685035467148,-0.02394799515604973
1746739169608722400,61.436722412109376,0.007490028161555529,-0.0049704089760780334,-0.02479381486773491
1746739169618801400,61.44680151367187,0.012363053858280182,-0.01717255264520645,-0.02506999298930168
1746739169628880400,61.45688037109375,0.01831282116472721,-0.026364188641309738,-0.011105440557003021
1746739169638959400,61.46695947265625,0.019122153520584106,-0.02812822163105011,0.008950241841375828
1746739169649038600,61.47703857421875,0.018261421471834183,-0.02248418517410755,0.03948790952563286
1746739169659117600,61.48711767578125,0.009692166931927204,-0.060655221343040466,0.056547265499830246
