time,seconds_elapsed,z,y,x
1746728839597648400,0.0156484375,-0.00038279546424746513,0.0014945301227271557,0.0020610515493899584
1746728839607666400,0.02566650390625,-0.0015114429406821728,0.0021440754644572735,-0.0010801467578858137
1746728839617684500,0.0356845703125,0.00021184328943490982,0.0006828056648373604,0.0034705286379903555
1746728839627702500,0.04570263671875,-0.00141108687967062,0.0013975980691611767,0.0015160347102209926
1746728839637720600,0.055720458984375,0.000932241789996624,0.0014411122538149357,-0.0005941432900726795
1746728839647738400,0.06573828125,0.00026591913774609566,0.00047758035361766815,-0.00015498814173042774
1746728839657756700,0.075756591796875,-0.00032937200739979744,-0.0008820248767733574,0.002224669326096773
1746728839667774500,0.0857744140625,-0.0010689320042729378,0.0019017774611711502,-0.004597283899784088
1746728839677791200,0.095791259765625,0.0021775271743535995,0.0019658412784337997,0.00028732954524457455
1746728839687809500,0.1058095703125,-0.0008986904285848141,-0.00014418130740523338,-0.001083133276551962
1746728839697827600,0.11582763671875,0.00008952617645263672,0.00032506929710507393,-0.0011250493116676807
1746728839707845400,0.125845458984375,-0.0035656625404953957,0.0010284101590514183,0.002308031776919961
1746728839717863700,0.13586376953125,0.0009148586541414261,-0.001825573854148388,-0.0008603434544056654
1746728839727881500,0.145881591796875,0.0008291052654385567,-0.00003699492663145065,0.0016648658784106374
1746728839737899500,0.1558994140625,-0.002965419553220272,0.001248002052307129,-0.001512809656560421
1746728839747917300,0.165917236328125,-0.0012229136191308498,0.0003976547159254551,-0.0016307877376675606
1746728839757934600,0.1759345703125,0.0009039617143571377,0.0015852265059947968,0.0009388441685587168
1746728839767952400,0.185952392578125,0.00034576281905174255,0.0012954743579030037,-0.0009994045831263065
1746728839777970400,0.195970458984375,-0.001429717056453228,0.0008767340332269669,-0.0005155489780008793
1746728839787988500,0.205988525390625,-0.0010829735547304153,0.0013395915739238262,-0.0006865239702165127
1746728839798006500,0.216006591796875,0.0008679814636707306,-0.003731529228389263,-0.00033359997905790806
1746728839808024300,0.2260244140625,-0.00012537743896245956,0.0006584255024790764,0.00018198811449110508
1746728839818042600,0.236042724609375,0.0008234973065555096,0.0016420125029981136,-0.0015886579640209675
1746728839828060400,0.246060302734375,0.0016014068387448788,-0.00010901596397161484,-0.0018917256966233253
1746728839838078500,0.256078369140625,-0.00028400029987096786,-0.0006866096518933773,-0.002109528286382556
1746728839848095500,0.266095458984375,-0.0015924116596579552,0.000009008217602968216,-0.0014242969918996096
1746728839858113500,0.276113525390625,0.0002637435682117939,0.0004858803004026413,-0.0011480262037366629
1746728839868131300,0.28613134765625,-0.0020119273103773594,0.00198151171207428,-0.0015051562804728746
1746728839878149600,0.296149658203125,0.0021576285362243652,-0.0005880300886929035,-0.00229576020501554
1746728839888167400,0.30616748046875,0.0005773087032139301,-0.00010653026401996613,-0.0015961478929966688
1746728839898185500,0.316185546875,0.0025929883122444153,0.001397394109517336,0.000785294221714139
1746728839908203300,0.326203369140625,-0.0002089235931634903,0.0022200443781912327,0.001522723468951881
1746728839918221600,0.3362216796875,0.0008962550200521946,0.0013063149526715279,-0.0009951239917427301
1746728839928239600,0.346239501953125,-0.00028032949194312096,0.001231746282428503,0.0014962630812078714
1746728839938256400,0.35625634765625,0.00011100759729743004,0.0011630072258412838,0.0022419921588152647
1746728839948274400,0.3662744140625,-0.00010098004713654518,-0.0005368883721530437,0.00020174449309706688
1746728839958292500,0.37629248046875,0.001280244905501604,0.00427377549931407,0.0012173468712717295
1746728839968310300,0.386310302734375,-0.0005821036174893379,-0.0013960939832031727,-0.002051417250186205
1746728839978328600,0.39632861328125,0.0003124577924609184,-0.0002483152784407139,0.0008452667389065027
1746728839988346600,0.4063466796875,-0.001756818499416113,0.0009173499420285225,0.0006676339544355869
1746728839998364400,0.416364501953125,0.002160895150154829,0.0006326464936137199,-0.0015880432911217213
1746728840008382500,0.426382568359375,0.0007560779340565205,0.0007221284322440624,-0.0026421225629746914
1746728840018399500,0.4363994140625,0.0004765428602695465,-0.000124435406178236,0.0004926887340843678
1746728840028417500,0.44641748046875,-0.0010795420967042446,0.000977847259491682,0.0021190810948610306
1746728840038435600,0.456435546875,-0.0014513800852000713,-0.00043942034244537354,0.0012160955229774117
1746728840048453600,0.46645361328125,-0.000986392144113779,0.000776312779635191,0.004531464539468288
1746728840058471400,0.476471435546875,-0.0013715247623622417,0.0029197665862739086,-0.002851856406778097
1746728840068489500,0.486489501953125,-0.0016977619379758835,-0.0005226354114711285,0.001707209157757461
1746728840078507500,0.496507568359375,0.0019585215486586094,-0.002803380135446787,-0.0018084426410496235
1746728840088525600,0.506525634765625,-0.0002710768021643162,0.0005042660050094128,-0.0014949883334338665
1746728840098543400,0.51654345703125,-0.0003101392649114132,-0.0015805666334927082,-0.00048687984235584736
1746728840108560600,0.526560546875,0.0020177296828478575,0.0019776825793087482,-0.001795290969312191
1746728840118578400,0.536578369140625,-0.002644409891217947,0.0027271220460534096,0.0010130451992154121
1746728840128596500,0.546596435546875,-0.0027043307200074196,0.0011004633270204067,0.0013464728835970163
1746728840138614500,0.556614501953125,0.0006454209797084332,-0.00013731280341744423,-0.001936472486704588
1746728840148632600,0.566632568359375,-0.0005428814329206944,-0.0012680906802415848,-0.00039876322261989117
1746728840158650400,0.576650390625,-0.0010067019611597061,-0.00039286352694034576,0.0010633483761921525
1746728840168668400,0.58666845703125,-0.0006855246610939503,-0.00048740580677986145,0.000594898359850049
1746728840178686500,0.5966865234375,0.002644607098773122,-0.001780954422429204,0.0003187574911862612
1746728840188703500,0.606703369140625,-0.000706980936229229,-0.000002229120582342148,0.0013051923597231507
1746728840198721500,0.616721435546875,-0.0004097921773791313,-0.0016291993670165539,0.00008839438669383526
1746728840208739600,0.626739501953125,0.0002735750749707222,-0.0009109447710216045,-0.0016660962719470263
1746728840218757400,0.63675732421875,0.0004355544224381447,0.0008916468359529972,-0.00022868788801133633
1746728840228775400,0.646775390625,0.003140260698273778,0.0032237768173217773,0.0017332627903670073
1746728840238793500,0.65679345703125,0.000977810239419341,0.0015106583014130592,0.0003935876302421093
1746728840248811500,0.6668115234375,-0.0018422110006213188,-0.0008217380382120609,0.0006266140844672918
1746728840258829300,0.676829345703125,-0.00028770044445991516,0.0006633740849792957,-0.0014581005088984966
1746728840268847400,0.686847412109375,-0.00026399828493595123,0.001874845940619707,0.001116377068683505
1746728840278864400,0.696864501953125,0.001071675680577755,-0.00009881565347313881,0.00012960517778992653
1746728840288882400,0.70688232421875,0.0007251985371112823,-0.000790704507380724,0.0022588022984564304
1746728840298900500,0.716900390625,0.0010493290610611439,-0.0026484790723770857,0.0002726903185248375
1746728840308918500,0.72691845703125,-0.00012885360047221184,0.0011212253011763096,-0.0005022895056754351
1746728840318936600,0.7369365234375,-0.0018795914947986603,-0.0013831201940774918,0.002853905549272895
1746728840328954400,0.746954345703125,-0.0010028788819909096,-0.0017029661685228348,0.0022901142947375774
1746728840338972700,0.75697265625,0.0028415329288691282,-0.0001180386170744896,-0.00042292545549571514
1746728840348990500,0.766990478515625,-0.0005939449183642864,-0.0002535935491323471,-0.0002681957557797432
1746728840359008500,0.777008544921875,0.0019385800696909428,-0.0008142953738570213,-0.00018848618492484093
1746728840369025500,0.787025634765625,0.0005175173282623291,-0.0006177537143230438,0.0008895613718777895
1746728840379043600,0.797043701171875,0.001217320328578353,0.001167086884379387,-0.0013921044301241636
1746728840389061400,0.807061279296875,-0.0020479816012084484,-0.0011770273558795452,0.0012803777353838086
1746728840399079700,0.81707958984375,0.0010587489232420921,0.0005353833548724651,0.0016787585336714983
1746728840409097500,0.827097412109375,0.0008853771723806858,0.00022219587117433548,-0.0024235749151557684
1746728840419115500,0.837115478515625,0.0014697262085974216,-0.0002642059698700905,-0.0005085810553282499
1746728840429133300,0.84713330078125,-0.0012616119347512722,-0.0008303942158818245,0.001219011377543211
1746728840439151600,0.857151611328125,0.0016654583159834146,0.001182050909847021,0.0006702367682009935
1746728840449169400,0.86716943359375,-0.0018581701442599297,0.0022246786393225193,-0.0008347155526280403
1746728840459186400,0.8771865234375,-0.00028165243566036224,0.0027806651778519154,-0.0014498615637421608
1746728840469204500,0.88720458984375,-0.00009363330900669098,0.00015425542369484901,-0.0009507853537797928
1746728840479222500,0.897222412109375,0.0003232969902455807,-0.0007449383847415447,-0.0023553671780973673
1746728840489240300,0.907240234375,-0.0008285203948616982,-0.000618970487266779,-0.0006799725815653801
1746728840499258600,0.917258544921875,-0.0002702423371374607,-0.0007101749069988728,-0.00015363353304564953
1746728840509276400,0.9272763671875,-0.00280850101262331,-0.0004984536208212376,0.002417914802208543
1746728840519294500,0.93729443359375,0.0004865000955760479,0.001154324971139431,0.003380204550921917
1746728840529312300,0.947312255859375,0.0008678650483489037,0.0003306092694401741,0.0014267760561779141
1746728840539330600,0.95733056640625,-0.002872995100915432,0.000035855453461408615,-0.0006369417533278465
1746728840549347300,0.967347412109375,-0.0006955945864319801,0.002718723379075527,-0.0012135158758610487
1746728840559365600,0.97736572265625,-0.0006605745293200016,0.0031985966488718987,0.001457952312193811
1746728840569383400,0.987383544921875,-0.00007174955680966377,0.0010574148036539555,-0.0003023971803486347
1746728840579402000,0.997402099609375,0.0002926778979599476,-0.0005570682696998119,0.0005506635643541813
1746728840589419800,1.007419677734375,-0.0023885928094387054,0.0011769160628318787,0.0006779627874493599
1746728840599438000,1.01743798828125,-0.0020150644704699516,-0.0022272542119026184,-0.0007312465459108353
1746728840609455900,1.027455810546875,0.0006427699699997902,-0.0010551968589425087,0.0012538738083094358
1746728840619474000,1.037473876953125,-0.0008761836215853691,0.0019360124133527279,0.0014417467173188925
1746728840629491000,1.047490966796875,-0.0012138723395764828,-0.0005961214192211628,0.0012550590327009559
1746728840639509000,1.057509033203125,-0.001967464108020067,-0.0005687903612852097,0.0003213935997337103
1746728840649526800,1.06752685546875,-0.0003543873317539692,0.00013614818453788757,-0.00005837320350110531
1746728840659544800,1.077544921875,-0.0007656039670109749,-0.0008290354162454605,0.0010541772935539484
1746728840669563000,1.08756298828125,-0.00009794952347874641,0.0012165387161076069,0.0006286040879786015
1746728840679581000,1.097580810546875,-0.001219011377543211,-0.00017855549231171608,-0.0003020970616489649
1746728840689599000,1.107598876953125,-0.0009164758957922459,-0.0020491599570959806,0.002577579114586115
1746728840699617000,1.117616943359375,-0.000756449531763792,0.00224481662735343,-0.0025708142202347517
1746728840709635000,1.127635009765625,0.0016632985789328814,-0.00007426459342241287,-0.0002975398674607277
1746728840719651800,1.13765185546875,0.0014723443891853094,0.0003188718110322952,-0.0014828946441411972
1746728840729670100,1.147670166015625,0.001048369100317359,0.0000578821636736393,0.0015232814475893974
1746728840739688000,1.15768798828125,-0.002013328019529581,-0.0009746723808348179,0.0006851970683783293
1746728840749706000,1.1677060546875,-0.00013526668772101402,-0.0019789505749940872,-0.0009614354930818081
1746728840759723800,1.177723876953125,-0.001088365912437439,-0.00183167215436697,-0.000003191642463207245
1746728840769742000,1.1877421875,-0.0017959680408239365,-0.00047612329944968224,0.0000772357452660799
1746728840779759900,1.197759765625,-0.00020098965615034103,0.0007873340509831905,-0.0005636755377054214
1746728840789778000,1.20777783203125,-0.000997541006654501,-0.0006454465910792351,-0.0011517016682773829
1746728840799795000,1.217794921875,0.0011270276736468077,0.0011852900497615337,-0.001240104204043746
1746728840809813000,1.22781298828125,0.0009635095484554768,0.003007691353559494,0.0011740511981770396
1746728840819830800,1.237830810546875,-0.0015310673043131828,0.0029800222255289555,-0.0008708371315151453
1746728840829849000,1.24784912109375,0.0006652418524026871,0.0022567068226635456,-0.00013287528418004513
1746728840839867000,1.257866943359375,0.0021566704381257296,0.0010805116035044193,0.0015402004355564713
1746728840849885000,1.267885009765625,0.002958015538752079,-0.00024228030815720558,-0.00036715553142130375
1746728840859903000,1.277903076171875,0.0017921165563166142,-0.00036789989098906517,-0.00346131413243711
1746728840869921000,1.287921142578125,-0.0019877078011631966,0.0021999203599989414,0.0021723369136452675
1746728840879938800,1.297938720703125,0.0001818533055484295,-0.0019428383093327284,0.00016335537657141685
1746728840889956000,1.3079560546875,0.0011781419161707163,0.0006228508427739143,0.0002166186459362507
1746728840899974000,1.317973876953125,-0.0004996047355234623,0.0005961284041404724,0.001303019467741251
1746728840909992000,1.327991943359375,0.002771289786323905,0.0001460541971027851,0.00008808542042970657
1746728840920009700,1.338009765625,-0.0001302296295762062,0.00026898225769400597,-0.00018004677258431911
1746728840930028000,1.348028076171875,0.0012852402869611979,0.0022421185858547688,0.0011629854561761022
1746728840940045800,1.3580458984375,-0.000777391716837883,0.0011796602047979832,-0.001378574874252081
1746728840950063900,1.36806396484375,0.0003264886327087879,0.0004398343153297901,-0.0012006754986941814
1746728840960082000,1.37808203125,-0.00026953546330332756,0.0002827928401529789,-0.00010968721471726894
1746728840970100000,1.388099853515625,-0.002992084715515375,-0.0009625013917684555,-0.0000761314295232296
1746728840980116700,1.39811669921875,-0.0004459400661289692,0.0009620832279324532,-0.00043976097367703915
1746728840990135000,1.408135009765625,0.0015279946383088827,-0.0000954577699303627,-0.000895428005605936
1746728841000152800,1.41815283203125,-0.0029531274922192097,0.000475157517939806,-0.0009223909582942724
1746728841010171000,1.4281708984375,-0.0007221978157758713,0.00002082204446196556,-0.003536549862474203
1746728841020189000,1.43818896484375,0.0008663996122777462,0.0009239991195499897,-0.0008664261549711227
1746728841030207000,1.44820703125,-0.00016371114179491997,0.001864627469331026,-0.0014350111596286297
1746728841040225000,1.45822509765625,-0.000797513872385025,0.0016804588958621025,-0.0006016294937580824
1746728841050242800,1.468242919921875,-0.001592467539012432,0.0010913675650954247,-0.0017007160931825638
1746728841060259800,1.478259765625,-0.000030125025659799576,-0.0016776444390416145,-0.0007696547545492649
1746728841070278000,1.48827783203125,0.0018340880051255226,-0.0005793566815555096,0.0010298432316631079
1746728841080296000,1.4982958984375,0.000017264392226934433,-0.00188931985758245,0.00013479497283697128
1746728841090314000,1.50831396484375,-0.0015345597639679909,0.0003160438500344753,-0.0004044952802360058
1746728841100332000,1.51833203125,-0.0014901217073202133,0.0005405633710324764,-0.00006003677845001221
1746728841110349800,1.528349853515625,0.00006276741623878479,0.0024210214614868164,-0.00017668306827545166
1746728841120368000,1.5383681640625,0.0013153296895325184,-0.00119696743786335,0.002679770113900304
1746728841130386000,1.548385986328125,-0.0022847312502563,0.0008834940381348133,-0.0039533646777272224
1746728841140404000,1.558404052734375,-0.0012008273042738438,0.0017112670466303825,0.0012022688752040267
1746728841150421000,1.5684208984375,-0.0008322461508214474,0.00037462636828422546,0.0003505898639559746
1746728841160439000,1.57843896484375,0.0005942019633948803,-0.0016535990871489048,0.0005904943682253361
1746728841170456800,1.588456787109375,-0.0008785263635218143,0.0014082370325922966,0.0007193915080279112
1746728841180475000,1.598474853515625,0.0014190943911671638,0.00034445617347955704,-0.002947357716038823
1746728841190493000,1.608492919921875,-0.00011462019756436348,-0.0012012426741421223,0.0011685575591400266
1746728841200511000,1.618510986328125,-0.0004081721417605877,0.0011359937489032745,0.0035026734694838524
1746728841210528800,1.62852880859375,0.0018501882441341877,-0.00036469707265496254,-0.0016076662577688694
1746728841220547000,1.638547119140625,-0.00023516500368714333,-0.0003766976296901703,-0.00041665323078632355
1746728841230563800,1.648563720703125,0.0014618013519793749,0.0009650029242038727,0.0012366371229290962
1746728841240582000,1.658581787109375,-0.0004992266185581684,0.0007438221946358681,0.0003440415021032095
1746728841250600000,1.668599853515625,0.0009093191474676132,-0.0015038861893117428,0.0013818754814565182
1746728841260618000,1.678617919921875,-0.00004512770101428032,-0.0004996447823941708,0.0009214321617037058
1746728841270635800,1.6886357421875,0.0030047246254980564,-0.0012099100276827812,0.001210385118611157
1746728841280654000,1.698654052734375,0.0010982505045831203,0.0004576388746500015,0.00043474650010466576
1746728841290671900,1.708671875,0.0021973371040076017,-0.001546123530715704,-0.00048271240666508675
1746728841300690000,1.71868994140625,0.0006615924648940563,0.0014088964089751244,-0.0005597288254648447
1746728841310708000,1.7287080078125,0.001972400350496173,0.0012999731115996838,0.0005337651818990707
1746728841320725000,1.73872509765625,0.0008023316040635109,0.0008112117648124695,-0.001282090088352561
1746728841330742800,1.74874267578125,0.00010857777670025826,-0.0009267674759030342,0.00010861270129680634
1746728841340760800,1.7587607421875,0.00035308394581079483,-0.0006876620464026928,-0.0020121384877711535
1746728841350779000,1.76877880859375,-0.0009172437712550163,-0.0007009780965745449,0.0010643450077623129
1746728841360797000,1.778796875,0.0005753803998231888,0.0006240801885724068,0.0001442236825823784
1746728841370815000,1.78881494140625,0.0014419732615351677,0.0008595036342740059,-0.0018278472125530243
1746728841380833000,1.7988330078125,-0.0005440297536551952,-0.0012297416105866432,0.0009950683452188969
1746728841390851000,1.80885107421875,0.0010381543543189764,-0.002632694784551859,-0.0011253405828028917
1746728841400868900,1.818868896484375,0.0012050392106175423,-0.000540146604180336,0.00014624721370637417
1746728841410886000,1.828885986328125,0.0014841384254395962,0.0020356629975140095,0.0013665076112374663
1746728841420904000,1.838904052734375,0.00047172000631690025,0.0032782787457108498,-0.0009337279479950666
1746728841430922000,1.848921875,-0.00240236334502697,-0.0008304459042847157,0.002765935380011797
1746728841440939800,1.858939697265625,-0.00034695956856012344,0.0009992043487727642,-0.00044684833846986294
1746728841450958000,1.8689580078125,0.0027329858858138323,0.0010721753351390362,-0.001810120651498437
1746728841460975900,1.878975830078125,0.0006533828563988209,0.0010393247939646244,0.000994016183540225
1746728841470994000,1.888993896484375,0.0010243614669889212,0.0007562311366200447,0.0012494133552536368
1746728841481012000,1.899011962890625,0.00036505749449133873,-0.0018512101378291845,0.0012501270975917578
1746728841491029000,1.909029052734375,0.00280158338136971,0.00030142301693558693,-0.0006439131684601307
1746728841501046800,1.919046875,0.0013317877892404795,0.0012504965998232365,-0.0006493187975138426
1746728841511065000,1.929065185546875,0.0011959667317569256,-0.0008499384857714176,-0.0007063103839755058
1746728841521083000,1.939082763671875,-0.000783250667154789,0.0007614814676344395,-0.0007351234089583158
1746728841531101000,1.949100830078125,-0.0001685931347310543,-0.0008121803402900696,0.0012960695894435048
1746728841541119000,1.959118896484375,-0.00006657280027866364,0.0015195836313068867,0.0009859933052212
1746728841551137000,1.969136962890625,-0.0011968179605901241,0.0011376864276826382,0.0011513754725456238
1746728841561154800,1.97915478515625,0.000907848821952939,0.0006430638022720814,0.002380654914304614
1746728841571172900,1.9891728515625,0.0010207670275121927,0.00020470749586820602,-0.00025134719908237457
1746728841581190000,1.99918994140625,-0.001279026735574007,0.0038844849914312363,-0.0007464757654815912
1746728841591208000,2.0092080078125,-0.0004161624237895012,-0.00026685046032071114,0.00014541670680046082
1746728841601225700,2.019225830078125,-0.0004347716458141804,0.0020006787963211536,-0.0029170948546379805
1746728841611244000,2.029244140625,-0.0027754236944019794,0.0014736391603946686,0.0003764366265386343
1746728841621262000,2.039261962890625,0.0018227400723844767,-0.0008757761679589748,0.00018465076573193073
1746728841631279900,2.04927978515625,-0.0009307023137807846,0.0016475692391395569,0.0023918787483125925
1746728841641298200,2.059298095703125,-0.0010037650354206562,0.0008207685314118862,0.0000010924413800239563
1746728841651316000,2.06931591796875,0.00039386190474033356,-0.0010311934165656567,-0.002750752028077841
1746728841661333000,2.0793330078125,-0.0012689321301877499,0.0008397097699344158,0.0029978982638567686
1746728841671351000,2.08935107421875,0.0004373551346361637,0.0003936304710805416,-0.0004165405407547951
1746728841681369000,2.099369140625,0.0010286911856383085,0.000722009688615799,0.0010346048511564732
1746728841691387000,2.109386962890625,-0.0003284555859863758,-0.00007214490324258804,0.0007379287853837013
1746728841701405000,2.119405029296875,0.0019073530565947294,-0.000741105992347002,-0.0024743808899074793
1746728841711423000,2.129423095703125,0.0005408851429820061,-0.0018822706770151854,-0.0006114994175732136
1746728841721441000,2.13944091796875,0.0009928338695317507,-0.0017064404673874378,-0.00025227502919733524
1746728841731458800,2.149458740234375,0.001041836105287075,-0.0022380072623491287,0.0005570596549659967
1746728841741477000,2.15947705078125,0.00012547383084893227,0.0001769745722413063,-0.0006341962143778801
1746728841751494000,2.169493896484375,-0.0021256962791085243,0.0008243890479207039,-0.0008850658778101206
1746728841761512000,2.179511962890625,-0.0010768072679638863,0.00004239799454808235,0.00029332214035093784
1746728841771530000,2.189530029296875,-0.00019077351316809654,-0.0003674621693789959,-0.0012931227684020996
1746728841781548000,2.199548095703125,-0.001572354231029749,0.00027833273634314537,-0.0005884882993996143
1746728841791565800,2.20956591796875,-0.0008533005602657795,0.0002796645276248455,6.030313670635223e-7
1746728841801584000,2.219584228515625,0.0018308176659047604,-0.0014136573299765587,-0.001010052626952529
1746728841811602000,2.229601806640625,-0.0029972270131111145,0.00014961836859583855,-0.001485160319134593
1746728841821620000,2.239619873046875,-0.001928496640175581,0.0024034311063587666,0.0013318064156919718
1746728841831637000,2.249636962890625,-0.0001662829890847206,0.0007304330356419086,0.0006377866957336664
1746728841841655000,2.259655029296875,0.0010296653490513563,-0.0016158870421350002,0.0012900927104055882
1746728841851672800,2.2696728515625,-0.0010039242915809155,-0.00030241580680012703,0.0018831786001101136
1746728841861691000,2.27969091796875,0.0021347396541386843,0.0016182223334908485,0.0019917581230401993
1746728841871709000,2.289708984375,-0.00020857574418187141,0.0018427264876663685,0.0019004116766154766
1746728841881727000,2.29972705078125,0.00036736438050866127,0.0009771017357707024,0.00021371827460825443
1746728841891745000,2.3097451171875,0.0005058487877249718,-0.00013769743964076042,0.0009801759151741862
1746728841901763000,2.31976318359375,0.00024800561368465424,-0.00011476315557956696,-0.0025272255297750235
1746728841911781000,2.329781005859375,-0.0009341719560325146,-0.0017789723351597786,-0.0004494271706789732
1746728841921798000,2.3397978515625,-0.0004352303221821785,-0.00028725946322083473,0.002241462701931596
1746728841931816000,2.34981591796875,-0.0009662648662924767,-0.0006087031215429306,0.000609477749094367
1746728841941834000,2.359833984375,0.00032955873757600784,0.0014809523709118366,0.0004633932840079069
1746728841951852000,2.36985205078125,-0.0005647307261824608,0.0003443150781095028,0.0001816307194530964
1746728841961870000,2.3798701171875,0.004453958943486214,-0.0007151532918214798,-0.0039927102625370026
1746728841971888000,2.38988818359375,0.00046747317537665367,0.0005072378553450108,0.0003477097488939762
1746728841981906000,2.399906005859375,0.0016681291162967682,0.0009664343670010567,-0.001558681484311819
1746728841991924000,2.409924072265625,-0.001771876122802496,0.0003760112449526787,0.0020632175728678703
1746728842001942000,2.41994189453125,0.002639549085870385,0.0017437813803553581,-0.003391359932720661
1746728842011959000,2.429958984375,0.000960958655923605,0.0010747956112027168,-0.00040515721775591373
1746728842021976800,2.439976806640625,-0.00009047891944646835,0.0000022584572434425354,-0.00011159339919686317
1746728842031995100,2.4499951171875,0.0000607883557677269,0.0020212004892528057,0.0002596513368189335
1746728842042013000,2.460012939453125,0.0016308764461427927,0.0006669950671494007,-0.0016813813708722591
1746728842052031000,2.470031005859375,-0.0022413600236177444,0.0007988219149410725,-0.00022702920250594616
1746728842062049000,2.480049072265625,-0.000425742007791996,0.00031605176627635956,0.001773450174368918
1746728842072067000,2.490067138671875,-0.0005296049639582634,-0.001161203719675541,-0.0012907828204333782
1746728842082084900,2.5000849609375,0.0010945959948003292,0.0013025873340666294,-0.0002848333679139614
1746728842092102100,2.51010205078125,-0.0003565605729818344,-0.00009317556396126747,-0.0017042981926351786
1746728842102120000,2.520119873046875,-0.00019857054576277733,0.0000914200209081173,0.0015483980532735586
1746728842112138000,2.530137939453125,-0.0001005660742521286,-0.001715002115815878,0.0009193592704832554
1746728842122156000,2.540156005859375,-0.0015101861208677292,-0.0004922691732645035,-0.00007801316678524017
1746728842132174000,2.550174072265625,-0.0008784839883446693,0.0011082906275987625,0.0021023168228566647
1746728842142191900,2.56019189453125,0.00011674407869577408,0.0004538474604487419,0.0009545085486024618
1746728842152210000,2.5702099609375,0.0009998483583331108,0.0019012754783034325,-0.000297709833830595
1746728842162228000,2.58022802734375,0.0005844836123287678,0.0006487155333161354,0.0011402491945773363
1746728842172246000,2.59024609375,-0.0013582920655608177,0.0004082322120666504,-0.00042702117934823036
1746728842182262800,2.6002626953125,0.003526118816807866,-0.0021559554152190685,0.001165360095910728
1746728842192281000,2.610281005859375,0.000777470413595438,0.0020742095075547695,-0.0010093774180859327
1746728842202299000,2.620298828125,-0.00046375999227166176,0.002805509138852358,-0.0007590774912387133
1746728842212317000,2.63031689453125,0.0007703485898673534,0.0007237163372337818,-0.000567596172913909
1746728842222335000,2.6403349609375,0.0015309215523302555,0.0006140656769275665,-0.0020119212567806244
1746728842232353000,2.65035302734375,0.000594820361584425,0.0004345686174929142,-0.0018071243539452553
1746728842242371000,2.66037109375,0.0019284572917968035,-0.0009100455790758133,-0.00010620499961078167
1746728842252388900,2.670388916015625,-0.0011072801426053047,-0.0006477241404354572,0.00019340054132044315
1746728842262406000,2.680406005859375,0.00020573940128087997,-0.0003604232333600521,0.00019448180682957172
1746728842272424000,2.690423828125,0.00022571301087737083,0.0011328109540045261,0.001230451394803822
1746728842282441700,2.700441650390625,-0.001135474070906639,-0.000935340765863657,-0.0009558226447552443
1746728842292460000,2.7104599609375,-0.0004148227162659168,-0.00024265237152576447,-0.0026666373014450073
1746728842302478000,2.72047802734375,-0.00021585030481219292,-0.0017332108691334724,0.0017026943387463689
1746728842312495900,2.730495849609375,0.0008555389940738678,0.0009137052111327648,0.0000035974662750959396
1746728842322514200,2.74051416015625,-0.0008850889280438423,0.0020331908017396927,0.0006160831544548273
1746728842332532000,2.750531982421875,0.00044143153354525566,0.0005767080001533031,0.0009545707143843174
1746728842342550000,2.760550048828125,0.002124349819496274,-0.0014850073494017124,-0.001570563530549407
1746728842352567000,2.770567138671875,-0.0014373618178069592,0.00005722930654883385,-0.0018169062677770853
1746728842362585000,2.780585205078125,0.0004623471759259701,0.00038434984162449837,0.0008077127858996391
1746728842372603000,2.790602783203125,0.00048019038513302803,0.0010450799018144608,-0.0026610547211021185
1746728842382621000,2.800620849609375,0.0011788113042712212,0.0019123051315546036,-0.0009962113108485937
1746728842392639000,2.810638916015625,0.0021407450549304485,0.0014142938889563084,-0.0018393679056316614
1746728842402657000,2.820656982421875,0.0002992064692080021,0.0007529384456574917,0.00010998011566698551
1746728842412674800,2.8306748046875,-0.0005362271331250668,0.0007111267186701298,0.0034455894492566586
1746728842422693000,2.840693115234375,-0.0015953853726387024,0.0002319151535630226,-0.0027752877213060856
1746728842432711000,2.8507109375,-0.0013623586855828762,0.0004646754823625088,0.0012586024822667241
1746728842442728000,2.86072802734375,0.0005009234882891178,-0.00026121828705072403,-0.0013938476331532001
1746728842452746000,2.87074609375,0.0005821497179567814,0.0011289515532553196,-0.0018021105788648129
1746728842462764000,2.880763916015625,-0.0007323920726776123,0.0010367999784648418,0.0021896453108638525
1746728842472781800,2.89078173828125,-0.00006420491263270378,0.0019787601195275784,0.00018401863053441048
1746728842482800000,2.900800048828125,-0.00007148273289203644,0.0017091305926442146,0.0004143686965107918
1746728842492818000,2.91081787109375,0.0007117530331015587,-0.00020408444106578827,-0.0008202726021409035
1746728842502836000,2.9208359375,0.001898548100143671,0.003058935049921274,-0.0014533023349940777
1746728842512853800,2.930853759765625,-0.00047592632472515106,0.0005848584696650505,0.0007999981753528118
1746728842522871000,2.94087109375,0.001726334448903799,-0.0029540208633989096,0.0021965426858514547
1746728842532888800,2.950888916015625,-0.000916054006665945,-0.0014815591275691986,-0.0017875460907816887
1746728842542907000,2.960906982421875,0.00026046717539429665,0.000954456627368927,-0.0004556428175419569
1746728842552925000,2.970925048828125,-0.0011805691756308079,0.002015460282564163,-0.001773641211912036
1746728842562943000,2.98094287109375,-0.00044930074363946915,0.0010130261071026325,-0.00039306911639869213
1746728842572960800,2.990960693359375,-0.0005715400911867619,0.0012758802622556686,-0.0009446097537875175
1746728842582979000,3.00097900390625,0.0007994305342435837,0.000018487218767404556,0.0009697307832539082
1746728842592997000,3.0109970703125,-0.0018663937225937843,-0.0006507649086415768,0.0005838386714458466
1746728842603015000,3.021014892578125,-0.0005592345260083675,0.0019939150661230087,-0.002659779042005539
1746728842613032000,3.031031982421875,0.00033771805465221405,-0.00032143713906407356,-0.0009055549744516611
1746728842623050000,3.041050048828125,0.0003331350162625313,-0.0016979617066681385,0.0002674916759133339
1746728842633068000,3.051068115234375,-0.0010453173890709877,-0.0001440071500837803,-0.00024063955061137676
1746728842643086000,3.061086181640625,-0.0007220497354865074,0.0011067092418670654,-0.00010422361083328724
1746728842653104000,3.071104248046875,0.0006255097687244415,0.000947185792028904,0.0012630433775484562
1746728842663122000,3.081121826171875,0.002063136314973235,0.0013565318658947945,-0.00282061449252069
1746728842673140000,3.091139892578125,0.0010551298037171364,0.0004864772781729698,0.0007871699053794146
1746728842683158000,3.101157958984375,0.0007146294228732586,-0.001754828728735447,-0.0004363660700619221
1746728842693175000,3.111175048828125,-0.0008318680338561535,-0.0000693141482770443,0.0021740642841905355
1746728842703192800,3.12119287109375,-0.0023427256383001804,0.0017260829918086529,0.0011876615462824702
1746728842713211100,3.131211181640625,0.0010346951894462109,0.0007859873585402966,-0.0018520704470574856
1746728842723229000,3.14122900390625,-0.0004250914789736271,0.001958228647708893,0.0010370879899710417
1746728842733247000,3.1512470703125,-0.0015758434310555458,-0.0004937434569001198,-0.0006444319151341915
1746728842743265000,3.16126513671875,-0.0005667200312018394,0.0007369657978415489,0.0000817545223981142
1746728842753283000,3.171282958984375,-0.0009784447029232979,0.0007454878650605679,-0.001361678820103407
1746728842763300900,3.18130078125,-0.0006422996520996094,0.00010247528553009033,-0.0005111792124807835
1746728842773319000,3.19131884765625,0.0009039316792041063,0.0002050069160759449,-0.0004967981949448586
1746728842783336000,3.2013359375,-0.0006433664821088314,0.0004021422937512398,0.0007864993531256914
1746728842793354000,3.21135400390625,0.0018858376424759626,0.0010359748266637325,-0.0011991537176072598
1746728842803372000,3.2213720703125,0.0025713127106428146,-0.0016553238965570927,0.0018087177304551005
1746728842813390000,3.23139013671875,0.0005339947529137135,-0.001871040090918541,0.000950114568695426
1746728842823407900,3.241407958984375,0.0010669843759387732,0.0004045441746711731,0.00046272343024611473
1746728842833426000,3.251426025390625,0.000007844995707273483,-0.0013459515757858753,0.0004890887066721916
1746728842843444000,3.26144384765625,-0.001768866553902626,-0.0015449305064976215,0.0002824242692440748
1746728842853462000,3.2714619140625,-0.002062613144516945,-0.0009297402575612068,-0.001489376649260521
1746728842863478800,3.281478759765625,0.0019650105386972427,0.001101554837077856,0.0005895274225622416
1746728842873497000,3.2914970703125,-0.0006020106375217438,0.0009827776812016964,-0.00003072270192205906
1746728842883515000,3.301514892578125,-0.001028680708259344,-0.0003772652707993984,-0.002072542905807495
1746728842893533000,3.311532958984375,-0.0017304238863289356,0.000280801672488451,-0.0009066110942512751
1746728842903551000,3.321551025390625,-0.00010726647451519966,0.001005453523248434,0.000506566371768713
1746728842913569000,3.331569091796875,-0.0007634693756699562,-0.0007109539583325386,0.0015965983038768172
1746728842923587000,3.341587158203125,-0.0004356922581791878,-0.0016982555389404297,-0.0003517582081258297
1746728842933604900,3.35160498046875,-0.0007227808237075806,0.00008606212213635445,-0.0016279451083391905
1746728842943623200,3.361623046875,-0.00023004133254289627,-0.0020797112956643105,-0.0005774185992777348
1746728842953640000,3.371639892578125,0.0012836994137614965,0.0017097005620598793,-0.0002759487833827734
1746728842963657700,3.38165771484375,-0.0041425772942602634,0.00031682616099715233,0.0025986353866755962
1746728842973676000,3.391676025390625,0.0016375472769141197,-0.0030113260727375746,-0.0019460490439087152
1746728842983694000,3.401694091796875,-0.000743138138204813,-0.0012564579956233501,0.00006328034214675426
1746728842993711900,3.4117119140625,-0.0000025131739675998688,0.00047246646136045456,0.0017061843536794186
1746728843003730200,3.421730224609375,-0.0005071237683296204,0.0016206083819270134,-0.0009122877381742001
1746728843013748000,3.431748046875,-0.0006669135764241219,0.00023443344980478287,-0.0010201458353549242
1746728843023766000,3.44176611328125,-0.0018494166433811188,0.0003062817268073559,0.0020456532947719097
1746728843033783800,3.45178369140625,0.002134139882400632,-0.0003989231772720814,0.0006102095358073711
1746728843043801000,3.461801025390625,0.003415962215512991,0.0011673327535390854,-0.0026107165031135082
1746728843053819000,3.47181884765625,0.002104621846228838,-0.0010063392110168934,-0.0007805919740349054
1746728843063837000,3.4818369140625,0.0015627373941242695,-0.0007655816152691841,0.0009470491204410791
1746728843073855000,3.49185498046875,-0.001250626053661108,0.0009841150604188442,-0.0003701504319906235
1746728843083873000,3.501873046875,-0.0017426898702979088,0.00019457144662737846,0.0019885669462382793
1746728843093890800,3.511890869140625,0.0023990580812096596,0.0015775510109961033,0.0017472844338044524
1746728843103909000,3.5219091796875,0.0020421252120286226,0.0014512748457491398,-0.0009156563319265842
1746728843113927000,3.531927001953125,0.001022400800138712,0.0012336946092545986,-0.0017060826066881418
1746728843123944000,3.54194384765625,-0.00006291689351201057,-0.000977343413978815,0.00022162171080708504
1746728843133962000,3.5519619140625,0.0016590829472988844,-0.00011527817696332932,0.0012043281458318233
1746728843143980000,3.56197998046875,0.00025891559198498726,-0.0005551734939217567,-0.0011286416556686163
1746728843153997800,3.571997802734375,0.0007087234407663345,0.00048319296911358833,-0.0029422540683299303
1746728843164016000,3.58201611328125,-0.001353733241558075,-0.0004138643853366375,-0.0008412019815295935
1746728843174034000,3.592033935546875,0.0007842523045837879,-0.00017284834757447243,0.002194535220041871
1746728843184052000,3.602052001953125,-0.0009292471222579479,-0.000676850788295269,-0.0042257290333509445
1746728843194069800,3.61206982421875,0.0016236589290201664,0.000963656697422266,-0.0016994546167552471
1746728843204088000,3.622088134765625,-0.00016079377382993698,-0.0009527029469609261,-0.001522005070000887
1746728843214104800,3.632104736328125,-0.0006912951357662678,0.0018132561817765236,-0.000914271455258131
1746728843224123000,3.642122802734375,-0.001608904916793108,-0.0011228392831981182,0.0007404135540127754
1746728843234141000,3.652140869140625,0.001995151164010167,0.00015601050108671188,-0.0011006295680999756
1746728843244159000,3.662158935546875,-0.0007078913040459156,0.0009029903449118137,-0.002685718471184373
1746728843254176800,3.6721767578125,-0.0001377086155116558,0.0007751588709652424,-0.0006686400156468153
1746728843264195000,3.682195068359375,0.0009498992003500462,-0.00015917280688881874,0.0010061425855383277
1746728843274213000,3.692213134765625,0.0006633428856730461,0.001584399025887251,0.0003414175007492304
1746728843284231000,3.70223095703125,-0.0001247301697731018,0.0009679868817329407,0.0016430270625278354
1746728843294248000,3.712248046875,-0.00009436998516321182,0.002119803801178932,-0.0017943151760846376
1746728843304266000,3.722265869140625,-0.00028843386098742485,-0.0002840752713382244,-0.0004279031418263912
1746728843314284000,3.732283935546875,-0.0019648936577141285,0.000994508620351553,0.0029268807265907526
1746728843324302000,3.742302001953125,-0.0004664515145123005,-0.0013317326083779335,-0.0005010871682316065
1746728843334320000,3.752320068359375,-0.00031252065673470497,-0.00045635178685188293,0.001900817733258009
1746728843344338000,3.762337890625,-0.00042121997103095055,-0.0024315458722412586,0.0012716320343315601
1746728843354356000,3.77235595703125,0.0003692060708999634,0.0003879428841173649,-0.000984598184004426
1746728843364374000,3.7823740234375,0.0006061089225113392,-0.000057163648307323456,0.0019885189831256866
1746728843374392000,3.79239208984375,-0.002264512237161398,0.00030529266223311424,0.0022045013029128313
1746728843384408800,3.802408935546875,-0.002774584572762251,0.0030290689319372177,0.0021648467518389225
1746728843394427100,3.81242724609375,0.00012266822159290314,0.0009419498965144157,-0.0013052518479526043
1746728843404445000,3.82244482421875,-0.0013380576856434345,0.0013323454186320305,-0.0006012606900185347
1746728843414463000,3.832462890625,0.0002161627635359764,-0.0020213734824210405,-0.001405535265803337
1746728843424481000,3.84248095703125,-0.000684048980474472,-0.0007032882422208786,0.00023438315838575363
1746728843434499000,3.8524990234375,-0.00008483743295073509,0.00010498100891709328,-0.00035843648947775364
1746728843444516900,3.862516845703125,0.0024282934609800577,-0.0006903284229338169,-0.0011112750507891178
1746728843454535000,3.872534912109375,0.0025228357408195734,0.00000449037179350853,-0.0006444230675697327
1746728843464552000,3.882552001953125,0.0013299116399139166,0.0009048581123352051,-0.0018565559294074774
1746728843474570000,3.892570068359375,0.0016825140919536352,-0.0003857100382447243,-0.0012259192299097776
1746728843484588000,3.902588134765625,0.000801237765699625,-0.00024914415553212166,-0.0014474482741206884
1746728843494606000,3.912606201171875,-0.00015723379328846931,-0.000702680554240942,-0.001574747497215867
1746728843504623900,3.922623779296875,-0.0015478134155273438,0.0000713602639734745,0.000635216711089015
1746728843514642000,3.932641845703125,0.00449063815176487,0.0030671502463519573,0.0006370807532221079
1746728843524660000,3.942659912109375,-0.0011295992881059647,0.0003763302229344845,0.0015465390169993043
1746728843534678000,3.952677978515625,-0.0008251997642219067,0.0030860966071486473,-0.0015176942106336355
1746728843544695800,3.96269580078125,-0.0012922468595206738,0.0010025231167674065,-0.00025347317568957806
1746728843554713000,3.972713134765625,0.0019570759031921625,0.0017370227724313736,-0.0024098344147205353
1746728843564731000,3.98273095703125,0.00022368645295500755,-0.00016387365758419037,0.00016670790500938892
1746728843574749000,3.9927490234375,-0.0005281241610646248,0.0010396088473498821,-0.0026160292327404022
1746728843584766700,4.0027666015625,-0.000546399038285017,0.0005729538388550282,0.0018866033060476184
1746728843594784500,4.012784423828125,0.000026180408895015717,-0.0009434502571821213,-0.000486006960272789
1746728843604802600,4.022802490234375,0.0016438555903732777,-0.00010587228462100029,0.0010290625505149364
1746728843614820600,4.032820556640625,0.0018009820487350225,0.0004307543858885765,-0.0009760311804711819
1746728843624838700,4.042838623046875,0.000944637693464756,-0.0003511984832584858,-0.000774795189499855
1746728843634856700,4.052856689453125,0.0013736728578805923,0.001807293388992548,-0.002290932694450021
1746728843644873700,4.062873779296875,-0.00001066131517291069,0.0007266546599566936,0.0013752277009189129
1746728843654891500,4.0728916015625,0.0022125456016510725,-0.0024401103146374226,-0.0009542391635477543
1746728843664909600,4.08290966796875,0.0022436650469899178,-0.0007565044797956944,-0.0023496272042393684
1746728843674927600,4.092927734375,0.0013536366168409586,-0.0011226888746023178,-0.0015791747719049454
1746728843684945700,4.102945556640625,0.0007383693009614944,0.0001866617240011692,0.0022348249331116676
1746728843694963700,4.112963623046875,0.001786589389666915,0.0019254395738244057,-0.0013412677217274904
1746728843704981500,4.1229814453125,0.0011326074600219727,0.001693155150860548,0.0011772436555474997
1746728843714999600,4.13299951171875,0.0006242101080715656,-0.0018983841873705387,-0.0013309214264154434
1746728843725016600,4.1430166015625,0.0032102817203849554,0.00291537307202816,0.0021607475355267525
1746728843735034600,4.15303466796875,0.002064323518425226,0.001292176079005003,-0.0001570016611367464
1746728843745052700,4.163052734375,0.0003993329592049122,-0.00045607518404722214,-0.0009706858545541763
1746728843755070700,4.17307080078125,-0.0003700545057654381,-0.0017556976526975632,-0.0007070326246321201
1746728843765088500,4.183088623046875,0.00010334048420190811,0.0007976442575454712,0.0006265337578952312
1746728843775106600,4.1931064453125,-0.0015321066603064537,0.0018647732213139534,0.0021951356902718544
1746728843785124600,4.20312451171875,-0.00011057034134864807,-0.001616811379790306,-0.0005681274924427271
1746728843795142700,4.213142578125,0.0014244758058339357,0.0008455472998321056,-0.0011958342511206865
1746728843805160400,4.223160400390625,-0.00008950615301728249,0.001191954594105482,0.00008941930718719959
1746728843815177700,4.233177734375,-0.0003289240412414074,-0.0018445819150656462,-0.00017343484796583652
1746728843825195500,4.243195556640625,0.0017095422372221947,0.00026012398302555084,0.0009028303902596235
1746728843835213600,4.253213623046875,0.0001997961662709713,-0.0015806527808308601,-0.0007107788696885109
1746728843845231600,4.263231689453125,-0.00015032803639769554,-0.0016741291619837284,-0.0017767034005373716
1746728843855249700,4.273249755859375,-0.0020907074213027954,-0.0010432261042296886,0.002145333681255579
1746728843865267500,4.283267333984375,-0.0004922659136354923,-0.0010011675767600536,-0.0012284149415791035
1746728843875285500,4.293285400390625,-0.0005812156014144421,-0.00026000989601016045,0.000894124386832118
1746728843885303600,4.303303466796875,0.0005313623696565628,-0.001429269090294838,-0.000004202593117952347
1746728843895320600,4.313320556640625,0.002455762354657054,0.00013800151646137238,-0.003445273032411933
1746728843905338600,4.323338623046875,0.0019522425718605518,0.0009861360304057598,0.0007359099108725786
1746728843915356700,4.333356689453125,-0.0030382550321519375,0.002203200478106737,0.001772944931872189
1746728843925374500,4.34337451171875,-0.00006854254752397537,0.00039509357884526253,0.0005563709419220686
1746728843935392500,4.353392578125,-0.0012882701121270657,0.0019495803862810135,0.0027161946054548025
1746728843945410600,4.36341064453125,0.00018064118921756744,-0.0012555522844195366,0.0004250484053045511
1746728843955428600,4.3734287109375,0.0006352425552904606,0.00007709348574280739,-0.001423984533175826
1746728843965446700,4.38344677734375,-0.00009766407310962677,-0.00030048051849007607,0.0004235990345478058
1746728843975464700,4.393464599609375,-0.00009020743891596794,0.0009450800716876984,0.0015748835867270827
1746728843985481500,4.4034814453125,0.00038614310324192047,0.0006256024353206158,-0.0015498674474656582
1746728843995499500,4.41349951171875,0.0019182597752660513,0.000843981746584177,-0.0008763542864471674
1746728844005517600,4.423517578125,-0.0008388282731175423,-0.0015696710906922817,0.0004198800306767225
1746728844015535600,4.43353564453125,-0.000639091245830059,-0.0009334422647953033,-0.0014869433362036943
1746728844025553700,4.4435537109375,0.00024287588894367218,-0.0027970748487859964,-0.000423977617174387
1746728844035571500,4.453571533203125,-0.0004615304060280323,-0.000340308528393507,-0.0017009635921567678
1746728844045589800,4.46358984375,0.00044019194319844246,0.0016670655459165573,-0.0010011608246713877
1746728844055607600,4.473607666015625,0.0004425891675055027,-0.0005643973127007484,-0.001390248304232955
1746728844065625600,4.48362548828125,0.0009606331586837769,0.0005973917432129383,0.002156274626031518
1746728844075642600,4.493642578125,-0.00008305953815579414,-0.00201064208522439,-0.0007766648195683956
1746728844085660700,4.50366064453125,0.000487747136503458,-0.0007142708636820316,0.00011757994070649147
1746728844095678500,4.513678466796875,-0.0036920844577252865,0.002028518822044134,0.001669137622229755
1746728844105696800,4.52369677734375,0.0004249168559908867,0.0003167828544974327,0.0017869273433461785
1746728844115714600,4.533714599609375,0.0013884487561881542,0.00042197760194540024,-0.0006080532912164927
1746728844125732600,4.543732666015625,0.0009967200458049774,-0.0004078401252627373,0.001231946051120758
1746728844135750700,4.553750732421875,-0.001854992937296629,0.0004358496516942978,0.0010367362992838025
1746728844145768700,4.563768798828125,0.002083549741655588,0.0015209992416203022,0.00045060343109071255
1746728844155785500,4.573785400390625,-0.0012912079691886902,0.00016545038670301437,0.0009254449978470802
1746728844165803800,4.5838037109375,0.0001738276332616806,0.0005515292286872864,-0.001313961111009121
1746728844175821600,4.593821533203125,0.0005376152694225311,-0.0000988147221505642,0.0021113967522978783
1746728844185839600,4.603839599609375,0.00037613511085510254,0.00045493850484490395,0.0013643174897879362
1746728844195857400,4.613857421875,-0.001077418215572834,0.00148478290066123,0.001218376331962645
1746728844205875700,4.623875732421875,0.000590762123465538,-0.0013071317225694656,0.0033873210195451975
1746728844215893500,4.6338935546875,0.00025919824838638306,0.0003682631067931652,-0.0000755873043090105
1746728844225911600,4.64391162109375,-0.0016593625769019127,0.0006457651033997536,-0.0013051151763647795
1746728844235929600,4.6539296875,-0.0003956928849220276,0.001027395948767662,-0.0013080446515232325
1746728844245946600,4.663946533203125,0.0017839332576841116,-0.0002103927545249462,-0.0005627891514450312
1746728844255964400,4.67396435546875,0.000482446514070034,-0.00015499908477067947,0.0016644123243167996
1746728844265982700,4.683982666015625,0.0009596734307706356,-0.000028857961297035217,-0.0008084571454674006
1746728844276000500,4.69400048828125,-0.000008119270205497742,0.002956545911729336,-0.002329122042283416
1746728844286018600,4.7040185546875,0.00019068317487835884,0.0018230131827294827,0.00013069366104900837
1746728844296036600,4.71403662109375,-0.0017813877202570438,-0.0010851584374904633,0.0015946332132443786
1746728844306054700,4.7240546875,0.00017325766384601593,0.0006236853078007698,-0.001141031738370657
1746728844316072700,4.73407275390625,0.0009724725969135761,-0.00017739366739988327,0.001052081468515098
1746728844326089700,4.74408984375,-0.000018679536879062653,-0.0008613346144556999,-0.0011172359809279442
1746728844336107500,4.754107421875,0.0003107534721493721,-0.000767857301980257,-0.001442141830921173
1746728844346125600,4.76412548828125,-0.000804562121629715,0.0004728403873741627,-0.001392375212162733
1746728844356143600,4.7741435546875,0.00031982455402612686,-0.0006906948983669281,-0.00047944369725883007
1746728844366161700,4.78416162109375,-0.0007378105074167252,-0.0017935577780008316,-0.00038270815275609493
1746728844376179700,4.7941796875,0.0008278614841401577,0.003167379181832075,-0.0004602060653269291
1746728844386197500,4.804197509765625,0.000552179291844368,-0.00038374681025743484,0.0009192894212901592
1746728844396215600,4.814215576171875,-0.0008241427130997181,-0.00021463632583618164,0.001328617217950523
1746728844406233600,4.824233642578125,-0.0015579881146550179,0.0001871902495622635,-0.0006808214820921421
1746728844416250600,4.834250732421875,-0.0007308102212846279,0.0006425906904041767,-0.002153815934434533
1746728844426268700,4.8442685546875,0.0013244727160781622,0.001773313619196415,-0.0025492687709629536
1746728844436286700,4.85428662109375,-0.0011589247733354568,0.0024300492368638515,-0.0012073018588125706
1746728844446304500,4.864304443359375,0.002785565098747611,0.001287978608161211,-0.001987959025427699
1746728844456322600,4.874322509765625,-0.000784668605774641,0.0006304443813860416,0.0006198084447532892
1746728844466340600,4.884340576171875,0.00034996122121810913,-0.0007070107385516167,0.0018311252351850271
1746728844476358700,4.894358642578125,-0.0004476555623114109,-0.0014758654870092869,0.000908339861780405
1746728844486376400,4.90437646484375,0.0014180780854076147,0.0008520698174834251,0.00022852863185107708
1746728844496393700,4.914393798828125,0.0005445610731840134,0.001696291845291853,0.0032341722398996353
1746728844506411500,4.92441162109375,-0.001241267193108797,-0.0008348105475306511,-0.0007820373866707087
1746728844516429600,4.9344296875,0.001681285910308361,-0.002063593128696084,0.0013255882076919079
1746728844526447600,4.944447509765625,0.00040803337469697,-0.0009058751165866852,0.0013137651840224862
1746728844536465700,4.954465576171875,0.0006586369127035141,0.0013719266280531883,0.0014384010573849082
1746728844546483500,4.9644833984375,0.0007749805226922035,0.000007340684533119202,0.0008347141556441784
1746728844556501500,4.97450146484375,-0.0013313135132193565,0.0010001668706536293,-0.0005179054569453001
1746728844566519600,4.98451953125,0.0007283845916390419,-0.003121517598628998,0.0019183196127414703
1746728844576537600,4.99453759765625,-0.0009187804535031319,-0.0005385177209973335,-0.00003244588151574135
1746728844586555000,5.004554931640625,0.0001434297300875187,0.0005083512514829636,0.002218029461801052
1746728844596572700,5.01457275390625,-0.0000049085356295108795,-0.0017590643838047981,0.001943990238942206
1746728844606590700,5.0245908203125,-0.0010330509394407272,0.000592897180467844,-0.001318782800808549
1746728844616608500,5.0346083984375,0.00009426521137356758,-0.002106216736137867,-0.0016937556210905313
1746728844626626800,5.044626708984375,0.0013160060625523329,0.0005948659963905811,0.001147085102275014
1746728844636644600,5.05464453125,0.00025313859805464745,0.0009061894379556179,-0.0005485494621098042
1746728844646662700,5.06466259765625,0.00019667483866214752,0.0015050079673528671,-0.0011777014005929232
1746728844656680700,5.0746806640625,-0.0029908623546361923,0.00021896744146943092,-0.0026839852798730135
1746728844666697700,5.08469775390625,0.0005393782630562782,-0.00006771227344870567,-0.0004969851579517126
1746728844676715500,5.094715576171875,-0.00005743606016039848,0.0028106323443353176,0.001111564110033214
1746728844686733800,5.10473388671875,0.0004547126591205597,0.0006151441484689713,0.0005457433871924877
1746728844696751600,5.114751708984375,-0.000010275281965732574,0.0003741281107068062,-0.0005083356518298388
1746728844706769700,5.124769775390625,-0.002704970072954893,-0.003022459801286459,0.00048681069165468216
1746728844716787500,5.134787353515625,-0.0015241242945194244,-0.0005457201041281223,-0.0005891064647585154
1746728844726805800,5.1448056640625,0.0010000178590416908,-0.0005900310352444649,0.002197583904489875
1746728844736823800,5.15482373046875,0.001006942242383957,0.00001210952177643776,0.00041459756903350353
1746728844746841600,5.164841552734375,-0.00019776728004217148,0.002773803658783436,0.000016271602362394333
1746728844756858600,5.174858642578125,-0.0009956504218280315,0.00022249529138207436,0.0003241330850869417
1746728844766876700,5.184876708984375,0.0021287512499839067,-0.00023866631090641022,-0.00040205358527600765
1746728844776894500,5.19489453125,0.0007479023188352585,0.0007381811738014221,-0.002333111595362425
1746728844786912800,5.204912841796875,0.00164214544929564,0.0021483972668647766,-0.00011070352047681808
1746728844796930800,5.214930908203125,0.0017763685900717974,-0.0008995900861918926,-0.001557864947244525
1746728844806948600,5.224948486328125,-0.0012965169735252857,-0.0004760073497891426,0.0004886779934167862
1746728844816966700,5.234966552734375,-0.000988655723631382,-0.0005345968529582024,-0.002174749504774809
1746728844826984700,5.244984619140625,0.000711535569280386,-0.000618636142462492,0.0002495567314326763
1746728844837002800,5.255002685546875,-0.0002706381492316723,-0.0016282405704259872,-0.00248817284591496
1746728844847019800,5.265019775390625,-0.0009472533129155636,0.0014636814594268799,0.0019178641960024834
1746728844857037800,5.275037841796875,0.0002977745607495308,-0.0016703265719115734,-0.001176196150481701
1746728844867055600,5.2850556640625,-0.0011829626746475697,0.0023508272133767605,0.0006919389124959707
1746728844877073700,5.29507373046875,-0.00016563525423407555,-0.0011096848174929619,0.0021375026553869247
1746728844887091700,5.305091796875,-0.0017397073097527027,-0.0012484798207879066,0.0022926561068743467
1746728844897109800,5.31510986328125,-0.00088083790615201,0.00019415467977523804,0.0019256725208833814
1746728844907127600,5.32512744140625,0.001723392866551876,0.0012368131428956985,0.0011056197108700871
1746728844917145900,5.335145751953125,-0.0004199189133942127,0.0016818274743855,0.00034502078779041767
1746728844927162600,5.34516259765625,-0.00003906711935997009,-0.0010557244531810284,0.0014214683324098587
1746728844937180700,5.3551806640625,-0.0008723698556423187,-0.0024839777033776045,0.0003625955432653427
1746728844947198700,5.36519873046875,-0.000873238779604435,-0.0002641775645315647,-0.0022281345445662737
1746728844957216800,5.375216796875,0.0017425180412828922,0.0007222574204206467,-0.00240203901194036
1746728844967234600,5.385234619140625,0.0003022830933332443,0.0020007845014333725,0.0028250813484191895
1746728844977252600,5.395252685546875,-0.0004567177966237068,0.0005980976857244968,-0.0017528925091028214
1746728844987270700,5.405270751953125,0.00024531176313757896,0.0008727321401238441,0.001230326946824789
1746728844997288700,5.415288818359375,-0.0006364607252180576,-0.002185375662520528,0.0022063753567636013
1746728845007306500,5.425306396484375,-0.0006289808079600334,0.0019252803176641464,-0.001676234183833003
1746728845017323800,5.43532373046875,-0.0008042170666158199,0.001592385582625866,-0.0010152377653867006
1746728845027341600,5.445341552734375,-0.001308230683207512,-0.0005122139118611813,0.0002032197080552578
1746728845037359600,5.455359619140625,-0.0016994490288197994,0.00008832849562168121,-0.003607231192290783
1746728845047377700,5.465377685546875,0.0013765301555395126,0.00025380682200193405,-0.00027040252462029457
1746728845057395700,5.475395751953125,-0.00002535758540034294,-0.0011576684191823006,0.0007043143268674612
1746728845067413500,5.48541357421875,-0.0003647306002676487,0.0007782978937029839,-0.0006481306627392769
1746728845077431600,5.495431640625,-0.00012158416211605072,-0.0008675358258187771,-0.001833237474784255
1746728845087449900,5.505449951171875,-0.00003060232847929001,-0.0007477668114006519,-0.0014633466489613056
1746728845097467600,5.515467529296875,0.0012458509299904108,-0.00030088843777775764,0.0014453578041866422
1746728845107484700,5.525484619140625,-0.00011573592200875282,-0.0007196939550340176,0.002282700501382351
1746728845117502700,5.535502685546875,0.00035644229501485825,-0.000565496739000082,0.0009007861372083426
1746728845127520500,5.5455205078125,-0.0018519810400903225,0.0008581648580729961,0.0010765002807602286
1746728845137538600,5.55553857421875,-0.00035581737756729126,0.001918635331094265,-0.00010834005661308765
1746728845147556900,5.565556884765625,0.0005959761328995228,-0.00007575098425149918,-0.00008564791642129421
1746728845157574700,5.57557470703125,0.002131288405507803,-0.0011122534051537514,-0.00014743325300514698
1746728845167592700,5.5855927734375,0.00016551930457353592,-0.000537447165697813,-0.0013076425530016422
1746728845177610800,5.59561083984375,0.0007583387196063995,0.0007701646536588669,0.0005634946282953024
1746728845187627800,5.605627685546875,0.00006363727152347565,-0.0004215729422867298,0.002135032322257757
1746728845197645600,5.6156455078125,-0.0005531506612896919,0.0006399629637598991,0.0015467400662600994
1746728845207663900,5.625663818359375,-0.00019963551312685013,0.000852957833558321,0.0016902516363188624
1746728845217681700,5.635681640625,0.000522347167134285,-0.0004021902568638325,-0.0015516141429543495
1746728845227699700,5.64569970703125,0.0006178645417094231,-0.0007044216617941856,0.00014183996245265007
1746728845237717500,5.655717529296875,0.00018083956092596054,-0.0007326514460146427,-0.00004857592284679413
1746728845247735800,5.66573583984375,0.0026102643460035324,0.0007773162797093391,0.0006845418829470873
1746728845257753600,5.675753662109375,0.0020278310403227806,-0.000794747844338417,-0.0016630347818136215
1746728845267771600,5.685771728515625,0.00017514359205961227,-0.0005279229953885078,-0.0008644144982099533
1746728845277788700,5.69578857421875,-0.0007212762720882893,0.00008806586265563965,0.0005595777183771133
1746728845287806700,5.705806640625,0.0026813254225999117,0.0014625457115471363,0.0010261113056913018
1746728845297824500,5.715824462890625,-0.0006215269677340984,0.0000026007182896137238,0.0012783126439899206
1746728845307842800,5.7258427734375,-0.00037768157199025154,-3.25031578540802e-7,0.0004837089218199253
1746728845317860600,5.735860595703125,-0.0013452079147100449,-0.0005627847276628017,-0.0018859715200960636
1746728845327878700,5.745878662109375,-0.00047688884660601616,0.000018403399735689163,-0.00017091864719986916
1746728845337896700,5.755896728515625,-0.0003152349963784218,-0.0011749588884413242,0.0009462775196880102
1746728845347914800,5.765914794921875,-0.000839967280626297,0.0008056247606873512,-0.0001705752220004797
1746728845357932500,5.7759326171875,0.0009273062460124493,0.0009286627173423767,0.0005681857001036406
1746728845367949800,5.78594970703125,0.0006513809785246849,-0.0010442775674164295,-0.002459077863022685
1746728845377967600,5.795967529296875,-0.0016543841920793056,-0.00037848716601729393,-0.002260406268760562
1746728845387985700,5.805985595703125,0.0016658178064972162,-0.001955282874405384,0.0008440513629466295
1746728845398003500,5.81600341796875,-0.0009206444956362247,-0.0016423617489635944,-0.001360247377306223
1746728845408021800,5.826021728515625,-0.0005306322127580643,0.00019929371774196625,0.0006146184168756008
1746728845418039800,5.836039794921875,-0.0008619297295808792,0.000035775359719991684,0.0013150298036634922
1746728845428057600,5.8460576171875,-0.0017232317477464676,-0.00019919220358133316,0.0013475517043843865
1746728845438076000,5.856075927734375,-0.0006065685302019119,-0.0004929392598569393,0.000739019364118576
1746728845448092700,5.8660927734375,0.000554896891117096,0.0008029402233660221,0.0011425029952079058
1746728845458110500,5.8761103515625,-0.00022487668320536613,-0.00029960833489894867,0.0007914984598755836
1746728845468128800,5.886128662109375,-0.0009318781085312366,-0.000584539957344532,-0.002419758355244994
1746728845478146800,5.896146728515625,0.0008159545250236988,0.00024210521951317787,0.0011715143918991089
1746728845488164600,5.90616455078125,-0.0002325526438653469,-0.00021813251078128815,0.0015779654495418072
1746728845498182700,5.9161826171875,-0.0001958007924258709,0.0008223643526434898,0.0019691837951540947
1746728845508200700,5.92620068359375,-0.00020904745906591415,0.0018715034238994122,0.0007730887737125158
1746728845518218800,5.93621875,-0.0032447846606373787,-0.0010462552309036255,-0.002720179269090295
1746728845528236500,5.946236572265625,0.0009283442050218582,0.0017888168804347515,-0.00007472815923392773
1746728845538253800,5.95625390625,-0.0008365325629711151,0.0008077085949480534,-0.0009421198628842831
1746728845548271600,5.966271728515625,0.001230873167514801,-0.0006836582906544209,-0.0008595702238380909
1746728845558289700,5.97628955078125,0.0012207531835883856,0.0002638944424688816,-0.0017775616142898798
1746728845568307700,5.9863076171875,0.0019564111717045307,-0.0008512199856340885,-0.002725980244576931
1746728845578325800,5.99632568359375,0.0018458901904523373,-0.0011457656510174274,-0.0012260880321264267
1746728845588344000,6.006343994140625,-0.0005365763790905476,0.000007776543498039246,-0.0010079413186758757
1746728845598362000,6.016362060546875,0.0009337547235190868,-0.0008114119991660118,-0.0007818390149623156
1746728845608380200,6.026380126953125,-0.0008256426081061363,0.00022232532501220703,-0.0007114429026842117
1746728845618398200,6.036398193359375,-0.0004733060486614704,-0.0001079067587852478,-0.002115194918587804
1746728845628415200,6.046415283203125,-0.00029406044632196426,-0.0014133057557046413,0.0018613190623000264
1746728845638433300,6.056433349609375,-0.00008873036131262779,-0.0008838693611323833,0.0010549138532951474
1746728845648451000,6.066451171875,-0.0016928664408624172,0.000876495148986578,-0.00033727893605828285
1746728845658469000,6.07646923828125,-0.0011192215606570244,-0.0006726658903062344,0.00015647104009985924
1746728845668487200,6.086487060546875,0.0009310590103268623,0.002783569972962141,-0.0012792486231774092
1746728845678505200,6.096505126953125,-0.0006292867474257946,-0.0002756030298769474,-0.0006589982658624649
1746728845688523300,6.106523193359375,-0.0002840938977897167,0.002721022814512253,0.0001340282615274191
1746728845698541000,6.116541015625,-0.0004457477480173111,0.00034095579758286476,0.0026256816927343607
1746728845708558000,6.12655810546875,0.0013828950468450785,0.0005348306149244308,-0.001584408339112997
1746728845718576000,6.136576171875,0.003273739479482174,0.0017218017019331455,-0.0013527129776775837
1746728845728594200,6.14659423828125,-0.001987235154956579,0.0005890326574444771,-0.000783061608672142
1746728845738612200,6.1566123046875,0.001043442403897643,0.0036154487170279026,-0.00045123184099793434
1746728845748630300,6.16663037109375,-0.00027224374935030937,0.0002310355193912983,-0.0007500057108700275
1746728845758648000,6.17664794921875,-0.00021605100482702255,-0.0008472786284983158,0.0020798693876713514
1746728845768666400,6.186666259765625,-0.0008598910644650459,0.001582808792591095,0.0016906193923205137
1746728845778684200,6.19668408203125,0.0006634369492530823,-0.0021493451204150915,0.0015478739514946938
1746728845788702200,6.2067021484375,-0.00008328305557370186,-0.0008747344836592674,0.0006875388789921999
1746728845798719200,6.21671923828125,-0.0037259552627801895,-0.00030455179512500763,-0.0003281906247138977
1746728845808737300,6.2267373046875,0.0008828970603644848,0.0005683228373527527,-0.0011369239073246717
1746728845818755000,6.236755126953125,-0.0013371137902140617,0.0003179856576025486,0.0014889531303197145
1746728845828773400,6.2467734375,0.0028292317874729633,0.0006345249712467194,-0.0017602299340069294
1746728845838791200,6.256791259765625,0.0006046933121979237,0.00010322453454136848,0.0007207710295915604
1746728845848809200,6.266809326171875,-0.00007449323311448097,-0.0001622322015464306,-0.0023740925826132298
1746728845858827000,6.276826904296875,-0.0004137801006436348,0.0007978375069797039,-0.0013216109946370125
1746728845868845300,6.28684521484375,0.0001222868449985981,0.0005954462103545666,0.0010819801827892661
1746728845878863000,6.296863037109375,-0.001220212783664465,0.0006471117958426476,-0.00006504333578050137
1746728845888880000,6.306880126953125,0.0011209493968635798,-0.0005997037515044212,0.002340835053473711
1746728845898898200,6.316898193359375,-0.0007067779079079628,0.000369952991604805,-0.0022413996048271656
1746728845908916200,6.326916259765625,-0.0008993805386126041,-0.0003500077873468399,-0.0003533647395670414
1746728845918934000,6.33693408203125,0.0005717496387660503,0.0013128696009516716,0.0012842129217460752
1746728845928952300,6.346952392578125,-0.00048785842955112457,-0.001745869405567646,-0.0004979986697435379
1746728845938970000,6.35697021484375,0.0002256021834909916,-0.0002507711760699749,-0.00010278541594743729
1746728845948988200,6.36698828125,0.0000053620897233486176,0.00039929943159222603,-0.0003075299318879843
1746728845959006000,6.377005859375,-0.0007259417325258255,-0.00018526427447795868,0.0009958210866898298
1746728845969024300,6.387024169921875,0.0006776251830160618,-0.002224263735115528,0.00034910766407847404
1746728845979041000,6.397041015625,-0.0019080378115177155,-0.0010114600881934166,-0.0012597078457474709
1746728845989059300,6.407059326171875,0.00018774531781673431,0.0005577784031629562,0.0019494444131851196
1746728845999077000,6.4170771484375,0.0020378432236611843,0.0015111900866031647,-0.0014713858254253864
1746728846009095200,6.42709521484375,0.0018654812593013048,0.0009675337933003902,0.0017597614787518978
1746728846019113000,6.437113037109375,0.0005051386542618275,0.00018935836851596832,-0.0011766399256885052
1746728846029131300,6.44713134765625,-0.001243804581463337,-0.001101010013371706,0.0006798573303967714
1746728846039149300,6.4571494140625,-0.0021402244456112385,-0.00035212934017181396,0.0013310002395883203
1746728846049167000,6.4671669921875,0.00016145454719662666,-0.0033170452807098627,0.002845466136932373
1746728846059185200,6.47718505859375,0.0011675967834889889,-0.0012006312608718872,0.0006962951738387346
1746728846069202200,6.4872021484375,-0.0014570802450180054,-0.0001561022363603115,0.00001322687603533268
1746728846079220200,6.49722021484375,0.001768806716427207,0.0003448384813964367,0.000984215410426259
1746728846089238300,6.50723828125,-0.0007479996420443058,0.0023932242766022682,0.0009797425009310246
1746728846099256300,6.51725634765625,0.0004424336366355419,-0.0009626252576708794,-0.0013148370198905468
1746728846109274000,6.527274169921875,0.0004925597459077835,0.0012711328454315662,-0.00013144337572157383
1746728846119292200,6.537292236328125,-0.00017003482207655907,0.00026818644255399704,0.0015908228233456612
1746728846129310200,6.547310302734375,-0.0010442445054650307,0.00017910869792103767,-0.00014311214908957481
1746728846139328300,6.557328369140625,0.000784548232331872,-0.0017104041762650013,-0.0019031953997910023
1746728846149345300,6.56734521484375,-0.0003215544857084751,-0.0019455254077911377,0.00041479081846773624
1746728846159363300,6.57736328125,-0.001446740236133337,0.0006566494703292847,-0.002100565005093813
1746728846169381000,6.587381103515625,-0.00030659791082143784,0.00034543033689260483,-0.0016705950256437063
1746728846179399200,6.597399169921875,-0.00328321335837245,0.001622149720788002,0.00014594709500670433
1746728846189417200,6.607417236328125,0.0007635140791535378,-0.0013580536469817162,-0.0012773650232702494
1746728846199435300,6.617435302734375,0.0021132039837539196,-0.0007457928732037544,0.001314955879934132
1746728846209453000,6.627453125,-0.0002453876659274101,-0.00198007607832551,0.00004128133878111839
1746728846219471000,6.63747119140625,-0.0008211629465222359,-0.0008061546832323074,-0.0031441254541277885
1746728846229489200,6.6474892578125,-0.00013959547504782677,0.0005068210884928703,-0.0017415836919099092
1746728846239506200,6.657506103515625,0.000804761191830039,-0.001039943192154169,-0.0004142641555517912
1746728846249524200,6.667524169921875,0.00020690681412816048,-0.0009573092684149742,-0.0010797420982271433
1746728846259542300,6.677542236328125,-0.0007787290960550308,0.00045949220657348633,0.003054016502574086
1746728846269560000,6.68756005859375,0.0009827394969761372,-0.0010646204464137554,-0.0004819086752831936
1746728846279578000,6.697578125,0.0008021772373467684,0.0013735033571720123,0.0003881461452692747
1746728846289596200,6.70759619140625,-0.0015970831736922264,-0.00014768028631806374,0.00007846858352422714
1746728846299614200,6.7176142578125,-0.0007869494147598743,0.0019069481641054153,0.0009706274140626192
1746728846309632000,6.727632080078125,-0.0007500299252569675,0.0017742174677550793,-0.00030434969812631607
1746728846319650000,6.737650146484375,-0.001956175547093153,-0.001112649217247963,-0.001195975812152028
1746728846329667000,6.7476669921875,0.000357841607183218,0.0001542181707918644,-0.002795135136693716
1746728846339685000,6.75768505859375,-0.0005460353568196297,-0.0012439414858818054,-0.0005109419580549002
1746728846349703200,6.767703125,-0.0013210438191890717,-0.0005693435668945312,0.0019559806678444147
1746728846359721200,6.77772119140625,0.0009682092349976301,0.0006077736616134644,0.0008800635114312172
1746728846369739300,6.7877392578125,-0.000290547963231802,-0.0012817359529435635,0.000530005432665348
1746728846379757000,6.797757080078125,0.0039223069325089455,-0.0005062236450612545,0.000042913248762488365
1746728846389775400,6.807775390625,0.001324101584032178,-0.0008701970800757408,0.0005990064237266779
1746728846399793200,6.817793212890625,-0.0032312357798218727,-0.003360252594575286,0.00023175636306405067
1746728846409811200,6.827811279296875,-0.0012952480465173721,0.0004677628166973591,-0.0010020909830927849
1746728846419828200,6.837828125,0.00047442223876714706,-0.0005921749398112297,0.0018770524766296148
1746728846429846300,6.84784619140625,0.001792142167687416,-0.0014706971123814583,-0.0014009675942361355
1746728846439864000,6.857864013671875,-0.0010063075460493565,-0.0005833315663039684,-0.000003873137757182121
1746728846449882400,6.86788232421875,0.001072002574801445,0.00026489514857530594,-0.0033142557367682457
1746728846459900200,6.877900146484375,0.0001127319410443306,0.00018260348588228226,-0.0031896200962364674
1746728846469918200,6.887918212890625,-0.0013876399025321007,0.00042071007192134857,-0.003627992235124111
1746728846479936000,6.89793603515625,-0.000819055363535881,0.0004385532811284065,-0.00006441655568778515
1746728846489954300,6.907954345703125,-0.001984930131584406,0.0014434740878641605,-0.0002488743048161268
1746728846499972000,6.91797216796875,0.002032448537647724,0.0004493161104619503,-0.00036339019425213337
1746728846509989400,6.9279892578125,-0.0015640417113900185,0.0006035566329956055,0.0007775560952723026
1746728846520007200,6.938007080078125,0.0005041691474616528,-0.0007469323463737965,0.002355212578549981
1746728846530025200,6.948025146484375,-0.0002844729460775852,0.0010570753365755081,-0.00023079966194927692
1746728846540043000,6.95804296875,0.0008558924309909344,-0.000012449920177459717,-0.0008494521025568247
1746728846550061300,6.968061279296875,0.0008736853487789631,-0.0006176340393722057,0.0016240018885582685
1746728846560079000,6.9780791015625,0.0005799387581646442,0.0004516253247857094,-0.00027403305284678936
1746728846570097200,6.98809716796875,-0.0011851675808429718,0.0006594494916498661,0.0023705896455794573
1746728846580115200,6.998115234375,0.00010646553710103035,0.00034306570887565613,0.00016229646280407906
1746728846590132200,7.00813232421875,-0.0014793644659221172,-0.004242646042257547,0.0002825292758643627
1746728846600150000,7.01814990234375,0.0015609001275151968,-0.00022926228120923042,-0.0005052338819950819
1746728846610168300,7.028168212890625,0.00024821702390909195,-0.0012192502617835999,0.0018917403649538755
1746728846620186000,7.03818603515625,0.0006961608305573463,0.0019339323043823242,0.0009148928802460432
1746728846630204200,7.0482041015625,0.0006331433542072773,-0.0020222067832946777,-0.0015026924666017294
1746728846640222000,7.058221923828125,0.0010531237348914146,0.0008430886082351208,0.0008278400637209415
1746728846650240300,7.068240234375,0.0009064283221960068,-0.001971646212041378,-0.00018393294885754585
1746728846660258300,7.07825830078125,0.0009884536266326904,0.0005130828358232975,0.000675469171255827
1746728846670276000,7.088276123046875,-0.001949827652424574,0.0005973083898425102,-0.00010674865916371346
1746728846680293000,7.098293212890625,-0.0009996118023991585,-0.0020224428735673428,0.00027674646116793156
1746728846690311200,7.108311279296875,-0.002241115551441908,-0.000947627704590559,0.0005988758057355881
1746728846700329000,7.118328857421875,0.0019280633423477411,-0.0031713673379272223,0.0010963542154058814
1746728846710347300,7.12834716796875,-0.00029655685648322105,-0.0011586770415306091,-0.0017253572586923838
1746728846720365300,7.138365234375,-0.002944537904113531,-0.00012909900397062302,-0.001379945082589984
1746728846730383000,7.148383056640625,-0.0009100083261728287,-0.0011531691998243332,-0.001280306139960885
1746728846740401200,7.158401123046875,0.00023488467559218407,-0.0010876557789742947,-0.0018137374427169561
1746728846750419200,7.168419189453125,0.0015203687362372875,-0.0006999103352427483,0.0015631733695045114
1746728846760437200,7.178437255859375,0.0007443237118422985,0.00020023807883262634,-0.0030054792296141386
1746728846770454300,7.188454345703125,-0.00007832096889615059,0.0014734207652509212,0.000016032252460718155
1746728846780472300,7.198472412109375,0.0016292980872094631,0.00039004720747470856,0.0010533335153013468
1746728846790490000,7.208489990234375,-0.0006850780919194221,-0.0012107291258871555,0.0008030731696635485
1746728846800508200,7.218508056640625,0.0006289253942668438,-0.0032456505578011274,0.0008949523326009512
1746728846810526200,7.228526123046875,0.00014621810987591743,0.00041369348764419556,0.0008832644671201706
1746728846820544300,7.238544189453125,-0.00016404036432504654,0.00020250491797924042,-0.00039025931619107723
1746728846830562000,7.24856201171875,0.00013279449194669724,0.0004077143967151642,0.0006928856018930674
1746728846840580400,7.258580322265625,-0.0004440462216734886,-0.002217896282672882,0.0008556046523153782
1746728846850598100,7.26859814453125,-0.00034888042137026787,-0.00045665493234992027,-0.0005781340878456831
1746728846860615200,7.278615234375,0.0006386195309460163,0.001838190946727991,0.002493023406714201
1746728846870633200,7.28863330078125,-0.0019139917567372322,0.00006488151848316193,-0.0005449203308671713
1746728846880651300,7.2986513671875,0.0006639482453465462,0.0018622488714754581,-0.000004032161086797714
1746728846890669000,7.3086689453125,-0.0016709272749722004,0.002428818494081497,-0.0007138496730476618
1746728846900687000,7.31868701171875,0.001640979666262865,0.0007656742818653584,-0.0003692368045449257
1746728846910705200,7.328705078125,-0.0012090937234461308,0.0005325037054717541,0.0016931616701185703
1746728846920723200,7.33872314453125,0.0016034706495702267,0.0004358310252428055,0.0006705077830702066
1746728846930741000,7.348740966796875,0.0007239351980388165,0.0016331691294908524,0.0001181082334369421
1746728846940759300,7.35875927734375,0.0005335188470780849,-0.0011042938567698002,-0.0004712494555860758
1746728846950776000,7.368776123046875,-0.0009067677892744541,0.0014528464525938034,-0.00004031858406960964
1746728846960794000,7.378794189453125,-0.0007536360062658787,0.0001577511429786682,-0.0007151635363698006
1746728846970812200,7.388812255859375,-0.001426731701940298,0.0002827513962984085,-0.0004852509591728449
1746728846980830200,7.398830322265625,0.0025112847797572613,-0.0013215369544923306,-0.0006594217848032713
1746728846990848000,7.408847900390625,0.0016189983580261469,0.0002950630150735378,0.0011781896464526653
1746728847000866000,7.418865966796875,0.0008016740903258324,-0.0052549648098647594,0.0045667956583201885
1746728847010884400,7.42888427734375,-0.0003565968945622444,0.0008982340805232525,-0.002612009411677718
1746728847020902100,7.438902099609375,0.0011238541919738054,0.0019834726117551327,-0.00016110227443277836
1746728847030919200,7.448919189453125,0.000060930848121643066,-0.0008560945279896259,0.0019764460157603025
1746728847040937200,7.458937255859375,0.0018364603165537119,-0.00040202541276812553,0.00024166284129023552
1746728847050955300,7.468955322265625,0.0011514751240611076,-0.00017069606110453606,0.001905412063933909
1746728847060973000,7.47897314453125,0.00010272255167365074,-0.0002780212089419365,-0.0012839895207434893
1746728847070991400,7.488991455078125,-0.0014777635224163532,0.00042665377259254456,0.0029738214798271656
1746728847081009200,7.499009033203125,0.0006064260378479958,-0.0007384791970252991,-0.0001154453493654728
1746728847091027200,7.509027099609375,0.0011895494535565376,-0.0001519988290965557,-0.002533193677663803
1746728847101045200,7.519045166015625,0.001530167879536748,0.0018802597187459469,-0.0010604658164083958
1746728847111063300,7.529063232421875,-0.00033315597102046013,-0.0004430231638252735,-0.0017214457038789988
1746728847121081000,7.5390810546875,0.0005073375068604946,-0.0002310355193912983,0.0006535614375025034
1746728847131098400,7.549098388671875,-0.000049083493649959564,0.0003223768435418606,-0.004939067177474499
1746728847141116200,7.5591162109375,0.0008998005650937557,0.0007141274400055408,0.0009702204260975122
1746728847151134200,7.56913427734375,-0.0009800437837839127,0.0001941588707268238,0.0019288636976853013
1746728847161152000,7.579152099609375,-0.0007888288237154484,0.000679386779665947,-0.0009082017932087183
1746728847171170300,7.58917041015625,-0.0008492916822433472,0.00034312671050429344,0.0012926674680784345
1746728847181188000,7.59918798828125,0.0017598073463886976,0.0017175842076539993,-0.000651972834020853
1746728847191206100,7.6092060546875,-0.0014874711632728577,-0.0008420119993388653,0.0015272926539182663
1746728847201224200,7.61922412109375,0.00024997489526867867,-0.001902216114103794,-0.0015960626769810915
1746728847211242200,7.6292421875,0.00029784953221678734,0.000398123636841774,0.0012610845733433962
1746728847221259000,7.639259033203125,-0.0013799415901303291,-0.00014622649177908897,-0.0013160565868020058
1746728847231277300,7.64927734375,0.0003020600415766239,0.000552683137357235,-0.0016233185306191444
1746728847241295000,7.659295166015625,-0.0004161945544183254,0.0007609422318637371,0.00013010669499635696
1746728847251313200,7.669313232421875,0.0018394340295344591,0.002399782184511423,-0.0006788598839193583
1746728847261331200,7.679331298828125,0.0016807096544653177,-0.0018660696223378181,0.0012087885988876224
1746728847271349200,7.689349365234375,0.0008220616728067398,-0.0013787196949124336,0.004037507809698582
1746728847281367000,7.699366943359375,0.0020146253518760204,0.0004524700343608856,-0.001595610287040472
1746728847291385000,7.709385009765625,0.0011097956448793411,-0.000498507171869278,0.0004452515859156847
1746728847301402000,7.719402099609375,0.0007955427281558514,0.0012812833301723003,-0.000595778226852417
1746728847311420200,7.729420166015625,-0.0004514707252383232,0.0014429530128836632,0.00005078362300992012
1746728847321438000,7.73943798828125,-0.00042830128222703934,0.0008360184729099274,0.0017525434959679842
1746728847331456300,7.749456298828125,-0.0004870546981692314,-0.00007405364885926247,0.0014499286189675331
1746728847341474300,7.759474365234375,0.0003686188720166683,-0.0008437070064246655,-0.0010126964189112186
1746728847351492000,7.7694921875,0.00038428977131843567,-0.002490440383553505,0.00023018615320324898
1746728847361510400,7.779510498046875,-0.0004852320998907089,-0.0010571270249783993,-0.0037994429003447294
1746728847371528200,7.789528076171875,-0.00016388250514864922,0.00053041847422719,-0.0017153376247733831
1746728847381546200,7.799546142578125,-0.00037933187559247017,0.00019645830616354942,-0.0001962706446647644
1746728847391563300,7.809563232421875,0.000675444956868887,0.0003032009117305279,-0.0038642468862235546
1746728847401581300,7.819581298828125,0.00011884421110153198,-0.0001812279224395752,-0.0001691109500825405
1746728847411599000,7.82959912109375,-0.0018698056228458881,-0.0007088738493621349,0.0007246180903166533
1746728847421617200,7.8396171875,-0.0012263860553503036,0.0007294993847608566,-0.0002852524630725384
1746728847431635200,7.84963525390625,0.0012826102320104837,0.0002050916664302349,0.000522614223882556
1746728847441653200,7.8596533203125,0.0010828732047230005,0.002052526455372572,-0.00022839708253741264
1746728847451671000,7.869671142578125,-0.0013015479780733585,-0.0002721864730119705,-0.0010451879352331161
1746728847461689300,7.879689453125,-0.0028126253746449947,0.00004925718531012535,-0.00018898164853453636
1746728847471707100,7.88970703125,-0.00003455020487308502,-0.0002204636111855507,-0.0008621003944426775
1746728847481725200,7.89972509765625,-0.0010311049409210682,-0.0002870424650609493,-0.000056227901950478554
1746728847491742200,7.9097421875,0.000735635869204998,-0.002129949862137437,0.00042686937376856804
1746728847501760300,7.91976025390625,0.0025662456173449755,-0.0008866819553077221,-0.0014634388498961926
1746728847511778000,7.929778076171875,0.00045952340587973595,-0.00007152324542403221,0.0020573341753333807
1746728847521796400,7.93979638671875,0.0012688583228737116,-0.0022473258432000875,-0.0028644539415836334
1746728847531814100,7.949814208984375,0.0006202026270329952,-0.00021990947425365448,0.00279955449514091
1746728847541832200,7.959832275390625,0.0006172731518745422,-0.0013466929085552692,-0.0010737467091530561
1746728847551850000,7.96985009765625,-0.0005012713372707367,0.0023562866263091564,-0.0005597879644483328
1746728847561868300,7.979868408203125,-0.00001897290349006653,-0.0004767845384776592,-0.0005704406648874283
1746728847571885000,7.989885009765625,-0.0004122350364923477,-0.0002882578410208225,0.0014526568120345473
1746728847581903000,7.999903076171875,-0.001334221102297306,0.0005418495275080204,-0.0014624395407736301
1746728847591921400,8.00992138671875,0.0012062208261340857,0.0005339570343494415,0.0016507904510945082
1746728847601939500,8.019939453125,0.00256416667252779,-0.0007084077224135399,-0.0001862579956650734
1746728847611957200,8.029957275390625,-0.000630007591098547,0.00001928769052028656,-0.0017416542395949364
1746728847621975300,8.039975341796875,-0.0026468192227184772,0.0003567100502550602,0.0006250971928238869
1746728847631993600,8.04999365234375,-0.0007185796275734901,-0.0006775953806936741,-0.0016285658348351717
1746728847642011400,8.060011474609375,-0.0011247117072343826,-0.0004842500202357769,0.0012971828691661358
1746728847652029400,8.070029541015625,-0.0007230956107378006,0.00044865114614367485,0.0016385653289034963
1746728847662047500,8.080047607421875,-0.0005819480866193771,-0.000690915621817112,-0.004701355472207069
1746728847672064500,8.090064453125,-0.0019218944944441319,-0.0007676798850297928,0.00016767065972089767
1746728847682082300,8.100082275390625,-0.0007825945504009724,0.0015125186182558537,-0.0027490234933793545
1746728847692100600,8.1101005859375,0.0003667939454317093,0.0004132036119699478,-0.0008076690137386322
1746728847702118400,8.120118408203124,0.0006730575114488602,0.0008574188686907291,-0.0009315060451626778
1746728847712136400,8.130136474609374,-0.00021977722644805908,-0.00021694926545023918,-0.0008616414852440357
1746728847722154500,8.140154541015624,0.00002177152782678604,0.00034923898056149483,-0.0016190442256629467
1746728847732172500,8.150172607421876,0.001022659707814455,0.000014545861631631851,-0.00007062708027660847
1746728847742190300,8.1601904296875,-0.0008625923655927181,0.00048086559399962425,0.00043084612116217613
1746728847752208400,8.17020849609375,-0.0001666545867919922,0.002880607731640339,0.003069272730499506
1746728847762225400,8.180225341796875,-0.0009080786257982254,-0.00010852422565221786,0.0007499256171286106
1746728847772243500,8.190243408203125,0.0023484546691179276,-0.00016182474792003632,-0.0012979749590158463
1746728847782261200,8.20026123046875,0.0011516299564391375,0.001106372568756342,-0.0011650831438601017
1746728847792279600,8.210279541015625,-0.0006369003094732761,-0.001043809112161398,0.0008218893781304359
1746728847802297300,8.22029736328125,0.0015713926404714584,0.0025080484338104725,-0.00015389290638267994
1746728847812315400,8.2303154296875,0.002396687399595976,-0.0020140022970736027,0.0018907635239884257
1746728847822333400,8.24033349609375,-0.0008691470138728619,0.0006670020520687103,-0.0013590918388217688
1746728847832351500,8.2503515625,-0.0006753024645149708,0.002496611326932907,-0.0017464596312493086
1746728847842369300,8.260369384765625,0.00020247558131814003,0.0017056530341506004,0.0004977863281965256
1746728847852386600,8.270386474609374,-0.0007308670319616795,0.0005243583582341671,0.0005639984738081694
1746728847862404400,8.280404296875,0.0015842190477997065,0.001622646115720272,-0.0013010131660848856
1746728847872422400,8.29042236328125,-0.0002679126337170601,0.0004967004060745239,-0.0001755966804921627
1746728847882440400,8.3004404296875,-0.0006969477981328964,0.00021360628306865692,0.000694724265486002
1746728847892458500,8.31045849609375,0.0010564830154180527,0.002111036330461502,0.0010151888709515333
1746728847902476300,8.320476318359376,-0.0016841762699186802,-0.002199822571128607,0.0011624617036432028
1746728847912494300,8.330494384765625,0.0010922504588961601,0.0006748265586793423,-0.00040644570253789425
1746728847922512600,8.3405126953125,0.0004078182391822338,0.0030013644136488438,-0.0004719595890492201
1746728847932530400,8.350530517578125,-0.0002796999178826809,0.0008553718216717243,-0.0006327081937342882
1746728847942547200,8.360547119140625,-0.00035986118018627167,-0.0009760838001966476,-0.001370936632156372
1746728847952565500,8.3705654296875,0.0014540485572069883,-0.0005446509458124638,-0.00021500210277736187
1746728847962583600,8.38058349609375,-0.0004935208708047867,-0.001807255670428276,0.000602055573835969
1746728847972601300,8.390601318359375,0.00010287901386618614,-0.0010230452753603458,-0.0012446632608771324
1746728847982619600,8.40061962890625,-0.0008792947046458721,0.00047258613631129265,-0.00010962411761283875
1746728847992637400,8.410637451171874,0.0008910582400858402,0.0017606797628104687,0.00033275876194238663
1746728848002655500,8.420655517578124,0.0002993037924170494,-0.0010452265851199627,-0.0011450292076915503
1746728848012673300,8.43067333984375,-0.0015678219497203827,-0.0030283357482403517,-0.0016085112001746893
1746728848022691600,8.440691650390624,0.00032728351652622223,0.0004377681761980057,-0.0009973158594220877
1746728848032708400,8.450708251953126,-0.0009546889923512936,-0.0016371291130781174,0.0011609892826527357
1746728848042726400,8.460726318359375,-0.0019302046857774258,-0.00014815572649240494,0.0009972047992050648
1746728848052744400,8.470744384765625,0.0015763866249471903,0.0011476431973278522,-0.00025591161102056503
1746728848062762500,8.480762451171875,-0.001695306971669197,-0.0002702237106859684,-0.0002625696361064911
1746728848072780300,8.4907802734375,-0.0008482309058308601,0.0002190624363720417,0.0009085035417228937
1746728848082798600,8.500798583984375,0.0010713753290474415,0.00007498543709516525,-0.0005266738589853048
1746728848092816400,8.51081640625,0.0006835004314780235,0.000697968527674675,-0.0002873409539461136
1746728848102834400,8.52083447265625,0.0005356953479349613,0.0019933306612074375,0.0013915157178416848
1746728848112852200,8.530852294921875,-0.000712753739207983,0.000891875009983778,0.0019525864627212286
1746728848122869500,8.540869384765625,0.000102972611784935,-0.0006154738366603851,0.0008178134448826313
1746728848132887300,8.55088720703125,0.0022122985683381557,-0.0010582664981484413,0.002397338394075632
1746728848142905600,8.560905517578124,0.0008626086637377739,0.0006773155182600021,-0.0009846100583672523
1746728848152923400,8.57092333984375,-0.000757262110710144,0.0019454173743724823,0.0003139902837574482
1746728848162941400,8.58094140625,0.0004060063511133194,-0.00021547172218561172,-0.00010705552995204926
1746728848172959200,8.590959228515626,0.001161534572020173,0.0008520213887095451,0.0014651571400463581
1746728848182977500,8.6009775390625,0.0010446219239383936,0.0005193925462663174,-0.0013940127100795507
1746728848192995600,8.61099560546875,0.0016188116278499365,0.001161796972155571,0.00037541287019848824
1746728848203013400,8.621013427734376,-0.0019327802583575249,-0.0007471567951142788,0.000996462069451809
1746728848213031400,8.631031494140625,-0.0004512402229011059,0.0028678029775619507,-0.0023194528184831142
1746728848223048400,8.64104833984375,0.0005543697625398636,0.0009066509082913399,-0.0035551595501601696
1746728848233066200,8.651066162109375,0.001341298222541809,0.0002229739911854267,-0.0015668573323637247
1746728848243084500,8.66108447265625,-0.0004680533893406391,0.00010899081826210022,0.0012012321967631578
1746728848253102600,8.6711025390625,0.0008056028746068478,0.0029249005019664764,-0.0017739313188940287
1746728848263120400,8.681120361328125,0.00007722852751612663,0.0015493775717914104,-0.0007560709491372108
1746728848273138400,8.691138427734375,0.00009154388681054115,0.000521557405591011,-0.00032728887163102627
1746728848283156500,8.701156494140625,0.0006007403135299683,0.00005150912329554558,0.0007675366941839457
1746728848293174500,8.711174560546874,0.0013798133004456758,0.0011559110134840012,0.0016023204661905766
1746728848303192300,8.7211923828125,0.00094598438590765,0.000003295019268989563,-0.0005971842911094427
1746728848313209600,8.731209716796876,0.0011150871869176626,-0.0007211552001535892,0.0024126647040247917
1746728848323227400,8.741227294921876,-0.0003182264044880867,-0.00284768920391798,-0.002669977955520153
1746728848333245400,8.751245361328126,0.0005360636860132217,-0.0018133376725018024,-0.0015954216942191124
1746728848343263500,8.761263427734375,-0.0020866170525550842,-0.0010306346230208874,-0.0014140605926513672
1746728848353281500,8.771281494140625,0.0020631966181099415,0.000613571610301733,-0.0015239447820931673
1746728848363299300,8.78129931640625,0.0013705084566026926,-0.0002471618354320526,-0.003738895757123828
1746728848373317400,8.7913173828125,0.0011716450098901987,-0.00011326512321829796,-0.000759416026994586
1746728848383335400,8.80133544921875,0.0005900105461478233,0.00028407853096723557,0.00006057135760784149
1746728848393353500,8.811353515625,0.0017417422495782375,-0.0004266863688826561,0.0008025153074413538
1746728848403370500,8.82137060546875,-0.004283925984054804,-0.001020038966089487,0.0002666872460395098
1746728848413388500,8.831388427734375,-0.0038326531648635864,-0.0017700293101370335,-0.00018751411698758602
1746728848423406300,8.84140625,0.0016534584574401379,0.0016643833369016647,-0.0011446543503552675
1746728848433424400,8.85142431640625,-0.0011442038230597973,-0.000215054489672184,0.0026344559155404568
1746728848443442400,8.8614423828125,-0.0005194265395402908,0.00036365026608109474,0.00013854121789336205
1746728848453460500,8.87146044921875,-0.0005688564851880074,-0.0004643341526389122,0.0005832850001752377
1746728848463478300,8.881478271484376,-0.0006849705241620541,-0.0009266589768230915,-0.0011421767994761467
1746728848473496300,8.891496337890626,0.001057569868862629,-0.00019425060600042343,0.0002269321121275425
1746728848483514600,8.9015146484375,-0.0006372658535838127,-0.002704013604670763,-0.0005736141465604305
1746728848493532400,8.911532470703126,-0.0011812075972557068,0.0010007638484239578,-0.0005050755571573973
1746728848503549400,8.921549560546875,-0.0006448468193411827,0.0004617399536073208,-0.00027045118622481823
1746728848513567500,8.9315673828125,0.00015104422345757484,-0.0001595849171280861,-0.0011418650392442942
1746728848523585300,8.941585205078125,-0.00045349355787038803,0.0002468135207891464,0.0015143717173486948
1746728848533603300,8.951603271484375,-0.0007683676667511463,0.0010483316145837307,0.0000359176192432642
1746728848543621600,8.96162158203125,0.00018238089978694916,0.000023813452571630478,-0.0005355968605726957
1746728848553639400,8.971639404296875,-0.0038158209063112736,0.0015824339352548122,0.0008894714992493391
1746728848563657500,8.981657470703125,-0.00013746321201324463,-0.00015447987243533134,-0.0011270737741142511
1746728848573675500,8.991675537109375,0.0016707112081348896,-0.0018628076650202274,0.0015361662954092026
1746728848583693600,9.001693603515625,0.0005918648093938828,0.00046159932389855385,0.00028794282115995884
1746728848593710300,9.01171044921875,-0.001882060430943966,-0.0005098362453281879,0.004466446116566658
1746728848603728600,9.021728759765624,-0.00021651946008205414,-0.003324264893308282,-0.0031882773619145155
1746728848613746400,9.031746337890626,0.0005734823644161224,-0.00034117279574275017,0.0024678220506757498
1746728848623764500,9.041764404296876,0.0007993185427039862,-0.0010181483812630177,-0.000661392230540514
1746728848633782300,9.0517822265625,0.0010598874650895596,0.0006755045615136623,-0.001410175347700715
1746728848643800600,9.061800537109375,-0.0010570595040917397,0.00008694594725966454,0.002286558737978339
1746728848653818400,9.071818359375,0.000485728494822979,0.00026425067335367203,0.0007126675918698311
1746728848663836400,9.08183642578125,0.0009057088755071163,0.0004216437228024006,-0.0003800273407250643
1746728848673854500,9.0918544921875,0.0024586317595094442,0.000035244040191173553,0.00023966189473867416
1746728848683871500,9.10187158203125,-0.0003241053782403469,-0.00006009731441736221,0.0005195601843297482
1746728848693889300,9.11188916015625,0.0006797355599701405,0.0017489795573055744,-0.00042177876457571983
1746728848703907600,9.121907470703125,-0.000538660679012537,0.0016003749333322048,-0.002804508898407221
1746728848713925400,9.13192529296875,-0.0007743332535028458,-0.0011853044852614403,-0.001935306005179882
1746728848723943400,9.141943359375,0.0007572509348392487,-0.0029083697590976954,0.000569929601624608
1746728848733961200,9.151961181640624,0.00041817035526037216,-0.001436085905879736,0.0006998926401138306
1746728848743979500,9.1619794921875,-0.0008905068971216679,0.0010568993166089058,0.0012061594752594829
1746728848753997300,9.171997314453124,-0.002073158510029316,-0.0011973180808126926,0.0018546084174886346
1746728848764015400,9.182015380859376,-0.0006816568784415722,0.0016232356429100037,0.0012796319788321853
1746728848774033700,9.19203369140625,0.0026525806169956923,-0.00038215238600969315,0.0010875201551243663
1746728848784050400,9.202050537109375,-0.00019460497424006462,0.0005848412401974201,-0.001317047979682684
1746728848794068200,9.212068115234375,-0.0010424735955893993,0.00004932563751935959,-0.002091635949909687
1746728848804086500,9.22208642578125,0.0005029588937759399,0.0006850222125649452,-0.0006260983645915985
1746728848814104300,9.232104248046875,0.0009949845261871815,0.0009147524833679199,-0.0005357838235795498
1746728848824122400,9.242122314453125,0.0001563550904393196,0.0005821236409246922,0.0022224520798772573
1746728848834140400,9.252140380859375,0.00047812797129154205,-0.0007358752191066742,-0.0033620749600231647
1746728848844158500,9.262158447265625,0.00030608754605054855,-0.0003401292487978935,-0.0007338013965636492
1746728848854176500,9.272176513671875,0.00005469564348459244,-0.001038797665387392,-0.0013664965517818928
1746728848864194300,9.2821943359375,0.0015268910210579634,-0.0021823591087013483,-0.0020128460600972176
1746728848874211300,9.29221142578125,0.00017912080511450768,-0.00003217719495296478,0.0007013666909188032
1746728848884229400,9.3022294921875,0.00022679101675748825,-0.0011531016789376736,-0.0012808239553123713
1746728848894247400,9.312247314453124,0.0001337067224085331,0.0026651285588741302,0.003113559214398265
1746728848904265500,9.322265380859376,-0.0013209120370447636,-0.0008478472009301186,-0.000032965559512376785
1746728848914283500,9.332283447265626,-0.0001249704509973526,0.0017939899116754532,-0.0015804034192115068
1746728848924301300,9.34230126953125,-0.002166283316910267,0.00022032810375094414,-0.0021204922813922167
1746728848934319600,9.352319580078126,-0.0010166936554014683,-0.0021545474883168936,0.002978664357215166
1746728848944337400,9.36233740234375,0.0011268844828009605,-0.0009505324997007847,0.0022596106864511967
1746728848954355500,9.37235546875,0.0003261445090174675,0.0002310778945684433,-0.0026402620133012533
1746728848964372500,9.38237255859375,0.00008566118776798248,-0.0011585596948862076,0.00001544225960969925
1746728848974390500,9.392390625,-0.0018790955655276775,0.000764855183660984,-0.0012679973151534796
1746728848984408300,9.402408203125,0.00008977949619293213,0.0011552744545042515,-0.0014917028602212667
1746728848994426400,9.41242626953125,0.000057279132306575775,-0.0005106627941131592,0.0009393151849508286
1746728849004444400,9.4224443359375,-0.00015390943735837936,-0.00042171310633420944,0.0009827245958149433
1746728849014462500,9.43246240234375,-0.0012109517119824886,-0.0004748092032968998,-0.00044278334826231003
1746728849024480300,9.442480224609374,0.0018452920485287905,0.0001829918473958969,-0.0017890115268528461
1746728849034498600,9.45249853515625,-0.0009135603904724121,-0.0022168573923408985,0.00041409884579479694
1746728849044516400,9.462516357421874,0.00014291564002633095,-0.00010070949792861938,0.0026093425694853067
1746728849054534400,9.472534423828124,0.0020371796563267708,0.0014701955951750278,0.002350900787860155
1746728849064551400,9.482551513671876,0.0010163898114115,-0.001469933893531561,-0.0007271808572113514
1746728849074569500,9.492569580078126,-0.0009486363269388676,-0.0011697341687977314,-0.0016422944609075785
1746728849084587300,9.502587158203125,-0.0010594241321086884,0.0012750476598739624,-0.0028817292768508196
1746728849094605600,9.51260546875,-0.001046793069690466,0.00018216250464320183,-0.0009734693448990583
1746728849104623400,9.522623291015625,0.0017790873534977436,-0.002139847492799163,-0.0007223333232104778
1746728849114641400,9.532641357421875,-0.00028345733880996704,-0.000004838220775127411,-0.00047135399654507637
1746728849124659500,9.542659423828125,-0.0009093005210161209,0.0006612185388803482,-0.0006636343896389008
1746728849134677500,9.552677490234375,0.0006517674773931503,-0.0007453649304807186,-0.003913176245987415
1746728849144695600,9.562695556640625,0.0008147526532411575,0.00026317406445741653,0.0008999544661492109
1746728849154712300,9.57271240234375,0.0020088334567844868,0.001075184904038906,0.0007434489671140909
1746728849164730600,9.582730712890625,0.0011281261686235666,0.0009223194792866707,-0.00019531534053385258
1746728849174748400,9.59274853515625,-0.0008511357009410858,0.002289798576384783,0.002050600480288267
1746728849184766500,9.602766357421874,0.0017648874782025814,-0.00039173848927021027,0.002425041049718857
1746728849194784500,9.612784423828124,0.0017342977225780487,0.0014441991224884987,0.001886329147964716
1746728849204802600,9.622802490234376,0.00039259716868400574,-0.00007966160774230957,-0.0012399556580930948
1746728849214820400,9.6328203125,-0.000529811717569828,0.00047938665375113487,0.001740242587402463
1746728849224838400,9.64283837890625,-0.00008000386878848076,0.0000468892976641655,-0.0014813835732638836
1746728849234856400,9.6528564453125,-0.0009594010189175606,0.0039025666192173958,-0.0001103617250919342
1746728849244873500,9.66287353515625,0.0005450188182294369,0.010564464144408703,-0.002122912323102355
1746728849254891500,9.6728916015625,-0.0005560340359807014,0.035816557705402374,-0.016253113746643066
1746728849264909600,9.68290966796875,0.0014578483533114195,-0.0003241356462240219,-0.0017284981440752745
1746728849274927400,9.69292724609375,-0.00006224960088729858,0.0005863546393811703,0.00016547273844480515
1746728849284945400,9.7029453125,0.0023348615504801273,0.0029355292208492756,0.001025940291583538
1746728849294963500,9.71296337890625,-0.000441783107817173,0.0018662866204977036,-0.001691160025075078
1746728849304981500,9.7229814453125,-0.00017173867672681808,0.0021520438604056835,-0.0002719615586102009
1746728849314999300,9.732999267578125,-0.00003887247294187546,0.0016371114179491997,0.000005017034709453583
1746728849325017300,9.743017333984374,-0.00038907816633582115,-0.000024168752133846283,-0.003599038813263178
1746728849335035400,9.753035400390624,-0.00010107317939400673,0.0032741334289312363,-0.0025518364273011684
1746728849345052400,9.763052490234376,-0.0012193345464766026,0.0027484260499477386,-0.002625339664518833
1746728849355070500,9.773070556640626,-0.0003578700125217438,0.0007404293864965439,-0.0024541523307561874
1746728849365088500,9.783088623046876,0.0009316322393715382,0.000926584005355835,-0.0005499923136085272
1746728849375106300,9.793106201171875,0.00021237460896372795,-0.00046043330803513527,-0.0028191707096993923
1746728849385124400,9.803124267578125,-0.00022757938131690025,-0.001353657804429531,-0.0005940995179116726
1746728849395142400,9.813142333984375,0.0008125929161906242,0.000630092341452837,0.000573490746319294
1746728849405160400,9.823160400390625,-0.00008728913962841034,-0.0006213271990418434,0.0012984032509848475
1746728849415178500,9.833178466796875,-0.0004914873279631138,0.0005586184561252594,0.00021523842588067055
1746728849425196300,9.8431962890625,0.0003665830008685589,-0.0011229012161493301,-0.00006705662235617638
1746728849435213300,9.85321337890625,0.0016189015004783869,-0.0006436198018491268,-0.0005372024606913328
1746728849445231400,9.8632314453125,-0.00011401763185858727,-0.0016175378113985062,0.002976306015625596
1746728849455249700,9.873249755859375,0.0004009297117590904,-0.000253140926361084,0.0017868238501250744
1746728849465267500,9.883267333984374,0.0008414164185523987,0.0013335705734789371,0.0008549836929887533
1746728849475285500,9.893285400390624,-0.0007957112975418568,-0.0011497908271849155,0.0019956030882894993
1746728849485303300,9.90330322265625,-4.912726581096649e-7,-0.002462995471432805,-0.0006422579754143953
1746728849495321600,9.913321533203124,0.00011797714978456497,-0.00013681594282388687,0.0011621540179476142
1746728849505339400,9.92333935546875,0.001963547896593809,0.0006299079395830631,-0.0013334942050278187
1746728849515357400,9.933357421875,0.000918329693377018,-0.00017519667744636536,0.0020027081482112408
1746728849525375500,9.94337548828125,0.0019577613566070795,0.0016967393457889557,-0.0002633756957948208
1746728849535392500,9.953392578125,0.0005323947407305241,0.0002752239815890789,0.0033325289841741323
1746728849545410300,9.963410400390625,0.00040696002542972565,-0.0025466615334153175,0.0007708342745900154
1746728849555428600,9.9734287109375,-0.0014045094139873981,-0.0016642939299345016,0.0011566119501367211
1746728849565446400,9.9834462890625,0.0004338710568845272,-0.0014083641581237316,-0.0003922823816537857
1746728849575464400,9.99346435546875,-0.00038845278322696686,-0.002409934299066663,0.0010399054735898972
1746728849585482200,10.003482177734375,0.0003135562874376774,-0.003052288666367531,0.0031802880112081766
1746728849595500000,10.0135,0.0014118540566414595,0.0006202659569680691,0.0004344198387116194
1746728849605518000,10.02351806640625,0.0022198569495230913,0.0010567582212388515,0.0012232480803504586
1746728849615536000,10.0335361328125,-0.0016876854933798313,0.001779837068170309,0.0012240346986800432
1746728849625554200,10.04355419921875,-0.0008439961820840836,-0.0027776306960731745,0.00013293768279254436
1746728849635571000,10.053571044921876,0.00014860928058624268,-0.002116596791893244,0.003495875746011734
1746728849645589000,10.063589111328126,-0.0005075936205685139,-0.001840693410485983,0.00018237088806927204
1746728849655607000,10.07360693359375,-0.0006176009774208069,0.0007449844852089882,-0.0005199525039643049
1746728849665625000,10.083625,0.00048228446394205093,-0.00379543867893517,0.003436972154304385
1746728849675643100,10.09364306640625,0.002227545017376542,-0.003899680683389306,-0.000637441873550415
1746728849685661200,10.1036611328125,0.00021020043641328812,-0.015057526528835297,0.005287558771669865
1746728849695679200,10.11367919921875,-0.0020014457404613495,-0.0066395653411746025,0.004565090406686068
1746728849705697000,10.123697021484375,-0.00007731188088655472,-0.00400889478623867,0.00249634706415236
1746728849715715000,10.133715087890625,0.002477852860465646,-0.009127214550971985,0.0009458479471504688
1746728849725732000,10.143732177734375,-0.001957908272743225,-0.0007339962758123875,-0.0001306016929447651
1746728849735750100,10.153750244140625,0.0003937333822250366,-0.00481540197506547,0.002464332152158022
1746728849745768200,10.163768310546875,0.0017841700464487076,-0.0015000328421592712,0.0002453862689435482
1746728849755786200,10.1737861328125,0.0010478105396032333,-0.002336217788979411,0.0034807592164725065
1746728849765804000,10.183803955078124,0.00033008866012096405,0.0002784738317131996,0.0012413071235641837
1746728849775822000,10.193822021484374,0.0009708334691822529,-0.00014189118519425392,0.0012455584947019815
1746728849785840000,10.203840087890624,0.0012741675600409508,-0.001996516715735197,0.0009395612869411707
1746728849795858200,10.213858154296876,-0.0010125162079930305,-0.0014536939561367035,-0.0007836592849344015
1746728849805876000,10.2238759765625,0.0005632760003209114,-0.0007942952215671539,0.001056851353496313
1746728849815894000,10.23389404296875,-0.0006982292979955673,-0.0022260528057813644,-0.0013188528828322887
1746728849825911000,10.2439111328125,-0.000862546730786562,-0.0009168428368866444,-0.001239224337041378
1746728849835929000,10.25392919921875,0.0020179038401693106,0.0003722808323800564,-0.00011355755850672722
1746728849845947100,10.263947021484375,0.002373702125623822,-0.00026155170053243637,0.000104555394500494
1746728849855965200,10.273965087890625,0.00031177373602986336,-0.0017634788528084755,-0.0008439985103905201
1746728849865983000,10.28398291015625,0.00042762141674757004,0.0010418947786092758,-0.00013133673928678036
1746728849876001000,10.2940009765625,-0.00036773504689335823,-0.0006345054134726524,0.000024077482521533966
1746728849886019000,10.30401904296875,-0.000909954309463501,0.001663003582507372,0.0003702885005623102
1746728849896037000,10.314037109375,0.0012029563076794147,-0.00033511873334646225,-0.0006992893759161234
1746728849906055200,10.32405517578125,0.00018562888726592064,0.00021162815392017365,0.0006117848679423332
1746728849916072200,10.334072265625,0.0007878555916249752,-0.002603193512186408,-0.000780733535066247
1746728849926090000,10.344090087890624,0.0014320740010589361,-0.0022330142091959715,-0.0004148152656853199
1746728849936108000,10.35410791015625,0.0008787950500845909,-0.0009755813516676426,0.0005236172582954168
1746728849946126000,10.3641259765625,0.0004620100371539593,0.0007424238137900829,-0.0017925337888300419
1746728849956144000,10.37414404296875,-0.0000809631310403347,-0.0006366157904267311,0.0001743384636938572
1746728849966162200,10.384162109375,-0.0002673845738172531,0.0005061463452875614,-0.001314635155722499
1746728849976180000,10.394179931640625,0.0006958963349461555,-0.0005418607033789158,0.00025734701193869114
1746728849986198300,10.4041982421875,-0.0005555227398872375,-0.000005499925464391708,0.0008885161951184273
1746728849996216000,10.414216064453125,0.0017782468348741531,-0.0006331177428364754,-0.0019370364025235176
1746728850006234000,10.424234130859375,-0.00010114582255482674,0.0008987323381006718,-0.002155682072043419
1746728850016251100,10.434251220703125,-0.0009385272860527039,0.0002730400301516056,-0.00029216380789875984
1746728850026269200,10.444269287109375,-0.0009888610802590847,0.0005494761280715466,-0.0028354828245937824
1746728850036287000,10.454286865234375,0.00022767717018723488,-0.0014877347275614738,-0.00008199666626751423
1746728850046305300,10.46430517578125,-0.0006935102865099907,-0.0018461961299180984,-0.001512380549684167
1746728850056323000,10.474322998046874,0.002996761817485094,-0.000965464860200882,-0.0009810435585677624
1746728850066341000,10.484341064453124,-0.0029956172220408916,-0.000975318718701601,-0.001601826399564743
1746728850076359000,10.49435888671875,0.001346023054793477,-0.0013897041790187359,-0.00006737560033798218
1746728850086377200,10.504377197265624,0.003946865908801556,-0.0010309764184057713,0.00025832909159362316
1746728850096395000,10.51439501953125,-0.0005406476557254791,-0.0010416279546916485,-0.00029503414407372475
1746728850106413000,10.5244130859375,-0.0008700806647539139,-0.0007116622291505337,-0.00001486949622631073
1746728850116430000,10.53443017578125,-0.00010494142770767212,-0.0011418098583817482,-0.0005218274891376495
1746728850126448000,10.5444482421875,-0.0004650009796023369,-0.0010834862478077412,-0.0010648462921380997
1746728850136466000,10.5544658203125,0.0005700117908418179,0.001623490359634161,0.001441346132196486
1746728850146484200,10.564484130859375,-0.0009101731702685356,0.0023955409415066242,-0.0012029064819216728
1746728850156502000,10.574501953125,-0.00040560727939009666,-0.0008184458129107952,0.00022404897026717663
1746728850166520000,10.58452001953125,0.0016397004947066307,-0.0010573314502835274,-0.0020771885756403208
1746728850176538000,10.5945380859375,-0.0021139089949429035,0.0001871548593044281,0.0013253787765279412
1746728850186556200,10.60455615234375,0.0030068173073232174,-0.0009785108268260956,-0.0004815759602934122
1746728850196574200,10.61457421875,0.000917837955057621,0.0029467185959219933,-0.0005435841158032417
1746728850206591200,10.62459130859375,0.0016829641535878181,0.003101448528468609,-0.0012357397936284542
1746728850216609000,10.634609130859374,-0.0004721391014754772,-0.00005850614979863167,-0.00013922643847763538
1746728850226627000,10.644626953125,-0.0025153160095214844,0.0018672258593142033,0.000825903145596385
1746728850236644900,10.654644775390626,-0.000750499777495861,0.001125367358326912,-0.0007247233297675848
1746728850246663200,10.6646630859375,0.0004596407525241375,0.00040684640407562256,-0.002311701187863946
1746728850256681200,10.67468115234375,0.0015837701503187418,-0.0006073685362935066,-0.0003918306902050972
1746728850266699000,10.684698974609375,-0.0009150737896561623,-0.0014012567698955536,-0.00017771264538168907
1746728850276717300,10.69471728515625,-0.0006080623716115952,-0.0003716577775776386,0.0021057967096567154
1746728850286735000,10.704735107421875,-0.0007276381365954876,0.0026971022598445415,0.0005318685434758663
1746728850296753200,10.714753173828125,-0.00031397026032209396,0.001164670567959547,-0.002318341750651598
1746728850306770200,10.724770263671875,0.0011832586023956537,-0.0004958100616931915,-0.0006826280150562525
1746728850316788200,10.734788330078125,0.00027753226459026337,-0.0010298830457031727,-0.002630426548421383
1746728850326806000,10.744805908203125,0.0012562437914311886,-0.00011508725583553314,-0.000010142568498849869
1746728850336824000,10.754823974609375,-0.000018553342670202255,0.0002347002737224102,0.003355966415256262
1746728850346842000,10.764842041015624,0.0004829196259379387,0.00044615520164370537,-0.00024782330729067326
1746728850356860200,10.774860107421874,0.0012565364595502615,0.001752893440425396,-0.0032899933867156506
1746728850366878000,10.7848779296875,0.0006695757620036602,0.0009369007311761379,0.00014601717703044415
1746728850376896300,10.794896240234374,-0.0016295090317726135,0.0003910665400326252,-0.00022603431716561317
1746728850386914000,10.8049140625,-0.0016311071813106537,0.0006693671457469463,-0.00007956032641232014
1746728850396931000,10.81493115234375,-0.0008848002180457115,-0.0007716822437942028,-0.000413582194596529
1746728850406949000,10.82494921875,0.0005072341300547123,0.00045976322144269943,-0.00013421662151813507
1746728850416967200,10.83496728515625,0.000331648625433445,-0.0030291194561868906,0.0010600954992696643
1746728850426985000,10.84498486328125,-0.0015437491238117218,-0.002030167728662491,-0.002499485621228814
1746728850437003000,10.8550029296875,-0.00007398892194032669,0.000618575606495142,0.002291141077876091
1746728850447021000,10.86502099609375,-0.00006573321297764778,-0.002098381519317627,-0.0010031892452389002
1746728850457039000,10.8750390625,0.0005722963251173496,-0.0006012613885104656,-0.0005503955762833357
1746728850467057000,10.885056884765625,-0.0025923377834260464,0.0005106087774038315,0.0023388678673654795
1746728850477075200,10.8950751953125,-0.0006473320536315441,-0.0007229363545775414,-0.0007033708970993757
1746728850487093200,10.90509326171875,-0.0007546576671302319,-0.0007477039471268654,0.0005267432425171137
1746728850497110000,10.915110107421874,-0.0004094494506716728,-0.000599496066570282,0.001309449435211718
1746728850507128000,10.925128173828124,-0.0003825514577329159,0.001858335454016924,0.0009677659254521132
1746728850517146000,10.93514599609375,0.0012122413609176874,0.0008410848677158356,-0.0007598656229674816
1746728850527164000,10.945163818359376,-0.0017800861969590187,0.00024533551186323166,0.0021949114743620157
1746728850537182200,10.95518212890625,0.00011332519352436066,0.0016535506583750248,-0.0014151660725474358
1746728850547200300,10.9652001953125,-0.0005889502353966236,-0.0015355846844613552,-0.0011917268857359886
1746728850557218000,10.975218017578126,-0.001833281945437193,-0.0011538369581103325,-0.00032159569673240185
1746728850567236000,10.985236083984375,0.0006602355279028416,0.0020906920544803143,0.0010099848732352257
1746728850577254100,10.995254150390625,0.00014348654076457024,-0.000713396817445755,0.0014095260994508862
1746728850587272200,11.005272216796875,0.00010913191363215446,0.00061072688549757,-0.0006277919746935368
1746728850597289000,11.0152890625,0.00026202620938420296,-0.0003638528287410736,-0.00223950925283134
1746728850607307000,11.02530712890625,-0.00045383162796497345,0.0002635875716805458,0.00009475112892687321
1746728850617324800,11.03532470703125,-0.000026201829314231873,-0.0009833634831011295,0.00012402934953570366
1746728850627342800,11.0453427734375,-0.002146344631910324,-0.0005996017716825008,0.0012947549112141132
1746728850637361000,11.05536083984375,0.002948989160358906,-0.002045093337073922,-0.0016623709816485643
1746728850647379000,11.06537890625,0.00007384037598967552,-0.0013081966899335384,-0.0009782046545296907
1746728850657397000,11.07539697265625,0.0012066296767443419,0.0009663794189691544,-0.001448966795578599
1746728850667414800,11.085414794921874,-0.0014408188872039318,-0.002917841076850891,-0.0008404345717281103
1746728850677433000,11.09543310546875,0.002754439599812031,0.0016961763612926006,0.0005132229998707771
1746728850687451000,11.105450927734376,-0.0006762444972991943,-0.000573636032640934,0.0032600073609501123
1746728850697468200,11.11546826171875,0.00179792451672256,-0.000018121208995580673,-0.0009116828441619873
1746728850707486000,11.12548583984375,-0.0006061107851564884,0.0008695102296769619,-0.0017926562577486038
1746728850717504000,11.13550390625,0.0019095349125564098,0.0019084680825471878,0.003522257786244154
1746728850727521800,11.145521728515625,-0.0009331232868134975,-0.001980546396225691,0.0021225002128630877
1746728850737540000,11.1555400390625,-0.0011382987722754478,0.000754527747631073,-0.0012178225442767143
1746728850747558000,11.165557861328125,-0.0006458801217377186,0.0008690436370670795,0.0009228265844285488
1746728850757576000,11.175575927734375,0.0007989415898919106,-0.00048553477972745895,-0.0014903033152222633
1746728850767594000,11.185593994140625,-0.0005036103539168835,0.0007877228781580925,0.00011797971092164516
1746728850777612000,11.195612060546875,-0.001465530600398779,0.0009839581325650215,0.00030466262251138687
1746728850787629800,11.2056298828125,-0.0002934737130999565,0.0014625280164182186,0.00012836139649152756
1746728850797647000,11.215647216796874,0.00032415613532066345,0.0020105475559830666,-0.0005997850093990564
1746728850807665000,11.225664794921874,-0.0009546936489641666,0.00028375396504998207,0.0029981457628309727
1746728850817683000,11.235682861328126,-0.0017117196694016457,0.000580313615500927,0.001906874356791377
1746728850827700700,11.24570068359375,0.0010068351402878761,0.0007728603668510914,0.001596882357262075
1746728850837719000,11.255718994140626,-0.0001940317451953888,0.0008748522959649563,0.0005949311889708042
1746728850847736800,11.26573681640625,0.00037375418469309807,-0.0009803054854273796,-0.0004519573412835598
1746728850857755000,11.2757548828125,-0.0015022801235318184,-0.0012430502101778984,-0.001140891807153821
1746728850867773000,11.28577294921875,-0.002616280224174261,-0.0026153770741075277,-0.0009427529294043779
1746728850877791000,11.295791015625,-0.002838131505995989,-0.0008804718963801861,-0.0003673830069601536
1746728850887807700,11.305807861328125,-0.0003571305423974991,-0.00044824089854955673,-0.0002307628747075796
1746728850897826000,11.315825927734375,0.0016710583586245775,-0.00021049100905656815,-0.0011835370678454638
1746728850907843800,11.32584375,0.000887556467205286,0.0019946065731346607,-0.004220073111355305
1746728850917862000,11.33586181640625,-0.0017193248495459557,-0.0005805278196930885,0.00029821530915796757
1746728850927880000,11.3458798828125,0.0005361060611903667,-0.0007698782719671726,-0.0021766601130366325
1746728850937898000,11.35589794921875,-0.0014121378771960735,-0.0005246084183454514,-0.0009475504048168659
1746728850947916000,11.365916015625,-0.00037563545629382133,0.0004897895269095898,0.001191766932606697
1746728850957933800,11.375933837890624,0.0014526147861033678,0.0000606258399784565,0.00041054398752748966
1746728850967952100,11.3859521484375,-0.0018632872961461544,-0.0020296890288591385,-0.00044140126556158066
1746728850977970000,11.395969970703124,0.00038896407932043076,-0.00180821493268013,0.0019513752777129412
1746728850987987000,11.405987060546876,0.00040600867941975594,0.00044854776933789253,0.00028956285677850246
1746728850998005000,11.4160048828125,0.001147187314927578,-0.00015500281006097794,0.0016716938698664308
1746728851008023000,11.42602294921875,-0.0003279373049736023,0.00010651955381035805,0.0018408045871183276
1746728851018040800,11.436040771484375,0.001226954162120819,-0.0005591623485088348,-0.00016524572856724262
1746728851028059000,11.446058837890625,-0.0021014646627008915,-0.0026843647938221693,0.0001242400612682104
1746728851038077000,11.456076904296875,0.0003389967605471611,-0.0025622586254030466,-0.0015819910913705826
1746728851048095000,11.466094970703125,-0.0018149679526686668,-0.00026102131232619286,0.002499303314834833
1746728851058112800,11.47611279296875,0.0029161199927330017,-0.0004602358676493168,0.0003264467231929302
1746728851068131000,11.486131103515625,-0.000928153283894062,-0.0005752844735980034,-0.0013023428618907928
1746728851078148900,11.49614892578125,-0.0009304764680564404,0.0021942113526165485,0.00020563439466059208
1746728851088166000,11.506165771484374,0.0007180203683674335,-0.00008944887667894363,0.0005206863861531019
1746728851098184000,11.516183837890624,0.0005069570615887642,-0.0009357635863125324,0.0023529643658548594
1746728851108202000,11.526201904296874,0.0012446525506675243,-0.000271837692707777,0.00021231546998023987
1746728851118219800,11.5362197265625,0.0002900850959122181,-0.0007525850087404251,-0.0001744439359754324
1746728851128238000,11.546238037109376,0.00006185239180922508,0.0011363951489329338,-0.0023933895863592625
1746728851138256000,11.556255859375,0.0027879243716597557,0.001241251826286316,-0.00025201402604579926
1746728851148274000,11.56627392578125,0.000017970334738492966,0.0031629889272153378,-0.0007122084498405457
1746728851158291700,11.576291748046875,-0.00023051630705595016,0.0006998740136623383,-0.0013032127171754837
1746728851168310000,11.58631005859375,0.0005588443018496037,0.0018849805928766727,-0.0009117277804762125
1746728851178328000,11.596328125,0.000583344604820013,0.00004362780600786209,-0.0007228965405374765
1746728851188344800,11.6063447265625,0.0007569827139377594,0.00046600494533777237,-0.004006573930382729
1746728851198363000,11.61636279296875,-0.0003095995634794235,-0.0007302840240299702,0.0006158512551337481
1746728851208381000,11.626380859375,-0.0009170668199658394,0.0017653643153607845,-0.0010254548396915197
1746728851218399000,11.63639892578125,0.0010529023129492998,0.0004955176264047623,0.00045358273200690746
1746728851228417000,11.6464169921875,0.0007508997805416584,0.0004845988005399704,0.00034465943463146687
1746728851238435000,11.65643505859375,-0.0011459505185484886,-0.002772762207314372,-0.00008937972597777843
1746728851248452900,11.666452880859374,-0.0000644405372440815,0.000034209806472063065,0.002235027262941003
1746728851258471000,11.676470947265624,0.0023957102093845606,-0.0006935657002031803,-0.002367965644225478
1746728851268489000,11.686489013671874,0.0009674569591879845,0.0014585349708795547,0.0034710150212049484
1746728851278507000,11.696507080078124,0.0006213323213160038,-0.00007297703996300697,0.00009298231452703476
1746728851288524000,11.70652392578125,-0.0001525823026895523,-0.0004080026410520077,0.00003652321174740791
1746728851298542000,11.7165419921875,-0.0038139107637107372,0.0004135565832257271,0.0012009432539343834
1746728851308560000,11.726559814453125,0.00031052669510245323,-0.0010200231336057186,-0.0011138762347400188
1746728851318578000,11.736577880859375,-0.002054902259260416,-0.001667240634560585,0.0010688190814107656
1746728851328596000,11.746595947265625,-0.0017283987253904343,-0.00012047681957483292,-0.000028935959562659264
1746728851338614000,11.756614013671875,-0.0027132066898047924,0.0004219389520585537,0.002053509233519435
1746728851348631800,11.7666318359375,-0.0003017145209014416,-0.0019530681893229485,-0.00010604807175695896
1746728851358649900,11.77664990234375,0.00030854344367980957,-0.002735989633947611,0.0004231992643326521
1746728851368668000,11.78666796875,-0.0005449997261166573,-0.00047629745677113533,0.0007702091243118048
1746728851378686000,11.79668603515625,0.0018507903441786766,0.0007399762980639935,-0.0013992979656904936
1746728851388703000,11.806702880859374,0.00281911576166749,-0.0005063833668828011,-0.000757476082071662
1746728851398721000,11.816720947265624,-0.00034746481105685234,-0.0005709575489163399,0.0007957140915095806
1746728851408738800,11.82673876953125,0.0008120755665004253,0.0011065676808357239,0.00028811558149755
1746728851418756900,11.8367568359375,-0.0004905569367110729,0.0030097882263362408,0.0015444476157426834
1746728851428775000,11.84677490234375,-0.0007853689603507519,-0.0015056016854941845,0.0005321800708770752
1746728851438793000,11.85679296875,0.0006543919444084167,-0.0018938262946903706,-0.001962794689461589
1746728851448810800,11.866810791015626,0.0018695925828069448,0.00009582098573446274,-0.00016915565356612206
1746728851458828800,11.876828857421875,0.000489450991153717,0.0001030932180583477,-0.00220685382373631
1746728851468847000,11.88684716796875,-0.0002146884799003601,-0.0012149051763117313,-0.0037054147105664015
1746728851478865000,11.896864990234375,-0.0005364040844142437,0.0007918337360024452,-0.0024506018962711096
1746728851488882000,11.9068818359375,0.0005751992575824261,0.0030422047711908817,-0.002841820241883397
1746728851498900000,11.91689990234375,-0.0013588489964604378,-0.0008688834495842457,-0.0011491444893181324
1746728851508918000,11.92691796875,0.0023408145643770695,0.0018254369497299194,-0.00005431915633380413
1746728851518935800,11.936935791015625,-0.0015340275131165981,0.0013804282061755657,-0.001084592891857028
1746728851528954000,11.9469541015625,0.002028216840699315,0.00010237749665975571,-0.0009162810165435076
1746728851538972000,11.956971923828124,0.002083988394588232,-0.0002847560681402683,-0.0017420409712940454
1746728851548990000,11.966989990234374,0.00035932520404458046,-0.0019505633972585201,-0.0012096751015633345
1746728851559008000,11.977008056640624,-0.000921580009162426,-0.0010116552002727985,0.0009499294683337212
1746728851569026000,11.987026123046874,-0.00044167833402752876,-0.00012482283636927605,0.0007328817155212164
1746728851579043800,11.9970439453125,-0.0006813011132180691,-0.0006891293451189995,0.00036878278478980064
1746728851589060600,12.007060546875,-0.00012017320841550827,0.0006240755319595337,0.0003615922760218382
1746728851599078700,12.01707861328125,0.00043171364814043045,-0.002310114214196801,-0.0011076359078288078
1746728851609096400,12.027096435546875,0.0009012292139232159,0.0010563875548541546,-0.0018530548550188541
1746728851619114800,12.03711474609375,0.0027382299304008484,-0.0005741044878959656,0.002125030616298318
1746728851629132500,12.047132568359375,0.002225038828328252,0.001997710205614567,-0.0026369676925241947
1746728851639150600,12.057150634765625,0.000691732857376337,0.0012542856857180595,-0.0020419242791831493
1746728851649168400,12.06716845703125,0.0007809484377503395,0.0014976984821259975,-0.0005849089939147234
1746728851659186700,12.077186767578125,-0.0007942612282931805,-0.0009444006718695164,-0.0009535315912216902
1746728851669204500,12.08720458984375,0.0021354821510612965,-0.00022907555103302002,-0.001228635897859931
1746728851679222500,12.097222412109375,-0.0000017671845853328705,0.0010746628977358341,-0.001244537066668272
1746728851689239600,12.107239501953124,0.0021905468311160803,-0.0005229674279689789,0.002712121233344078
1746728851699257600,12.117257568359374,-0.0008023097179830074,-0.001527154352515936,0.00180299230851233
1746728851709275400,12.127275390625,0.0004994436167180538,-0.0003716088831424713,-0.0003661524970084429
1746728851719293700,12.137293701171876,0.0015209750272333622,-0.0005882931873202324,0.0006720584351569414
1746728851729311500,12.1473115234375,-0.00010222150012850761,0.0002434118650853634,0.0025069762486964464
1746728851739329500,12.15732958984375,-0.0026115323416888714,-0.000917358323931694,-0.0012241837102919817
1746728851749347300,12.167347412109375,0.0006396546959877014,-0.00020469631999731064,0.00024268520064651966
1746728851759365600,12.17736572265625,-0.0004730750806629658,-0.0007224953733384609,-0.0006676146294921637
1746728851769383700,12.1873837890625,0.0019229708705097437,-0.00006389571353793144,0.0000048335641622543335
1746728851779401500,12.1974013671875,-0.0001890202984213829,-0.0010521449148654938,0.0009618541225790977
1746728851789418500,12.20741845703125,0.00046425312757492065,0.0016331207007169724,-0.0002437590155750513
1746728851799436500,12.2174365234375,0.0005232458934187889,0.0001475159078836441,0.0008446043357253075
1746728851809454300,12.227454345703125,-0.000048002228140830994,0.00200160825625062,0.0011242362670600414
1746728851819472600,12.23747265625,-0.0009262408129870892,-0.00028136977925896645,-0.000780702568590641
1746728851829490700,12.24749072265625,-0.0012301071546971798,0.000905867200344801,-0.0020646126940846443
1746728851839508500,12.257508544921874,-0.00035156961530447006,-0.0010811849497258663,-0.002577548148110509
1746728851849526500,12.267526611328124,0.0009712222963571548,-0.00020101014524698257,0.00028694793581962585
1746728851859544600,12.277544677734374,-0.0012998073361814022,0.00038025854155421257,-0.002586989663541317
1746728851869562600,12.287562744140626,0.0009324541315436363,0.001903587020933628,0.0020730094984173775
1746728851879580400,12.297580322265626,-0.000479280948638916,-0.0009189252741634846,-0.001488306326791644
1746728851889597700,12.30759765625,-0.0008888752199709415,-0.0007032090798020363,0.0010454251896589994
1746728851899615500,12.317615478515625,-0.0012102839536964893,0.00020022224634885788,-0.00150977517478168
1746728851909633500,12.327633544921875,0.0007330249063670635,-0.0007329494692385197,0.0008673625998198986
1746728851919651600,12.337651611328125,-0.0017519546672701836,0.0011914442293345928,0.0017699615564197302
1746728851929669600,12.347669677734375,0.002337861806154251,-0.0003361445851624012,-0.0005352706648409367
1746728851939687400,12.3576875,0.0018432487268000841,-0.0015035821124911308,0.0005774674937129021
1746728851949705700,12.367705810546875,0.0017260697204619646,0.0017619859427213669,0.0008642899338155985
1746728851959723500,12.3777236328125,0.0010045426897704601,0.0018679993227124214,0.003082753624767065
1746728851969741600,12.387741455078125,0.002664224710315466,0.00007036561146378517,-0.001570587744936347
1746728851979759400,12.39775927734375,0.0006573628634214401,0.00491188932210207,-0.002559649758040905
1746728851989776600,12.407776611328124,-0.0016657127998769283,-0.004907984286546707,0.0017269742675125599
1746728851999794400,12.41779443359375,-0.001692524179816246,0.0043863411992788315,-0.0027618047315627337
1746728852009812500,12.4278125,0.0011386824771761894,-0.0016630287282168865,0.00028485176153481007
1746728852019830500,12.43783056640625,0.0010732980445027351,0.0003237677738070488,-0.0009134949650615454
1746728852029848600,12.4478486328125,-0.0016095703467726707,-0.0026302102487534285,-0.00040376605466008186
1746728852039866400,12.457866455078126,0.00027121929451823235,0.0007102456875145435,-0.001632453640922904
1746728852049884700,12.467884765625,0.0010616453364491463,0.0007717646658420563,-0.00047957105562090874
1746728852059902700,12.47790283203125,-0.00041203713044524193,-0.0000550365075469017,0.0012322816764935851
1746728852069920500,12.48792041015625,-0.001191011629998684,-0.0031333842780441046,0.00006235507316887379
1746728852079938600,12.4979384765625,0.0007054740563035011,-0.000034345779567956924,0.00015057926066219807
1746728852089955600,12.50795556640625,-0.00046631693840026855,0.001337182242423296,-0.0011330642737448215
1746728852099973400,12.517973388671875,0.0009756051003932953,-0.0007012826390564442,0.00010338216088712215
1746728852109991400,12.527991455078125,-0.00022255117073655128,0.001132037490606308,0.0007859503384679556
1746728852120009700,12.538009765625,0.00033419718965888023,-0.0019090804271399975,-0.0004890465643256903
1746728852130027500,12.548027587890624,0.0022833647672086954,-0.0002882806584239006,-0.0026456741616129875
1746728852140045600,12.558045654296874,-0.0004510246217250824,-0.0009507392533123493,-0.00012530270032584667
1746728852150063600,12.568063720703124,-0.0011280002072453499,0.00010254094377160072,-0.0003410186618566513
1746728852160081700,12.57808154296875,-0.0001839711330831051,-0.0005143564194440842,-0.0023927870206534863
1746728852170099500,12.588099365234376,-0.0006564157083630562,-0.0008062385022640228,-0.0007421595510095358
1746728852180117500,12.598117431640626,-0.0004382510669529438,-0.00034255487844347954,0.0010477218311280012
1746728852190134500,12.608134521484375,0.0011346116662025452,-0.0010624071583151817,0.0007007119711488485
1746728852200152600,12.618152587890625,-0.0014096032828092575,-0.0010562562383711338,0.00048188865184783936
1746728852210170600,12.628170654296875,0.0015872518997639418,-0.0009430716745555401,-0.0003423597663640976
1746728852220188700,12.638188720703125,-0.0005222847685217857,-0.0021427315659821033,0.002184768207371235
1746728852230206500,12.64820654296875,0.0010175546631217003,-0.0002534850500524044,0.004376283381134272
1746728852240224500,12.658224609375,-0.0009758551605045795,0.0011056181974709034,0.0014162256848067045
1746728852250242600,12.66824267578125,-0.0008877045474946499,-0.0018318486399948597,0.0009903861209750175
1746728852260260600,12.678260498046875,0.0017508585005998611,0.0004552477039396763,0.0004999446682631969
1746728852270278400,12.6882783203125,0.00009623635560274124,-0.0003032204695045948,-0.0012686604168266058
1746728852280296400,12.69829638671875,0.000007441733032464981,-0.00010987510904669762,-0.0005275304429233074
1746728852290313500,12.7083134765625,-0.0041268495842814445,0.0014925487339496613,0.002865070477128029
1746728852300331500,12.71833154296875,-0.001984329428523779,0.0018397984094917774,0.0011578960111364722
1746728852310349600,12.728349609375,0.0011696524452418089,-0.0025594772305339575,0.002525695599615574
1746728852320367600,12.73836767578125,0.0010126291308552027,-0.0004717721603810787,-0.0003555656876415014
1746728852330385400,12.748385498046876,-0.0006792773492634296,0.0003146594390273094,0.0018127799266949296
1746728852340403500,12.758403564453126,-0.0027617868036031723,-0.0010020062327384949,0.001080087386071682
1746728852350421800,12.768421875,0.00042495178058743477,-0.00005099130794405937,0.0005546458996832371
1746728852360439600,12.778439453125,-0.000155602116137743,-0.0007746503688395023,-0.001499701989814639
1746728852370457600,12.78845751953125,0.0007290998473763466,0.00012336717918515205,-0.00041233329102396965
1746728852380475600,12.7984755859375,0.0019493789877742529,-0.0018987972289323807,0.0008616202976554632
1746728852390492400,12.808492431640625,0.0017264722846448421,-0.00003112247213721275,-0.00261087529361248
1746728852400510500,12.818510498046875,-0.0022234171628952026,0.0013739615678787231,-0.0017463092226535082
1746728852410528800,12.82852880859375,-0.00015760306268930435,0.002073307055979967,0.0013437566813081503
1746728852420546600,12.838546630859375,0.00008326862007379532,0.00031825434416532516,0.00040751206688582897
1746728852430564600,12.848564697265624,0.000998597126454115,0.00030174292623996735,-0.0006486976053565741
1746728852440582400,12.85858251953125,0.0010357517749071121,-0.00003301398828625679,0.0013261421117931604
1746728852450600700,12.8686005859375,-0.0014641573652625084,-0.00008148374035954475,0.0009335922077298164
1746728852460618500,12.878618408203126,0.0005619889125227928,0.0008154199458658695,-0.0026331134140491486
1746728852470636500,12.888636474609376,-0.0009150002151727676,0.0018274211324751377,-0.0018139248713850975
1746728852480654600,12.898654541015626,0.000508076511323452,0.0006723757833242416,0.00004366785287857056
1746728852490672600,12.908672607421876,-0.003260296769440174,0.0029078335501253605,-0.00003276485949754715
1746728852500689400,12.918689453125,0.0008345842361450195,0.0010568052530288696,-0.00009567826054990292
1746728852510707700,12.928707763671875,-0.001385692972689867,0.0010988833382725716,0.0006337615195661783
1746728852520725500,12.9387255859375,-0.0007515898905694485,0.0009006359614431858,0.0007569543085992336
1746728852530743600,12.94874365234375,-0.0009507946670055389,0.0009927814826369286,0.0012123548658564687
1746728852540761300,12.95876123046875,0.0019810134544968605,0.0006796480156481266,-0.00007644272409379482
1746728852550779600,12.968779541015625,0.0005359821952879429,0.00009348616003990173,0.0014503474812954664
1746728852560797400,12.97879736328125,-0.0002691177651286125,-0.0004277396947145462,0.0017201569862663746
1746728852570815500,12.9888154296875,-0.001747172325849533,-0.0018788962624967098,-0.0014023995026946068
1746728852580833800,12.998833740234375,0.0006225877441465855,-0.00003826059401035309,-0.00018795719370245934
1746728852590852000,13.00885205078125,-0.0020842491649091244,0.0008467081934213638,0.0005249709356576204
1746728852600868900,13.018868896484374,0.00023141363635659218,-0.00016539450734853745,-0.0006881735753268003
1746728852610887000,13.028886962890626,0.00005457969382405281,-0.0009185364469885826,-0.002368894638493657
1746728852620905000,13.038905029296876,0.0007976912893354893,-0.0006761890836060047,-0.0023076797369867563
1746728852630923000,13.048923095703126,0.0011939695104956627,0.000477758701890707,0.0008590852376073599
1746728852640940800,13.05894091796875,0.0014689655508846045,-0.001588568091392517,-0.00047688488848507404
1746728852650959000,13.068958984375,-0.001979827880859375,-0.0006284983828663826,0.0018853390356525779
1746728852660977000,13.078976806640625,-0.0006540510803461075,0.0018737968057394028,-0.0011458205990493298
1746728852670995000,13.088994873046875,-0.0011821556836366653,-0.0018413127399981022,-0.003160768188536167
1746728852681013000,13.099012939453125,-0.00042422953993082047,-0.0008425689302384853,-0.0035845281090587378
1746728852691031000,13.109031005859375,-0.00007295841351151466,0.0005097845569252968,-0.0021051422227174044
1746728852701047800,13.1190478515625,0.00030482420697808266,0.0008140187710523605,-0.0003534904681146145
1746728852711066000,13.129066162109375,-0.0002680220641195774,-0.0005180942825973034,0.0014643833274021745
1746728852721084000,13.139083984375,0.0015113272238522768,0.0024048853665590286,-0.0014095788355916739
1746728852731102000,13.14910205078125,0.000503054354339838,-0.0027975996490567923,-0.0026306381914764643
1746728852741119700,13.15911962890625,0.0008414243347942829,0.00003602076321840286,-0.000012712320312857628
1746728852751138000,13.169137939453124,-0.0008376985788345337,0.0003143209032714367,0.0010650688782334328
1746728852761155800,13.17915576171875,0.0020121661946177483,0.0005612829700112343,0.00074621825478971
1746728852771174000,13.189173828125,-0.00005231611430644989,0.0004363805055618286,-0.0016642087139189243
1746728852781192000,13.19919189453125,-0.0013521518558263779,0.00041611865162849426,0.0018920268630608916
1746728852791210000,13.2092099609375,0.00023376056924462318,-0.002075268654152751,0.0001804132480174303
1746728852801226800,13.219226806640625,-0.00025674933567643166,-0.000829129945486784,0.0006882632151246071
1746728852811245000,13.2292451171875,-0.0010202773846685886,0.0001623649150133133,-0.0006475783884525299
1746728852821262800,13.239262939453125,-0.0006446694023907185,0.0019404776394367218,0.0008935085497796535
1746728852831281000,13.249281005859375,0.0009500314481556416,0.000834999606013298,0.003042413154616952
1746728852841299000,13.259298828125,0.001175610115751624,0.0025794017128646374,0.0002088211476802826
1746728852851317000,13.26931689453125,-0.0015056603588163853,0.0006416854448616505,-0.000017813872545957565
1746728852861335000,13.2793349609375,0.001600342569872737,0.0009459247812628746,0.0001991107128560543
1746728852871352800,13.289352783203125,0.0009838207624852657,0.0017342204228043556,0.001343204639852047
1746728852881371100,13.29937109375,0.0015723484102636576,-0.000028817448765039444,-0.0011854544281959534
1746728852891389000,13.309388916015624,-0.0004971940070390701,-0.0008200430311262608,0.001285160193219781
1746728852901407000,13.319406982421874,0.0017179457936435938,0.0034601609222590923,0.001309919636696577
1746728852911424000,13.329424072265626,0.00028969254344701767,-0.0004205969162285328,0.000265694223344326
1746728852921442000,13.339442138671876,0.0007173740305006504,0.0011538220569491386,0.0013237836537882686
1746728852931459800,13.3494599609375,-0.0007705339230597019,-0.0003087860532104969,0.00206574029289186
1746728852941478000,13.359477783203126,-0.001184344757348299,-0.0015450003556907177,0.0014270744286477566
1746728852951496000,13.369495849609375,-0.001433350145816803,-0.0010595060884952545,0.00046008056960999966
1746728852961514000,13.379513916015625,0.0015234991442412138,0.00016277329996228218,-0.00053456611931324
1746728852971531800,13.38953173828125,0.00020416919142007828,0.00311195757240057,-0.0008248507510870695
1746728852981550000,13.399550048828125,0.0017094339709728956,-0.000872662290930748,-0.0009175355080515146
1746728852991568000,13.40956787109375,-0.001722315326333046,-0.0019589655566960573,-0.0017082279082387686
1746728853001586000,13.4195859375,-0.0011649406515061855,0.0014722580090165138,-0.0012854444794356823
1746728853011603000,13.42960302734375,-0.0023159589618444443,0.0014869053848087788,-0.0038814940489828587
1746728853021621000,13.43962109375,0.0024993806146085262,0.0007888218387961388,-0.0006584008224308491
1746728853031638800,13.449638671875,-0.0005512703210115433,-0.0004253131337463856,-0.00009727291762828827
1746728853041657000,13.459656982421874,0.001728518633171916,0.001011077780276537,0.0006829174235463142
1746728853051675000,13.4696748046875,0.0003593876026570797,0.00044249277561903,0.002453120658174157
1746728853061693000,13.47969287109375,0.0031747750472277403,0.000858039129525423,-0.0014047885779291391
1746728853071710700,13.489710693359376,0.00009562820196151733,0.0007091686129570007,-0.0013592483010143042
1746728853081729000,13.49972900390625,0.0006012655794620514,0.0019289590418338776,0.0007208511233329773
1746728853091747000,13.5097470703125,-0.00010234164074063301,-0.0008790777064859867,0.0007128615397959948
1746728853101764900,13.519764892578126,0.0004861452616751194,-0.00019166944548487663,-0.0016325297765433788
1746728853111782000,13.529781982421875,-0.00022278819233179092,0.001576137263327837,-0.0003211891744285822
1746728853121800000,13.539800048828125,-0.0011764620430767536,-0.0020640192087739706,0.0020848619751632214
1746728853131817700,13.549817626953125,-0.002627085894346237,-0.0012291180901229382,0.00023369863629341125
1746728853141836000,13.5598359375,0.0017692644614726305,-0.001064341515302658,-0.00007590232416987419
1746728853151854000,13.56985400390625,0.0005183778703212738,0.0007809624075889587,-0.00010173488408327103
1746728853161872000,13.579871826171875,-0.003742662724107504,0.002120369579643011,0.001554348156787455
1746728853171890000,13.589889892578125,0.0011144105810672045,0.00017493078485131264,0.0009319675154983997
1746728853181908000,13.599907958984375,0.0006069028750061989,0.0005570645444095135,0.0028416404966264963
1746728853191926000,13.609926025390624,0.00011288654059171677,-0.0008022128604352474,0.001989428885281086
1746728853201943800,13.61994384765625,-0.0020473874174058437,-0.0008525312878191471,0.0002089624758809805
1746728853211961000,13.629961181640626,-0.0012857234105467796,-0.0006195046007633209,-0.002713324036449194
1746728853221979000,13.639978759765626,-0.00043432367965579033,0.0007695117965340614,0.0015711968299001455
1746728853231997000,13.649996826171876,-0.0021693729795515537,0.0013796421699225903,0.001605285215191543
1746728853242015000,13.660014892578126,-0.0008184583857655525,0.0006689801812171936,0.0008937146048992872
1746728853252033000,13.670032958984375,-0.0001665162853896618,0.0031076371669769287,-0.001600335817784071
1746728853262050800,13.68005078125,0.00018459046259522438,0.0006106281653046608,-0.0006985899526625872
1746728853272068900,13.69006884765625,-0.0014250241219997406,-0.00014304649084806442,0.0019153025932610035
1746728853282087000,13.7000869140625,0.0020568515174090862,0.00018432457000017166,-0.0005377726629376411
1746728853292105000,13.71010498046875,-0.0018207109533250332,0.0013968618586659431,-0.0009119466412812471
1746728853302122800,13.720122802734375,0.00010662106797099113,-0.00025818217545747757,0.0035236848052591085
1746728853312141000,13.73014111328125,-0.0004505123943090439,0.001204159576445818,-0.0015773337800055742
1746728853322157800,13.74015771484375,-0.0009663705714046955,0.0006338236853480339,-0.0021434833761304617
1746728853332176000,13.75017578125,0.0012070352677255869,0.0007914830930531025,-0.00124653079546988
1746728853342194000,13.76019384765625,-0.0026780269108712673,-0.000570402480661869,-0.0018656591419130564
1746728853352212000,13.7702119140625,-0.000085439532995224,-0.0000231228768825531,0.001928812707774341
1746728853362229800,13.780229736328126,-0.002514154650270939,-0.0011427542194724083,0.00020995084196329117
1746728853372247800,13.790247802734376,-0.0011993516236543655,0.003617380280047655,0.0014131669886410236
1746728853382266000,13.80026611328125,0.0009849737398326397,0.0014759311452507973,0.0018960688030347228
1746728853392284000,13.810283935546876,0.0001348927617073059,-0.00037656351923942566,-0.0012850773055106401
1746728853402302000,13.820302001953126,0.0004044892266392708,-0.003190553979948163,0.003612782806158066
1746728853412320000,13.830320068359375,-0.00043467292562127113,-0.0020336767192929983,-0.0026781365741044283
1746728853422336800,13.840336669921875,0.0010725976899266243,0.0012785661965608597,0.001552976667881012
1746728853432354800,13.850354736328125,0.0009769902098923922,-0.0013614255003631115,0.002344201784580946
1746728853442373000,13.860373046875,-0.0008300179615616798,0.0007749563083052635,0.0012553964043036103
1746728853452391000,13.870390869140625,0.0020749580580741167,-0.0010881908237934113,-0.0008535608649253845
1746728853462409000,13.880408935546875,3.5157427191734314e-7,-0.002301447559148073,0.0024653158616274595
1746728853472427000,13.890427001953125,-0.0001181592233479023,0.0018746554851531982,-0.00021568848751485348
1746728853482445000,13.900445068359375,-0.0012172441929578781,0.0013940357603132725,-0.00031843758188188076
1746728853492462800,13.910462890625,-0.00001642480492591858,-0.00037989625707268715,0.0006181960925459862
1746728853502481000,13.92048095703125,0.0005686646327376366,0.001883381512016058,0.0008740166667848825
1746728853512499000,13.9304990234375,-0.00030085770413279533,-0.0017267996445298195,-0.000993391964584589
1746728853522516000,13.940515869140626,-0.0009435364045202732,0.0003973734565079212,0.0002600511070340872
1746728853532533800,13.95053369140625,-0.0006532515399158001,-0.0008428608998656273,-0.00015992927365005016
1746728853542552000,13.960552001953126,-0.0025828308425843716,-0.000771649181842804,-0.0006290888413786888
1746728853552569900,13.97056982421875,0.0015016593970358372,0.0012028184719383717,-0.002135372720658779
1746728853562588000,13.980587890625,-0.003171354066580534,-0.000043803825974464417,-0.0003164366353303194
1746728853572606000,13.99060595703125,0.002877750201150775,-0.00099588418379426,-0.0015097989235073328
1746728853582624000,14.0006240234375,0.0006571179255843163,-0.0013598748482763767,-0.00002989848144352436
1746728853592641800,14.010641845703125,-0.00034476304426789284,0.0008665276691317558,0.0005940801929682493
1746728853602659600,14.02065966796875,0.0017020420636981726,0.002033734228461981,-0.002002181252464652
1746728853612678000,14.030677978515625,-0.00005244836211204529,0.0002273120917379856,0.0022647352889180183
1746728853622696000,14.040696044921875,0.00032518617808818817,-0.00035332655534148216,-0.002627534791827202
1746728853632713000,14.050712890625,0.00020587630569934845,-0.0005906145088374615,0.00006225774995982647
1746728853642730800,14.060730712890624,0.0006195190362632275,-0.0012159883044660091,-0.0023210071958601475
1746728853652748800,14.070748779296874,0.0018530951347202063,-0.00041464297100901604,0.0008593399543315172
1746728853662766600,14.0807666015625,0.0010024227667599916,-0.0007785619236528873,-0.0002646651118993759
1746728853672785000,14.090784912109376,0.0008753901347517967,0.0008289222605526447,-0.002381079364567995
1746728853682803000,14.100802978515626,0.0006663203239440918,-0.0009448090568184853,-0.00026499642990529537
1746728853692820700,14.11082080078125,0.001523325452581048,0.0022832085378468037,-0.00003596465103328228
1746728853702838800,14.1208388671875,-0.0009147236123681068,0.001759982667863369,0.00009620911441743374
1746728853712856800,14.13085693359375,-0.0004446757957339287,0.000031857751309871674,-0.0018058207351714373
1746728853722875000,14.140875,-0.0008004326373338699,0.0018860595300793648,0.00011892174370586872
1746728853732892000,14.150891845703125,-0.0010081594809889793,0.0001603313721716404,-0.0009452775120735168
1746728853742910000,14.160909912109375,-0.003627871163189411,-0.0017580585554242134,-0.0015559783205389977
1746728853752927700,14.170927734375,0.0003130743280053139,-0.0011596460826694965,0.0015495336847379804
1746728853762945800,14.18094580078125,-0.0010542720556259155,0.00033716578036546707,0.0019007179653272033
1746728853772963800,14.1909638671875,0.0019447135273367167,0.0001398255117237568,0.00279607274569571
1746728853782982000,14.20098193359375,-0.00206588301807642,-0.001107710413634777,0.0006991878617554903
1746728853792999700,14.210999755859374,0.0005251066759228706,0.0016590477898716927,0.0001340650487691164
1746728853803017700,14.221017822265624,-0.00022496236488223076,0.0015927846543490887,-0.0005213967524468899
1746728853813035800,14.231035888671874,0.0012514942791312933,-0.0005867462605237961,0.000457315007224679
1746728853823053800,14.2410537109375,0.0006450880318880081,0.000024691224098205566,-0.0006392209324985743
1746728853833070800,14.25107080078125,0.0010746559128165245,-0.001501833088696003,-0.00023921416141092777
1746728853843089000,14.2610888671875,0.0005555250681936741,-0.00036927033215761185,-0.0008097933605313301
1746728853853106700,14.271106689453125,-0.00024182535707950592,-0.0009871236979961395,-0.0007088594138622284
1746728853863124700,14.281124755859375,-0.0004061632789671421,0.0001622573472559452,0.002663905266672373
1746728853873142800,14.291142822265625,0.0003445819020271301,0.002048574388027191,0.0007389725651592016
1746728853883160800,14.301160888671875,-0.0007472694851458073,0.0005727633833885193,-0.0015579091850668192
1746728853893178600,14.3111787109375,-0.00004206458106637001,-0.00006160140037536621,-0.0018106435891240835
1746728853903197000,14.321197021484375,-0.0005328692495822906,-0.000717745628207922,-0.0025677417870610952
1746728853913215000,14.331215087890625,-0.0016572554595768452,-0.0016272151842713356,0.000991040375083685
1746728853923232800,14.341232666015625,-0.0020057158544659615,0.001859244890511036,0.001730792922899127
1746728853933250800,14.351250732421875,-0.0008435123600065708,-0.0001700841821730137,0.0008610044606029987
1746728853943267800,14.361267822265624,0.0014673047699034214,0.0017608003690838814,-0.00012767547741532326
1746728853953285600,14.37128564453125,0.0017956725787371397,0.0016449526883661747,0.0008662163745611906
1746728853963303700,14.3813037109375,0.0015915322583168745,-0.002836644882336259,-0.0004913338925689459
1746728853973322000,14.391322021484376,-0.0008058454841375351,0.0005796579644083977,0.0002908366732299328
1746728853983339800,14.40133984375,-0.0017447001300752163,0.0001847483217716217,-0.0017381471116095781
1746728853993357800,14.41135791015625,0.0005440204404294491,0.0007373541593551636,-0.001277686795219779
1746728854003375900,14.4213759765625,-0.00010766228660941124,0.0005013276822865009,0.000874335179105401
1746728854013394000,14.431393798828125,0.000369043555110693,0.00020198849961161613,0.003021109150722623
1746728854023411700,14.44141162109375,0.0005295341834425926,0.0014494131319224834,-0.0006078456062823534
1746728854033429800,14.4514296875,-0.002304868306964636,0.0014970838092267513,0.0003210650756955147
1746728854043446800,14.46144677734375,-0.0001237671822309494,0.001068290788680315,-0.004114256240427494
1746728854053464800,14.47146484375,0.0014765264932066202,0.0003758687525987625,0.0007540020160377026
1746728854063483000,14.48148291015625,-0.0011790930293500423,0.000619102269411087,0.0014012365136295557
1746728854073501000,14.4915009765625,-0.0008893408812582493,-0.0003465600311756134,0.0011679435847327113
1746728854083518700,14.501518798828124,0.0011431318707764149,0.0017314166761934757,0.0019337042467668653
1746728854093536800,14.511536865234374,-0.0006307996809482574,-0.0008395989425480366,0.0013270361814647913
1746728854103554800,14.521554931640624,-0.001398629043251276,-0.00010123848915100098,-0.001040328061208129
1746728854113572900,14.53157275390625,0.0003872867673635483,-0.001691944431513548,-0.00016867532394826412
1746728854123590700,14.541590576171876,-0.0013407235965132713,0.000727599486708641,0.00002453732304275036
1746728854133608700,14.551608642578126,0.0009756940416991711,0.0004194718785583973,0.0007590369787067175
1746728854143625700,14.561625732421875,0.000734319444745779,-0.0017367308028042316,-0.0015187619719654322
1746728854153643800,14.571643798828125,0.0007116822525858879,-0.002188136801123619,-0.0014159639831632376
1746728854163661800,14.581661865234375,0.0007428759709000587,0.0005471580661833286,-0.0017668851651251316
1746728854173679900,14.591679931640625,-0.0005085435695946217,0.00005900068208575249,-0.001630264800041914
1746728854183697700,14.60169775390625,0.0015235368628054857,0.0005916119553148746,-0.0011113903019577265
1746728854193715700,14.6117158203125,0.0004177922382950783,0.0004302244633436203,-0.0013859623577445745
1746728854203734000,14.621734130859375,-0.0002859109081327915,0.00026252493262290955,0.0008997020777314901
1746728854213751800,14.631751708984375,-0.001455571036785841,-0.0008416217751801014,0.00022139493376016617
1746728854223769900,14.641769775390625,-0.000009833835065364838,-0.0002951081842184067,-0.0023737165611237288
1746728854233787600,14.65178759765625,0.0009073587134480476,-0.0002455734647810459,0.0007866565138101578
1746728854243806000,14.661805908203124,0.000785978976637125,-0.002095476957038045,-0.000646594911813736
1746728854253822700,14.67182275390625,0.001488520996645093,0.0003256029449403286,-0.0001318058930337429
1746728854263841000,14.681841064453126,0.00006514275446534157,-0.001098171342164278,0.0009374748915433884
1746728854273858800,14.69185888671875,-0.0020880233496427536,-0.0010062926448881626,-0.00018691178411245346
1746728854283876900,14.701876953125,-0.0007088803686201572,0.0008912710472941399,0.0009593619033694267
1746728854293894700,14.711894775390626,0.0007454720325767994,-0.000528460368514061,-0.001648671692237258
1746728854303913000,14.721912841796875,0.00099442177452147,0.00014062318950891495,-0.001068693120032549
1746728854313930800,14.7319306640625,-0.00014328071847558022,0.0010245265439152718,0.0009353356435894966
1746728854323948800,14.74194873046875,0.0007936032488942146,0.0015607974492013454,0.00077068991959095
1746728854333966800,14.751966796875,-0.0009877854026854038,-0.0022219563834369183,-0.0001824554055929184
1746728854343985000,14.76198486328125,-0.0006442149169743061,0.0007619913667440414,0.0010784424375742674
1746728854354002700,14.772002685546875,-0.0023758020251989365,0.0011010118760168552,0.0003340889234095812
1746728854364020000,14.78202001953125,-0.0013528144918382168,-0.00028014788404107094,0.000518362270668149
1746728854374037800,14.792037841796875,0.002662433311343193,0.0013366574421525002,-0.0027064597234129906
1746728854384055800,14.802055908203124,-0.00023880228400230408,-0.000952940434217453,-0.0013625791762024164
1746728854394073600,14.812073486328124,-0.002150152809917927,-0.0012131314724683762,0.0020942038390785456
1746728854404092000,14.822091796875,0.001578289782628417,0.003972663544118404,0.00019523361697793007
1746728854414109700,14.832109619140626,-0.0019480017945170403,-0.002720659365877509,0.004105020314455032
1746728854424127700,14.842127685546876,-0.00015291152521967888,-0.0011587124317884445,-0.0013411750551313162
1746728854434145800,14.852145751953126,-0.0000929906964302063,0.0008048363961279392,0.000011976808309555054
1746728854444163800,14.862163818359376,-0.00028088269755244255,0.0011217622086405754,0.0023565536830574274
1746728854454182000,14.872181884765626,0.003274171147495508,-0.0011043744161725044,-0.0012853189837187529
1746728854464199000,14.882198974609375,0.001223419327288866,0.0015108543448150158,-0.0016002794727683067
1746728854474216700,14.892216796875,0.0009187539108097553,-0.0010489760898053646,0.0002700586337596178
1746728854484234800,14.90223486328125,0.0001194472424685955,0.000681120902299881,-0.0008771105203777552
1746728854494252800,14.912252685546875,-0.0009716497734189034,-0.0010696412064135075,-0.001986050745472312
1746728854504270800,14.922270751953125,0.0005793729797005653,0.0008017886430025101,0.0007981322705745697
1746728854514289000,14.932288818359375,-0.0019668755121529102,-0.0011468464508652687,-0.0008325213566422462
1746728854524306700,14.942306640625,0.0006121117621660233,0.0012234910391271114,-0.0001576482318341732
1746728854534325000,14.952324951171875,0.0007689716294407845,-0.0008204849436879158,-0.0013499453198164701
1746728854544342800,14.9623427734375,-0.00005676969885826111,-0.0010556229390203953,-0.001323736272752285
1746728854554360800,14.97236083984375,0.0008511017076671124,-0.0010178061202168465,0.002079250756651163
1746728854564377900,14.9823779296875,0.0002203374169766903,-0.00026457011699676514,-0.00011985865421593189
1746728854574396000,14.99239599609375,-0.0008547808974981308,-0.00020118709653615952,-0.002307912101969123
1746728854584413700,15.00241357421875,0.0005896394141018391,-0.0026088166050612926,-0.0014320446643978357
1746728854594432000,15.012431884765626,-0.0005544545128941536,0.001473809126764536,-0.0004717085976153612
1746728854604450000,15.022449951171875,-0.00003638351336121559,0.002610711380839348,0.001205007778480649
1746728854614467800,15.0324677734375,-0.0006387904286384583,0.0010072225704789162,-0.0016251334454864264
1746728854624486000,15.04248583984375,-0.0003160135820508003,-0.0006150738336145878,-0.0009678022470325232
1746728854634504000,15.05250390625,-0.0005354578606784344,-0.0009730029851198196,-0.0011965676676481962
1746728854644522000,15.06252197265625,-0.00042373454198241234,0.0003959028981626034,-0.00017161434516310692
1746728854654539800,15.072539794921875,-0.00016753841191530228,-0.0008975942619144917,0.0010382598266005516
1746728854664557800,15.082557861328125,-0.0005564447492361069,0.0025177868083119392,0.0019180761883035302
1746728854674574800,15.092574951171875,-0.00020224414765834808,-0.001165897585451603,0.0012179311597719789
1746728854684593000,15.102593017578124,-0.00044458452612161636,0.00208986084908247,0.004234455060213804
1746728854694611000,15.11261083984375,0.0018276243936270475,-0.0006683748215436935,0.000571809709072113
1746728854704629000,15.12262890625,0.0007342495955526829,-0.0012431992217898369,-0.00010779127478599548
1746728854714646800,15.132646728515626,-0.0006721657700836658,-0.002587562892585993,0.00034095137380063534
1746728854724664800,15.142664794921876,0.002111507346853614,0.0008296184241771698,-0.0015128906816244125
1746728854734683100,15.15268310546875,0.0021043168380856514,0.00045650918036699295,-0.003268979024142027
1746728854744701000,15.162700927734376,0.001420645508915186,-0.0002929908223450184,-0.00021357834339141846
1746728854754719000,15.172718994140626,-0.00016473419964313507,-0.0005478551611304283,0.00032864115200936794
1746728854764736800,15.18273681640625,0.0016892668791115284,-0.0008545313030481339,-0.0013271239586174488
1746728854774754000,15.192754150390625,0.000018666032701730728,-0.0021360444370657206,0.0013746530748903751
1746728854784771800,15.202771728515625,-0.0003899410367012024,0.0014080856926739216,-0.0006932604592293501
1746728854794790100,15.2127900390625,0.0004359050653874874,0.0012648077681660652,0.0008529708720743656
1746728854804808000,15.222807861328125,0.0004120953381061554,-0.0007279231213033199,0.00032972078770399094
1746728854814826000,15.232825927734375,0.0006027775816619396,0.00021403701975941658,-0.00029878527857363224
1746728854824843800,15.24284375,-0.00015549547970294952,0.000560990534722805,-0.002629892434924841
1746728854834862000,15.252862060546875,0.0009289435110986233,0.0008089309558272362,-0.0034879627637565136
1746728854844880000,15.2628798828125,0.0015324773266911507,-0.00007313583046197891,0.000605862820520997
1746728854854898000,15.27289794921875,0.0013500507920980453,0.001806789543479681,-0.00026286044158041477
1746728854864916000,15.282916015625,0.0006839139387011528,-0.0007872474379837513,0.001103900489397347
1746728854874934000,15.29293408203125,-0.0012665851972997189,0.0008734995499253273,0.00039949454367160797
1746728854884950800,15.30295068359375,-0.0014312663115561008,0.001808596309274435,0.002637859433889389
1746728854894969000,15.312968994140626,0.00007634935900568962,0.0014876858331263065,0.000918522709980607
1746728854904987000,15.32298681640625,0.0007933210581541061,0.0009917966090142727,0.0008851897437125444
1746728854915005000,15.3330048828125,0.0010377992875874043,-0.000010883435606956482,0.0031651221215724945
1746728854925022700,15.343022705078125,0.0019012861885130405,0.0017542359419167042,0.0001366643700748682
1746728854935041000,15.353041015625,-0.0008156704716384411,0.00023889727890491486,0.0006482575554400682
1746728854945058800,15.363058837890625,-0.00082743214443326,-0.00019048480316996574,0.003127357456833124
1746728854955076900,15.373076904296875,0.0000703195109963417,-0.0000759689137339592,0.00009108730591833591
1746728854965095200,15.38309521484375,0.0011361686047166586,0.0027092909440398216,0.00006749620661139488
1746728854975113000,15.393113037109375,-0.00026705116033554077,0.00026051420718431473,0.0000666971318423748
1746728854985129700,15.403129638671874,-0.0007896511815488338,0.0019681332632899284,0.0021473239175975323
1746728854995148000,15.41314794921875,0.0002993154339492321,-0.0001512104645371437,0.0006716663483530283
1746728855005165800,15.423165771484374,0.00004942575469613075,-0.0007276516407728195,-0.0026958526577800512
1746728855015184000,15.433183837890626,0.0001556859351694584,-0.0004717218689620495,-0.0013893058057874441
1746728855025202000,15.443201904296876,0.0005863970145583153,0.0017616348341107368,-0.00011177454143762589
1746728855035220000,15.453219970703126,-0.0008248118683695793,0.0003613447770476341,-0.00030245701782405376
1746728855045238000,15.463238037109376,0.00018362794071435928,-0.0005593406967818737,0.0009704104159027338
1746728855055255800,15.473255859375,-0.0003652493469417095,-0.00073244608938694,-0.0014410819858312607
1746728855065274000,15.483274169921875,-0.0010210140608251095,0.0005792467854917049,-0.0007054503075778484
1746728855075292000,15.4932919921875,0.00010949792340397835,0.0011888444423675537,-0.003246638458222151
1746728855085310000,15.50331005859375,-0.0010120044462382793,-0.000975677277892828,-0.0004016307648271322
1746728855095327000,15.513326904296875,-0.00006631575524806976,0.0010920008644461632,0.0010761572048068047
1746728855105345000,15.523344970703125,-0.0012563285417854786,0.001524279359728098,0.0013455122243613005
1746728855115362800,15.53336279296875,0.0019514490850269794,-0.0002656313590705395,-0.0034726785961538553
1746728855125381000,15.543381103515625,0.00012244656682014465,0.0003812168724834919,-0.001303111668676138
1746728855135399000,15.55339892578125,0.00021192850545048714,0.0010304953902959824,0.0003195523750036955
1746728855145417000,15.5634169921875,0.0020672029349952936,0.001299829687923193,0.00022857356816530228
1746728855155434800,15.573434814453124,-0.0005453578196465969,-0.002416611649096012,0.0002757115289568901
1746728855165453000,15.583453125,-0.00003820518031716347,-0.0007115979678928852,0.0011362844379618764
1746728855175470800,15.593470947265626,0.002176479436457157,0.00034807343035936356,-0.001108760479837656
1746728855185489000,15.603489013671876,0.00035068532451987267,-0.0001080813817679882,0.0013164406409487128
1746728855195506000,15.613505859375,0.0009938385337591171,-0.0008218083530664444,0.000028802314773201942
1746728855205524000,15.62352392578125,0.0007059574127197266,0.00043803825974464417,0.0005943540018051863
1746728855215541800,15.633541748046875,0.0007150121964514256,0.0007847817614674568,0.00017064507119357586
1746728855225560000,15.64356005859375,0.0020653263200074434,-0.0007173460908234119,0.0012616408057510853
1746728855235577900,15.653577880859375,-0.00006174016743898392,-0.00043531740084290504,-0.0032652001827955246
1746728855245596000,15.663595947265625,-0.0006184913218021393,0.0007512778975069523,0.0008953539654612541
1746728855255614000,15.673614013671875,-0.002598817925900221,-0.0007315701805055141,-0.0020628853235393763
1746728855265632000,15.683632080078125,0.0031205182895064354,-0.000143527053296566,-0.0003645084798336029
1746728855275650000,15.693650146484375,-0.000513098668307066,-0.0009483341127634048,-0.002007146133109927
1746728855285667800,15.703667724609375,-0.0007310807704925537,0.0018190499395132065,-0.0013947556726634502
1746728855295686000,15.713685791015624,0.0004143449477851391,0.0005756202153861523,0.002259900327771902
1746728855305703000,15.723702880859374,0.0019078922923654318,0.0013142353855073452,-0.0002089997287839651
1746728855315721000,15.733720947265626,0.001143831294029951,-0.0006607649847865105,0.002298366278409958
1746728855325739000,15.743739013671876,0.0003668060526251793,-0.0019628191366791725,-0.0003786426968872547
1746728855335757000,15.753757080078126,0.0007375180721282959,-0.0010924981907010078,0.0002218999434262514
1746728855345774800,15.76377490234375,-0.00010875985026359558,-0.0006167502142488956,0.0007952672895044088
1746728855355793000,15.77379296875,-0.0004523075185716152,-0.0021027943585067987,-0.0010990393348038197
1746728855365811000,15.78381103515625,-0.0007474180310964584,-0.001865218859165907,-0.0010769402142614126
1746728855375829000,15.7938291015625,-0.0006659254431724548,-0.000038290396332740784,-0.0006074251141399145
1746728855385846800,15.8038466796875,-0.0017250506207346916,0.0002200244925916195,0.0015529603697359562
1746728855395865000,15.813864990234375,0.0009668727871030569,-0.0022402035538107157,-0.0007075306493788958
1746728855405883000,15.8238828125,-0.0006886799819767475,-0.0014891554601490498,-0.000313635915517807
1746728855415900000,15.83389990234375,-0.0002620415762066841,-0.0018473509699106216,0.0024496600963175297
1746728855425918000,15.84391796875,0.00035324739292263985,0.0017349859699606895,0.00092280562967062
1746728855435936000,15.85393603515625,-0.0018944605253636837,0.0006886301562190056,0.00012625404633581638
1746728855445953800,15.863953857421874,-0.00032841041684150696,0.0021598534658551216,-0.0011184734757989645
1746728855455971800,15.873971923828124,-0.0006282823160290718,0.0018450673669576645,0.0011318977922201157
1746728855465990000,15.883989990234374,-0.0008271797560155392,-0.0007893303409218788,-0.0022221910767257214
1746728855476008000,15.894008056640626,0.0007821684703230858,-0.000410628505051136,-0.00020830868743360043
1746728855486025700,15.904025634765626,-0.0006204503588378429,0.0018170499242842197,0.00017713755369186401
1746728855496044000,15.9140439453125,0.0007068691775202751,-0.0010565011762082577,-0.00018212292343378067
1746728855506062000,15.92406201171875,-0.0007857214659452438,0.001665571704506874,0.001715282560326159
1746728855516078800,15.934078857421875,-0.00006959773600101471,-0.0018218373879790306,0.0002295051235705614
1746728855526097000,15.944096923828125,0.0006164307706058025,0.00010605156421661377,0.0001895618624985218
1746728855536115000,15.954114990234375,-0.000024858396500349045,-0.0010947678238153458,0.001505163381807506
1746728855546133000,15.964133056640625,-0.000053077004849910736,0.00072889169678092,0.0024251986760646105
1746728855556151000,15.974151123046875,-0.0006347112357616425,0.001218380406498909,-0.0008129389025270939
1746728855566169000,15.984169189453125,0.0013730423524975777,0.0008001308888196945,-0.0013081533834338188
1746728855576187000,15.994186767578125,0.001519782468676567,0.0004730946384370327,-0.0020389249548316
1746728855586205000,16.004204833984375,0.0009388718754053116,0.00043381424620747566,0.0014398387866094708
1746728855596222700,16.01422265625,0.0003527100197970867,0.0007496653124690056,-0.0006427532061934471
1746728855606240500,16.024240478515626,0.0009456730913370848,0.002379057463258505,-0.0016146358102560043
1746728855616258600,16.034258544921876,0.0016008105594664812,-0.0012694727629423141,0.004622220993041992
1746728855626275600,16.044275634765626,-0.000030207447707653046,-0.0006558215245604515,-0.0013369445223361254
1746728855636293600,16.054293701171876,0.00019482942298054695,0.0008022589609026909,0.0012146302033215761
1746728855646311400,16.0643115234375,0.0013156163040548563,0.0007347408682107925,0.004292753990739584
1746728855656329700,16.074329833984375,0.002180877374485135,0.0014977366663515568,0.0012210641289129853
1746728855666347500,16.084347412109373,0.00005389004945755005,0.0013033905997872353,-0.00042127235792577267
1746728855676365600,16.094365478515623,-0.00042574526742100716,0.002217654138803482,-0.0007898539770394564
1746728855686383400,16.10438330078125,0.000777172390371561,-0.00030710408464074135,-0.0006524017080664635
1746728855696401700,16.114401611328127,-0.0001834300346672535,-0.0007459931075572968,0.000946027459576726
1746728855706419700,16.124419677734377,-0.00002031167969107628,-0.0005794819444417953,0.00010391161777079105
1746728855716437500,16.1344375,0.0009378937538713217,-0.000023413915187120438,-0.0007368482183665037
1746728855726454500,16.14445458984375,-0.0011903191916644573,0.00044391117990016937,-0.0017579691484570503
1746728855736472600,16.15447265625,0.0019394278060644865,-0.0021923519670963287,0.0006937368307262659
1746728855746490400,16.164490478515624,-0.000003876630216836929,-0.000035645440220832825,0.0003032502718269825
1746728855756508700,16.1745087890625,0.0014209146611392498,0.0003656926564872265,0.001102464972063899
1746728855766526700,16.184526611328124,0.00043727317824959755,0.00016476958990097046,-0.0000846481416374445
1746728855776544500,16.19454443359375,0.0018697872292250395,0.000775432214140892,0.0026253846008330584
1746728855786562600,16.2045625,-0.0009623332880437374,-0.000727836973965168,-0.0013706791214644909
1746728855796580600,16.21458056640625,-0.00038842204958200455,0.0007342384196817875,0.0008416087366640568
1746728855806598700,16.2245986328125,0.000573732890188694,0.00026966677978634834,-0.0014308651443570852
1746728855816616400,16.234616455078125,0.0030973441898822784,-0.0011631138622760773,0.001214719144627452
1746728855826633700,16.2446337890625,-0.0017703361809253693,-0.0008077751845121384,0.0031956688035279512
1746728855836651500,16.254651611328125,0.001211871625855565,-0.00037075020372867584,-0.001289627281948924
1746728855846669600,16.264669677734375,-0.001923820935189724,-0.0011190380901098251,-0.0008892228361219168
1746728855856687600,16.2746875,0.0005023190751671791,-0.0006260871887207031,0.0030607779044657946
1746728855866705700,16.28470556640625,-0.0009533264674246311,0.001176158431917429,0.0008819159120321274
1746728855876723500,16.294723388671876,0.0014025059062987566,0.00007307715713977814,0.0011591508518904448
1746728855886741800,16.30474169921875,-0.0003631953150033951,0.0015193070285022259,0.0005968122277408838
1746728855896759600,16.314759521484376,-0.00015200627967715263,-0.0006447774358093739,0.0005257059819996357
1746728855906777600,16.324777587890626,0.0007453705184161663,-0.00003443146124482155,0.000010300427675247192
1746728855916795400,16.33479541015625,0.0011890530586242676,0.0027280650101602077,-0.000024853507056832314
1746728855926813700,16.344813720703126,-0.0015393169596791267,0.0005420837551355362,0.0005817709024995565
1746728855936830500,16.35483056640625,0.0006695087067782879,-0.0000739055685698986,-0.0009996143635362387
1746728855946848500,16.3648486328125,-0.0010068346746265888,0.0018102684989571571,0.000947634456679225
1746728855956866600,16.374866455078124,0.0006986535154283047,0.00136125972494483,-0.0018502823077142239
1746728855966884600,16.384884521484373,0.00012577977031469345,-0.001069946214556694,0.0017663472099229693
1746728855976902400,16.39490234375,0.001989459851756692,0.000798793975263834,0.00047178473323583603
1746728855986920700,16.404920654296873,-0.00206177681684494,0.001404807437211275,-0.0005447003059089184
1746728855996938800,16.414938720703127,-0.0005562920123338699,0.0010633901692926884,0.0009362834971398115
1746728856006956500,16.42495654296875,0.0019560130313038826,0.0018646595999598503,0.00048705399967730045
1746728856016974600,16.434974609375,0.0009317612275481224,0.00041297031566500664,-0.00008632452227175236
1746728856026992600,16.44499267578125,-0.0012208526022732258,-0.00155203090980649,0.00038383202627301216
1746728856037010700,16.4550107421875,-0.00042510032653808594,0.0009510740637779236,0.001690112636424601
1746728856047027700,16.46502783203125,0.0013924927916377783,0.0014694328419864178,0.000965719111263752
1746728856057045800,16.475045654296874,-0.0009444309398531914,-0.001562576275318861,-0.0020748116075992584
1746728856067063600,16.4850634765625,-0.00008090632036328316,-0.0019618868827819824,0.0014419666258618236
1746728856077081600,16.49508154296875,0.000674898736178875,0.0017556194216012955,0.0005436823703348637
1746728856087099600,16.505099609375,0.0004629185423254967,-0.00008070934563875198,0.0008620521984994411
1746728856097117700,16.51511767578125,-0.0005373652093112469,-0.0011923126876354218,0.0007025287486612797
1746728856107135500,16.525135498046875,-0.0006997999735176563,-0.0018262402154505253,0.00007511582225561142
1746728856117153500,16.535153564453125,0.0003247177228331566,-0.0019420874305069447,0.00015101605094969273
1746728856127171600,16.545171630859375,-0.0002987603656947613,-0.0011874609626829624,0.0023650899529457092
1746728856137189600,16.555189697265625,0.00009192526340484619,0.0007649022154510021,0.0003464138135313988
1746728856147207400,16.56520751953125,0.0016496293246746063,-0.0008331541903316975,0.0018881193827837706
1746728856157224700,16.575224609375,-0.0031632352620363235,-0.0007303562015295029,0.004615462385118008
1746728856167242500,16.585242431640626,0.00033184560015797615,-0.0019705970771610737,0.00042548589408397675
1746728856177260500,16.595260498046876,0.00007138866931200027,0.0028238920494914055,0.0009456013794988394
1746728856187278600,16.605278564453126,0.001544281141832471,-0.003146002534776926,-0.0011780124623328447
1746728856197296600,16.615296630859376,0.0002425280399620533,0.0002713659778237343,0.0011716944864019752
1746728856207314400,16.625314453125,0.0005172784440219402,0.0012944769114255905,0.0014603903982788324
1746728856217332500,16.63533251953125,0.0006722742691636086,0.000019622035324573517,-0.0014467162545770407
1746728856227350800,16.645350830078126,-0.0014662756584584713,-0.001220040488988161,0.0012379479594528675
1746728856237368600,16.65536865234375,0.000949743902310729,-0.0020597351249307394,0.0008821496739983559
1746728856247386600,16.66538671875,-0.0005113966763019562,0.0018021180294454098,0.0009108651429414749
1746728856257403600,16.675403564453124,0.00022017396986484528,0.0017182286828756332,3.30386683344841e-7
1746728856267421400,16.68542138671875,-0.0006835777312517166,-0.0018314598128199577,0.001646346994675696
1746728856277439500,16.695439453125,0.0002613118849694729,-0.0014674058184027672,0.0013448771787807345
1746728856287457800,16.705457763671873,-0.0007073665037751198,0.0015018596313893795,-0.0011673036497086287
1746728856297475600,16.7154755859375,0.00025936076417565346,0.0020107896998524666,-0.00031855423003435135
1746728856307493600,16.72549365234375,-0.0007107392884790897,0.0008181948214769363,0.0002926602028310299
1746728856317511700,16.73551171875,0.00046797608956694603,-0.0005762362852692604,0.0006963955238461494
1746728856327529700,16.74552978515625,0.0013304809108376503,0.00004286179319024086,0.00002449098974466324
1746728856337547500,16.755547607421875,-0.0003169504925608635,0.0014199824072420597,-0.0037609259597957134
1746728856347565600,16.765565673828124,-0.0007960246875882149,-0.0004424853250384331,0.0032438163179904222
1746728856357583600,16.77558349609375,-0.00075154984369874,0.00040386710315942764,-0.0008523918222635984
1746728856367600600,16.7856005859375,0.00003439188003540039,0.00038264039903879166,-0.001123826950788498
1746728856377618400,16.795618408203126,0.0028738542459905148,-0.0009454777464270592,-0.0018210425041615963
1746728856387636700,16.80563671875,0.000868441304191947,0.002221632283180952,0.0010137842036783695
1746728856397654500,16.815654541015626,-0.0014088279567658901,-0.00016748951748013496,0.0010870213154703379
1746728856407672600,16.825672607421875,0.0015248267445713282,0.0008872509934008121,-0.0007931252475827932
1746728856417690600,16.835690673828125,-0.002581767737865448,-0.002808684017509222,-0.0010445278603583574
1746728856427708700,16.845708740234375,0.0009777264203876257,0.0011519575491547585,0.00043878378346562386
1746728856437726500,16.8557265625,-0.0003442666493356228,0.0008494225330650806,-0.001038737827911973
1746728856447744500,16.86574462890625,0.000912416260689497,-0.004068097565323114,-0.00065971864387393
1746728856457762600,16.875762451171877,-0.002015995793044567,0.0013346574269235134,0.0009957023430615664
1746728856467779600,16.885779541015626,-0.00095362588763237,-0.0015048845671117306,0.0020084716379642487
1746728856477797600,16.895797607421876,-0.00011419737711548805,0.0007420242764055729,0.0012846244499087334
1746728856487815700,16.905815673828126,0.0020561241544783115,-0.0021006185561418533,0.0004451344721019268
1746728856497833500,16.91583349609375,-0.0011109071783721447,0.0011340570636093616,0.0018092055106535554
1746728856507851500,16.9258515625,-0.0021901195868849754,0.0005409615114331245,0.001418470754288137
1746728856517869800,16.935869873046876,0.0000940738245844841,0.0003590676933526993,0.0005129959899932146
1746728856527887600,16.9458876953125,-0.0005584326572716236,-0.000469808466732502,-0.00021791434846818447
1746728856537905700,16.95590576171875,0.0004365243948996067,-0.0029052693862468004,-0.0005377598572522402
1746728856547923500,16.96592333984375,-0.0005377219058573246,-0.00014431774616241455,-0.00035113166086375713
1746728856557941800,16.975941650390624,0.00045670242980122566,0.00003251573070883751,-0.002142107579857111
1746728856567959600,16.98595947265625,-0.00040323613211512566,-0.0010181362740695477,-0.0026467798743396997
1746728856577976600,16.9959765625,0.000051365233957767487,-0.0007145358249545097,0.0014275902649387717
1746728856587994600,17.00599462890625,-0.000034629832953214645,-0.001061116810888052,-0.0031172465533018112
1746728856598013000,17.016012939453127,-0.0018410519696772099,0.00182308629155159,0.0018836372764781117
1746728856608031000,17.026031005859377,-0.00009718863293528557,0.0003770478069782257,0.0008169990032911301
1746728856618049000,17.036049072265627,0.000300687737762928,0.0011720014736056328,0.0008201948367059231
1746728856628067000,17.046067138671877,-0.0001329430378973484,-0.0019258707761764526,0.0027296317275613546
1746728856638084900,17.0560849609375,-0.0008538607507944107,-0.000997492577880621,-0.0011607138440012932
1746728856648103000,17.06610302734375,-0.001781325787305832,0.00040892837569117546,-0.001738442573696375
1746728856658121000,17.076120849609374,0.0003002011217176914,-0.001045689918100834,0.0010179292876273394
1746728856668139000,17.086138916015624,-0.000007527414709329605,-0.0011293776333332062,-0.00137314572930336
1746728856678155800,17.09615576171875,-0.0008871695026755333,0.0004344307817518711,-0.00033184955827891827
1746728856688174000,17.106174072265624,0.0018991935066878796,-0.0018533328548073769,0.00041936570778489113
1746728856698192000,17.11619189453125,0.000454961322247982,-0.000944928266108036,-0.00022432045079767704
1746728856708210000,17.1262099609375,-0.0013342257589101791,-0.001875024288892746,-0.0026870446745306253
1746728856718228000,17.13622802734375,-0.00020318152382969856,-0.0006326595321297646,-0.002558414125815034
1746728856728246000,17.14624609375,0.0003228699788451195,-0.0005442756228148937,0.0002225828357040882
1746728856738263800,17.156263916015625,0.00031834235414862633,0.0007524173706769943,-0.0005531960632652044
1746728856748281900,17.16628173828125,-0.001515279058367014,0.00015318067744374275,0.0008613455574959517
1746728856758300000,17.1762998046875,-0.0005243169143795967,-0.0018825395964086056,-0.002502226736396551
1746728856768318000,17.18631787109375,-0.000256901141256094,-0.0005897548981010914,0.0006643370725214481
1746728856778335000,17.1963349609375,0.0009050359949469566,-0.000647012609988451,0.002249983139336109
1746728856788353000,17.20635302734375,-0.001841680146753788,-0.0015143556520342827,0.00195221824105829
1746728856798370800,17.216370849609376,0.00014876620844006538,-0.00013110972940921783,-0.00042971293441951275
1746728856808388900,17.226388916015626,0.0007939732167869806,-0.000059349462389945984,-0.0019725908059626818
1746728856818407000,17.236406982421876,0.0018264809623360634,-0.00007879035547375679,-0.0005637789145112038
1746728856828425000,17.246425048828126,-0.000013919081538915634,-0.002337516751140356,-0.000471900450065732
1746728856838443000,17.256443115234376,0.001668133307248354,0.0007157973013818264,0.0018325328128412366
1746728856848460800,17.266460693359374,-0.001718107145279646,-0.0010465704835951328,-0.00044103083200752735
1746728856858479000,17.27647900390625,0.0013131026644259691,0.0003497246652841568,-0.0012927099596709013
1746728856868497000,17.286496826171874,0.0004127207212150097,0.0004052473232150078,-0.0009015011601150036
1746728856878515000,17.296514892578124,0.0009163243230432272,-0.00010341638699173927,0.001177362515591085
1746728856888533000,17.306532958984373,0.002320711500942707,-0.001438808161765337,0.0013365473132580519
1746728856898550000,17.316550048828127,0.001160105923190713,0.00011834176257252693,0.0009695638436824083
1746728856908567800,17.32656787109375,0.00003542797639966011,-0.00025182170793414116,0.0012299097143113613
1746728856918586000,17.336586181640627,-0.001536369789391756,0.0035828636027872562,-0.0014758617617189884
1746728856928604000,17.34660400390625,-0.00039525236934423447,-0.00034521985799074173,0.003261254634708166
1746728856938622000,17.3566220703125,-0.00026662135496735573,-0.0006956919096410275,-0.0011473423801362514
1746728856948639700,17.3666396484375,0.0000030170194804668427,0.0013519437052309513,-0.0025490615516901016
1746728856958658000,17.376657958984374,0.0003966321237385273,-0.0002741822972893715,-0.0007527591660618782
1746728856968675800,17.38667578125,-0.00004260195419192314,0.0008085197769105434,-0.0014377962797880173
1746728856978694000,17.39669384765625,-0.0005603204481303692,-0.000903093721717596,-0.001717694103717804
1746728856988712000,17.4067119140625,0.0010849134996533394,-0.0008343998342752457,-0.001518254866823554
1746728856998729000,17.41672900390625,-0.00021284492686390877,-0.0010282783769071102,-0.000985089922323823
1746728857008746800,17.426746826171875,0.002911417977884412,0.000764752272516489,-0.0010179635137319565
1746728857018765000,17.43676513671875,-0.0019669602625072002,0.0004294603131711483,-0.0016749654896557331
1746728857028782800,17.446782958984375,-0.0010876660235226154,-0.00029779504984617233,-0.0005422304384410381
1746728857038801000,17.45680078125,-0.0006000413559377193,0.0004894356243312359,-0.0016836614813655615
1746728857048819000,17.46681884765625,-0.002074151299893856,0.0009888731874525547,-0.0009013831149786711
1746728857058837000,17.4768369140625,-0.0005231266841292381,0.0005188253708183765,0.00100091309286654
1746728857068855000,17.48685498046875,-0.0008960766717791557,-0.0007826224900782108,0.0009151620324701071
1746728857078872800,17.496872802734377,0.0005321763455867767,0.0006538867019116879,0.0012611066922545433
1746728857088891100,17.50689111328125,-0.0002911193296313286,-0.0007330821827054024,0.00109644397161901
1746728857098909000,17.516908935546876,0.00003378652036190033,-0.00020977109670639038,0.0010019016917794943
1746728857108925700,17.52692578125,0.00029830774292349815,0.0010803276672959328,0.002082724589854479
1746728857118944000,17.536944091796876,-0.0006156889721751213,0.0003953627310693264,-0.0011996212415397167
1746728857128962000,17.546962158203126,0.0009088555816560984,-0.0003762338310480118,0.0012577647576108575
1746728857138979800,17.556979736328124,0.000330150593072176,-0.0006401529535651207,0.003202405059710145
1746728857148998100,17.566998046875,-0.00027954718098044395,-0.0008720187470316887,0.00034177862107753754
1746728857159016000,17.577015869140624,0.00045655015856027603,0.0011804793030023575,-0.000728545943275094
1746728857169034000,17.587033935546874,0.0015853531658649445,0.001482110470533371,0.0013809934025630355
1746728857179051800,17.5970517578125,-0.002343342173844576,0.0000711679458618164,0.0021940565202385187
1746728857189070000,17.607070068359373,0.001707223942503333,0.0004900931380689144,-0.0014900497626513243
1746728857199087900,17.617087890625,-0.0012089372612535954,0.0008309776894748211,-0.0013907139655202627
1746728857209106000,17.62710595703125,0.00016747228801250458,0.0006152340210974216,-0.0016835113056004047
1746728857219123000,17.637123046875,-0.0017555966041982174,-0.0005336538888514042,0.0012853805674239993
1746728857229141000,17.64714111328125,0.000835649436339736,0.0010853852145373821,-0.0023825266398489475
1746728857239158800,17.65715869140625,-0.0004570488817989826,-0.0010555298067629337,-0.0012136651203036308
1746728857249177000,17.667177001953124,0.0003402852453291416,-0.00012422772124409676,0.001215385738760233
1746728857259195000,17.67719482421875,0.0008992829825729132,-0.0010504750534892082,-0.0011066244915127754
1746728857269213000,17.687212890625,0.0018007070757448673,0.0007203258574008942,-0.002635861746966839
1746728857279230700,17.697230712890626,-0.0009918836876749992,0.0009634722955524921,0.0014435681514441967
1746728857289249000,17.7072490234375,0.0008881054818630219,-0.004235517233610153,-0.0010033340658992529
1746728857299266800,17.717266845703126,0.0003163246437907219,0.0005243504419922829,-0.002359948353841901
1746728857309284900,17.727284912109376,-0.0007748967036604881,0.0008793282322585583,0.0010012341663241386
1746728857319302000,17.737302001953125,0.00038064876571297646,-0.0010858182795345783,-0.0021966896019876003
1746728857329320000,17.74731982421875,-0.001922860275954008,0.0002180389128625393,-0.0013650564942508936
1746728857339337700,17.757337646484373,-0.002229123841971159,-0.0008818465285003185,0.00046986155211925507
1746728857349356000,17.76735595703125,0.0007480727508664131,0.0008663525804877281,0.00012838467955589294
1746728857359374000,17.7773740234375,-0.00033104000613093376,-0.001972310710698366,0.0008322582580149174
1746728857369391900,17.787391845703127,-0.0010316958650946617,0.0005216351710259914,0.0012376201339066029
1746728857379410000,17.797409912109377,0.00018696673214435577,-0.0015841261483728886,0.0005883413832634687
1746728857389428000,17.807427978515626,0.001584853045642376,0.002047410700470209,-0.0013486742973327637
1746728857399446000,17.817446044921876,-0.00024873344227671623,0.00018000183627009392,0.0030058603733778
1746728857409463800,17.8274638671875,0.0018282178789377213,0.0011635823175311089,-0.0015425055753439665
1746728857419482000,17.837482177734376,-0.001301528885960579,-0.004185909405350685,-0.00035260547883808613
1746728857429499000,17.847498779296874,-0.00028499215841293335,0.0017476994544267654,-0.0029690538067370653
1746728857439517000,17.857516845703124,0.0015869438648223877,-0.001558614894747734,-0.0017075145151466131
1746728857449535000,17.867534912109374,0.00005525490269064903,0.002790427766740322,0.0006102195475250483
1746728857459553000,17.877552978515624,0.0009492780081927776,0.0015392741188406944,-0.0021956870332360268
1746728857469570800,17.88757080078125,-0.0015443661250174046,-0.0010607563890516758,-0.0010882553178817034
1746728857479588900,17.8975888671875,0.000660730991512537,0.00008440297096967697,-0.0006171420682221651
1746728857489607000,17.90760693359375,0.0013098132330924273,-0.0007636235095560551,-0.0015786841977387667
1746728857499625000,17.917625,-0.0008316347375512123,-0.0005574948154389858,0.0007246839813888073
1746728857509642800,17.927642822265625,-0.0015553012490272522,-0.0009247218258678913,-0.00033113337121903896
1746728857519661000,17.9376611328125,-0.0006612781435251236,-0.0009300480596721172,-0.001575628761202097
1746728857529677800,17.947677734375,-0.0018741297535598278,0.0000026151537895202637,-0.0022282975260168314
1746728857539695900,17.95769580078125,-0.0006573311984539032,0.001162954606115818,-0.002108455402776599
1746728857549714000,17.9677138671875,0.00196595280431211,-0.0007358030416071415,-0.0016345069743692875
1746728857559732000,17.97773193359375,-0.0016743219457566738,-0.000573350116610527,-0.0034260153770446777
1746728857569749800,17.987749755859376,-0.0009333719499409199,-0.0008922037668526173,-0.0013080292847007513
1746728857579768000,17.99776806640625,0.001368398079648614,0.0012095626443624496,-0.00032186065800487995
1746728857589785900,18.007785888671876,-0.0026793829165399075,0.00045025814324617386,-0.0016221108380705118
1746728857599803400,18.017803466796874,0.0002138754352927208,0.0008412101306021214,-0.0016878910828381777
1746728857609821400,18.027821533203124,-0.00012440327554941177,-0.0017720055766403675,0.0012640540953725576
1746728857619839500,18.037839599609374,0.0014324805233627558,0.001244556624442339,0.0012962783221155405
1746728857629857500,18.047857421875,-0.001531622838228941,0.0019099791534245014,-0.0005371647421270609
1746728857639874600,18.05787451171875,-0.0019763708114624023,-0.001380888745188713,0.0013731207000091672
1746728857649892600,18.067892578125,0.0007694542873650789,-0.00010263966396450996,-0.0012126401998102665
1746728857659910400,18.077910400390625,-0.002862831111997366,-0.002131702145561576,0.00011627725325524807
1746728857669928400,18.087928466796875,-0.0009923288598656654,-0.0004160176031291485,0.0015048347413539886
1746728857679946500,18.097946533203125,-0.0025068684481084347,-0.0009715529158711433,0.002428152598440647
1746728857689964500,18.107964599609375,-0.0020687594078481197,-0.0012098387815058231,0.0013208268210291862
1746728857699982300,18.117982421875,-0.0008162748999893665,-0.00022606737911701202,0.0008084345608949661
1746728857710000600,18.128000732421874,-0.00031511252745985985,-0.0014340286143124104,0.003620542585849762
1746728857720018400,18.138018310546876,-0.0010091322474181652,-0.0010625175200402737,0.002309468574821949
1746728857730036500,18.148036376953126,0.00028389692306518555,-0.0000429004430770874,0.0009249893482774496
1746728857740053500,18.158053466796876,0.0018679448403418064,-0.0010245414450764656,0.002346052322536707
1746728857750071600,18.168071533203126,-0.000685947947204113,-0.0011779069900512695,0.0011969078332185745
1746728857760089300,18.17808935546875,-0.0005298866890370846,0.0008764555677771568,0.001192114083096385
1746728857770107400,18.188107421875,-0.001236780546605587,0.0002870243042707443,0.0013516544131562114
1746728857780125400,18.19812548828125,-0.0003885640762746334,0.0002707787789404392,-0.00008858297951519489
1746728857790143500,18.2081435546875,0.0014292674604803324,0.0005654417909681797,-0.002537311753258109
1746728857800161300,18.218161376953127,-0.0003547840751707554,-0.0007075490429997444,0.00189924833830446
1746728857810179600,18.2281796875,-0.0019080745987594128,-0.00019051972776651382,-0.0010505649261176586
1746728857820197600,18.23819775390625,0.0004909010604023933,0.0004052291624248028,-0.00016719428822398186
1746728857830215400,18.24821533203125,-0.0010027945972979069,0.0015615462325513363,-0.0004892980214208364
1746728857840232400,18.258232421875,0.0017980518750846386,-0.0009894957765936852,-0.0007188625168055296
1746728857850250500,18.26825048828125,-0.000042370520532131195,-0.0006086560897529125,-0.0013594822958111763
1746728857860268300,18.278268310546874,-0.0003955056890845299,0.00014901300892233849,-0.0015381802804768085
1746728857870286600,18.28828662109375,-0.0027287867851555347,0.0017218650318682194,0.0010663724970072508
1746728857880304600,18.2983046875,0.0017048439476639032,-0.00013089599087834358,-0.00008171633817255497
1746728857890322400,18.308322509765624,0.000854182057082653,0.0015306714922189713,0.00031573022715747356
1746728857900340500,18.318340576171874,0.0009298159275203943,0.0006712698377668858,-0.0008504679426550865
1746728857910358500,18.328358642578124,-0.0005237692967057228,-0.0007011382840573788,-0.0010636267252266407
1746728857920376600,18.33837646484375,0.0006818436086177826,-0.0007876912131905556,0.00007460848428308964
1746728857930394400,18.348394287109375,0.000695365946739912,-0.0006824824959039688,0.0002592576202005148
1746728857940412400,18.358412353515625,0.0007275901734828949,-0.00023453868925571442,-0.0010014830622822046
1746728857950429400,18.368429443359375,-0.0005695074796676636,0.0018079164437949657,-0.001187946880236268
1746728857960447500,18.378447509765625,-0.00007708882912993431,-0.0002999757416546345,-0.0015237715560942888
1746728857970465500,18.388465576171875,-0.0002647712826728821,0.0007015829905867577,-0.00010911165736615658
1746728857980483600,18.398483642578125,0.0009200689382851124,-0.0014326744712889194,0.000401416327804327
1746728857990501400,18.40850146484375,-0.0019646859727799892,0.000817340798676014,0.0011270897230133414
1746728858000519400,18.41851953125,-0.000483968760818243,0.00026872940361499786,0.0015446733450517058
1746728858010537500,18.428537353515626,-0.0016457266174256802,0.00034633977338671684,-0.0016488081309944391
1746728858020555500,18.438555419921876,-0.001756514422595501,-0.00006778165698051453,0.0015373978530988097
1746728858030573300,18.4485732421875,-0.0008601723238825798,-0.0005566072650253773,0.0014257851289585233
1746728858040591400,18.45859130859375,0.0016453296411782503,-0.0007992214523255825,0.0001993994228541851
1746728858050608400,18.4686083984375,-0.002652142196893692,-5.359761416912079e-7,-0.000713840126991272
1746728858060626400,18.47862646484375,0.0012576445005834103,0.0015941648744046688,-0.0006411357317119837
1746728858070644500,18.48864453125,0.0007433728314936161,-0.0009576166048645973,-0.00041372422128915787
1746728858080662500,18.49866259765625,-0.0016801035962998867,-0.003217042423784733,0.0013218579115346074
1746728858090680300,18.508680419921873,0.0013482917565852404,0.00011548958718776703,0.0012818658724427223
1746728858100698400,18.518698486328127,-0.001102082896977663,-0.003019583411514759,0.0008096874225884676
1746728858110716700,18.528716552734377,-0.001162494532763958,-0.00006842892616987228,0.00012330012395977974
1746728858120734500,18.538734375,0.0028998912312090397,-0.0018886993639171124,-0.0005608659703284502
1746728858130752500,18.54875244140625,-0.0001959209330379963,-0.00022546015679836273,0.0014461824903264642
1746728858140770600,18.5587705078125,0.00019556377083063126,-0.0015831398777663708,-0.000558911357074976
1746728858150788600,18.56878857421875,-0.0008046324364840984,0.0006394945085048676,0.00207326072268188
1746728858160805400,18.578805419921874,0.0002646264620125294,0.0002884902060031891,-0.0012913767714053392
1746728858170823700,18.58882373046875,-0.0021252231672406197,-0.001874295063316822,-0.0011471498291939497
1746728858180841500,18.598841552734374,-0.00028737587854266167,-0.0007951823063194752,-0.00016231252811849117
1746728858190859500,18.608859619140624,0.0011424189433455467,-0.0011276677250862122,-0.001829440938308835
1746728858200877300,18.618877197265626,0.0011237768922001123,-0.00017239199951291084,0.001336524961516261
1746728858210895600,18.6288955078125,0.0016859897878021002,-0.0015578866004943848,0.0009766805451363325
1746728858220913400,18.638913330078125,0.0031256945803761482,-0.0011996915563941002,0.0002336585894227028
1746728858230931500,18.648931396484375,-0.0006234291940927505,-0.0004681730642914772,-0.0015740299131721258
1746728858240949500,18.658949462890625,0.0004769889637827873,-0.0007094554603099823,-0.0015095809940248728
1746728858250967600,18.668967529296875,0.000009374227374792099,-0.0009312075562775135,-0.0011874185875058174
1746728858260985300,18.6789853515625,-0.0017278054729104042,0.0003377883695065975,0.0029620525892823935
1746728858271002600,18.689002685546875,-0.0006506573408842087,-0.001113829668611288,-0.0015060626901686192
1746728858281020400,18.6990205078125,-0.0019145933911204338,0.00024171918630599976,-0.003374270163476467
1746728858291038500,18.70903857421875,0.00012033572420477867,0.0030033672228455544,0.0026811871211975813
1746728858301056500,18.719056396484376,0.0001530926674604416,0.0019383691251277924,-0.0010887838434427977
1746728858311074600,18.729074462890626,0.00005002599209547043,-0.00044162943959236145,0.0009453236125409603
1746728858321092400,18.73909228515625,0.002823441755026579,0.0007027308456599712,-0.001398258376866579
1746728858331110400,18.7491103515625,0.000667821615934372,0.0019760606810450554,-0.00009466498158872128
1746728858341128700,18.759128662109376,-0.0006022397428750992,-0.0005888300947844982,0.0035645184107124805
1746728858351146500,18.769146484375,0.0017365796957165003,-0.0014001689851284027,0.0008438699878752232
1746728858361164500,18.77916455078125,0.000322174746543169,0.0012227785773575306,-0.0001287164632230997
1746728858371181600,18.789181640625,0.0006083524785935879,-0.00014644674956798553,0.000533730024471879
1746728858381199400,18.799199462890623,0.0017857360653579235,0.0026125884614884853,-0.00020183506421744823
1746728858391217400,18.809217529296873,-0.00005819043144583702,0.0013297772966325283,-0.0006384493317455053
1746728858401235500,18.8192353515625,0.0005332976579666138,-0.0009291158057749271,-0.00039077550172805786
1746728858411253500,18.82925341796875,0.0005886098369956017,-0.001635716762393713,-0.00048427865840494633
1746728858421271600,18.839271484375,0.0013947489205747843,0.0007046693935990334,-0.0013498060870915651
1746728858431289300,18.849289306640625,-0.0007109465077519417,-0.0007477202452719212,-0.0006135257426649332
1746728858441307600,18.8593076171875,-0.00007684808224439621,0.0006480421870946884,-0.0023009045980870724
1746728858451325400,18.869325439453124,-0.00007341522723436356,0.000663279090076685,0.0006450526416301727
1746728858461343500,18.879343505859374,0.0022206318099051714,0.0009724716655910015,-0.0019371486268937588
1746728858471361300,18.889361328125,-0.0003161737695336342,-0.0008476297371089458,0.0004819878377020359
1746728858481378600,18.899378662109374,0.0006974251009523869,0.0010456112213432789,-0.0020080674439668655
1746728858491396400,18.909396240234376,0.0019428657833486795,0.0015275483019649982,-0.000377018703147769
1746728858501414700,18.91941455078125,-0.0017546671442687511,-0.00008313171565532684,-0.0005559830460697412
1746728858511432400,18.929432373046875,0.0007421658374369144,0.0003280383534729481,-0.00008582812733948231
1746728858521450500,18.939450439453125,-0.0018333769403398037,-0.00040859170258045197,0.0015397652750834823
1746728858531468300,18.94946826171875,-0.0008274205029010773,-0.000534785445779562,0.0016411319375038147
1746728858541486600,18.959486572265625,0.0010879249311983585,-0.0015049749054014683,-0.0028699967078864574
1746728858551504400,18.96950439453125,-0.00010539591312408447,-0.0019683807622641325,-0.0002584985923022032
1746728858561522400,18.9795224609375,-0.0009765159338712692,-0.00002853432670235634,-0.0014728999231010675
1746728858571540500,18.98954052734375,0.00020591169595718384,-0.0017533204518258572,0.0008566395845264196
1746728858581558500,18.99955859375,0.0015939511358737946,0.0017183762975037098,0.0016268258914351463
1746728858591575300,19.0095751953125,0.0018134850542992353,0.0004402189515531063,-0.0005505764856934547
1746728858601594000,19.019593994140624,0.0008400995284318924,-0.002833338687196374,0.0027634610887616873
1746728858611612400,19.0296123046875,-0.00004568137228488922,0.0004175044596195221,-0.00012443424202501774
1746728858621630200,19.039630126953124,-0.0020294697023928165,0.000012703705579042435,0.0002052648924291134
1746728858631648300,19.049648193359374,0.0008249962702393532,-0.0006777890957891941,0.00013578473590314388
1746728858641666300,19.059666259765624,0.0005317819304764271,-0.0008450355380773544,0.0005799999926239252
1746728858651684400,19.069684326171874,0.00026668980717658997,0.0008208723738789558,0.0021886678878217936
1746728858661702400,19.079702392578124,0.002188693266361952,-0.0020452216267585754,-0.001710999058559537
1746728858671720200,19.08972021484375,-0.0007878132164478302,-0.001829582266509533,0.0006827912293374538
1746728858681738500,19.099738525390624,0.0002404334954917431,0.0017284005880355835,0.0014529775362461805
1746728858691755300,19.10975537109375,0.0007019294425845146,0.0006323894485831261,0.00028819823637604713
1746728858701773300,19.119773193359375,-0.0037498106248676777,0.0008630193769931793,0.002453614491969347
1746728858711791400,19.129791259765625,-0.0010228566825389862,0.00046491483226418495,0.002847281051799655
1746728858721809400,19.139809326171875,0.0031966557726264,0.0021144766360521317,0.001317827613092959
1746728858731827200,19.1498271484375,-0.0013302043080329895,0.0018740748055279255,0.0008987768087536097
1746728858741845200,19.15984521484375,0.0001696879044175148,-0.000051124487072229385,0.0011208843206986785
1746728858751863300,19.16986328125,0.000018539372831583023,-0.0002028224989771843,0.0009170728735625744
1746728858761881300,19.17988134765625,0.0005919178947806358,-0.0025266967713832855,0.0011176088592037559
1746728858771899100,19.189899169921876,-0.0008326210081577301,-0.0012586391530930996,-0.00012441352009773254
1746728858781917400,19.19991748046875,0.0012853911612182856,0.0008982550352811813,0.00011207512579858303
1746728858791935200,19.209935302734376,0.001242463244125247,0.002624854911118746,-0.0008914344944059849
1746728858801952300,19.2199521484375,0.00043818866834044456,0.0002756803296506405,-0.000709806801751256
1746728858811970300,19.22997021484375,-0.00025143474340438843,0.000567292794585228,-0.0035694329999387264
1746728858821988400,19.23998828125,0.0017984004225581884,0.0004477165639400482,0.0016969681018963456
1746728858832006100,19.250006103515624,0.0011352435685694218,0.0018564010970294476,0.0003323163837194443
1746728858842024400,19.2600244140625,0.0006247158162295818,0.0002712872810661793,-0.0014003359246999025
1746728858852042200,19.270042236328123,0.0002488805912435055,-0.00034586619585752487,-0.0011110259220004082
1746728858862060300,19.280060302734373,-0.0006395499221980572,-0.0005349507555365562,0.0023484202101826668
1746728858872078300,19.290078369140623,0.0005231625400483608,0.0008580619469285011,0.0008636587299406528
1746728858882096400,19.300096435546877,-0.0001114686019718647,0.002505226992070675,0.0001326210331171751
1746728858892114400,19.310114501953127,0.0019942596554756165,-0.0008013881742954254,-0.0031685817521065474
1746728858902131200,19.320131103515624,0.002556186867877841,0.0008963770233094692,0.001428833114914596
1746728858912149200,19.330149169921874,-0.0015912274830043316,-0.0007764990441501141,-0.00033564167097210884
1746728858922167300,19.340167236328124,-0.0004711020737886429,-0.0011498741805553436,-0.0014339294284582138
1746728858932185300,19.350185302734374,0.0009215592872351408,0.0012341518886387348,-0.0003991557750850916
1746728858942203400,19.360203369140624,-0.000351698137819767,0.0019867611117661,0.0004328156355768442
1746728858952221400,19.370221435546874,-0.0007125530391931534,-0.00035886699333786964,-0.0002844240516424179
1746728858962239200,19.3802392578125,0.0028781869914382696,-0.0029264206532388926,-0.0008439540397375822
1746728858972257300,19.39025732421875,-0.00014621485024690628,0.0006867297925055027,0.0013490980491042137
1746728858982275300,19.400275390625,0.0015781819820404053,0.0020926124416291714,-0.0008701139595359564
1746728858992293400,19.41029345703125,-0.0002800328657031059,0.0016440898180007935,0.0011108776088804007
1746728859002311200,19.420311279296875,0.0009005463216453791,-0.00017058849334716797,0.001763618434779346
1746728859012328400,19.430328369140625,0.0018594281282275915,0.0018576732836663723,0.0015190965496003628
1746728859022346200,19.44034619140625,0.0009563502389937639,0.00004645762965083122,0.0005526354070752859
1746728859032364300,19.4503642578125,0.001940425019711256,-0.00031088199466466904,-0.00034489412792026997
1746728859042382300,19.46038232421875,0.0007404047064483166,0.0008257548324763775,-0.001385124633088708
1746728859052400400,19.470400390625,0.002029240829870105,0.002250680234283209,-0.0008709861431270838
1746728859062418200,19.480418212890626,0.0003719558008015156,-0.0005877162329852581,0.0001958759967237711
1746728859072436200,19.490436279296876,0.0004860125482082367,-0.0006703655235469341,-0.000397358788177371
1746728859082454300,19.500454345703126,0.0015414231456816196,-0.00015664193779230118,-0.0005334462039172649
1746728859092472300,19.510472412109376,0.00027906615287065506,-0.00023610703647136688,0.0017572708893567324
1746728859102490000,19.520489990234374,-0.0008514458313584328,-0.0014798031188547611,0.0011663154000416398
1746728859112507400,19.53050732421875,-0.0014195297844707966,0.00036889128386974335,0.00031263940036296844
1746728859122525200,19.540525146484374,0.0006550727412104607,-0.001326743047684431,-0.0008660757448524237
1746728859132543200,19.550543212890624,0.0007682424038648605,0.002055840566754341,0.0001174767967313528
1746728859142561300,19.560561279296873,0.00006596697494387627,-0.0001673661172389984,-0.002559266285970807
1746728859152579300,19.570579345703123,-0.00012535788118839264,-0.00039297761395573616,-0.0012904172763228416
1746728859162597400,19.580597412109373,-0.0017570769414305687,-0.0008435840718448162,0.0010241360869258642
1746728859172615200,19.590615234375,0.00037366338074207306,0.0012220023199915886,0.00012068147771060467
1746728859182633500,19.600633544921877,-0.002074048388749361,0.0010411734692752361,-0.00024923146702349186
1746728859192651300,19.6106513671875,0.00031980453059077263,0.00009859446436166763,0.00025550764985382557
1746728859202669300,19.62066943359375,-0.0009095105342566967,-0.0008915686048567295,-0.0027261674404144287
1746728859212687400,19.630687255859375,0.0021030425559729338,0.0012548253871500492,0.0018846478778868914
1746728859222704400,19.640704345703124,-0.0006109848618507385,-0.0024064884055405855,0.002647377084940672
1746728859232722200,19.65072216796875,0.0005967789329588413,0.001932679209858179,-0.002655185293406248
1746728859242740500,19.660740478515624,0.00015522679314017296,-0.0016993400640785694,0.001216252101585269
1746728859252758300,19.67075830078125,0.00015852460637688637,-0.0024062213487923145,-0.000699253985658288
1746728859262776300,19.6807763671875,-0.0005698502063751221,-0.008457455784082413,0.004686456639319658
1746728859272794400,19.69079443359375,-0.0004447116516530514,0.0063477773219347,0.000063333660364151
1746728859282812400,19.7008125,0.0005784747190773487,-0.0016813869588077068,0.00005534430965781212
1746728859292830200,19.710830322265625,0.0008616109844297171,-0.0006548152305185795,0.0024144561029970646
1746728859302848300,19.72084814453125,-0.00109874177724123,-0.00028250552713871,0.00031961360946297646
1746728859312866300,19.7308662109375,-0.0017537814565002918,0.0002766801044344902,-0.0025888460222631693
1746728859322883300,19.74088330078125,0.0015306950081139803,0.002100944984704256,-0.00013367785140872002
1746728859332901000,19.750901123046877,0.0018938002176582813,-0.000591915100812912,0.0009472072124481201
1746728859342919400,19.76091943359375,-0.0012841499410569668,0.0006195572204887867,0.0023376436438411474
1746728859352937200,19.770937255859376,0.00048676785081624985,-0.006485368590801954,-0.004929803311824799
1746728859362955300,19.780955322265626,0.0005160626024007797,0.001450585201382637,0.0007930633146315813
1746728859372973300,19.790973388671876,-0.00029804743826389313,0.00024873577058315277,-0.002520778914913535
1746728859382991400,19.800991455078126,-0.000890867318958044,-0.0007185242138803005,-0.00002859276719391346
1746728859393009200,19.811009033203124,0.001860426738858223,-0.0009488333016633987,-0.0006532394327223301
1746728859403027200,19.821027099609374,0.0007315129041671753,0.0006594494916498661,0.0001331919338554144
1746728859413045500,19.83104541015625,0.0005644173361361027,-0.0016065300442278385,-0.0018733800388872623
1746728859423063300,19.841063232421874,0.00006960192695260048,0.000616143923252821,-0.00038520572707057
1746728859433080300,19.851080322265624,-0.0005893651396036148,0.0003137681633234024,-0.000007097609341144562
1746728859443098400,19.861098388671873,-0.002115888986736536,0.0000367993488907814,-0.0015804932918399572
1746728859453116400,19.871116455078123,0.0006838529370725155,-0.00130831403657794,-0.0008948701433837414
1746728859463134200,19.88113427734375,0.000828196294605732,0.00046295439824461937,0.0011893195332959294
1746728859473152500,19.891152587890623,-0.00039469823241233826,-0.0008659670129418373,0.0010487260296940804
1746728859483170300,19.90117041015625,0.000018890947103500366,-0.000710971187800169,-0.002689819550141692
1746728859493188400,19.911188232421875,0.0020735219586640596,-0.00003737211227416992,-0.0004594377242028713
1746728859503206100,19.9212060546875,-0.0007920395582914352,-0.0003790557384490967,-0.0001513098832219839
1746728859513224400,19.931224365234375,-0.0008303937502205372,0.00019923318177461624,0.000819158973172307
1746728859523242200,19.9412421875,0.000491865910589695,0.000815222505480051,0.0016884147189557552
1746728859533259300,19.95125927734375,0.00009357649832963943,-0.0004513924941420555,0.0007178266532719135
1746728859543277300,19.96127734375,-0.0005900571122765541,-0.0005395431071519852,0.0020089270547032356
1746728859553295400,19.97129541015625,0.0003032614476978779,0.0005483157001435757,-0.0001614897046238184
1746728859563313200,19.981313232421876,-0.0012078159488737583,0.0009206258691847324,-0.0013045186642557383
1746728859573331500,19.99133154296875,-0.0010903817601501942,0.0005352511070668697,0.0017760352930054069
1746728859583349200,20.001349365234375,-0.0010312600061297417,0.000975471455603838,-0.0016706276219338179
1746728859593367300,20.0113671875,-0.0010987208224833012,-0.00009548244997859001,-0.0006165546365082264
1746728859603385000,20.021385009765623,0.00043259700760245323,0.00021291151642799377,0.0004068980924785137
1746728859613403400,20.0314033203125,0.0014146030880510807,0.00007840804755687714,-0.0038869213312864304
1746728859623421200,20.041421142578123,0.0015299180522561073,-0.0003069513477385044,0.0004415141884237528
1746728859633439200,20.051439208984377,0.0001859096810221672,-0.0002932208590209484,0.0007869668770581484
1746728859643456300,20.061456298828126,-0.002162199467420578,-0.00003675837069749832,-0.00010732258670032024
1746728859653474300,20.071474365234376,0.0005485075525939465,0.00028134463354945183,0.0010676661040633917
1746728859663492000,20.0814921875,0.0006377235986292362,-0.0012816647067666054,-0.0016463615465909243
1746728859673510400,20.091510498046876,-0.0016859332099556923,-0.0001464327797293663,-0.0008391495794057846
1746728859683528400,20.101528564453126,-0.0018987199291586876,0.0010400055907666683,0.0012591549893841147
1746728859693546200,20.111546142578124,-0.000017183367162942886,-0.0015239762142300606,0.00010519055649638176
1746728859703564300,20.121564208984374,0.0007439479231834412,0.00015514669939875603,0.00010492419824004173
1746728859713582300,20.131582275390624,-0.0007881117053329945,-0.0007461532950401306,-0.0014855738263577223
1746728859723600400,20.141600341796874,-0.0011108866892755032,0.0005670515820384026,-0.0006216445472091436
1746728859733618200,20.1516181640625,0.0016585132107138634,0.001109326258301735,-0.0017252573743462563
1746728859743635500,20.161635498046873,0.0008590323850512505,-0.0009804563596844673,-0.0014317766763269901
1746728859753653200,20.1716533203125,-0.003115298692137003,-0.00260910508222878,-0.0012956219725310802
1746728859763671300,20.18167138671875,0.0003574634902179241,0.002708695363253355,-0.0014516832306981087
1746728859773689300,20.191689453125,-0.00005882559344172478,0.0010266522876918316,-0.00022640428505837917
1746728859783707400,20.201707275390625,0.0017422700766474009,-0.0001952061429619789,0.0040277293883264065
1746728859793725200,20.21172509765625,-0.0007459805347025394,0.0009395736269652843,0.003462408436462283
1746728859803743500,20.221743408203125,0.0017422109376639128,-0.0017851064912974834,0.002049335278570652
1746728859813761300,20.23176123046875,-0.0007383134216070175,-0.0020088618621230125,0.0011712685227394104
1746728859823779300,20.241779296875,0.00015357928350567818,0.0017427331767976284,-0.002242637798190117
1746728859833797000,20.251797119140626,0.0009056087583303452,-0.0004024920053780079,-0.00040164426900446415
1746728859843815400,20.2618154296875,-0.0025985785759985447,-0.00036467472091317177,0.0024631181731820107
1746728859853832200,20.271832275390626,-0.000966221559792757,-0.00015864893794059753,-0.0000068249646574258804
1746728859863850200,20.281850341796876,0.0017430123407393694,0.0018842616118490696,0.0002560289576649666
1746728859873868300,20.291868408203126,0.00033342232927680016,-0.0014632269740104675,-0.0021472019143402576
1746728859883886300,20.30188623046875,-0.0008322433568537235,0.0015783696435391903,0.00031542335636913776
1746728859893904100,20.311904052734373,-0.0005710315890610218,0.001450293231755495,0.0008425891865044832
1746728859903922400,20.32192236328125,0.0016662899870425463,0.001790112815797329,-0.0006314704660326242
1746728859913940200,20.331940185546873,-0.000037742312997579575,0.00023945840075612068,0.0012082515750080347
1746728859923958300,20.341958251953123,-0.0008798339404165745,0.001781961414963007,-0.00028098816983401775
1746728859933976300,20.351976318359377,0.0019122064113616943,0.0022677178494632244,-0.0003332847263664007
1746728859943994400,20.361994384765627,0.0008203103207051754,-0.00035895733162760735,0.00036313198506832123
1746728859954011100,20.37201123046875,0.000804986571893096,0.0007980526424944401,-0.0017439783550798893
1746728859964029400,20.382029541015626,-0.0015622973442077637,-0.00003817956894636154,-0.0009759226813912392
1746728859974047500,20.392047607421876,-0.0013563362881541252,0.0017977491952478886,0.002040133811533451
1746728859984065300,20.402065185546874,0.0014754028525203466,0.0009596524760127068,0.0001748558133840561
1746728859994083300,20.412083251953124,0.0001221657730638981,-0.00004254421219229698,-0.0019889886025339365
1746728860004101400,20.422101318359374,0.000778901157900691,0.0009002150036394596,-0.0014779281336814165
1746728860014119400,20.432119384765624,0.0030291136354207993,0.0007779733277857304,0.0006080970633774996
1746728860024137200,20.44213720703125,0.001861850032582879,0.0005193799734115601,-0.001080879708752036
1746728860034155300,20.4521552734375,-0.0006641540676355362,-0.002384384861215949,-0.0006235807668417692
1746728860044173300,20.46217333984375,0.00020962907001376152,0.0005597397685050964,-0.0002893542405217886
1746728860054191400,20.47219140625,-0.0005079298280179501,0.0007947194389998913,-0.0006315130740404129
1746728860064208400,20.48220849609375,0.0009187255054712296,-0.002904677763581276,0.002170398598536849
1746728860074226400,20.492226318359375,-0.0021373117342591286,0.0006142528727650642,-0.0016894019208848476
1746728860084244200,20.502244140625,0.0004989514127373695,-0.0002893577329814434,-0.0006483723409473896
1746728860094262300,20.51226220703125,-0.0007377811707556248,0.00039786752313375473,-0.00026442529633641243
1746728860104280300,20.5222802734375,0.001965593546628952,0.0018527526408433914,-0.0026785810478031635
1746728860114298400,20.53229833984375,0.0024865588638931513,-0.00046890880912542343,-0.0026381933130323887
1746728860124316200,20.542316162109376,0.001203714171424508,0.00431918865069747,0.0004662536084651947
1746728860134334200,20.552334228515626,-0.002932597417384386,-0.0017647533677518368,0.0018354133935645223
1746728860144352300,20.562352294921876,0.0006972909905016422,-0.0006515523418784142,-0.0005563716404139996
1746728860154370300,20.572370361328126,-0.0024872408248484135,0.004013207741081715,0.0007176336366683245
1746728860164387300,20.58238720703125,0.0021645023953169584,0.0017298129387199879,0.0006497232243418694
1746728860174405400,20.5924052734375,0.0003244825638830662,0.0009307842701673508,0.002874071942642331
1746728860184423200,20.602423095703124,0.0018699150532484055,-0.0000495249405503273,-0.0027297516353428364
1746728860194441200,20.612441162109373,-0.002047212328761816,-0.0010365964844822884,0.0001450337003916502
1746728860204459300,20.622459228515623,0.0004945090040564537,-0.00029304157942533493,-0.0011362130753695965
1746728860214477300,20.632477294921873,0.00018714647740125656,-0.00015851343050599098,0.0011303265346214175
1746728860224495400,20.642495361328123,0.0004787626676261425,0.00017198501154780388,0.0008232640102505684
1746728860234513400,20.652513427734377,-0.0009539192542433739,-0.0015846802853047848,0.0011244004126638174
1746728860244531500,20.662531494140627,-0.000715034082531929,0.0006025740876793861,-0.0024807206355035305
1746728860254549200,20.67254931640625,0.001199774444103241,0.00012174295261502266,0.0024674241431057453
1746728860264566500,20.68256640625,0.0009819278493523598,0.00044664833694696426,-0.000004255678504705429
1746728860274584300,20.692584228515624,0.0015291678719222546,-0.00021850364282727242,-0.0004569259472191334
1746728860284602400,20.702602294921874,-0.0010415813885629177,0.0008395700715482235,0.000496219377964735
1746728860294620200,20.7126201171875,0.00011559762060642242,-0.0005515702068805695,-0.00119875674135983
1746728860304638500,20.722638427734374,-0.0006380770355463028,0.00027028145268559456,0.0027059700805693865
1746728860314656300,20.73265625,0.00159072270616889,0.0015318207442760468,0.0006116600707173347
1746728860324674300,20.74267431640625,0.0001822691410779953,0.000224169809371233,-0.0020225669723004103
1746728860334692400,20.7526923828125,0.0010363443288952112,0.0014555738307535648,0.000903064152225852
1746728860344710400,20.76271044921875,0.0003777449019253254,-0.00010423967614769936,0.0007760315202176571
1746728860354728200,20.772728271484375,-0.002455770503729582,-0.0014441576786339283,0.0009154858998954296
1746728860364746200,20.782746337890625,-0.000057860277593135834,0.0004051411524415016,0.00010428717359900475
1746728860374763300,20.79276318359375,0.001127711497247219,-0.00026171840727329254,-0.0012779375538229942
1746728860384781300,20.80278125,0.003251049667596817,0.000333497766405344,0.0020068055018782616
1746728860394799400,20.81279931640625,-0.0016693882644176483,0.00036312220618128777,-0.001490187831223011
1746728860404817400,20.8228173828125,-0.0009276978671550751,-0.0006366283632814884,0.0010270318016409874
1746728860414835200,20.832835205078126,-0.00018416112288832664,-0.0017751245759427547,0.0012258932692930102
1746728860424853200,20.842853271484376,-0.00029335031285881996,0.00041905371472239494,-0.0012993158306926489
1746728860434871300,20.852871337890626,0.0006746654398739338,0.0013287663459777832,0.00002643442712724209
1746728860444889300,20.862889404296876,8.856877684593201e-7,0.0005487264133989811,-0.00009900052100419998
1746728860454907400,20.872907470703126,0.0018185277003794909,0.0005464944988489151,0.0006926381029188633
1746728860464925200,20.88292529296875,0.002947175409644842,-0.00010970840230584145,0.0015280717052519321
1746728860474943500,20.892943603515626,0.00036255596205592155,-0.0014546401798725128,-0.0008312808349728584
1746728860484960300,20.902960205078124,0.0013620404060930014,0.00009744986891746521,0.0002733983565121889
1746728860494978300,20.912978271484373,-0.0018756757490336895,0.0009688613936305046,0.00004436308518052101
1746728860504996400,20.922996337890623,-0.00015953509137034416,-0.0009217164479196072,-0.0013748356141149998
1746728860515014400,20.933014404296873,0.0005743806250393391,-0.0005883527919650078,0.0010889318073168397
1746728860525032200,20.9430322265625,0.0019648168236017227,-0.0019036880694329739,0.0020239674486219883
1746728860535050500,20.953050537109377,-0.00020119035616517067,0.0027791415341198444,0.00006255926564335823
1746728860545068300,20.963068359375,-0.0008592577651143074,-0.00009787175804376602,-0.0004969709552824497
1746728860555086300,20.97308642578125,-0.00038052257150411606,0.0004153680056333542,0.0022628209553658962
1746728860565104000,20.983104248046875,-0.000440976582467556,-0.0006504291668534279,-0.00025732838548719883
1746728860575122400,20.993122314453124,-0.002016944345086813,0.0012131375260651112,0.0019363282481208444
1746728860585139200,21.00313916015625,0.00010426342487335205,0.000983573030680418,0.000027907080948352814
1746728860595157500,21.013157470703124,-0.001882003154605627,0.0005257860757410526,0.0010434344876557589
1746728860605174500,21.023174560546874,0.00018274597823619843,0.0019708173349499702,0.0002668567467480898
1746728860615192300,21.0331923828125,0.00044787628576159477,-0.00005821697413921356,0.0020583132281899452
1746728860625210600,21.043210693359374,0.00031604990363121033,0.0002885265275835991,0.0011163530871272087
1746728860635228400,21.053228515625,0.0009428686462342739,0.00018070917576551437,0.001983565278351307
1746728860645246500,21.06324658203125,0.00024272361770272255,-0.0003415364772081375,0.0007814145646989346
1746728860655264300,21.07326416015625,-0.0010347669012844563,0.002124947030097246,-0.0014270150568336248
1746728860665282600,21.083282470703125,0.0007066740654408932,0.00032651424407958984,-0.0009356618393212557
1746728860675300400,21.09330029296875,-0.0001563848927617073,0.00047826021909713745,-0.001362937968224287
1746728860685317600,21.103317626953125,0.0010601470712572336,0.00014110375195741653,-0.00008488702587783337
1746728860695335400,21.11333544921875,0.00010849675163626671,0.0011082482524216175,-0.00279737776145339
1746728860705353500,21.123353515625,0.0018273009918630123,0.00002753734588623047,0.0016612866893410683
1746728860715371300,21.133371337890626,-0.00047348299995064735,-0.0004900037311017513,0.0023426772095263004
1746728860725389600,21.1433896484375,0.0018559840973466635,0.00036513758823275566,0.0004220055416226387
1746728860735407400,21.153407470703126,0.00024475064128637314,0.0009722146205604076,-0.0016581220552325249
1746728860745425400,21.16342529296875,0.0006809765473008156,-0.0005116988904774189,0.0027142558246850967
1746728860755443500,21.173443359375,0.000505578238517046,-0.0015754392370581627,0.0019959015771746635
1746728860765461500,21.18346142578125,0.0019884263165295124,0.000393435824662447,0.0017716631991788745
1746728860775479300,21.193479248046874,0.0009095640853047371,0.000024859793484210968,-0.001339614624157548
1746728860785497300,21.203497314453124,0.0005066278390586376,0.0011844001710414886,-0.0007904707454144955
1746728860795514400,21.213514404296873,-0.00033829035237431526,-0.0014811712317168713,0.000655394047498703
1746728860805532400,21.223532470703127,0.0019608165603131056,0.0021180910989642143,-0.0007358414586633444
1746728860815550200,21.23355029296875,0.00008333008736371994,0.000907164067029953,0.0038729088846594095
1746728860825568500,21.243568603515627,0.0008521848358213902,0.0009636227041482925,0.00002144533209502697
1746728860835586600,21.253586669921877,0.00031133973971009254,0.0015799296088516712,0.00027905567549169064
1746728860845604400,21.263604248046875,-0.0010340893641114235,-0.001023842953145504,0.0018825449515134096
1746728860855622700,21.27362255859375,0.0021471246145665646,0.0018282090313732624,-0.0015076189301908016
1746728860865640400,21.283640380859374,0.0006104805506765842,0.0014236746355891228,-0.0006636632606387138
1746728860875658500,21.293658447265624,0.0007934579625725746,-0.0017716139554977417,0.0014111058553680778
1746728860885676300,21.30367626953125,0.0021111899986863136,-0.00003496650606393814,0.000234255101531744
1746728860895693600,21.313693603515624,-0.00048250751569867134,-0.0017629149369895458,0.002204354153946042
1746728860905711400,21.32371142578125,0.000811256468296051,0.0012123682536184788,-0.001409023068845272
1746728860915729400,21.3337294921875,0.00010902015492320061,0.001802363432943821,0.00046548619866371155
1746728860925747500,21.34374755859375,-0.0007964544929563999,-0.002069606678560376,-0.00125784520059824
1746728860935765500,21.353765625,-0.0004176609218120575,0.0023326692171394825,-0.003451026976108551
1746728860945783300,21.363783203125,0.0011645229533314705,0.0006623342633247375,-0.0016776281408965588
1746728860955801600,21.373801513671875,-0.0006616092287003994,-0.00024319160729646683,-0.0012534805573523045
1746728860965819400,21.3838193359375,0.000803129281848669,-0.0008751600980758667,-0.00008355407044291496
1746728860975837400,21.39383740234375,-0.0015607113018631935,0.0010015224106609821,0.0017435246845707297
1746728860985855200,21.403855224609377,0.0019828907679766417,0.0008238893933594227,-0.00019445759244263172
1746728860995872500,21.41387255859375,0.0025252297054976225,0.0021313740871846676,-0.001780231948941946
1746728861005890300,21.423890380859376,-0.000711043830960989,0.0010487986728549004,0.0035141324624419212
1746728861015908400,21.433908447265626,-0.0009521292522549629,0.0005766144022345543,-0.000551857752725482
1746728861025926400,21.443926513671876,0.0032724435441195965,0.0009878063574433327,-0.001741491723805666
1746728861035944400,21.4539443359375,0.0016702762804925442,0.001706560142338276,0.001762846834026277
1746728861045962200,21.463962158203124,0.000917134340852499,0.0012522251345217228,-0.001375688472762704
1746728861055980500,21.47398046875,-0.0001310836523771286,0.0018168343231081963,0.0006410174537450075
1746728861065998300,21.483998291015624,0.00022791046649217606,0.0004477030597627163,0.0004663141444325447
1746728861076016400,21.494016357421874,-0.00046978890895843506,-0.0017449730075895786,0.001403326285071671
1746728861086034400,21.504034423828124,-0.0015329229645431042,0.00030965590849518776,0.00018706056289374828
1746728861096052500,21.514052490234373,-0.00047552213072776794,-0.002915767952799797,-0.0007902123034000397
1746728861106069200,21.5240693359375,0.0004411377012729645,0.001573256216943264,0.0032229050993919373
1746728861116087600,21.534087646484377,-0.0004945569671690464,-0.00029146624729037285,-0.0013541686348617077
1746728861126105600,21.544105712890627,-0.00006259232759475708,-0.00009812088683247566,-0.000443900004029274
1746728861136123400,21.554123291015625,-0.0004178718663752079,0.0005107647739350796,-0.0027753848116844893
1746728861146141400,21.564141357421875,-0.0037231207825243473,-0.000046368688344955444,-0.00041981879621744156
1746728861156159500,21.574159423828124,0.00037307199090719223,-0.0022140827495604753,0.001115094288252294
1746728861166177500,21.584177490234374,0.002933168550953269,-0.0011994182132184505,0.0005268021486699581
1746728861176195300,21.5941953125,0.00016671977937221527,-0.00031119026243686676,0.0035121054388582706
1746728861186213400,21.60421337890625,-0.0006881551817059517,-0.0010177264921367168,-0.00022830418311059475
1746728861196231400,21.6142314453125,0.0008144224993884563,0.0007948433049023151,0.0010812096297740936
1746728861206248400,21.62424853515625,-0.00002127746120095253,0.00008404580876231194,0.003128914162516594
1746728861216266500,21.6342666015625,0.0008148583583533764,-0.002638597507029772,0.0005873464979231358
1746728861226284500,21.644284423828125,0.0009309719316661358,-0.00180076714605093,0.0010741723235696554
1746728861236302300,21.65430224609375,0.0005299635231494904,-0.0011066561564803123,-0.002311625285074115
1746728861246320400,21.6643203125,0.00031211692839860916,-0.0006219609640538692,-0.001266601262614131
1746728861256338400,21.67433837890625,0.0017679764423519373,-0.00045766402035951614,0.001223739585839212
1746728861266356500,21.6843564453125,-0.00005762046203017235,-0.0017556888051331043,-0.0015323655679821968
1746728861276374300,21.694374267578127,0.001136433333158493,-0.0014632893726229668,0.0018018431728705764
1746728861286392600,21.704392578125,-0.0014055538922548294,0.0013953479938209057,-0.0015662566293030977
1746728861296410400,21.714410400390626,-0.00036266399547457695,0.0004158136434853077,0.0002553500235080719
1746728861306427400,21.724427490234376,0.0022011613473296165,-0.0012973975390195847,-0.002078111981973052
1746728861316445400,21.734445556640626,-0.0010879812762141228,0.0035373037680983543,0.0012043587630614638
1746728861326463500,21.74446337890625,-0.0010925084352493286,-0.0017658490687608719,-0.0018236555624753237
1746728861336481300,21.754481201171874,0.00046317465603351593,0.0034943968057632446,0.0013689864426851273
1746728861346499300,21.764499267578124,-0.001148303970694542,-0.0008542789146304131,0.001790298498235643
1746728861356517400,21.774517333984374,-0.001812456175684929,0.0009084944613277912,0.0026492741890251637
1746728861366535400,21.784535400390624,-0.0013480009511113167,-0.0019677195232361555,0.00018558395095169544
1746728861376553500,21.794553466796874,-0.0015285024419426918,-0.0016364078037440777,-0.0004549806471914053
1746728861386571500,21.804571533203124,0.00013757124543190002,-0.0001082858070731163,-0.0006824145093560219
1746728861396589600,21.814589599609373,-0.0014257566072046757,-0.0007330700755119324,0.003341855714097619
1746728861406606300,21.8246064453125,-0.0012840763665735722,0.0004315301775932312,0.0020973605569452047
1746728861416624600,21.834624755859377,0.00046363845467567444,0.0009952215477824211,-0.0003763267304748297
1746728861426642400,21.844642333984375,0.0000742841511964798,0.00038881972432136536,0.0016865577781572938
1746728861436660500,21.854660400390625,0.0012542197946459055,0.004024227149784565,0.0005037323571741581
1746728861446678500,21.864678466796875,-0.0010145273990929127,0.0006380174309015274,0.0015934979310259223
1746728861456696600,21.874696533203124,0.000192154198884964,-0.0008499869145452976,0.0009885267354547977
1746728861466714400,21.88471435546875,-0.0005620531737804413,0.0006688139401376247,0.0003389816265553236
1746728861476732400,21.894732421875,0.001556475879624486,-0.0007413141429424286,0.000005493871867656708
1746728861486750500,21.90475048828125,0.0009556666482239962,0.0016278335824608803,-0.0000898472499102354
1746728861496768500,21.9147685546875,-0.0007265578024089336,-0.0016295379027724266,0.0007102750241756439
1746728861506786300,21.924786376953126,-0.0009111147373914719,0.002261606976389885,-0.0014519456308335066
1746728861516803600,21.934803466796875,-0.0009506316855549812,0.0007079523056745529,-0.001455996185541153
1746728861526821400,21.9448212890625,0.000625160988420248,-0.00008194148540496826,-0.0006874080281704664
1746728861536839400,21.95483935546875,-0.0006687785498797894,-0.001040118746459484,-0.001454503508284688
1746728861546857500,21.964857421875,-0.0008011376485228539,0.0002507157623767853,-0.0008595532272011042
1746728861556875500,21.97487548828125,-0.0003255126066505909,-0.0015566661022603512,0.0023330526892095804
1746728861566893300,21.984893310546877,-0.0009385719895362854,-0.00020804116502404213,0.0005324895028024912
1746728861576911400,21.994911376953127,-0.0009387601166963577,0.00032426742836833,-0.001748763956129551
1746728861586929400,22.004929443359377,-0.002226664684712887,-0.0003854646347463131,0.00031598471105098724
1746728861596947500,22.014947509765626,0.00027425261214375496,0.0027534784749150276,-0.0005473969504237175
1746728861606965800,22.0249658203125,0.0004558800719678402,0.0009252182208001614,-0.001988433301448822
1746728861616982800,22.034982666015626,0.0010992714669555426,-0.00048573408275842667,-0.003712274366989732
1746728861627000800,22.045000732421876,0.0014172529336065054,-0.0009123724885284901,0.00019165338017046452
1746728861637018600,22.0550185546875,-0.0002020052634179592,0.0021180063486099243,-0.0006261470261961222
1746728861647036700,22.06503662109375,-0.0008989544585347176,-0.0004868311807513237,-0.0029502874240279198
1746728861657054700,22.0750546875,0.0036088002379983664,-0.00016160355880856514,-0.0007602758705615997
1746728861667072800,22.08507275390625,0.0010231372434645891,0.00035238685086369514,0.00003600935451686382
1746728861677090600,22.095090576171874,0.0035429629497230053,0.0018894840031862259,0.0022080931812524796
1746728861687108900,22.10510888671875,0.0011509114410728216,0.001017298549413681,-0.0011552129872143269
1746728861697126700,22.115126708984373,0.003060064045712352,-0.0004976536147296429,0.0019187545403838158
1746728861707144700,22.125144775390623,0.00179266557097435,-0.00040870439261198044,-0.000005645677447319031
1746728861717161700,22.13516162109375,0.00003948621451854706,-0.0012273103930056095,0.0003702966496348381
1746728861727179800,22.1451796875,0.000884507317095995,0.0002145250327885151,0.002196692395955324
1746728861737197600,22.155197509765625,0.0027840062975883484,0.0008189491927623749,-0.0015441712457686663
1746728861747216000,22.1652158203125,0.0014774594455957413,-0.0008897348307073116,0.0021602860651910305
1746728861757233700,22.175233642578124,0.0009294110350310802,0.0008141878060996532,0.003811941482126713
1746728861767251700,22.185251708984374,-0.0007142918184399605,-0.0006207232363522053,0.0015615703305229545
1746728861777269800,22.195269775390624,0.0011463959235697985,-0.0005113375373184681,-0.0003839368000626564
1746728861787287800,22.205287841796874,-0.0006344597786664963,-0.0026400024071335793,0.00047493260353803635
1746728861797305900,22.215305908203124,0.0014930455945432186,0.00040569761767983437,-0.001649659825488925
1746728861807323600,22.22532373046875,-0.0007972731254994869,-0.0013258899562060833,-0.00018145935609936714
1746728861817340700,22.235340576171875,-0.0019148844294250011,0.001112265046685934,-0.0011274884454905987
1746728861827358700,22.245358642578125,0.00039034755900502205,-0.00020546698942780495,0.0032193229999393225
1746728861837376800,22.255376708984375,0.0008005350828170776,-0.0002712048590183258,0.001342206378467381
1746728861847394800,22.265394775390625,0.000487347599118948,0.0002734116278588772,-0.0015952601097524166
1746728861857412900,22.275412841796875,0.0007941708900034428,0.0008656242862343788,-0.0015856565441936255
1746728861867430700,22.2854306640625,0.0004298505373299122,0.0003612213768064976,0.0010668516624718904
1746728861877448700,22.29544873046875,0.003198957536369562,0.002822668757289648,0.0016330719226971269
1746728861887466800,22.305466796875,-0.0006807353347539902,0.0001432620920240879,-0.0018663217779248953
1746728861897484800,22.31548486328125,-0.0029426109977066517,0.0011427924036979675,-0.001682504778727889
1746728861907502600,22.325502685546876,0.002216198481619358,-0.00023432821035385132,-0.00116185680963099
1746728861917520000,22.335519775390626,-0.0007481183856725693,0.00017546210438013077,0.00036250497214496136
1746728861927537700,22.34553759765625,-0.00029697874560952187,-0.0021928870119154453,-0.0012039665598422289
1746728861937555700,22.3555556640625,-0.000050859060138463974,0.0014404663816094398,0.0009413913358002901
1746728861947573800,22.36557373046875,-0.00046178512275218964,-0.00018219789490103722,0.0020705717615783215
1746728861957591800,22.375591796875,0.0000871787779033184,-0.0008754665032029152,0.000394496601074934
1746728861967609600,22.385609619140624,-0.0015213703736662865,0.0005226931534707546,0.001391584170050919
1746728861977627600,22.395627685546874,0.002512079430744052,-0.0009408569894731045,0.0010587286669760942
1746728861987645700,22.405645751953124,-0.0014411169104278088,-0.00015469174832105637,0.002089904621243477
1746728861997663700,22.415663818359373,-0.00015247846022248268,-0.0006062556058168411,0.0026749405078589916
1746728862007681500,22.425681640625,0.001738099381327629,0.002060101367533207,0.0007287024054676294
1746728862017698800,22.43569873046875,-0.0009490977972745895,-0.0007475283928215504,-0.00026582321152091026
1746728862027716600,22.445716552734375,0.002834188984706998,0.0009893854148685932,0.0008545687887817621
1746728862037734700,22.455734619140625,0.0021670812275260687,0.0002604103647172451,0.002782871713861823
1746728862047752700,22.465752685546875,0.00017983047291636467,-0.001952676335349679,0.0014435680350288749
1746728862057770800,22.475770751953124,-0.0006164931692183018,0.0003950684331357479,-0.0005277527961879969
1746728862067788800,22.485788818359374,0.0010232150088995695,0.0017455574125051498,-0.0013583928812295198
1746728862077806600,22.495806640625,-0.0015577110461890697,-0.001476122997701168,0.002985346829518676
1746728862087825000,22.505824951171874,0.0000729425810277462,0.00008981581777334213,0.001352030085399747
1746728862097842700,22.5158427734375,0.0021262862719595432,-0.0017701550386846066,-0.00020983023568987846
1746728862107860700,22.52586083984375,0.0014975140802562237,0.0006115101277828217,0.0020064525306224823
1746728862117878800,22.535878662109376,0.00042770057916641235,-0.0028085894882678986,-0.0017667422071099281
1746728862127895800,22.545895751953125,0.0007784389890730381,-0.0006184056401252747,-0.0015779240056872368
1746728862137913600,22.55591357421875,-0.0009139468893408775,0.00009184842929244041,0.002022614236921072
1746728862147932000,22.565931884765625,-0.00031153997406363487,-0.0009840684942901134,0.0013584218686446548
1746728862157949700,22.57594970703125,0.0010614858474582434,-0.0005138227716088295,0.0034118620678782463
1746728862167967700,22.5859677734375,0.0013230082113295794,-0.00040756259113550186,0.0002573477104306221
1746728862177985800,22.59598583984375,-0.0011266404762864113,-0.00016412371769547462,0.0008382864762097597
1746728862188003800,22.60600390625,0.0013018958270549774,0.000501666683703661,-0.001480794046074152
1746728862198021600,22.616021728515626,-0.0003142538480460644,-0.002101394347846508,-0.00049940450116992
1746728862208039700,22.626039794921876,-0.00032623810693621635,-0.00045023439452052116,0.00006784871220588684
1746728862218056700,22.636056640625,0.001238649245351553,0.0005952841602265835,0.0007767283823341131
1746728862228074800,22.64607470703125,0.0012514323461800814,-0.00010406225919723511,0.0005927039310336113
1746728862238092500,22.656092529296874,-0.0009724721312522888,0.0005552936345338821,0.00181844481267035
1746728862248110800,22.66611083984375,-0.00036393990740180016,-0.001806930173188448,0.002609669929370284
1746728862258128600,22.676128662109374,-0.00021115876734256744,0.001444255467504263,-0.002444483572617173
1746728862268146700,22.686146728515624,-0.0010966598056256771,-0.0009416704997420311,-0.0036700705531984568
1746728862278164700,22.696164794921874,-0.002072385512292385,-0.00409143790602684,0.0017185155302286148
1746728862288182800,22.706182861328124,-0.000279013067483902,0.0013233013451099396,-0.0016530463472008705
1746728862298200600,22.71620068359375,-0.0019045467488467693,-0.0021176859736442566,-0.001494706142693758
1746728862308218600,22.726218505859375,0.0004997551441192627,-0.00004787696525454521,-0.0012824521400034428
1746728862318237000,22.73623681640625,0.00024903565645217896,0.0006762570701539516,0.000019286060705780983
1746728862328253700,22.746253662109375,0.0006477106362581253,-0.0005930056795477867,-0.0014246797654777765
1746728862338271700,22.756271728515625,-0.0010105101391673088,0.0009785853326320648,0.0019631811883300543
1746728862348289800,22.766289794921875,0.00007153255864977837,-0.00017083482816815376,0.0006212142761796713
1746728862358307800,22.776307861328124,0.0002072630450129509,0.00029076216742396355,0.0002038611564785242
1746728862368325600,22.78632568359375,-0.0006034034304320812,0.0020005120895802975,0.002097634831443429
1746728862378344000,22.796343994140624,0.0011650766246020794,-0.0014294409193098545,0.00213855248875916
1746728862388361700,22.80636181640625,0.0006761201657354832,0.0009399731643497944,-0.0016580498777329922
1746728862398379800,22.8163798828125,-0.0013982835225760937,0.0004568779841065407,0.0015725403791293502
1746728862408397600,22.8263974609375,-0.0005828235298395157,-0.0002983943559229374,0.0011927735758945346
1746728862418415900,22.836415771484376,0.001466122455894947,-0.0030915054958313704,0.0005411652382463217
1746728862428432600,22.8464326171875,-0.00023324042558670044,0.0005588894709944725,0.0008817834313958883
1746728862438450700,22.85645068359375,-0.0005476796068251133,-0.00014597689732909203,0.000525531591847539
1746728862448468700,22.86646875,0.0008978843688964844,0.00034537632018327713,0.0009987754747271538
1746728862458486800,22.87648681640625,-0.0009847269393503666,-0.0006753364577889442,-0.0014549775514751673
1746728862468504600,22.886504638671877,0.0017428828869014978,-0.0005078236572444439,0.0005218868609517813
1746728862478523000,22.89652294921875,-0.0008287248201668262,0.0017646132037043571,0.00023122713901102543
1746728862488540700,22.906540771484377,0.001241882797330618,0.000417852308601141,-0.0006795739755034447
1746728862498558700,22.916558837890626,0.003312345128506422,0.000032417941838502884,-0.0017329610418528318
1746728862508576500,22.926576416015624,0.0007682275027036667,-0.0017060935497283936,0.00024177273735404015
1746728862518594800,22.9365947265625,-0.000017554033547639847,0.00022204965353012085,-0.0019216162618249655
1746728862528611600,22.946611572265624,0.0016959239728748798,0.0004465542733669281,-0.002074481686577201
1746728862538630000,22.9566298828125,0.000204447191208601,-0.0008056196384131908,-0.003709862008690834
1746728862548647700,22.966647705078124,0.0008942061103880405,0.0015888283960521221,-0.0019897259771823883
1746728862558665700,22.976665771484374,0.0007181917317211628,-0.001774973701685667,-0.0006000467110425234
1746728862568683500,22.98668359375,-0.00034920312464237213,-0.0013459385372698307,-0.0010389357339590788
1746728862578701800,22.996701904296874,-0.0014480273239314556,0.0019028154201805592,0.0006594888400286436
1746728862588719600,23.0067197265625,0.0009133978746831417,0.00025857938453555107,-0.0031994315795600414
1746728862598737700,23.016737548828125,0.0006417818367481232,-0.0001382320187985897,0.0016730412608012557
1746728862608756200,23.026756103515623,-0.0007294798269867897,-0.0014700787141919136,0.0010583836119621992
1746728862618774500,23.0367744140625,0.001755529548972845,0.0016695251688361168,0.0000029171351343393326
1746728862628791300,23.046791259765627,0.0006756177172064781,0.0005707051604986191,0.0021712626330554485
1746728862638809000,23.05680908203125,0.0007180124521255493,0.0008012587204575539,-0.0015101879835128784
1746728862648827400,23.066827392578126,-0.0006180955097079277,-0.0035551402252167463,0.0022033238783478737
1746728862658845200,23.07684521484375,-0.0007495218887925148,-0.0007719774730503559,0.0009804337751120329
1746728862668863200,23.08686328125,0.0031850324012339115,-0.0006324276328086853,-0.0016161480452865362
1746728862678881300,23.09688134765625,-0.0014623249880969524,0.0010583815164864063,-0.002286326140165329
1746728862688899300,23.1068994140625,-0.0004990594461560249,-0.00023032212629914284,-0.0021848599426448345
1746728862698917400,23.11691748046875,0.001338460948318243,0.000943321269005537,0.0025844844058156013
1746728862708935200,23.12693505859375,0.00027159880846738815,0.0005153515376150608,-0.00210267910733819
1746728862718953500,23.136953369140624,0.00048078689724206924,0.0015402347780764103,-0.00018301582895219326
1746728862728970200,23.14697021484375,0.0005194027908146381,0.0008454159833490849,0.0001730488147586584
1746728862738988300,23.15698828125,-0.0010677692480385303,-0.001000748947262764,0.001640290254727006
1746728862749006300,23.16700634765625,0.0003335862420499325,-0.0014122072607278824,0.00003253994509577751
1746728862759024400,23.1770244140625,-0.0005949810147285461,0.00042886892333626747,-0.00018811062909662724
1746728862769042200,23.187042236328125,0.000019410159438848495,0.00004031369462609291,-0.0015543121844530106
1746728862779060500,23.197060546875,0.0000893203541636467,0.000033993739634752274,-0.00040130363777279854
1746728862789078300,23.207078369140625,0.0032638083212077618,0.0009847423061728477,-0.0006465807091444731
1746728862799096300,23.217096435546875,0.0019196092616766691,0.0003693527542054653,0.0002992951776832342
1746728862809114000,23.227114013671876,-0.0015699304640293121,-0.0003526303917169571,-0.0005992553196847439
1746728862819132400,23.23713232421875,-0.0006101559847593307,-0.00020258408039808273,-0.002018931321799755
1746728862829149200,23.247149169921876,0.0010170352179557085,-0.0018761148676276207,-0.00018081767484545708
1746728862839167200,23.257167236328126,0.000673594418913126,-0.0013926350511610508,0.00010193977504968643
1746728862849185300,23.267185302734376,0.001664823153987527,-0.0009960904717445374,-0.0005665135104209185
1746728862859203300,23.277203369140626,-0.0003704894334077835,-0.0001542116515338421,0.00008726515807211399
1746728862869221000,23.28722119140625,-0.0016892869025468826,0.0001145009882748127,0.0022015487775206566
1746728862879239400,23.297239501953126,-0.00005914038047194481,0.0006767953746020794,0.0007723381277173758
1746728862889257200,23.30725732421875,0.0014111907221376896,-0.0008779582567512989,-0.002212798921391368
1746728862899275300,23.317275146484373,-0.0025314223021268845,0.00009570177644491196,-0.0006531148683279753
1746728862909293300,23.327293212890623,-0.0003377762623131275,-0.00021801842376589775,-0.00011568889021873474
1746728862919311400,23.337311279296873,-0.000257967971265316,-0.000708763487637043,0.000496668042615056
1746728862929328000,23.347328125,0.0006296639330685139,-0.0018054530955851078,-0.0005374373868107796
1746728862939346400,23.357346435546877,0.0008233939297497272,0.0006403173319995403,0.0023733670823276043
1746728862949364200,23.3673642578125,0.00043936586007475853,-0.0008300137706100941,0.0015842723660171032
1746728862959382300,23.37738232421875,-0.0009839176200330257,-0.0021281749941408634,0.00026371097192168236
1746728862969400300,23.387400390625,-0.001998848281800747,-0.002201678231358528,0.0005998020060360432
1746728862979418400,23.39741845703125,0.001173349330201745,-0.0009209779091179371,-0.003861683188006282
1746728862989436400,23.4074365234375,-0.00005356874316930771,-0.0010253735817968845,0.0033088778145611286
1746728862999454200,23.4174541015625,0.002152151195332408,0.001197445672005415,0.0000757165253162384
1746728863009472300,23.42747216796875,0.0028858520090579987,0.00010128878057003021,-0.0013959461357444525
1746728863019490300,23.437490234375,0.0008771675638854504,0.0008123745210468769,-0.000396509887650609
1746728863029507300,23.44750732421875,0.00013201497495174408,0.0005194270052015781,0.002207262674346566
1746728863039525400,23.457525390625,-0.0019043921492993832,-0.00006724847480654716,0.00252148206345737
1746728863049543400,23.46754345703125,0.0005507757887244225,0.0010547414422035217,-0.0017395757604390383
1746728863059561200,23.477561279296875,0.00005814526230096817,-0.001251189038157463,0.002448940882459283
1746728863069579300,23.487579345703125,-0.0010300222784280777,-0.00038353120908141136,-0.001353254308924079
1746728863079597300,23.497597412109375,-0.002937274519354105,-0.0014889729209244251,0.0029770799446851015
1746728863089615400,23.507615478515625,0.0013181904796510935,-0.0005094623193144798,-0.000606469577178359
1746728863099633200,23.517633056640626,0.0003550252877175808,-0.0008922824636101723,0.0011222467292100191
1746728863109651200,23.527651123046876,0.0013792773243039846,0.0019911215640604496,-0.0010258588008582592
1746728863119669200,23.537669189453126,-0.0007030079141259193,-0.0019684205763041973,-0.001622878946363926
1746728863129686300,23.547686279296876,0.000243479385972023,-0.0005702609196305275,-0.0014907862059772015
1746728863139704300,23.557704345703126,0.0006290236487984657,-0.0008550221100449562,0.00036457437090575695
1746728863149722400,23.567722412109376,0.00022741872817277908,-0.0011839228682219982,-0.0018514420371502638
1746728863159740200,23.577740234375,0.0014956542290747166,0.0010510622523725033,0.00041034258902072906
1746728863169758200,23.58775830078125,-0.00034965015947818756,-0.0010131536982953548,0.0012319277739152312
1746728863179776300,23.5977763671875,0.001785085303708911,0.0006732218898832798,-0.0003729797899723053
1746728863189794300,23.607794189453124,0.000352304894477129,0.00016935216262936592,-0.0019956438336521387
1746728863199812400,23.617812255859373,0.0003660065121948719,-0.0008297739550471306,0.00047815311700105667
1746728863209830400,23.627830322265623,-0.00023746583610773087,-0.0010928944684565067,-0.00123266177251935
1746728863219848400,23.637848388671873,0.0003788582980632782,-0.0003878837451338768,0.0005796812474727631
1746728863229865200,23.647865234375,-0.0031919078901410103,0.001749835442751646,0.0008806183468550444
1746728863239883500,23.657883544921877,-0.0011921520344913006,0.0004198094829916954,-0.001089766388759017
1746728863249901300,23.6679013671875,-0.0001862761564552784,0.0004072929732501507,-0.0003936158027499914
1746728863259919400,23.67791943359375,0.0019910994451493025,-0.000591848511248827,-0.0006110141985118389
1746728863269937200,23.687937255859374,-0.0006659361533820629,-0.000561488326638937,0.0016356285195797682
1746728863279955500,23.69795556640625,0.0005647097714245319,-0.00006929505616426468,0.0006245335098356009
1746728863289973200,23.70797314453125,-0.00029549142345786095,0.000008735805749893188,-0.001120103057473898
1746728863299991300,23.7179912109375,-0.002179637085646391,-0.0010982244275510311,-0.002452166983857751
1746728863310009300,23.72800927734375,0.00021188147366046906,-0.0037355527747422457,-0.002128326566889882
1746728863320027400,23.73802734375,0.0012239511124789715,-0.0004373490810394287,-0.0007590493187308311
1746728863330044200,23.748044189453125,0.0015576451551169157,-0.0015367022715508938,0.000790910329669714
1746728863340062500,23.7580625,-0.0002252655103802681,0.0025176452472805977,0.00333614693954587
1746728863350080300,23.768080322265625,0.000819758977741003,0.0004475703462958336,-0.00026364787481725216
1746728863360098300,23.778098388671875,-0.0005648373626172543,-0.00005715852603316307,0.0029627576004713774
1746728863370116400,23.788116455078125,0.0009773990605026484,-0.0019021960906684399,0.0009733762126415968
1746728863380134400,23.798134521484375,-0.00007100077345967293,0.00031353114172816277,0.000766431912779808
1746728863390152200,23.808152099609377,-0.002141874749213457,0.0027932003140449524,0.0020109270699322224
1746728863400170200,23.818170166015626,0.0007679688278585672,0.0012314585037529469,0.002135788556188345
1746728863410188300,23.828188232421876,-0.0007694740779697895,-0.0009440779685974121,0.0024827984161674976
1746728863420206300,23.838206298828126,0.000058082398027181625,-0.0006293379701673985,0.0003664703108370304
1746728863430223000,23.84822314453125,-0.00008945679292082787,0.0026644598692655563,0.0009217394981533289
1746728863440241400,23.858241455078126,-0.00003132084384560585,0.0006602318026125431,0.002368530258536339
1746728863450259200,23.86825927734375,-0.0016649039462208748,-0.0005935844965279102,-0.0019995865877717733
1746728863460277200,23.87827734375,0.0002236831933259964,-0.003090321784839034,-0.00025210180319845676
1746728863470295300,23.88829541015625,-0.00033877650275826454,0.00013450020924210548,0.00038732332177460194
1746728863480313300,23.898313232421874,-0.0018282798118889332,-0.003540516598150134,-0.00004194164648652077
1746728863490331400,23.908331298828124,0.0005280850455164909,0.00034503545612096786,-0.00009840051643550396
1746728863500349200,23.91834912109375,0.0014502664562314749,0.00003889063373208046,-0.0008491661865264177
1746728863510367500,23.928367431640623,-0.001119417604058981,0.0006048125214874744,-0.0024595793802291155
1746728863520385300,23.93838525390625,-0.0002883691340684891,-0.0007464098744094372,0.0015781930414959788
1746728863530402300,23.94840234375,-0.0028268941678106785,-0.001851355191320181,0.0003430189099162817
1746728863540420400,23.95842041015625,0.001872089458629489,0.0016383575275540352,0.0015436249086633325
1746728863550438400,23.9684384765625,-0.0021119993180036545,-0.0018810098990797997,0.0007854229770600796
1746728863560456200,23.978456298828124,-0.0019757994450628757,0.002670351415872574,0.004000637214630842
1746728863570474500,23.988474609375,-0.0007808390073478222,0.0018133455887436867,0.0014724982902407646
1746728863580492300,23.9984921875,-0.0017860285006463528,0.0003893263638019562,0.0005399265792220831
1746728863590510300,24.00851025390625,-0.0019157244823873043,0.0009115724824368954,-0.001237467397004366
1746728863600528100,24.018528076171876,0.00048736296594142914,0.0009585409425199032,-0.0014909880701452494
1746728863610545700,24.028545654296874,0.0008713908027857542,-0.0008076676167547703,-0.00023610657081007957
1746728863620563500,24.0385634765625,0.0006669810973107815,0.00046007055789232254,0.0006399292033165693
1746728863630580700,24.048580810546873,-0.0009117410518229008,-0.0015029455535113811,-0.0017001903615891933
1746728863640598500,24.0585986328125,0.0017359459307044744,-0.0020419119391590357,0.0005751154385507107
1746728863650616600,24.068616455078125,-0.00021215621381998062,0.0004225773736834526,0.001490177703090012
1746728863660634600,24.078634521484375,0.002108683343976736,0.0008640028536319733,0.0006441611330956221
1746728863670652700,24.088652587890625,0.0004972047172486782,0.00042884238064289093,-0.0003177726175636053
1746728863680670500,24.09867041015625,-0.0010020197369158268,0.0010925293900072575,-0.0010056153405457735
1746728863690688500,24.1086884765625,0.0014893675688654184,0.0006579016335308552,-0.0019457109738141298
1746728863700706600,24.11870654296875,0.0003770883195102215,-0.00042092660441994667,0.002618391066789627
1746728863710724600,24.128724609375,-0.0003305133432149887,-0.0014483742415904999,0.0003696179483085871
1746728863720741600,24.13874169921875,-0.00011512544006109238,0.0009662937372922897,0.001017747214064002
1746728863730759700,24.148759765625,-0.0009428355842828751,0.0009188894182443619,0.001181265339255333
1746728863740777500,24.158777587890626,0.00014455989003181458,0.0026326188817620277,-0.0006850454956293106
1746728863750795500,24.16879541015625,0.0005600131116807461,0.00036307331174612045,0.0017983521101996303
1746728863760813800,24.178813720703126,0.000659529585391283,-0.0011075129732489586,0.002051219344139099
1746728863770831600,24.18883154296875,-0.0007442226633429527,0.002213715109974146,0.002253886079415679
1746728863780849700,24.198849609375,0.00019223475828766823,-0.0000674673356115818,-0.0001339020673185587
1746728863790867500,24.208867431640623,-0.0008386746048927307,-0.0004533594474196434,-0.0007826481014490128
1746728863800885800,24.2188857421875,0.00040611112490296364,0.0014225021004676819,-0.0008910153992474079
1746728863810903600,24.228903564453127,-0.0023558535613119602,-0.00011866958811879158,0.0019204838899895549
1746728863820920800,24.2389208984375,0.0006051687523722649,0.0008986876346170902,0.0010511334985494614
1746728863830938600,24.248938720703126,0.0001585567370057106,0.0003657890483736992,0.00012461980804800987
1746728863840956700,24.258956787109376,0.0006706211715936661,0.0013200282119214535,0.0011113054351881146
1746728863850974500,24.268974365234374,-0.001111033372581005,-0.0008318056352436543,-0.001296991016715765
1746728863860992800,24.27899267578125,0.0002955729141831398,-0.00010113092139363289,-0.0008212076500058174
1746728863871010600,24.289010498046874,0.0005155499093234539,0.0004413551650941372,0.0010091830044984818
1746728863881028600,24.299028564453124,-0.00038703717291355133,-0.0017178980633616447,0.00037001422606408596
1746728863891046400,24.30904638671875,0.0005165734328329563,0.0005995850078761578,-0.000014546327292919159
1746728863901064700,24.319064697265624,0.0018969776574522257,-0.0012843194417655468,0.002075091004371643
1746728863911082500,24.32908251953125,0.0005614026449620724,0.00199056975543499,0.0010039678309112787
1746728863921099800,24.339099853515624,0.0014084442518651485,-0.0018889601342380047,-0.00003293715417385101
1746728863931117600,24.34911767578125,-0.0028776470571756363,-0.0009456686675548553,0.0004765256308019161
1746728863941135600,24.359135498046875,0.001239487435668707,0.0017403229139745235,0.00156618922483176
1746728863951153400,24.3691533203125,-0.0004944968968629837,0.0002473550848662853,-0.0008777936454862356
1746728863961171700,24.379171630859375,0.0005972273647785187,-0.0006615500897169113,0.002466585487127304
1746728863971189500,24.389189453125,-0.0033005750738084316,-0.00030548544600605965,-0.0025087320245802402
1746728863981207600,24.39920751953125,0.00004649301990866661,0.0008907672017812729,0.0017369638662785292
1746728863991225600,24.4092255859375,-0.0008065174333751202,0.0007040798664093018,0.0034240763634443283
1746728864001243600,24.41924365234375,-0.0008522104471921921,0.0013713384978473186,-0.00037078140303492546
1746728864011261700,24.42926171875,-0.0005171848461031914,-0.0010374910198152065,0.0013184616109356284
1746728864021278700,24.43927880859375,0.0004137326031923294,-0.000725453719496727,-0.0006105545908212662
1746728864031296500,24.449296630859376,-0.00014899298548698425,0.00043754884973168373,0.00007281242869794369
1746728864041314600,24.459314453125,-0.0013331095688045025,-0.0014118598774075508,-0.000519399531185627
1746728864051332600,24.46933251953125,-0.00204151077196002,-0.0008483347482979298,-0.00010421266779303551
1746728864061350700,24.4793505859375,0.0008759272750467062,0.0005252594128251076,0.0023741251789033413
1746728864071368700,24.48936865234375,0.0008383768144994974,0.0006008930504322052,-0.0017481816466897726
1746728864081386500,24.499386474609373,0.0012461692094802856,0.0009262962266802788,-0.00003414950333535671
1746728864091404800,24.50940478515625,-0.0016633342020213604,-0.0008409772999584675,0.0014162079896777868
1746728864101422600,24.519422607421873,-0.0005463729612529278,0.0005349013954401016,-0.00037604360841214657
1746728864111439600,24.529439697265627,0.0005079722031950951,0.0026238844729959965,0.0010551391169428825
1746728864121457700,24.539457763671876,0.0012774858623743057,0.0017052083276212215,-0.00009849830530583858
1746728864131475700,24.549475830078126,0.0010311435908079147,0.0021329117007553577,0.0007518490310758352
1746728864141493500,24.559493408203124,-0.00022312859073281288,0.0004897587932646275,0.0016264461446553469
1746728864151511600,24.569511474609374,0.0017476107459515333,0.00037977006286382675,-0.0011253980919718742
1746728864161529600,24.579529541015624,0.0007605641148984432,0.0002549472264945507,-0.004857685882598162
1746728864171547600,24.589547607421874,-0.0004818006418645382,-0.00017355568706989288,0.0021794510539621115
1746728864181565400,24.5995654296875,0.0009871292859315872,-0.0001619434915482998,-0.0038886836264282465
1746728864191583700,24.609583740234374,0.0004124189727008343,-0.0007331916131079197,0.0008980822749435902
1746728864201601500,24.6196015625,0.0002581588923931122,0.00008929520845413208,-0.0009229923598468304
1746728864211618600,24.62961865234375,-0.001846803817898035,0.0019500460475683212,-0.002305971924215555
1746728864221636600,24.63963671875,-0.0006629722192883492,-0.0009856205433607101,-0.0011689192615449429
1746728864231654700,24.649654541015625,-0.0008946675807237625,-0.0011970754712820053,-0.0012887613847851753
1746728864241672400,24.65967236328125,0.0003947489894926548,-0.0021319116931408644,-0.0026118315290659666
1746728864251690800,24.669690673828125,-0.0013408330269157887,0.0003336425870656967,-0.0023838647175580263
1746728864261708500,24.67970849609375,0.0016697621904313564,-0.00022218190133571625,-0.0015805535949766636
1746728864271726600,24.6897265625,0.0002497648820281029,0.0006510685198009014,-0.0016966676339507103
1746728864281744400,24.699744384765626,-0.0006168140098452568,-0.0006324369460344315,0.0012785810977220535
1746728864291762700,24.7097626953125,0.001945679308846593,-0.0017664111219346523,-0.0014716654550284147
1746728864301780700,24.71978076171875,-0.0009188945405185223,-0.0016908193938434124,0.0011017563519999385
1746728864311797500,24.729797607421876,-0.001200124155730009,-0.0012836218811571598,-0.0005701761692762375
1746728864321815600,24.739815673828126,-0.0012301658280193806,0.000531224999576807,0.0008997877594083548
1746728864331833600,24.74983349609375,0.0011323243379592896,0.0008521359413862228,-0.0008861282840371132
1746728864341851600,24.7598515625,0.0018259033095091581,0.004052495583891869,-0.0001923751551657915
1746728864351869700,24.76986962890625,0.0012719656806439161,0.0006846627220511436,-0.0004485712852329016
1746728864361887700,24.7798876953125,-0.0014426475390791893,0.0010561905801296234,0.0000609059352427721
1746728864371905500,24.789905517578124,0.00035179033875465393,-0.00020321831107139587,-0.0006826487369835377
1746728864381923600,24.799923583984373,0.0023103547282516956,-0.0018461765721440315,-0.0011171253863722086
1746728864391941600,24.809941650390623,0.001662673894315958,0.0021208683028817177,-0.00014347350224852562
1746728864401958700,24.819958740234377,-0.00030810432508587837,0.0009770570322871208,-0.0027210433036088943
1746728864411976400,24.8299765625,0.0004940396174788475,-0.0017670639790594578,-0.0015801452100276947
1746728864421994800,24.839994873046876,0.0033294474706053734,0.0029202718287706375,0.0015418903203681111
1746728864432012500,24.850012451171875,0.0005919840186834335,-0.000702959019690752,-0.000494096428155899
1746728864442030600,24.860030517578124,0.0008600594010204077,0.0016037961468100548,0.0009610261768102646
1746728864452048600,24.870048583984374,-0.001462216954678297,-0.0003640134818851948,-0.002236365107819438
1746728864462066700,24.880066650390624,-0.001429506577551365,0.0008565755560994148,-0.0001905097160488367
1746728864472084500,24.89008447265625,0.0009066183120012283,0.0009156977757811546,0.0013519931817427278
1746728864482102500,24.9001025390625,-0.0007650512270629406,-0.00023280596360564232,-0.0007942670490592718
1746728864492120600,24.91012060546875,0.00021286122500896454,0.00031553860753774643,0.001355969114229083
1746728864502137600,24.9201376953125,0.000008005183190107346,0.0017016949132084846,-0.0017515553627163172
1746728864512155600,24.93015576171875,0.0006282557733356953,-0.0017409734427928925,-0.00229617184959352
1746728864522173700,24.940173583984375,0.00042623095214366913,-0.0009961668401956558,0.0011930163018405437
1746728864532191500,24.95019140625,-0.0002917572855949402,0.0015660608187317848,-0.001430197386071086
1746728864542209500,24.96020947265625,0.00019136909395456314,-0.000833387952297926,0.0006338793318718672
1746728864552227600,24.9702275390625,-0.0010632462799549103,-0.0006674733012914658,0.0003593072760850191
1746728864562245600,24.98024560546875,-0.0004705078899860382,0.0010563088580965996,0.003510064445436001
1746728864572263400,24.990263427734376,-0.0002350844442844391,-0.0008318722248077393,-0.0003224906977266073
1746728864582281500,25.000281494140626,-0.0012959004379808903,0.0011868178844451904,0.0004678163677453995
1746728864592299800,25.0102998046875,-0.0008415649645030499,0.0027247932739555836,-0.00030370126478374004
1746728864602316500,25.020316650390626,-0.0004260712303221226,-0.0019191172905266285,-0.0018138184677809477
1746728864612334600,25.03033447265625,-0.00025456398725509644,0.0006977044977247715,-0.0006039445288479328
1746728864622352600,25.0403525390625,-0.0017558331601321697,-0.000686796847730875,0.0007481616921722889
1746728864632370700,25.05037060546875,-0.0002913610078394413,0.0017678388394415379,-0.0013642574194818735
1746728864642388500,25.060388427734374,0.0004927953705191612,-0.0006435373798012733,-0.0010268057230859995
1746728864652406800,25.07040673828125,-0.0013849991373717785,0.0002305121161043644,-0.0009748737793415785
1746728864662424600,25.080424560546874,-0.0005246810615062714,-0.0007832390256226063,-0.00034565734677016735
1746728864672442600,25.090442626953124,0.0009232796728610992,-0.0016253301873803139,-0.0021249151322990656
1746728864682460700,25.100460693359373,0.000537283718585968,-0.0008295727893710136,0.00026751914992928505
1746728864692477700,25.110477783203127,-0.002164759673178196,-0.0014639375731348991,-0.002236118307337165
1746728864702495500,25.12049560546875,-0.00021462934091687202,-0.001173363532871008,-0.0008380962535738945
1746728864712513800,25.130513671875,-0.000244723167270422,-0.0010878760367631912,0.0021965757478028536
1746728864722531600,25.140531494140625,-0.00021704286336898804,0.000822960864752531,0.0005375044420361519
1746728864732549600,25.150549560546875,-0.0002583218738436699,-0.000747771468013525,-0.000691011780872941
1746728864742567400,25.1605673828125,0.0017440272495150566,0.0008164374157786369,0.0005377552006393671
1746728864752585700,25.170585693359374,0.00021697068586945534,0.0027757249772548676,-0.00015200371854007244
1746728864762603500,25.180603515625,0.0015980158932507038,0.0005831611342728138,0.0005386383272707462
1746728864772621600,25.19062158203125,-0.0011540944688022137,-0.0011167344637215137,0.0008635439444333315
1746728864782638600,25.200638671875,-0.001137793529778719,0.0009436458349227905,-0.00020354404114186764
1746728864792656600,25.21065673828125,-0.0004813242703676224,-0.0028319177217781544,0.0025869160890579224
1746728864802674400,25.22067431640625,0.0007633559871464968,-0.0020406353287398815,0.0022267266176640987
1746728864812692700,25.230692626953125,0.0004568262957036495,-0.0017444919794797897,0.001834709313698113
1746728864822710500,25.24071044921875,-0.0010168845765292645,-0.001131725963205099,-0.0010501821525394917
1746728864832728600,25.250728515625,-0.0011814679019153118,0.003356499597430229,-0.0010331375524401665
1746728864842746600,25.26074658203125,-0.00001649279147386551,0.000865595880895853,-0.002752223052084446
1746728864852764700,25.2707646484375,-0.0005379398353397846,0.00017610378563404083,-0.0009197015315294266
1746728864862782500,25.280782470703127,-0.0031096688471734524,-0.0011319061741232872,-0.0007097988855093718
1746728864872800500,25.290800537109376,-0.001600189134478569,-0.0005348250269889832,-0.00017876457422971725
1746728864882817500,25.300817626953126,-0.001167813315987587,-0.0009151124395430088,-0.00020941649563610554
1746728864892835600,25.310835693359376,-0.0006192023865878582,-0.0012725084088742733,0.00037541380152106285
1746728864902853400,25.320853271484374,0.0009005791507661343,0.0019106962718069553,0.0012590591795742512
1746728864912871700,25.33087158203125,-0.00041182665154337883,0.0002629985101521015,0.001348008750937879
1746728864922889700,25.3408896484375,0.0016156942583620548,0.0036160708405077457,-0.00040989858098328114
1746728864932907500,25.350907470703124,-0.0011923429556190968,-0.000054031144827604294,-0.00033586262725293636
1746728864942925600,25.360925537109374,0.0027598277665674686,0.0004192371852695942,-0.0010475469753146172
1746728864952943600,25.370943603515624,0.0009850971400737762,0.000667177140712738,0.00008296477608382702
1746728864962961700,25.380961669921874,-0.0005141021683812141,-0.0024579791352152824,-0.000423516146838665
1746728864972978700,25.390978759765623,0.0019120376091450453,-0.00040335068479180336,-0.0022395257838070393
1746728864982996700,25.400996826171873,-0.0013606250286102295,-0.000424741767346859,-0.0027199701871722937
1746728864993014500,25.4110146484375,-0.00015980564057826996,0.0003150845877826214,-0.002891477895900607
1746728865003032600,25.421032470703125,-0.0008434019982814789,0.00295828515663743,0.0023141035344451666
1746728865013050600,25.431050537109375,0.0024296229239553213,-0.0008726720698177814,-0.002049752278253436
1746728865023068700,25.441068603515625,0.0026591604109853506,0.0006030593067407608,0.0012021418660879135
1746728865033086500,25.45108642578125,0.00019227433949708939,-0.0018188194371759892,-0.0023081707768142223
1746728865043104800,25.461104736328124,0.0005703410133719444,-0.00021336600184440613,-0.0004205540753901005
1746728865053122600,25.47112255859375,0.0005676778964698315,-0.002159071620553732,0.0006569609977304935
1746728865063140600,25.481140625,-0.0018812455236911774,0.00012993765994906425,0.0009525965433567762
1746728865073157600,25.49115771484375,0.0011853845790028572,-0.0010703490115702152,0.0005805527325719595
1746728865083175700,25.50117578125,0.001905333949252963,0.0008940598927438259,0.0002969119232147932
1746728865093193500,25.511193359375,-0.0009447811171412468,0.0009156316518783569,-0.00017313589341938496
1746728865103211500,25.52121142578125,-0.000558625441044569,-0.0011617131531238556,0.0016248342581093311
1746728865113229600,25.5312294921875,-0.0019940692000091076,0.003812805749475956,0.0008173638489097357
1746728865123247600,25.54124755859375,-0.0028599603101611137,0.0018343492411077023,-0.0019516970496624708
1746728865133265400,25.551265380859373,-0.00004739593714475632,-0.0010908669792115688,-0.0007700526621192694
1746728865143283700,25.56128369140625,0.0014702316839247942,-0.0002498449757695198,-0.0010699632111936808
1746728865153301500,25.571301513671877,0.0006920560263097286,0.0017738915048539639,-0.0016625162679702044
1746728865163319600,25.581319580078127,0.0005182367749512196,0.0005392134189605713,0.000995355425402522
1746728865173336600,25.591336669921876,-0.0007800539024174213,0.0007719737477600574,0.000753806671127677
1746728865183354600,25.601354736328126,-0.0009046280756592751,0.000984889455139637,-0.00035080756060779095
1746728865193372400,25.611372314453124,-0.00003617117181420326,-0.00009981589391827583,0.0004081933293491602
1746728865203390700,25.621390625,0.0008704036008566618,-0.002805578289553523,0.0010003203060477972
1746728865213408800,25.63140869140625,-0.0010422789491713047,0.00016517797484993935,0.0022733111400157213
1746728865223426600,25.641426513671874,-0.0018370016478002071,0.0002795024774968624,0.003517842385917902
1746728865233444600,25.651444580078124,0.0006338790990412235,-0.0013807122595608234,0.0006432263180613518
1746728865243462700,25.661462646484374,0.0010263442527502775,0.0011389227584004402,-0.0010045182425528765
1746728865253480700,25.671480712890624,-0.0004628952592611313,-0.0003274134360253811,0.001041322248056531
1746728865263497500,25.68149755859375,-0.0018980242311954498,-0.00042785797268152237,-0.003520995145663619
1746728865273515800,25.691515869140623,-0.00022129807621240616,0.0018323669210076332,0.0005054380744695663
1746728865283533600,25.701533447265625,-0.0017492184415459633,0.0007923017255961895,0.002312607364729047
1746728865293551600,25.711551513671875,-0.002095695585012436,0.0012514307163655758,-0.0009497648570686579
1746728865303569700,25.721569580078125,0.0017034811899065971,-0.00010476307943463326,-0.000546610914170742
1746728865313587700,25.731587646484375,-0.0011144094169139862,-0.0006240797229111195,0.0005407577846199274
1746728865323605500,25.74160546875,-0.0020180554129183292,-0.0008006165735423565,-0.0003549025859683752
1746728865333623600,25.75162353515625,0.0008981060236692429,0.0003517330624163151,0.0012115688296034932
1746728865343641600,25.7616416015625,-0.0008326075039803982,-0.0009620198979973793,0.003967336844652891
1746728865353659600,25.77165966796875,-0.00036202697083353996,0.0005282852798700333,0.0020346809178590775
1746728865363676700,25.7816767578125,-0.003008208703249693,-0.0012282738462090492,0.0008737407624721527
1746728865373694700,25.79169482421875,0.0003337920643389225,0.0017123888246715069,-0.0003920597955584526
1746728865383712500,25.80171240234375,0.00018879026174545288,-0.0008333730511367321,-0.001354580046609044
1746728865393730600,25.81173046875,0.0006228853017091751,-0.0010054130107164383,-0.00190132693387568
1746728865403748600,25.82174853515625,0.0009843464940786362,0.000032403040677309036,0.0011748421238735318
1746728865413766700,25.8317666015625,0.0027364403940737247,0.0015440131537616253,0.0004509948194026947
1746728865423784400,25.841784423828123,0.000264105387032032,-0.0003863070160150528,0.000044539570808410645
1746728865433802500,25.851802490234373,-0.001352167222648859,0.0002869400195777416,0.0005713128484785557
1746728865443820800,25.86182080078125,-0.0010673892684280872,-0.0002899840474128723,-0.0009740961249917746
1746728865453837600,25.871837646484376,0.0007539466023445129,-0.0015967972576618195,-0.0014715746510773897
1746728865463855600,25.881855712890626,-0.0016210260801017284,-0.0019047451205551624,-0.0013962851371616125
1746728865473873700,25.891873779296876,-0.0002569551579654217,0.0012566936202347279,-0.0002724314108490944
1746728865483891500,25.901891357421874,-0.0010321363806724548,-0.002022500615566969,0.0020610589999705553
1746728865493909500,25.911909423828124,0.0027964238543063402,0.0020422819070518017,0.0016514648450538516
1746728865503927800,25.921927734375,0.00027804262936115265,-0.0002651582472026348,-0.0018251985311508179
1746728865513945600,25.931945556640624,-0.0005379500798881054,0.00038811517879366875,0.00029414519667625427
1746728865523963600,25.941963623046874,-0.0026552914641797543,0.0010729506611824036,-0.0018242122605443
1746728865533981400,25.9519814453125,0.0013194764032959938,-0.0001374557614326477,0.0009492039680480957
1746728865543998500,25.96199853515625,-0.0015522758476436138,-0.00110336160287261,0.0014391510048881173
1746728865554016500,25.9720166015625,0.0005452297627925873,0.0024980311281979084,0.0007422016933560371
1746728865564034800,25.982034912109373,0.00004888884723186493,0.0003806380555033684,0.0007154678460210562
1746728865574052600,25.992052490234375,0.0016545087564736605,0.0014437721110880375,-0.0015373004134744406
1746728865584070700,26.002070556640625,0.0005067880265414715,-0.001715363934636116,-0.0014462731778621674
1746728865594088400,26.01208837890625,-0.0004916312173008919,-0.0007688766345381737,-0.001826039981096983
1746728865604107300,26.022107177734377,-0.001097169704735279,-0.0014448054134845734,0.00004827836528420448
1746728865614125300,26.032125244140627,-0.0022926628589630127,0.0009608282707631588,-0.0039291526190936565
1746728865624143000,26.04214306640625,-0.0007221223786473274,0.0011211023665964603,0.001260352903045714
1746728865634161200,26.0521611328125,-0.0017351889982819557,-0.00009569618850946426,0.0011940401745960116
1746728865644178200,26.06217822265625,0.0006839004345238209,-0.0007666363380849361,-0.003722340799868107
1746728865654196200,26.0721962890625,-0.00020612776279449463,-0.0007072477601468563,0.0013001147890463471
1746728865664214000,26.082214111328124,-0.0003295666538178921,0.00016590720042586327,-0.0006799434777349234
1746728865674232300,26.092232421875,-0.00018442422151565552,0.0013755150139331818,0.0009326005820184946
1746728865684250000,26.10225,-0.00005348026752471924,0.0002470295876264572,-0.0017418290954083204
1746728865694268200,26.11226806640625,0.0029159444384276867,-0.0010043894872069359,-0.0015572721604257822
1746728865704286200,26.1222861328125,0.0018097234424203634,-0.0029453199822455645,0.000566120957955718
1746728865714304300,26.13230419921875,0.0003194184973835945,0.0018009655177593231,0.0020521648693829775
1746728865724322000,26.142322021484375,-0.0009927088394761086,-0.0002649901434779167,0.0014350386336445808
1746728865734339300,26.15233935546875,0.0018648630939424038,0.0016032173298299313,0.0029519752133637667
1746728865744357000,26.162357177734375,0.0004711993969976902,0.0006560003384947777,-0.0008037236984819174
1746728865754375200,26.172375244140625,0.0016946557443588972,-0.0009978227317333221,-0.000021020649001002312
1746728865764393200,26.182393310546875,0.00022215954959392548,0.0016522235237061977,0.0031315127853304148
1746728865774411300,26.192411376953125,0.002793707884848118,0.0009645954705774784,0.0015328172594308853
1746728865784429000,26.202428955078126,0.00038412027060985565,-0.001285811886191368,-0.0009605677332729101
1746728865794447000,26.212447021484376,-0.0006949924863874912,0.002423971425741911,-0.000724877929314971
1746728865804465400,26.22246533203125,-0.00026143621653318405,-0.000985757913440466,0.001161060412414372
1746728865814483200,26.232483154296876,0.0017694903071969748,0.0008992278017103672,-0.0016379219014197588
1746728865824500000,26.2425,-0.0004169982858002186,0.001313292421400547,0.00009181071072816849
1746728865834518300,26.252518310546876,-0.00021726125851273537,-0.00032481784000992775,0.003451388329267502
1746728865844536000,26.2625361328125,0.000973219983279705,-0.003048146143555641,-0.0029385273810476065
1746728865854554000,26.27255419921875,-0.0006459816358983517,-0.0006249360740184784,-0.001412269426509738
1746728865864572200,26.282572265625,-0.0011467928998172283,-0.0004227454774081707,-0.000012079020962119102
1746728865874590200,26.292590087890623,0.0007997113279998302,-0.00013219472020864487,0.0021493425592780113
1746728865884608300,26.302608154296873,0.00197075167670846,0.0012826574966311455,0.0006828096229583025
1746728865894626000,26.3126259765625,0.000852223951369524,0.0007052840664982796,-0.0025753015652298927
1746728865904644400,26.322644287109377,-0.00014626188203692436,-0.0008636978454887867,-0.0010870643891394138
1746728865914662100,26.332662109375,0.0006976937875151634,-0.00011907797306776047,0.000043980078771710396
1746728865924679200,26.34267919921875,0.0006357235834002495,-0.0019777899142354727,-0.00452530337497592
1746728865934697200,26.352697265625,0.0011071034241467714,0.002436665818095207,-0.0013979533687233925
1746728865944715300,26.36271533203125,-0.000026669353246688843,-0.0006338418461382389,-0.0010938767809420824
1746728865954733000,26.372733154296874,-0.0014509279280900955,-0.001072996761649847,-0.0018121313769370317
1746728865964751400,26.38275146484375,-0.00018963124603033066,-0.00040187546983361244,-0.002250551711767912
1746728865974769200,26.39276904296875,0.0029518334195017815,0.0017041522078216076,-0.0013179127126932144
1746728865984787200,26.402787109375,-0.00033351732417941093,0.0035053803585469723,-0.0017347747925668955
1746728865994805000,26.412804931640625,-0.0009244726970791817,-0.0007602046243846416,-0.0025425113271921873
1746728866004823300,26.4228232421875,-0.0012296400964260101,-0.0006148451939225197,0.00047400849871337414
1746728866014840000,26.432840087890625,-0.00015345681458711624,0.00035081664100289345,-0.0006325349677354097
1746728866024858000,26.442858154296875,0.00043526384979486465,0.0006280695088207722,-0.0036410524044185877
1746728866034876200,26.452876220703125,-0.003137366846203804,-0.001198592595756054,0.0007979043293744326
1746728866044894200,26.462894287109375,-0.0007875110022723675,0.0007645036093890667,0.0009693622123450041
1746728866054912000,26.472912109375,-0.0002641994506120682,0.001199930440634489,0.00043646362610161304
1746728866064930300,26.482930419921875,-0.0011970652267336845,-0.00010944204404950142,0.0017579920822754502
1746728866074948000,26.492947998046876,-0.0009991922415792942,-0.0006878804415464401,-0.0015033148229122162
1746728866084966100,26.502966064453126,-0.0006313258782029152,-0.0010057250037789345,0.0021964539773762226
1746728866094984200,26.512984130859376,-0.00010428624227643013,0.001277935691177845,-0.0014139937702566385
1746728866105001200,26.523001220703126,0.00018287869170308113,0.0005439626984298229,-0.00037783198058605194
1746728866115019000,26.53301904296875,0.0004531894810497761,-0.0007886830717325211,-0.001699825283139944
1746728866125037300,26.543037353515626,-0.00018610060214996338,0.0008919984102249146,0.001247745705768466
1746728866135055000,26.55305517578125,0.0003268239088356495,-0.001104041002690792,-0.0007328472565859556
1746728866145073200,26.5630732421875,0.00011347699910402298,0.0017073224298655987,0.0023999540135264397
1746728866155091200,26.57309130859375,-0.0004708203487098217,-0.0029971518088132143,0.0012231030268594623
1746728866165109200,26.583109130859373,0.0004322775639593601,0.00003357790410518646,-0.0008493121713399887
1746728866175127300,26.593127197265623,0.00047329021617770195,0.0006197397597134113,0.0010769522050395608
1746728866185145000,26.60314501953125,0.00010719150304794312,-0.00034285010769963264,0.0006674807518720627
1746728866195163100,26.6131630859375,0.0003106566146016121,0.0003764699213206768,0.0013428584206849337
1746728866205180200,26.62318017578125,0.0012513501569628716,0.00196564057841897,-0.0020339067559689283
1746728866215198200,26.6331982421875,-0.00016731582581996918,0.0018178350292146206,0.00026440108194947243
1746728866225216300,26.64321630859375,0.0003025885671377182,0.000760106835514307,-0.002424628008157015
1746728866235234300,26.653234375,-0.0032146479934453964,0.0002596988342702389,-0.00007758429273962975
1746728866245252000,26.663252197265624,0.000417148694396019,-0.001928623765707016,-0.0012429540511220694
1746728866255270100,26.673270263671874,-0.0005437200888991356,-0.0007994435727596283,0.00038769934326410294
1746728866265288200,26.6832880859375,0.0002127513289451599,-0.0025921459309756756,0.00011552916839718819
1746728866275306200,26.69330615234375,-0.0015380107797682285,0.0022127293050289154,-0.0005726318340748549
1746728866285324000,26.703323974609376,0.0013035174924880266,0.0028082369826734066,-0.00042082020081579685
1746728866295341300,26.71334130859375,0.0016795559786260128,-0.0003337603993713856,0.0003176743630319834
1746728866305359000,26.723359130859375,-0.0004957574419677258,-0.0020659342408180237,0.0005533029325306416
1746728866315377200,26.733377197265625,-0.0006014849059283733,-0.000696270726621151,0.0002520994748920202
1746728866325395200,26.743395263671875,-0.0006343633867800236,0.00042869895696640015,-0.0010335559491068125
1746728866335413200,26.753413330078125,0.0014881757088005543,0.0005818307399749756,-0.00044899224303662777
1746728866345431000,26.76343115234375,0.0006381119601428509,0.0008778069168329239,0.0009103207848966122
1746728866355449000,26.773448974609376,-0.0011054594069719315,0.0005241390317678452,-0.0009690721053630114
1746728866365467100,26.783467041015626,0.0001988331787288189,-0.0003020302392542362,0.0010103019885718822
1746728866375485200,26.793485107421876,-0.0013226307928562164,0.0005411268211901188,-0.0018153118435293436
1746728866385502200,26.803502197265626,0.000257167499512434,0.003274340182542801,0.0010386318899691105
1746728866395520300,26.813520263671876,0.000317887868732214,0.0013334285467863083,0.000489488011226058
1746728866405538000,26.8235380859375,0.0017655175179243088,-0.00021893205121159554,0.001998724415898323
1746728866415556000,26.83355615234375,0.000005434267222881317,0.0015243729576468468,0.0013569026486948133
1746728866425574100,26.84357421875,-0.0008767838589847088,-0.0007629264146089554,-0.0010926590766757727
1746728866435592200,26.85359228515625,-0.0001193806529045105,0.0008879671804606915,0.0017433410976082087
1746728866445610200,26.8636103515625,0.0016018974129110575,-0.0026734238490462303,-0.0017447385471314192
1746728866455628000,26.8736279296875,0.000490293838083744,-0.0010968325659632683,-0.0016632459592074156
1746728866465646300,26.883646240234373,-0.0021557966247200966,0.0004824819043278694,-0.0005956857930868864
1746728866475663000,26.8936630859375,-0.00012433761730790138,0.0002798154018819332,0.0005587944760918617
1746728866485681400,26.903681396484377,0.0001711500808596611,-0.0006923056207597256,0.0020556070376187563
1746728866495699200,26.91369921875,0.001287014689296484,-0.00015780935063958168,0.0004111051093786955
1746728866505717200,26.92371728515625,0.0005347435362637043,-0.0026881920639425516,-0.0018544592894613743
1746728866515735000,26.933735107421874,0.0006181006319820881,-0.0014998894184827805,-0.0011777500621974468
1746728866525753300,26.94375341796875,-0.0003497726283967495,-0.0005420679226517677,-0.0006087957881391048
1746728866535771100,26.953771240234374,0.00023239431902766228,0.0002486244775354862,0.00031292415224015713
1746728866545789200,26.9637890625,0.000771744642406702,-0.0006469832733273506,0.00042838254012167454
1746728866555807200,26.97380712890625,-0.00214308500289917,0.0015266886912286282,-0.00011064112186431885
1746728866565824300,26.98382421875,0.0006123334169387817,-0.0005219774320721626,-0.0003794226795434952
1746728866575842000,26.993842041015625,-0.0011149928905069828,0.0003704479895532131,-0.0029677487909793854
1746728866585860400,27.0038603515625,-0.001653469167649746,0.00011447211727499962,0.0008512854110449553
1746728866595878100,27.013878173828125,-0.0005775517784059048,0.0014367317780852318,0.000769526232033968
1746728866605895700,27.023895751953123,0.0014554702211171389,-0.0002466496080160141,-0.0028025892097502947
1746728866615914000,27.0339140625,0.001700481167063117,0.00025775283575057983,-0.0017200142610818148
1746728866625931800,27.043931884765627,-0.0004849545657634735,0.0008653756231069565,0.0009573749266564846
1746728866635949800,27.05394970703125,-0.003268224187195301,0.0023839096538722515,0.0004015732556581497
1746728866645967600,27.063967529296875,0.00014182180166244507,-0.0005850614979863167,0.0013583641266450286
1746728866655985000,27.07398486328125,0.0017895197961479425,-0.00005615781992673874,0.0007953718304634094
1746728866666002700,27.084002685546874,-0.0009322646073997021,-0.000008523929864168167,-0.000522298039868474
1746728866676020700,27.094020751953124,0.0002821367233991623,0.00010545924305915833,0.0011480365647003055
1746728866686038800,27.104038818359374,0.00006511993706226349,-0.002867306349799037,-0.0014710123650729656
1746728866696056800,27.114056884765624,0.0007029473781585693,-0.0008504944853484631,-0.00001958967186510563
1746728866706074600,27.12407470703125,0.0007591485045850277,0.0009796619415283203,0.00133629294577986
1746728866716093000,27.134093017578124,0.0007562190294265747,0.00042386027052998543,-0.0006831821519881487
1746728866726110700,27.14411083984375,-0.002137970644980669,-0.00038392236456274986,0.00016832887195050716
1746728866736128800,27.154128662109375,0.0006106779910624027,0.00022540893405675888,-0.0011736380401998758
1746728866746145800,27.164145751953125,0.00012101884931325912,-0.0007192641496658325,0.00113784265704453
1746728866756163800,27.174163818359375,-0.001134661491960287,0.0016056750901043415,-0.0009127911180257797
1746728866766181600,27.184181640625,0.0021276262123137712,-0.0009008492343127728,-0.0011636549606919289
1746728866776200000,27.194199951171875,0.0005225390195846558,-0.00008618831634521484,-0.0013119932264089584
1746728866786217700,27.2042177734375,0.002526314230635762,-0.0012398441322147846,0.0016377849970012903
1746728866796235800,27.21423583984375,-0.00033631734549999237,-0.0008227932266891003,0.0007179290987551212
1746728866806253800,27.22425390625,-0.0018122042529284954,0.0002616560086607933,-0.0005590578075498343
1746728866816272000,27.23427197265625,-0.0008811629377305508,-0.00007150555029511452,-0.0008448150474578142
1746728866826290000,27.2442900390625,-0.004164273384958506,-0.0004488877020776272,-0.0013360455632209778
1746728866836306700,27.254306640625,-0.0015562395565211773,-0.0007381071336567402,-0.003150190692394972
1746728866846325000,27.264324951171876,0.0005878107622265816,-0.0012068012729287148,-0.000007524155080318451
1746728866856342800,27.2743427734375,0.00011243624612689018,-0.00021397462114691734,-0.0001902170479297638
1746728866866360800,27.28436083984375,-0.0013499921187758446,-0.0008558384142816067,-0.0009339340031147003
1746728866876379000,27.29437890625,-0.0008796779438853264,0.0004877261817455292,0.0008538458496332169
1746728866886397000,27.30439697265625,0.0017730309627950191,-0.0006579332984983921,0.0023918224032968283
1746728866896414700,27.314414794921873,0.0005607600323855877,-0.0007282407023012638,0.0011667682556435466
1746728866906432800,27.324432861328123,0.0009504246991127729,-0.0002920711413025856,0.0007096757180988789
1746728866916450800,27.334450927734373,-0.0017319112084805965,-0.0002808854915201664,-0.001348415156826377
1746728866926467800,27.3444677734375,-0.0001493147574365139,0.00029469048604369164,0.0011167159536853433
1746728866936486000,27.35448583984375,-0.002023913897573948,0.0005644685588777065,-0.0008785242680460215
1746728866946504000,27.36450390625,0.0006421790458261967,0.0009168218821287155,-0.00021159672178328037
1746728866956521700,27.374521728515624,-0.0005410634912550449,0.0003218716010451317,-0.0004675264935940504
1746728866966539800,27.384539794921874,0.0014940111432224512,0.0015960638411343098,0.0013229264877736568
1746728866976557800,27.394557861328124,-0.0005062893033027649,-0.0014378088526427746,0.0008792439475655556
1746728866986576000,27.404575927734374,-0.0009186151437461376,0.0011892598122358322,0.00028655771166086197
1746728866996593700,27.41459375,-0.000791049562394619,-0.0004389970563352108,-0.0002471397165209055
1746728867006611700,27.42461181640625,-0.00025982456281781197,-0.0037038959562778473,0.0011244653724133968
1746728867016629800,27.434629638671876,-0.0017141769640147686,0.0007100272923707962,-0.002320866333320737
1746728867026646800,27.444646728515625,0.000795495230704546,-0.0010262848809361458,-0.0008691905532032251
1746728867036664800,27.454664794921875,-0.00003274763002991676,-0.000016946811228990555,-0.0007123304530978203
1746728867046683000,27.464682861328125,0.00040300237014889717,-0.0024666390381753445,0.001087066950276494
1746728867056700700,27.47470068359375,-0.0013751904480159283,-0.0018679602071642876,0.0013680304400622845
1746728867066718700,27.48471875,0.0015027541667222977,-0.001520371064543724,-0.0016482050996273756
1746728867076736800,27.49473681640625,-0.00007783202454447746,0.0021710367873311043,0.0010261409915983677
1746728867086754800,27.5047548828125,-0.0013538417406380177,-0.00012038601562380791,-0.0005402490496635437
1746728867096772900,27.51477294921875,0.001010779058560729,-0.0005661989562213421,-0.0006334595382213593
1746728867106790700,27.524790771484376,0.0012065705377608538,0.0008331458084285259,-0.0011714946012943983
1746728867116807700,27.5348076171875,0.0003141453489661217,0.0002970518544316292,0.0009055046830326319
1746728867126825700,27.54482568359375,-0.0023709824308753014,0.0016842461191117764,0.0023023595567792654
1746728867136844000,27.554843994140626,0.0005118893459439278,0.0019068866968154907,0.000665048137307167
1746728867146861800,27.56486181640625,-0.0009271823801100254,0.00033239321783185005,0.00001773121766746044
1746728867156880000,27.5748798828125,-0.0013604788109660149,-0.0006588352844119072,-0.0027849795296788216
1746728867166897700,27.584897705078124,0.001976598519831896,0.0006918907165527344,0.000038037076592445374
1746728867176916000,27.594916015625,0.0013006881345063448,0.0016309209167957306,0.0004915734753012657
1746728867186933800,27.604933837890623,-0.0005370033904910088,-0.0006486778147518635,-0.0004569878801703453
1746728867196951800,27.614951904296873,-0.0006147678941488266,0.00005892384797334671,0.00035447743721306324
1746728867206968800,27.62496875,-0.00021191313862800598,-0.0007773307152092457,0.001368704135529697
1746728867216987000,27.63498681640625,-0.0007211095653474331,0.0002887328155338764,0.0020283691119402647
1746728867227004700,27.645004638671875,-0.0032534077763557434,0.0012398632243275642,-0.002336678095161915
1746728867237023000,27.65502294921875,-0.0007098224014043808,-0.0009314119815826416,0.0011523293796926737
1746728867247040800,27.665040771484374,-0.0008820709772408009,0.0010234387591481209,-0.0014355627354234457
1746728867257058800,27.675058837890624,0.0013057158794254065,-0.0013654166832566261,-0.0011641865130513906
1746728867267076600,27.68507666015625,0.000488045159727335,0.0028998455964028835,-0.0015818013343960047
1746728867277095000,27.695094970703124,0.0019131028093397617,0.0004183119162917137,0.0012358230305835605
1746728867287112700,27.70511279296875,0.0009095952846109867,-0.0005259877070784569,-0.0010987333953380585
1746728867297130000,27.7151298828125,0.0007668498437851667,-0.0003848401829600334,0.0008789300918579102
1746728867307147800,27.725147705078125,-0.0030143028125166893,-0.00008121365681290627,-0.0016953363083302975
1746728867317165800,27.735165771484375,0.0011234504636377096,0.0018927212804555893,0.0012943283654749393
1746728867327183600,27.74518359375,-0.0006602257490158081,0.0026660170406103134,-0.0019172353204339743
1746728867337202000,27.755201904296875,-0.00034517375752329826,-0.00018489733338356018,0.001882030162960291
1746728867347219700,27.7652197265625,-0.0011738240718841553,0.0025046146474778652,0.0009547509253025055
1746728867357237800,27.77523779296875,-0.000693123321980238,-0.0029071944300085306,-0.0002471336629241705
1746728867367255800,27.785255859375,-0.0002644583582878113,-0.00010454468429088593,-0.0014391334261745214
1746728867377273900,27.79527392578125,0.001928654732182622,-0.002719768788665533,-0.0007400535978376865
1746728867387290600,27.80529052734375,0.0003437390550971031,0.0014939652755856514,-0.000020127510651946068
1746728867397309000,27.815308837890626,0.0020159378182142973,0.0009336364455521107,-0.00026753521524369717
1746728867407326700,27.82532666015625,-0.0016734711825847626,0.0008916785009205341,-0.00041353795677423477
1746728867417344800,27.8353447265625,0.0003324216231703758,-0.0011219372972846031,-0.0014806666877120733
1746728867427362800,27.84536279296875,-0.00038630561903119087,-0.0007454743608832359,-0.0009162507485598326
1746728867437380900,27.855380859375,0.00018334481865167618,-0.0010701138526201248,-0.0011010740417987108
1746728867447399000,27.86539892578125,-0.0005459426902234554,0.00007274653762578964,-0.003864472731947899
1746728867457416700,27.875416748046874,0.000471651554107666,0.00015663588419556618,-0.00018718000501394272
1746728867467435000,27.88543505859375,-0.001967696938663721,-0.0008372957818210125,-0.0010840559843927622
1746728867477451800,27.89545166015625,-0.00016233976930379868,0.002812033984810114,-0.002782886615023017
1746728867487469800,27.9054697265625,0.0005630743689835072,0.0007009855471551418,0.002371357986703515
1746728867497488000,27.91548779296875,0.0007646754384040833,-0.000621007289737463,-0.00018208078108727932
1746728867507506000,27.925505859375,-0.00036465516313910484,-0.0011290167458355427,-0.00006222189404070377
1746728867517523700,27.935523681640625,0.0009386958554387093,-0.0019197091460227966,0.002159653464332223
1746728867527541800,27.945541748046875,0.0004838760942220688,-0.001110997051000595,-0.000908413901925087
1746728867537559800,27.955559814453125,0.0005147689953446388,0.0006682607345283031,0.0011864284751936793
1746728867547577900,27.965577880859374,0.00075506791472435,0.00021221721544861794,-0.0009100048337131739
1746728867557595600,27.975595703125,0.00028661778196692467,0.0006300671957433224,0.0029534429777413607
1746728867567613000,27.985613037109374,-0.0001075277104973793,-0.0010849395766854286,0.0013787061907351017
1746728867577630700,27.995630615234376,-0.001035373192280531,-0.0010077077895402908,0.0016386306378990412
1746728867587648800,28.005648681640626,0.001256413757801056,0.00023680506274104118,-0.0029939189553260803
1746728867597666800,28.015666748046876,0.00010140100494027138,-0.0008353837765753269,0.0003219826612621546
1746728867607685000,28.02568505859375,0.00038085784763097763,0.0007762047462165356,0.001539299264550209
1746728867617703200,28.035703125,0.0015696927439421415,-0.00007547438144683838,0.0006793646607547998
1746728867627721000,28.045720947265625,-0.0009843683801591396,0.0009558163583278656,-0.0004478893242776394
1746728867637739300,28.0557392578125,-0.00014014635235071182,0.0014098850078880787,0.0016370995435863733
1746728867647757300,28.06575732421875,-0.0001790137030184269,0.0006038304418325424,0.0005652797408401966
1746728867657774300,28.0757744140625,0.0018969203811138868,0.0014366009272634983,0.0004672752693295479
1746728867667792100,28.085792236328125,-0.0009479513391852379,0.00037511764094233513,0.0006109010428190231
1746728867677810200,28.09581005859375,0.0004653884097933769,-0.002169000217691064,0.0006393969524651766
1746728867687828000,28.105827880859376,0.0005542207509279251,0.0003622826188802719,0.0009081896860152483
1746728867697846300,28.11584619140625,0.00128286168910563,0.0007886551320552826,0.00004452653229236603
1746728867707864300,28.1258642578125,0.0006702877581119537,-0.0004137190990149975,-0.0002195711713284254
1746728867717882000,28.135882080078126,-0.00215026643127203,0.00015779491513967514,-0.0016986909322440624
1746728867727900200,28.145900146484376,0.00029712170362472534,0.00046268897131085396,-0.0005032678600400686
1746728867737917200,28.155917236328126,0.0006483928300440311,-0.0014963322319090366,-0.0009264443069696426
1746728867747935200,28.165935302734376,-0.0005946657620370388,-0.002118287840858102,-0.003582930425181985
1746728867757953300,28.175953369140625,0.000025318004190921783,-0.0008620750159025192,-0.0008958007674664259
1746728867767971300,28.185971435546875,-0.00023389700800180435,0.0003069085069000721,-0.0004942994564771652
1746728867777989000,28.195989013671873,0.0007261722348630428,0.00038387393578886986,-0.001548910979181528
1746728867788007200,28.206007080078123,0.0010684984736144543,0.001286893617361784,-0.0012685819528996944
1746728867798025200,28.216025146484377,0.0022711821366101503,-0.00087319640442729,-0.0013010725378990173
1746728867808043300,28.226043212890627,0.0007667043246328831,0.0004429561085999012,-0.0034069132525473833
1746728867818061000,28.23606103515625,0.0009930729866027832,0.002595589030534029,-0.0028098325710743666
1746728867828078300,28.246078369140626,0.0017274301499128342,0.0020981035195291042,0.0014621010050177574
1746728867838096100,28.25609619140625,0.0005388613790273666,-0.0004039364866912365,-0.0002521758433431387
1746728867848114200,28.2661142578125,0.00006453460082411766,0.0011928672902286053,0.003037188434973359
1746728867858132200,28.27613232421875,-0.0005828798748552799,-0.0015355413779616356,-0.00023157545365393162
1746728867868150300,28.286150390625,0.0008003110997378826,-0.000223575159907341,0.0007620230317115784
1746728867878168000,28.29616796875,-0.0009595057927072048,0.0004483400844037533,-0.00043347012251615524
1746728867888186000,28.30618603515625,0.000705731101334095,-0.0006327498704195023,-0.0005457552615553141
1746728867898204200,28.3162041015625,0.0032152277417480946,0.0019491850398480892,-0.0019548337440937757
1746728867908222200,28.32622216796875,0.002397422678768635,0.001050344668328762,-0.001727844588458538
1746728867918239200,28.3362392578125,-0.0014489809982478619,0.0009366273880004883,0.000546228839084506
1746728867928257300,28.34625732421875,-0.0000068517401814460754,0.0012334813363850117,0.0011867644498124719
1746728867938275000,28.356275146484375,0.0015151447150856256,-0.00014550378546118736,-0.0018947792705148458
1746728867948293000,28.366293212890625,-0.0019206181168556213,0.003679748624563217,-0.0010186785366386175
1746728867958311200,28.376311279296875,-0.001992523670196533,0.0012810397893190384,0.0017491449834778905
1746728867968329200,28.3863291015625,-0.0018698074854910374,-0.0011256360448896885,0.0009314168710261583
1746728867978347000,28.396346923828126,0.000850877957418561,-0.00017621880397200584,0.00011595687828958035
1746728867988365000,28.406364990234376,0.0008810244034975767,0.00039251893758773804,-0.001859273063018918
1746728867998383400,28.41638330078125,0.0008173747919499874,-0.0005118902772665024,0.0011564906453713775
1746728868008400100,28.426400146484376,-0.002076331991702318,-0.0001772562973201275,-0.0003736314829438925
1746728868018418200,28.436418212890626,-0.0016270563937723637,0.0006403340958058834,-0.0006090549286454916
1746728868028436200,28.446436279296876,0.001647396245971322,0.000249993521720171,-0.0035652024671435356
1746728868038454300,28.456454345703126,-0.0018362849950790405,-0.0019476471934467554,-0.0024938127025961876
1746728868048472000,28.46647216796875,0.0008618966676294804,-0.0009587868116796017,-0.0009103915654122829
1746728868058490400,28.476490478515625,-0.001960521563887596,0.0007315217517316341,0.0024523818865418434
1746728868068508200,28.486508056640623,0.00030736997723579407,0.0012134085409343243,-0.001168099232017994
1746728868078526200,28.496526123046873,-0.0008918517269194126,0.0001457473263144493,0.002335821744054556
1746728868088544300,28.506544189453123,-0.0006002089940011501,-0.0010760636068880558,-0.0006344823632389307
1746728868098561300,28.516561279296877,-0.0008548074401915073,0.0015215836465358734,-0.0003279524389654398
1746728868108579000,28.5265791015625,-0.0010817735455930233,-0.0008768448606133461,0.000040526967495679855
1746728868118597400,28.536597412109376,-0.0009392942301928997,-0.0014936327934265137,0.0006368085741996765
1746728868128615200,28.546615234375,-0.00009131152182817459,0.0017787576653063297,-0.002279190579429269
1746728868138633200,28.55663330078125,0.001214170129969716,-0.0004329974763095379,0.0009128742385655642
1746728868148651000,28.566651123046874,0.0005199173465371132,-0.0017554331570863724,0.0015017573023214936
1746728868158669300,28.57666943359375,0.00043016858398914337,-0.0026057802606374025,-0.000669251661747694
1746728868168687000,28.58668701171875,-0.00035262713208794594,-0.0006993715651333332,-0.0026775470469146967
1746728868178704400,28.596704345703124,-0.0010607615113258362,0.0005525802262127399,-0.00010599847882986069
1746728868188722200,28.60672216796875,-0.0006346027366816998,-0.0021378169767558575,-0.00016515725292265415
1746728868198740200,28.616740234375,-0.0016151787713170052,0.00030696485191583633,0.000856165075674653
1746728868208758000,28.626758056640625,-0.00007742783054709435,-0.00037256721407175064,-0.003773965872824192
1746728868218776300,28.6367763671875,-0.0008257762528955936,-0.0006817597895860672,0.0012120044557377696
1746728868228794000,28.646794189453125,-0.0005084332078695297,0.00042875809594988823,-0.00010123895481228828
1746728868238812200,28.656812255859375,0.0007230122573673725,-0.00044662319123744965,0.00013897824101150036
1746728868248830200,28.666830322265625,0.0008141351863741875,0.00012287544086575508,0.0024221795611083508
1746728868258848300,28.67684814453125,-0.0016551478765904903,0.0003066333010792732,0.002761732554063201
1746728868268865000,28.686864990234376,-0.0008466928265988827,0.0007854779250919819,0.0008373300079256296
1746728868278883300,28.69688330078125,-0.002882945816963911,-0.00036767078563570976,0.000067942775785923
1746728868288901000,28.706901123046876,0.0006974311545491219,0.0002083154395222664,-0.00046082143671810627
1746728868298919200,28.716919189453126,-0.0010091224685311317,0.0001513240858912468,0.000007362104952335358
1746728868308937000,28.72693701171875,-0.0006390232592821121,-0.001629444770514965,0.0009067512582987547
1746728868318955300,28.736955322265626,0.0001178467646241188,-0.0007660477422177792,0.0003924949560314417
1746728868328973300,28.746973388671876,0.0010113182943314314,0.002026289701461792,0.0021787998266518116
1746728868338991000,28.7569912109375,0.001391351455822587,-0.0009729624725878239,-0.0016353793907910585
1746728868349009200,28.767009033203124,0.0001016613095998764,-0.0015736040659248829,-0.00134776602499187
1746728868359026200,28.777026123046873,-0.000909807626157999,-0.001026324462145567,0.0019143400713801384
1746728868369044000,28.7870439453125,-0.000005439389497041702,-0.001744153443723917,0.0006802263669669628
1746728868379062300,28.797062255859377,-0.00045311683788895607,-0.0033993080724030733,0.00036517437547445297
1746728868389080300,28.807080322265627,0.0007360158488154411,-0.0011527002789080143,-0.0004975681658834219
1746728868399098000,28.81709814453125,-0.000284773763269186,-0.0014597629196941853,0.0022257803939282894
1746728868409116200,28.8271162109375,-0.0011760341003537178,-0.00007626879960298538,-0.002378863515332341
1746728868419134200,28.83713427734375,-0.0032450444996356964,0.0005655526183545589,-0.0009934871923178434
1746728868429152300,28.84715234375,-0.0005908072926104069,0.001831602305173874,0.0008461906109005213
1746728868439169300,28.857169189453124,-0.000741275493055582,-0.002584184752777219,-0.00020921998657286167
1746728868449187300,28.867187255859374,-0.0007648151367902756,0.0011568344198167324,0.00115572742652148
1746728868459205000,28.877205078125,0.0001931237056851387,-0.00020617106929421425,0.0006846142932772636
1746728868469223200,28.88722314453125,0.0015636924654245377,-0.0014894967898726463,-0.001640009693801403
1746728868479241200,28.8972412109375,0.0008544926531612873,0.0014266646467149258,0.000505432952195406
1746728868489259300,28.90725927734375,-0.0014949217438697815,0.0005368134006857872,-0.0014691902324557304
1746728868499277000,28.917277099609375,0.00028220564126968384,-0.00012125354260206223,-0.0007506692782044411
1746728868509295000,28.927295166015625,-0.00062946742400527,-0.002065998734906316,0.001111635472625494
1746728868519313200,28.937313232421875,0.0011846779379993677,-0.00022628717124462128,0.0020080553367733955
1746728868529330200,28.947330078125,0.00018649687990546227,-0.0009951572865247726,-0.00022791745141148567
1746728868539348200,28.95734814453125,-0.0012817038223147392,0.00008901581168174744,-0.001338988309726119
1746728868549366300,28.9673662109375,0.000533045269548893,-0.0008939215913414955,-0.0016573690809309483
1746728868559384000,28.977384033203126,0.00024063047021627426,-0.0003114882856607437,0.0024561493191868067
1746728868569402000,28.987402099609376,-0.0008696848526597023,-0.0003073913976550102,0.004050213377922773
1746728868579420200,28.997420166015626,0.0015998645685613155,0.0002723787911236286,-0.0007882178761065006
1746728868589438200,29.007438232421876,0.002267858712002635,0.0007240115664899349,0.0011957656824961305
1746728868599456000,29.0174560546875,-0.0005771960131824017,-0.001460046973079443,0.0009254547767341137
1746728868609472800,29.02747265625,0.0008246586658060551,0.00024600280448794365,0.0009357822127640247
1746728868619490600,29.037490478515625,0.0007945648394525051,-0.000026438850909471512,0.0007227293681353331
1746728868629508600,29.047508544921875,-0.0005297702737152576,-0.0006424244493246078,0.0003380882553756237
1746728868639526700,29.057526611328125,-0.0010597393848001957,-0.0007939585484564304,0.0009649964049458504
1746728868649544700,29.067544677734375,0.0029649471398442984,-0.00020127277821302414,-0.0005890214815735817
1746728868659562800,29.077562744140625,0.00009166263043880463,-0.00026652030646800995,-0.000628702575340867
1746728868669580800,29.087580810546875,-0.0009332909248769283,-0.0006960602477192879,-0.000026742694899439812
1746728868679598800,29.097598876953125,0.00001985440030694008,0.00005042366683483124,0.0003437031991779804
1746728868689616600,29.10761669921875,0.0008808691054582596,0.0006399983540177345,-0.0014605552423745394
1746728868699634000,29.117634033203124,-0.0022797705605626106,0.001386216375976801,0.0003927387297153473
1746728868709651700,29.127651611328126,0.0037657474167644978,-0.0008722813799977303,0.0007252462673932314
1746728868719669800,29.137669677734376,0.000484732910990715,-0.00038066180422902107,-0.002057756995782256
1746728868729687800,29.147687744140626,-0.0010071289725601673,0.0004004649817943573,-0.0009563816711306572
1746728868739705900,29.157705810546876,0.0008432355243712664,0.0009000739082694054,-0.000018682563677430153
1746728868749723600,29.1677236328125,0.0018052766099572182,0.0004076920449733734,-0.00022180401720106602
1746728868759741700,29.17774169921875,-0.0014525679871439934,-0.0019792988896369934,0.00027141347527503967
1746728868769759700,29.187759765625,-0.00045307818800210953,-0.0006693610921502113,-0.0012425980530679226
1746728868779777800,29.19777783203125,0.00022309832274913788,0.0010281377471983433,0.0007398589514195919
1746728868789794600,29.207794677734373,0.0016137044876813889,0.00039837928488850594,-0.000903143547475338
1746728868799812900,29.217812744140623,-0.0011895387433469296,-0.00010176235809922218,0.0012859748676419258
1746728868809830700,29.22783056640625,-0.0015019960701465607,-0.0009687216952443123,-0.00003407546319067478
1746728868819848700,29.2378486328125,0.0010370619129389524,-0.0008273078128695488,-0.0011938819661736488
1746728868829866800,29.24786669921875,-0.00157950259745121,-0.0011767679825425148,0.0013866812223568559
1746728868839884800,29.257884765625,0.00183466961607337,-0.0007437379099428654,0.002407470950856805
1746728868849902600,29.267902587890624,0.0010188431479036808,0.0010041617788374424,-0.0011286286171525717
1746728868859920600,29.277920654296874,-0.00045708101242780685,-0.0016605975106358528,0.00037605734542012215
1746728868869937700,29.287937744140624,-0.0012121391482651234,-0.0005569667555391788,-0.0004951045848429203
1746728868879955700,29.297955810546874,-0.0012923004105687141,0.0009842044673860073,0.000475084874778986
1746728868889973800,29.307973876953124,-0.001202703919261694,-0.0011247224174439907,0.0020761885680258274
1746728868899991800,29.31799169921875,-0.0003185342065989971,0.0002215052954852581,-0.0002378320787101984
1746728868910009600,29.328009521484375,0.0012716380879282951,-0.0009994381107389927,-0.0016864589415490627
1746728868920027600,29.338027587890625,0.0015824290458112955,-0.0005083512514829636,0.00001716497354209423
1746728868930045700,29.348045654296875,-0.0006701122038066387,0.0001331418752670288,-0.0026359728071838617
1746728868940063700,29.358063720703125,-0.0006807651370763779,0.0015595308504998684,-0.003864755155518651
1746728868950081800,29.368081787109375,-0.0011512120254337788,0.0005823993124067783,-0.0017799995839595795
1746728868960098800,29.378098876953125,0.0011204644106328487,-0.0009710225276648998,-0.0008944985456764698
1746728868970116600,29.38811669921875,0.0028943896759301424,-0.0008191438391804695,-0.0006205001845955849
1746728868980134700,29.398134765625,-0.0009168600663542747,-0.0002223295159637928,-0.0011020000092685223
1746728868990153000,29.408153076171875,0.0012027127668261528,-0.0009304909035563469,0.0010920555796474218
1746728869000170800,29.418170654296876,-0.00017813639715313911,-0.00008893199265003204,-0.0012720322702080011
1746728869010188800,29.428188720703126,0.0005976702086627483,-0.0025767344050109386,0.0004959951620548964
1746728869020206600,29.43820654296875,-0.0016260691918432713,-0.0012693884782493114,0.0003391350619494915
1746728869030225000,29.448224853515626,0.00011797016486525536,-0.0019231387414038181,-0.0023571026977151632
1746728869040241700,29.45824169921875,-0.0011073504574596882,0.0013863714411854744,0.00022136978805065155
1746728869050259700,29.468259765625,-0.0013640495017170906,-0.0007048374973237514,0.0034728117752820253
1746728869060277800,29.47827783203125,-0.0022309087216854095,-0.0023922163527458906,0.0005063165444880724
1746728869070295800,29.4882958984375,0.00003931066021323204,0.0031119058839976788,-0.0014313249848783016
1746728869080313600,29.498313720703123,-0.0011604432947933674,0.001425059512257576,0.002188177080824971
1746728869090332000,29.508331787109373,-0.001218155026435852,-0.0012036464177072048,-0.00033014663495123386
1746728869100349700,29.518349609375,-0.0008016363717615604,-0.0006728782318532467,0.003376440843567252
1746728869110367700,29.52836767578125,0.00036746077239513397,-0.001263706013560295,0.003422907553613186
1746728869120385500,29.538385498046875,-0.0009002038277685642,0.0011624335311353207,0.0003027480561286211
1746728869130402800,29.54840283203125,-0.0011522667482495308,-0.0045003993436694145,0.0014143073931336403
1746728869140420600,29.558420654296874,0.000437373761087656,0.00007784087210893631,0.0005996464751660824
1746728869150439000,29.56843896484375,-0.0005489340983331203,0.00158213684335351,0.0016597858630120754
1746728869160456700,29.578456787109374,0.0009144728537648916,-0.0012557273730635643,0.0009244871325790882
1746728869170474800,29.588474853515624,-0.0007525524124503136,-0.0023084385320544243,-0.00013531814329326153
1746728869180492500,29.598492431640626,-0.0003120657056570053,0.00017735594883561134,-0.0014743555802851915
1746728869190510800,29.6085107421875,-0.0004977392964065075,-0.0003727576695382595,-0.00022885599173605442
1746728869200528600,29.618528564453126,-0.0007352936081588268,0.0006038234569132328,-0.0001644075382500887
1746728869210545700,29.628545654296875,0.0008010116871446371,0.0003544720821082592,0.00023280689492821693
1746728869220563700,29.638563720703125,-0.0016419058665633202,0.00047804275527596474,0.0016866264631971717
1746728869230581800,29.648581787109375,0.001043710857629776,-0.0012123729102313519,-0.0024084586184471846
1746728869240599600,29.658599609375,-0.0008615143597126007,-0.00035723159089684486,0.0012571165570989251
1746728869250617900,29.668617919921875,0.0004945844411849976,0.0007741982117295265,-0.002975163049995899
1746728869260635600,29.6786357421875,-0.0001107524149119854,0.00002505071461200714,0.0009583255741745234
1746728869270653700,29.68865380859375,-0.0003406032919883728,-0.00146115617826581,0.00012856232933700085
1746728869280671700,29.698671630859376,0.0008972340729087591,0.00045578693971037865,0.00020126672461628914
1746728869290688800,29.708688720703126,0.0008196283597499132,0.0014315447770059109,-0.0025006558280438185
1746728869300706600,29.71870654296875,-0.00027386564761400223,-0.0005005784332752228,-0.00038104597479104996
1746728869310724600,29.728724609375,-0.0002277679741382599,0.0008948622271418571,-0.001228221459314227
1746728869320742700,29.73874267578125,0.0004774373956024647,0.00018752692267298698,0.0005427803844213486
1746728869330760700,29.7487607421875,-0.00008050119504332542,0.0015592528507113457,-0.0023057328071445227
1746728869340778800,29.75877880859375,-0.0003774436190724373,-0.0012101680040359497,0.0016892749117687345
1746728869350796800,29.768796875,0.0008623814210295677,0.00010949373245239258,0.0005654639098793268
1746728869360814800,29.77881494140625,-0.0005272561684250832,0.0004589003510773182,-0.000969848595559597
1746728869370832600,29.78883251953125,0.0015213913284242153,-0.0014778310433030128,0.0007974070031195879
1746728869380850000,29.798849853515627,0.0005000689998269081,-0.0012671747244894505,0.000916716642677784
1746728869390867700,29.80886767578125,0.0017522962298244238,0.00018747523427009583,0.0015042343875393271
1746728869400885800,29.8188857421875,0.00013629021123051643,-0.0008498262614011765,0.00028530554845929146
1746728869410903800,29.82890380859375,0.00043421564623713493,-0.0010032332502305508,0.0010301978327333927
1746728869420921900,29.838921875,0.0005886787548661232,-0.0004982976242899895,-0.0027088799979537725
1746728869430939600,29.848939697265624,-0.0007887138053774834,0.0005320562049746513,0.00016897590830922127
1746728869440957700,29.858957763671874,-0.0005660736933350563,-0.0006831442005932331,0.0021362528204917908
1746728869450975700,29.868975830078124,0.0009700213558971882,-0.000004387926310300827,0.002066503744572401
1746728869460993800,29.878993896484374,-0.0010284148156642914,0.0006912299431860447,-0.0001726818736642599
1746728869471010600,29.889010498046876,0.0006813276559114456,0.0017283339984714985,-0.0015151009429246187
1746728869481028900,29.89902880859375,-0.0004348033107817173,-0.0009707794524729252,0.000828480813652277
1746728869491046700,29.909046630859375,-0.00041269976645708084,0.0010071801953017712,0.00040910718962550163
1746728869501064700,29.919064697265625,0.0004754643887281418,0.000521419569849968,-0.001015151385217905
1746728869511082800,29.929082763671875,0.00046030664816498756,0.0015046130865812302,0.00014328514225780964
1746728869521100800,29.939100830078125,-0.00014662742614746094,0.0003541274927556515,0.002029069233685732
1746728869531118600,29.94911865234375,0.0013991077430546284,-0.000746644102036953,-0.0005552649963647127
1746728869541136600,29.95913671875,0.0020537127275019884,-0.0008105598390102386,-0.001543297665193677
1746728869551153700,29.969153564453126,-0.00044262222945690155,0.001210586167871952,0.003460661042481661
1746728869561171700,29.979171630859376,-0.0000796332024037838,0.0027296533808112144,-0.0018832380883395672
1746728869571189800,29.989189697265626,0.00025253230705857277,-0.004074081778526306,-0.0025114535819739103
1746728869581207800,29.999207763671876,0.00029221316799521446,-0.0008346126414835453,0.00036875507794320583
1746728869591225600,30.0092255859375,-0.001805026549845934,-0.0017291759140789509,-0.0011821107473224401
1746728869601243600,30.01924365234375,0.0007060677744448185,0.00019362661987543106,-0.0003578623291105032
1746728869611262200,30.02926220703125,0.0008213487453758717,0.0015897676348686218,-0.0002947067841887474
1746728869621280300,30.0392802734375,-0.0008668294176459312,0.0016105403192341328,0.0006600364577025175
1746728869631297000,30.049297119140626,-0.001423768699169159,-0.0013842512853443623,0.000409130472689867
1746728869641315300,30.0593154296875,0.0020559176336973906,0.00010845065116882324,-0.0012566766235977411
1746728869651333000,30.0693330078125,0.00037561170756816864,0.0012558246962726116,0.0010269151534885168
1746728869661351200,30.07935107421875,-0.0008853948675096035,-0.000496535561978817,0.0006503441836684942
1746728869671369000,30.089368896484373,0.001217228127643466,0.0019602524116635323,0.0002901607658714056
1746728869681387300,30.09938720703125,-0.0027013467624783516,0.0010156291536986828,0.002320022089406848
1746728869691405300,30.1094052734375,0.0015587962698191404,0.0015210947021842003,0.0002917591482400894
1746728869701423000,30.119423095703127,0.0008711679838597775,0.0009479825384914875,0.0011024253908544779
1746728869711441200,30.129441162109377,-0.0030665979720652103,-0.0034855115227401257,0.0017147375037893653
1746728869721458200,30.139458251953126,-0.001203982625156641,-0.0038034929893910885,-0.0013902420178055763
1746728869731476000,30.14947607421875,0.0019236200023442507,0.0017501292750239372,0.00033222814090549946
1746728869741494300,30.159494384765626,0.001136123202741146,-0.0019916119053959846,0.0001948089338839054
1746728869751512300,30.16951220703125,-0.0015840902924537659,-0.0021628732793033123,-0.0010192205663770437
1746728869761530000,30.179530029296874,0.0006007673218846321,0.0006369077600538731,-0.0007334633264690638
1746728869771548200,30.189548095703124,-0.002376966644078493,-0.0020053372718393803,0.0018836497329175472
1746728869781566200,30.199566162109374,0.000009758397936820984,0.00037126755341887474,-0.00038989074528217316
1746728869791584300,30.209584228515624,0.00032016821205616,-0.0019626254215836525,-0.0002625326160341501
1746728869801601300,30.219601318359373,0.003009960986673832,0.0015423609875142574,0.0005334862507879734
1746728869811619300,30.229619384765623,0.0019217298831790686,-0.0033280758652836084,0.00012790760956704617
1746728869821637000,30.23963720703125,0.0004015974700450897,-0.001777583733201027,0.0012070205993950367
1746728869831655200,30.2496552734375,-0.0005956515669822693,0.0007398594170808792,0.002103909384459257
1746728869841673200,30.259673095703125,0.0004456443712115288,0.0026645255275070667,0.0014679465675726533
1746728869851691300,30.269691162109375,-0.0004389854148030281,-0.0008287364616990089,0.0009025128092616796
1746728869861709000,30.279708984375,0.001590876141563058,0.001367039978504181,-0.002520448062568903
1746728869871727000,30.28972705078125,0.0010750344954431057,0.0005716248415410519,0.00203957362100482
1746728869881744100,30.299744140625,-0.0005750600248575211,-0.002618575468659401,0.00044647068716585636
1746728869891762200,30.30976220703125,0.0014180627185851336,-0.0007347282953560352,-0.0007325625047087669
1746728869901780200,30.3197802734375,0.0010723844170570374,-0.0013073082081973553,-0.002137379953637719
1746728869911798300,30.32979833984375,-0.0009268964640796185,0.0003174426965415478,-0.0005601572338491678
1746728869921816000,30.339816162109376,0.0013636883813887835,0.00015712063759565353,0.00026994990184903145
1746728869931834000,30.349834228515626,-0.0016786097548902035,-0.001081683672964573,-0.0007609664462506771
1746728869941852200,30.35985205078125,0.00045804446563124657,0.00005548633635044098,-0.002179632429033518
1746728869951870200,30.3698701171875,-0.0030525317415595055,-0.0013375356793403625,-0.002486782381311059
1746728869961888000,30.379887939453123,-0.00008816691115498543,0.0001149522140622139,-0.0000899375881999731
1746728869971905300,30.3899052734375,0.0009269616566598415,-0.001035070512443781,0.001034152926877141
1746728869981923000,30.399923095703127,0.0002332082949578762,-0.0005871267057955265,-0.001125670736655593
1746728869991941000,30.409941162109376,0.0014717953745275736,-0.0019375979900360107,0.0010396088473498821
1746728870001959200,30.419959228515626,0.0004805666394531727,0.0007061217911541462,0.0004816765431314707
1746728870011977200,30.429977294921876,-0.0004914565943181515,0.00007099658250808716,-0.0020434060133993626
1746728870021995000,30.4399951171875,0.0015450625214725733,0.0003136107698082924,0.001646936172619462
1746728870032013000,30.450012939453124,0.0009177059400826693,-0.0006274371407926083,0.0012313572224229574
1746728870042031400,30.46003125,0.0010221018455922604,-0.0001829555258154869,0.0006137702148407698
1746728870052048100,30.470048095703124,-0.00028537772595882416,-0.0012130429968237877,0.0007397511508315802
1746728870062066200,30.480066162109374,-0.0006209360435605049,0.00010016141459345818,0.00012243050150573254
1746728870072084200,30.490084228515624,-0.0016910410486161709,-0.0009864489547908306,0.0006862103473395109
1746728870082102300,30.500102294921874,0.0009508149232715368,-0.0002503511495888233,0.0018079336732625961
1746728870092120000,30.5101201171875,0.0008858365472406149,-0.0029475498013198376,0.00023509282618761063
1746728870102138400,30.520138427734373,-0.002121138386428356,-0.0000897115096449852,-0.0005875576753169298
1746728870112156200,30.53015625,-0.0004140567034482956,0.0006811008788645267,0.0011257403530180454
1746728870122174200,30.54017431640625,0.0004975432530045509,-0.0009431610815227032,0.0009539665188640356
1746728870132191200,30.550191162109375,-0.00024037901312112808,0.0010758419521152973,0.0013757403939962387
1746728870142209300,30.560209228515625,-0.0006552995182573795,-0.001035246066749096,-0.00176705582998693
1746728870152227000,30.57022705078125,0.0002327682450413704,-0.0006210231222212315,-0.0028586939442902803
1746728870162245400,30.580245361328124,0.0012684713583439589,-0.00020423857495188713,0.00198133522644639
1746728870172263200,30.59026318359375,0.0008792157750576735,0.0007528397254645824,0.002069528680294752
1746728870182281200,30.60028125,0.0004025101661682129,-0.000748916994780302,0.00002501998096704483
1746728870192299000,30.610299072265626,0.00010863505303859711,-0.0001359744928777218,0.00005117827095091343
1746728870202317300,30.6203173828125,0.0010050551500171423,-0.00032319454476237297,-0.001264689490199089
1746728870212334000,30.630333984375,-0.0007196771912276745,-0.0011327718384563923,0.0016649767057970166
1746728870222352400,30.640352294921875,0.0024191245902329683,-0.00046937819570302963,0.0024436849635094404
1746728870232370200,30.6503701171875,-0.0007680938579142094,-0.0004849103279411793,-0.00024856021627783775
1746728870242388200,30.66038818359375,0.00033765099942684174,0.0008341530337929726,-0.0004062193911522627
1746728870252406000,30.670406005859373,-0.0010600020177662373,0.00038432609289884567,0.0013738765846937895
1746728870262424300,30.68042431640625,-0.0012283138930797577,0.00038192886859178543,0.0010327256750315428
1746728870272442000,30.690442138671877,-0.0009745517745614052,0.0008893907070159912,0.0013929058331996202
1746728870282460200,30.700460205078127,-0.001282679382711649,-0.0024017440155148506,-0.000414049020037055
1746728870292477200,30.710477294921876,0.001998203108087182,0.0013636238873004913,-0.0013114085886627436
1746728870302495200,30.7204951171875,0.0011100387200713158,-0.002244426868855953,0.0012809124309569597
1746728870312513000,30.730512939453124,-0.00020694686099886894,-0.0025996624026447535,-0.0025838532019406557
1746728870322531300,30.74053125,0.0024306478444486856,0.0000957227312028408,0.002767768921330571
1746728870332549000,30.750549072265624,0.0007039210759103298,-0.0022851661778986454,0.0007105860859155655
1746728870342567200,30.760567138671874,0.0016850295942276716,-0.00014238664880394936,0.0009843590669333935
1746728870352585000,30.7705849609375,0.0006796694360673428,-0.0017861858941614628,-0.0013080914504826069
1746728870362603300,30.780603271484374,0.004097037483006716,0.0011345027014613152,0.0016719857230782509
1746728870372620000,30.7906201171875,-0.000808357261121273,-0.000318869948387146,0.0014262538170441985
1746728870382638300,30.800638427734373,-0.00028797565028071404,0.00016848836094141006,-0.0012723274994641542
1746728870392656100,30.81065625,-0.0004364638589322567,0.0006352905184030533,-0.00012299907393753529
1746728870402674200,30.820674072265625,-0.0004814709536731243,0.0015341071411967278,0.0010461285710334778
1746728870412692000,30.83069189453125,0.0009544352069497108,-0.0014686109498143196,0.00059544388204813
1746728870422710300,30.840710205078125,0.0011959837283939123,0.001531439833343029,0.0011842688545584679
1746728870432728300,30.850728271484375,-0.00022462476044893265,0.00040196068584918976,-0.0013496899046003819
1746728870442746000,30.86074609375,-0.0007410119287669659,-0.0023408287670463324,0.0010303771123290062
1746728870452764200,30.87076416015625,0.0008722506463527679,-0.0006329077295958996,0.000804646871984005
1746728870462781200,30.88078125,-0.0038311579264700413,-0.0032020590733736753,-0.0008220120798796415
1746728870472799000,30.890799072265626,-0.0006089289672672749,-0.0019484166987240314,-0.0010052151046693325
1746728870482817300,30.9008173828125,-0.0002355538308620453,-0.0000703553669154644,-0.0006225190591067076
1746728870492835300,30.91083544921875,-0.0008334512822329998,0.00042646564543247223,-0.0015703670214861631
1746728870502853000,30.92085302734375,0.0007814897689968348,0.00158680509775877,0.00015402957797050476
1746728870512871200,30.93087109375,0.0005604973994195461,-0.002122875303030014,0.0005256235599517822
1746728870522889200,30.94088916015625,-0.001561509445309639,0.0002987370826303959,0.0019024779321625829
1746728870532907300,30.9509072265625,0.0009900226723402739,0.0013151559978723526,-0.0008797089103609324
1746728870542924300,30.96092431640625,-0.0025242846459150314,0.0004397747106850147,-0.00031565153039991856
1746728870552942300,30.9709423828125,-0.00045398296788334846,0.0005635228008031845,-0.0002225979696959257
1746728870562960100,30.980960205078127,0.0010333922691643238,0.0016455650329589844,0.0007965937256813049
1746728870572978200,30.990978271484376,-0.001956538762897253,-0.0002641878090798855,0.0008397367782890797
1746728870582996200,31.000996337890626,-0.0001208670437335968,-0.001436108723282814,0.0025425399653613567
1746728870593014300,31.01101416015625,-0.00037368014454841614,-0.0003445488400757313,0.0003878790885210037
1746728870603032000,31.021031982421874,-0.0005718194879591465,-0.0012082122266292572,0.001917598769068718
1746728870613050000,31.031050048828124,-0.00019582035019993782,-0.0013256245292723179,-0.0016437219455838203
1746728870623067100,31.041067138671874,0.002728330669924617,0.0018523256294429302,0.0008633777033537626
1746728870633085200,31.051085205078124,-0.00004448462277650833,0.0013917149044573307,-0.0008296247106045485
1746728870643103200,31.061103271484374,-0.00039522256702184677,0.0006351112388074398,0.00039063580334186554
1746728870653121300,31.071121337890624,-0.0012206840328872204,-0.0005209660157561302,-0.00037728878669440746
1746728870663139000,31.08113916015625,0.002689369022846222,0.0006007570773363113,-0.004978965036571026
1746728870673157000,31.0911572265625,0.0015969902742654085,-0.0009682318195700645,0.0007397094741463661
1746728870683175200,31.101175048828125,-0.003162877634167671,-0.0027962257154285908,-0.0001846735831350088
1746728870693193200,31.111193115234375,-0.0005530011840164661,0.0010255626402795315,-0.0006090519018471241
1746728870703210200,31.121210205078125,-0.0011652619577944279,-0.00014969008043408394,-0.000751264626160264
1746728870713228300,31.131228271484375,0.000029674265533685684,-0.0005047391168773174,-0.0008147454354912043
1746728870723246000,31.14124609375,0.0000858670100569725,-0.0008094045333564281,0.0002835423219949007
1746728870733264100,31.15126416015625,0.000587213784456253,0.001017384696751833,0.0002825206611305475
1746728870743282200,31.1612822265625,-0.00206209858879447,-0.0005653318949043751,-0.0003052388783544302
1746728870753300200,31.17130029296875,0.0008624210022389889,0.002063044812530279,-0.000760162016376853
1746728870763318000,31.181318115234376,0.0018097073771059513,0.000058483798056840897,-0.000041641294956207275
1746728870773336000,31.191336181640626,-0.00033382559195160866,-0.0007208338938653469,0.0024144300259649754
1746728870783353000,31.20135302734375,-0.0025740768760442734,0.0008384468965232372,-0.0006375524681061506
1746728870793371100,31.21137109375,0.001295238733291626,0.0006404221057891846,-0.001048706704750657
1746728870803389200,31.22138916015625,-0.002447834238409996,0.0010388311930000782,-0.00048065464943647385
1746728870813407200,31.2314072265625,0.0006475737318396568,-0.001797342672944069,0.00034680706448853016
1746728870823425300,31.24142529296875,0.0021501292940229177,-0.0013486002571880817,0.0017838487401604652
1746728870833443000,31.251443115234373,0.0025491295382380486,0.002119612880051136,0.0012795818038284779
1746728870843461400,31.26146142578125,-0.0003928644582629204,-0.0007179854437708855,-0.0016578848008066416
1746728870853479200,31.271479248046877,0.00010449066758155823,-0.00025960057973861694,0.0011606175685301423
1746728870863496200,31.28149609375,-0.0016113840974867344,-0.0006273831240832806,0.00009162467904388905
1746728870873514200,31.29151416015625,0.0014148196205496788,-0.00027376459911465645,-0.0016622457187622786
1746728870883532300,31.3015322265625,0.0007468988187611103,-0.0001794886775314808,-0.00007659941911697388
1746728870893550000,31.311550048828124,0.00027984706684947014,0.002052310388535261,0.0016074003651738167
1746728870903568400,31.321568359375,-0.00041230861097574234,0.0006054150871932507,-0.0016416562721133232
1746728870913586200,31.331586181640624,0.00013932492583990097,0.0011931126937270164,0.0028612890746444464
1746728870923604200,31.341604248046874,0.000793929910287261,-0.0007808222435414791,-0.0009867125190794468
1746728870933622000,31.3516220703125,-0.0005560014396905899,0.0018794052302837372,-0.00005410448648035526
1746728870943639300,31.361639404296874,-0.0010204566642642021,-0.0001842780038714409,-0.0011145751923322678
1746728870953657000,31.371656982421875,-0.0005546743050217628,-0.0009330897592008114,-0.0016350022051483393
1746728870963675100,31.381675048828125,-0.0007557426579296589,0.0009923758916556835,0.000551985576748848
1746728870973693200,31.391693115234375,0.0010340409353375435,-0.0005990518257021904,0.0010677746031433344
1746728870983711200,31.401711181640625,-0.000659462995827198,0.003045217599719763,0.0003172957804054022
1746728870993729000,31.41172900390625,0.0010723979212343693,-0.000658073928207159,-0.0016713060904294252
1746728871003747300,31.421747314453125,0.0009115429129451513,0.0009725796990096569,-0.0005357344634830952
1746728871013765000,31.43176513671875,0.0011494334321469069,-0.0007916460745036602,-0.001548161031678319
1746728871023782100,31.4417822265625,-0.0015307720750570297,0.0009412728250026703,-0.0017148747574537992
1746728871033800200,31.45180029296875,0.0012639828491955996,0.00034939637407660484,0.002480084076523781
1746728871043818200,31.461818359375,-0.000016464851796627045,-0.0011076191440224648,-0.0005982639268040657
1746728871053836000,31.4718359375,-0.0002481192350387573,-0.00008029676973819733,0.0003404277376830578
1746728871063854300,31.481854248046876,0.0002834475599229336,-0.0008246502839028835,0.0010301864240318537
1746728871073872100,31.4918720703125,0.0017328141257166862,0.0003067762590944767,-0.0014072356279939413
1746728871083890200,31.50189013671875,0.00011014984920620918,-0.0005070855841040611,0.0017539366381242871
1746728871093908000,31.511907958984374,0.000005356036126613617,0.0018198909237980843,0.0007264353334903717
1746728871103925200,31.52192529296875,0.0006445148028433323,-0.001252864021807909,-0.0008126054890453815
1746728871113943000,31.531943115234377,0.0017066453583538532,-0.0001415107399225235,0.0002957398537546396
1746728871123961000,31.541961181640627,-0.0008803494274616241,0.0007040426135063171,0.0009061363525688648
1746728871133979100,31.551979248046877,0.00006969273090362549,-0.0006933799013495445,-0.00038183340802788734
1746728871143997200,31.5619970703125,-0.0018579033203423023,-0.0007130871526896954,-0.002753644483163953
1746728871154015000,31.572014892578125,-0.0011385520920157433,-0.0006020497530698776,0.0017232130048796535
1746728871164033300,31.582033203125,-0.002269330434501171,0.0009694811888039112,-0.000034473370760679245
1746728871174051300,31.59205126953125,0.00219130446203053,0.002254404127597809,-0.00008010002784430981
1746728871184068000,31.602068115234374,-0.0007464285008609295,-0.0015139682218432426,0.0004168457817286253
1746728871194086100,31.612086181640624,0.0012925239279866219,-0.0006520138122141361,0.0002209939993917942
1746728871204104200,31.622104248046874,-0.0002222820185124874,0.0000324188731610775,-0.0024261879734694958
1746728871214122200,31.632122314453124,-0.0015689260326325893,-0.0010906197130680084,-0.00021190685220062733
1746728871224140300,31.642140380859374,-0.0008432148024439812,-0.001491159200668335,0.0024925332982093096
1746728871234158300,31.652158447265624,-0.001384627539664507,-0.000041501596570014954,-0.0012220037169754505
1746728871244176100,31.662176025390625,-0.0035617616958916187,-0.00046094926074147224,0.000745539553463459
1746728871254194200,31.672194091796875,0.0002900552935898304,-0.00044263387098908424,-0.0013762409798800945
1746728871264211200,31.682211181640625,-0.0002905135042965412,0.0012079933658242226,-0.00008194451220333576
1746728871274229200,31.692229248046875,0.000254322774708271,-0.0005201054736971855,0.0009682895615696907
1746728871284247000,31.7022470703125,0.001516128657385707,-0.0024109496735036373,-0.0012242908123880625
1746728871294265300,31.712265380859375,0.000892741372808814,-0.00021051988005638123,0.0008335865568369627
1746728871304283100,31.722283203125,-0.0017357985489070415,0.0007700561545789242,-0.0031169464346021414
1746728871314301200,31.73230126953125,-0.001012684777379036,-0.000004368368536233902,0.0009958434384316206
1746728871324319200,31.7423193359375,-0.0024334811605513096,-0.00035111187025904655,-0.0011642465833574533
1746728871334337300,31.752337158203126,-0.00007466273382306099,-0.00006347103044390678,-0.0013418435119092464
1746728871344354000,31.76235400390625,-0.0018105111084878445,-0.00018411222845315933,-0.0008701975457370281
1746728871354372400,31.772372314453126,0.0008821524679660797,0.000723330769687891,-0.0010619410313665867
1746728871364390100,31.78239013671875,-0.0004587490111589432,0.00033770548179745674,-0.0015485002659261227
1746728871374408200,31.792408203125,0.0006043815519660711,0.0014746692031621933,-0.00011787028051912785
1746728871384426200,31.80242626953125,-0.00016234256327152252,0.00003975769504904747,0.0006925296038389206
1746728871394444300,31.8124443359375,0.0028091860003769398,0.0012194765731692314,-0.0002703515347093344
1746728871404462000,31.822462158203123,-0.000018292106688022614,0.000786712858825922,0.0006388516630977392
1746728871414480100,31.832480224609377,0.0001463061198592186,-0.0010819807648658752,-0.002341424347832799
1746728871424497200,31.8424970703125,-0.0003546345978975296,0.0006099254824221134,-0.000615962315350771
1746728871434515200,31.85251513671875,0.0004148799926042557,0.000868028961122036,-0.00017095310613512993
1746728871444533000,31.862532958984374,-0.0019132550805807114,0.0000014360994100570679,0.002295666839927435
1746728871454551300,31.87255126953125,-0.0019867797382175922,0.000863376073539257,-0.001650885445997119
1746728871464569000,31.882569091796874,-0.002424870152026415,0.0003067753277719021,0.000913738738745451
1746728871474587100,31.892587158203124,0.0014704626519232988,0.0018501379527151585,0.0029184469021856785
1746728871484605200,31.902605224609374,-0.001956759486347437,0.0005752826109528542,-0.0003673611208796501
1746728871494623200,31.912623291015624,-0.00007165689021348953,-0.00033513735979795456,0.0009359219111502171
1746728871504640000,31.922639892578125,-0.000012534670531749725,-0.00327846291474998,0.0023311518598347902
1746728871514658300,31.932658203125,-0.0006817099638283253,0.0011360691860318184,-0.001091900048777461
1746728871524676000,31.942676025390625,-0.0006351047195494175,-0.0007220185361802578,-0.0017454398330301046
1746728871534694100,31.952694091796875,0.0012152842245995998,-0.0013590059243142605,-0.0002926732413470745
1746728871544712200,31.962712158203125,-0.00009579025208950043,-0.00010652141645550728,0.0009270545560866594
1746728871554730200,31.972730224609375,-0.00007120193913578987,-0.0005949074402451515,-0.0013135969638824463
1746728871564748300,31.982748291015625,-0.0013484535738825798,0.004247251898050308,0.0015274634351953864
1746728871574766000,31.99276611328125,-0.0014168773777782917,0.00001130625605583191,0.0009698146022856236
1746728871584783000,32.002783203125,-0.0008437652140855789,0.001015583984553814,0.0014180245343595743
1746728871594801200,32.01280126953125,0.0012904510367661715,-0.000367902684956789,0.0007896213792264462
1746728871604819200,32.022819091796876,0.0001032138243317604,-0.0018685939721763134,-0.00006605219095945358
1746728871614837000,32.0328369140625,-0.0017441562376916409,-0.00006533274427056313,0.00042468938045203686
1746728871624855000,32.04285498046875,-0.00115186907351017,-0.0015881280414760113,0.00102336797863245
1746728871634872800,32.05287280273438,-0.0005185524933040142,-0.0005075531080365181,-0.0014767979737371206
1746728871644891100,32.06289111328125,-0.001721769105643034,0.0011409437283873558,-0.0022818713914602995
1746728871654909000,32.07290893554688,-0.0026210793294012547,0.0005890210159122944,-0.0004581140819936991
1746728871664926000,32.08292602539063,-0.0020775278098881245,0.0017794538289308548,-0.003045907709747553
1746728871674944000,32.09294409179687,0.0015789817553013563,0.002997785806655884,0.0007322966121137142
1746728871684962000,32.10296215820313,-0.0008543482981622219,0.0014611417427659035,0.0018215294694527984
1746728871694979800,32.11297973632813,0.0012267644051462412,0.002303927205502987,0.002066698158159852
1746728871704998100,32.122998046875,-0.0010662171989679337,0.0016658338718116283,0.0014112942153587937
1746728871715016000,32.13301586914063,0.0003657666966319084,-0.0003814934752881527,-0.0007122601382434368
1746728871725034000,32.143033935546875,-0.0005000270903110504,0.0004454180598258972,0.00033516110852360725
1746728871735051800,32.1530517578125,0.00040594255551695824,-0.0005799657665193081,0.00008311565034091473
1746728871745069000,32.16306909179688,-0.0015560081228613853,-0.003005838952958584,-0.0011544551234692335
1746728871755086800,32.1730869140625,0.0002243397757411003,-0.0014122850261628628,-0.0012627150863409042
1746728871765105000,32.18310498046875,0.0005769424606114626,0.00183783657848835,-0.0005737552419304848
1746728871775123000,32.193123046875,0.00033704889938235283,0.0009848657064139843,-0.0008170828223228455
1746728871785141000,32.20314111328125,0.0005104206502437592,0.002556929364800453,-0.0005904478020966053
1746728871795158800,32.21315869140625,0.0007622030097991228,0.0002324013039469719,0.00021944381296634674
1746728871805177000,32.223177001953125,-0.001554747112095356,0.0006161625497043133,-0.000250071519985795
1746728871815193900,32.23319384765625,0.0012153773568570614,-0.0026180355343967676,0.0007605496793985367
1746728871825212000,32.2432119140625,-0.002176957204937935,-0.000561010092496872,0.0027222339995205402
1746728871835230000,32.25322998046875,0.0017295314464718103,-0.002231267746537924,0.0008600431028753519
1746728871845248000,32.263248046875,0.0005090045742690563,0.0003757006488740444,0.0004909290000796318
1746728871855265800,32.27326586914062,-0.000005915295332670212,-0.0003592991270124912,0.0012249931460246444
1746728871865283800,32.283283935546876,0.0005546798929572105,0.0007911864668130875,0.0013863806379958987
1746728871875302100,32.29330224609375,0.0017831497825682163,-0.0003010714426636696,0.0012097300495952368
1746728871885320000,32.30331982421875,-0.0022302339784801006,-0.00012450385838747025,-0.0024041796568781137
1746728871895337000,32.3133369140625,0.00043824268504977226,-0.000053812749683856964,-0.00043291482143104076
1746728871905355000,32.32335498046875,0.00020361784845590591,0.00023993384093046188,0.00009039649739861488
1746728871915373000,32.333373046875,0.000761023722589016,-0.0009396136738359928,0.0004394261632114649
1746728871925390800,32.34339086914063,-0.0012693703174591064,0.0005948999896645546,-0.00019627041183412075
1746728871935409200,32.3534091796875,-0.00007705949246883392,-0.000044323038309812546,0.00010788626968860626
1746728871945427000,32.36342700195313,-0.0004959744401276112,0.00010028621181845665,-0.0000439139548689127
1746728871955445000,32.37344506835937,-0.0010861176997423172,-0.000001335982233285904,-0.0020083265844732523
1746728871965463000,32.38346313476563,0.0004880768246948719,0.0004942780360579491,-0.00037208059802651405
1746728871975480000,32.39347998046875,0.0006365422159433365,0.0011692116968333721,0.0017704099882394075
1746728871985497900,32.40349780273438,-0.000554156955331564,0.00019822316244244576,-0.0007851594127714634
1746728871995516200,32.41351611328125,0.000758651876822114,-0.0011752624996006489,-0.0022480804473161697
1746728872005534000,32.42353393554688,0.0007791582029312849,0.002782460767775774,0.00027340068481862545
1746728872015552000,32.433552001953124,-0.0004149419255554676,0.0019939737394452095,0.0004064363893121481
1746728872025569800,32.44356982421875,0.0012897476553916931,0.00044667720794677734,-0.0002750665880739689
1746728872035588000,32.453588134765624,-0.0006139068864285946,0.0017590899951756,-0.0006575519219040871
1746728872045606000,32.46360595703125,-0.00287253363057971,0.0008458923548460007,-0.0010511670261621475
1746728872055623200,32.473623046875,0.0014105010777711868,-0.0005813613533973694,0.0010120724327862263
1746728872065641000,32.48364086914062,-0.0022502802312374115,-0.000018635764718055725,-0.00012216786853969097
1746728872075659000,32.493658935546875,-0.00047814054414629936,0.0007689441554248333,0.0017412755405530334
1746728872085676800,32.5036767578125,0.0004795319400727749,-0.0006707608699798584,-0.0005517061799764633
1746728872095695000,32.513695068359375,-0.001288325060158968,0.0013440358452498913,0.001438052044250071
1746728872105713000,32.523712890625,0.0004728231579065323,0.0015605506487190723,0.00242874794639647
1746728872115731000,32.53373095703125,0.0004519498907029629,-0.000047727953642606735,-0.0016525238752365112
1746728872125749000,32.5437490234375,-0.0010796338319778442,-0.0004999330267310143,-0.0004794015549123287
1746728872135766000,32.55376611328125,0.001982994144782424,0.0008319709450006485,0.0018352670595049858
1746728872145783800,32.56378369140625,0.0008008172735571861,-0.0008040089160203934,0.002600393258035183
1746728872155802000,32.573802001953126,0.0004994082264602184,-0.0003268290311098099,0.0004996722564101219
1746728872165820000,32.58381982421875,0.0008951537311077118,0.0019941157661378384,-0.0012721288949251175
1746728872175838000,32.593837890625,0.0007206052541732788,0.0018614288419485092,-0.0003424324095249176
1746728872185855700,32.60385571289063,0.0017853369936347008,0.00419675512239337,0.0016573353204876184
1746728872195874000,32.6138740234375,-0.0003202646039426327,0.0010071434080600739,0.00020690192468464375
1746728872205892000,32.62389208984375,0.0020001474767923355,0.0006742482073605061,-0.00005249003879725933
1746728872215909000,32.6339091796875,0.0014935631770640612,0.0009792288765311241,-0.0004129062872380018
1746728872225927000,32.643927001953124,0.001927392091602087,0.0007517947815358639,0.00037032924592494965
1746728872235945000,32.65394506835938,-0.0029959180392324924,0.0010587344877421856,0.0011217158753424883
1746728872245962800,32.66396264648437,0.0006616669707000256,-0.0003636595793068409,-0.0021851311903446913
1746728872255981000,32.67398095703125,-0.0004964536055922508,-0.0004823175258934498,-0.0012417149264365435
1746728872265999000,32.6839990234375,-0.00009058788418769836,0.0013866890221834183,0.0033607599325478077
1746728872276017000,32.694016845703125,0.00039632292464375496,-0.0015461612492799759,0.0004200458060950041
1746728872286034000,32.704033935546875,0.00016116583719849586,0.0018171449191868305,-0.002101967576891184
1746728872296052000,32.71405200195313,-0.000616708304733038,0.0011064829304814339,0.001990282442420721
1746728872306070000,32.724070068359374,0.0010528271086513996,-0.0018411038909107447,-0.0006158868782222271
1746728872316088000,32.73408813476563,0.0005513844080269337,-0.0010402151383459568,-0.0018863736186176538
1746728872326106000,32.744106201171874,0.0010366120841354132,-0.0008780285716056824,0.002066822722554207
1746728872336124000,32.7541240234375,-0.0018957452848553658,0.0007915962487459183,-0.0002167634665966034
1746728872346142000,32.76414184570312,-0.0006648320704698563,-0.00024384073913097382,-0.0008593844249844551
1746728872356160000,32.774159912109376,-0.00019720755517482758,0.0007078135386109352,-0.00043025286868214607
1746728872366177000,32.784177001953125,0.0005202479660511017,0.0030247634276747704,-0.0002480926923453808
1746728872376195000,32.79419506835937,0.000864656176418066,-0.0008952082134783268,-0.00021171756088733673
1746728872386213000,32.804213134765625,0.0011394941247999668,0.002037997357547283,-0.0022200073581188917
1746728872396231000,32.81423095703125,0.000969467218965292,0.0008121998980641365,-0.00037665548734366894
1746728872406249000,32.8242490234375,0.00034389039501547813,0.001996773760765791,-0.0012539008166640997
1746728872416267000,32.83426708984375,0.0006466931663453579,-0.00031225383281707764,0.003010608023032546
1746728872426285000,32.84428515625,0.003309055231511593,-0.0014209276996552944,-0.003146087983623147
1746728872436301800,32.8543017578125,0.0004972890019416809,-0.0007994258776307106,-0.0012128064408898354
1746728872446320000,32.864320068359376,0.00046293437480926514,0.0009790328331291676,0.0041289618238806725
1746728872456338000,32.874337890625,0.000639455858618021,-0.0022614796180278063,0.0006667380221188068
1746728872466356000,32.88435595703125,-0.0009794794023036957,-0.002881996100768447,0.0013250714400783181
1746728872476374000,32.8943740234375,-0.0021324860863387585,0.0004814565181732178,0.001538685755804181
1746728872486392000,32.90439208984375,0.002016718965023756,-0.0009952662512660027,0.001684094313532114
1746728872496409900,32.91440991210938,-0.00009941495954990387,-0.0007540183141827583,-0.0038834759034216404
1746728872506428000,32.924427978515624,-0.00048211123794317245,0.0010987427085638046,-0.0035977186635136604
1746728872516445000,32.93444482421875,-0.0007882630452513695,-0.0006938232108950615,-0.0016693263314664364
1746728872526463000,32.944462890625,-0.002507333643734455,-0.0012099435552954674,-0.0016155308112502098
1746728872536481000,32.95448095703125,-0.00005795946344733238,0.0015088627114892006,-0.0015920416917651892
1746728872546499000,32.9644990234375,0.0008794735185801983,-0.00038437871262431145,-0.0012295853812247515
1746728872556516900,32.97451684570313,0.0011716391891241074,0.00010242452844977379,0.00023517385125160217
1746728872566535000,32.984534912109375,-0.00007951399311423302,-0.0006712237372994423,-0.0025347801856696606
1746728872576553000,32.99455297851563,-0.0015927031636238098,-0.0006840047426521778,0.0003894807305186987
1746728872586571000,33.004571044921875,0.0011125360615551472,-0.00008958717808127403,0.0005721733905375004
1746728872596587800,33.014587890625,-0.0008348990231752396,-0.0007945508696138859,0.000731730367988348
1746728872606606000,33.02460620117188,-0.0009001465514302254,0.0008803107775747776,-0.0007849398534744978
1746728872616624400,33.034624267578124,-0.0008014896884560585,-0.0014977594837546349,0.0012516472488641739
1746728872626642200,33.04464208984375,-0.0008108108304440975,0.0009177275933325291,-0.0006333382334560156
1746728872636660200,33.05466015625,-0.0025102058425545692,0.00029680225998163223,0.0013697966933250427
1746728872646678300,33.06467822265625,-0.0004395977593958378,0.0007143858820199966,-0.00034128432162106037
1746728872656696300,33.0746962890625,0.0009542545303702354,-0.001781752798706293,0.00024109589867293835
1746728872666714000,33.084714111328125,-0.0006188745610415936,-0.0011324742808938026,0.00233434047549963
1746728872676731400,33.0947314453125,-0.0005019796080887318,0.00015113642439246178,0.0014172244118526578
1746728872686749200,33.10474926757813,0.0007134871557354927,-0.0031850053928792477,0.004424732178449631
1746728872696767200,33.114767333984375,-0.0004875338636338711,0.0001757405698299408,-0.0004189147148281336
1746728872706785300,33.12478540039063,0.00044217566028237343,-0.00032759690657258034,0.00007190578617155552
1746728872716803300,33.13480322265625,0.0006321566179394722,-0.0016835834830999374,-0.001626614946871996
1746728872726821400,33.1448212890625,0.0006928765214979649,0.0006687864661216736,-0.0011102277785539627
1746728872736839200,33.15483911132812,-0.0003142543137073517,0.0014807060360908508,0.0007735935505479574
1746728872746856200,33.16485620117187,0.0015057497657835484,-0.0011582202278077602,0.001031121239066124
1746728872756874200,33.174874267578126,0.0007889713160693645,0.001399379689246416,0.002466091187670827
1746728872766892300,33.18489233398437,-0.00017722323536872864,0.0006995010189712048,-0.00027110567316412926
1746728872776910300,33.194910400390626,0.0007495959289371967,-0.0004078848287463188,0.0014478998491540551
1746728872786928400,33.20492846679687,-0.0005489611066877842,0.0019082659855484962,-0.001214462099596858
1746728872796946200,33.2149462890625,0.00041543273255228996,0.000719175674021244,-0.0009045267943292856
1746728872806964500,33.22496459960937,-0.0018112361431121826,0.00032129930332303047,-0.002619602484628558
1746728872816982300,33.23498217773437,0.00022785691544413567,0.00007444154471158981,0.0004580800887197256
1746728872826999300,33.24499926757812,-0.0020848321728408337,0.0014366484247148037,-0.0017315710429102182
1746728872837017300,33.25501733398438,-0.00018865521997213364,-0.0021679699420928955,0.000689988024532795
1746728872847035400,33.26503540039062,0.0019754297100007534,-0.0015107016079127789,0.00046521727927029133
1746728872857053200,33.27505322265625,-0.00022794818505644798,-0.0010832049883902073,-0.001839331816881895
1746728872867071500,33.28507153320312,-0.000799995381385088,-0.0011258157901465893,-0.0005309209227561951
1746728872877089300,33.29508935546875,0.0005527501925826073,-0.0019132308661937714,0.002389013534411788
1746728872887107300,33.305107421875,-0.00004086829721927643,-0.0003049480728805065,-0.0004264803137630224
1746728872897124400,33.31512426757813,-0.0006105368956923485,0.0006482838653028011,-0.00012709037400782108
1746728872907142400,33.325142333984374,0.0012446208856999874,0.0004847659729421139,0.001164542743936181
1746728872917160200,33.33516015625,-0.0009518377482891083,0.0007083471864461899,0.0003744929563254118
1746728872927178500,33.345178466796874,0.0010154391638934612,-0.00048741232603788376,0.0025548229459673166
1746728872937196300,33.3551962890625,-0.0032055294141173363,0.0021370663307607174,-0.0009732982143759727
1746728872947214300,33.36521435546875,0.000645933672785759,0.00018630130216479301,-0.0004595741629600525
1746728872957232000,33.375232177734375,-0.0010204864665865898,-0.00029726605862379074,0.0014105488080531359
1746728872967250400,33.38525048828125,0.0024653251748532057,0.0003621326759457588,-0.00037616584450006485
1746728872977267200,33.39526708984375,0.000933721661567688,-0.001260154414921999,0.0010594876948744059
1746728872987285200,33.40528515625,-0.0004753568209707737,0.00003440817818045616,0.0016626936849206686
1746728872997303300,33.41530322265625,-0.0010825041681528091,-0.0016769771464169025,-0.0004028826951980591
1746728873007321300,33.4253212890625,-0.0006377561949193478,0.001638924703001976,0.001980113796889782
1746728873017339100,33.435339111328126,-0.0016483068466186523,0.0002799904905259609,0.000880175968632102
1746728873027357400,33.445357421875,-0.0001164567656815052,0.0020957342348992825,0.0014365102397277951
1746728873037375200,33.455375244140626,-0.001195979304611683,0.0007594423368573189,0.0015639057382941246
1746728873047393300,33.46539331054687,0.00009991507977247238,-0.00004669651389122009,0.00009463983587920666
1746728873057410300,33.47541040039062,-0.001391128171235323,0.00042782723903656006,0.0011550694471225142
1746728873067428400,33.485428466796876,-0.0009575653821229935,0.0016108034178614616,0.0013665244914591312
1746728873077446100,33.49544604492188,0.0006247982382774353,-0.0006687352433800697,-0.0010460459161549807
1746728873087464400,33.50546435546875,0.0006314562633633614,0.0006553884595632553,-0.00020821532234549522
1746728873097482200,33.51548217773438,0.001546784769743681,0.0005502430722117424,-0.0017163155134767294
1746728873107500300,33.52550024414062,-0.0005999892018735409,0.00001388275995850563,-0.0010571831371635199
1746728873117518000,33.53551806640625,-0.0014429017901420593,-0.0011650691740214825,-0.002033707918599248
1746728873127535400,33.54553540039063,-0.0009105359204113483,0.0023031653836369514,0.0013232065830379725
1746728873137553200,33.55555322265625,0.000794640276581049,-0.00034713465720415115,-0.002951462287455797
1746728873147571200,33.5655712890625,-0.0007430687546730042,-0.0016041467897593975,-0.000023582950234413147
1746728873157589200,33.57558935546875,-0.0006369175389409065,-0.0003648092970252037,0.00023497967049479485
1746728873167607300,33.585607177734374,0.00045551126822829247,-0.0009650858119130135,0.0006911791861057281
1746728873177625300,33.59562524414063,0.0011862933170050383,-0.0009550843387842178,-0.001663225470110774
1746728873187643400,33.605643310546874,0.0012976133730262518,-0.0016475063748657703,0.00022335792891681194
1746728873197660200,33.61566015625,0.00017446279525756836,0.00009117228910326958,0.0013849512906745076
1746728873207678200,33.62567822265625,-0.002166456077247858,0.0004741344600915909,0.00018839305266737938
1746728873217696300,33.6356962890625,0.002484614495187998,-0.0009191418066620827,0.0006781355477869511
1746728873227714300,33.64571435546875,-0.000246457289904356,-0.0006656092591583729,0.0012432584771886468
1746728873237732400,33.655732421875,0.0007406994700431824,-0.0006155651062726974,-0.000051819486543536186
1746728873247750400,33.66575048828125,0.000558006577193737,0.00017832312732934952,0.0011934746289625764
1746728873257768400,33.6757685546875,-0.0012970664538443089,-0.0019244481809437275,-0.000098054064437747
1746728873267786200,33.6857861328125,-0.0005298098549246788,-0.00009405752643942833,-0.00011563091538846493
1746728873277803500,33.695803466796875,0.00200399337336421,-0.001294005662202835,-0.0012733580078929663
1746728873287821300,33.7058212890625,-0.0024070004001259804,0.0006003007292747498,0.0010734195820987225
1746728873297839400,33.71583935546875,-0.00039862003177404404,0.00033010728657245636,-0.0015968568623065948
1746728873307857200,33.725857177734376,0.0016179254744201899,0.0009732604958117008,-0.0004511650186032057
1746728873317875500,33.73587548828125,-0.0008285576477646828,-0.00033369334414601326,0.0003821032587438822
1746728873327893200,33.745893310546876,0.0029680447187274694,0.0010298453271389008,-0.0019449670799076557
1746728873337911300,33.75591137695312,-0.0017511113546788692,0.0017005270346999168,-0.0004700552672147751
1746728873347929300,33.765929443359376,-0.0029567242600023746,0.0010858695022761822,-0.0014540934935212135
1746728873357946400,33.7759462890625,0.0014994831290096045,0.0006943801417946815,-0.00016191392205655575
1746728873367964200,33.78596411132813,0.0005657789297401905,-0.0005783443339169025,-0.0027702138759195805
1746728873377982500,33.795982421875,0.000914836535230279,-0.0015243059024214745,-0.0008059602696448565
1746728873388000300,33.80600024414063,0.0009619744960218668,-0.002109935274347663,0.0011938074603676796
1746728873398018300,33.81601831054687,-0.0005607074126601219,-0.00016747787594795227,-0.00011228048242628574
1746728873408036400,33.82603637695313,-0.001079757697880268,-0.0004577627405524254,-0.0011253466363996267
1746728873418054400,33.83605444335937,0.0011300824116915464,0.0011410019360482693,-0.00012272316962480545
1746728873428071200,33.8460712890625,-0.0011722203344106674,-0.001234271563589573,0.0009334865026175976
1746728873438089500,33.85608935546875,0.0013133171014487743,0.004828609526157379,0.0001764628104865551
1746728873448107300,33.86610717773438,-0.002093931194394827,0.0014578462578356266,-0.002635835437104106
1746728873458125300,33.876125244140624,0.00012152967974543571,-0.0016386942006647587,-0.00011890637688338757
1746728873468143000,33.88614306640625,0.0007156808860599995,0.0004883725196123123,0.002533335704356432
1746728873478161400,33.896161376953124,0.0001365281641483307,0.00024295784533023834,0.0016246932791545987
1746728873488179200,33.90617919921875,-0.0004802597686648369,-0.0002939356490969658,-0.0015354135539382696
1746728873498196500,33.91619653320313,0.0007076435722410679,0.002314490731805563,0.0008598922286182642
1746728873508214300,33.92621435546875,-0.0008223424665629864,0.0016273949295282364,0.001049775630235672
1746728873518232300,33.936232421875,0.0004950687289237976,0.0008878330700099468,0.0006177306640893221
1746728873528250000,33.94625,0.0009265008848160505,-0.00041525159031152725,-0.0010336956474930048
1746728873538268400,33.956268310546875,0.00045881234109401703,0.001495986245572567,0.0009635614696890116
1746728873548286200,33.9662861328125,0.00014056498184800148,-0.0006268192082643509,-0.0008423279505223036
1746728873558304300,33.97630419921875,-0.001319484319537878,0.0008909720927476883,-0.00006241980008780956
1746728873568322300,33.986322265625,-0.0008747363463044167,-0.0001199641264975071,-0.0003002400044351816
1746728873578339300,33.99633935546875,-0.0005490477196872234,0.0013625766150653362,0.0026807759422808886
1746728873588357000,34.00635717773437,0.0010720181744545698,-0.0016361428424715996,0.002080499194562435
1746728873598375400,34.01637548828125,-0.002003392670303583,-0.0008104322478175163,0.0006738256197422743
1746728873608393200,34.02639331054687,0.0007702894508838654,0.0010500517673790455,0.0001308070495724678
1746728873618411500,34.03641162109375,0.001262435456737876,0.0006675450131297112,0.0018943813629448414
1746728873628429300,34.04642919921875,0.0009894613176584244,-0.0014342213980853558,-0.0024364509154111147
1746728873638447600,34.056447509765626,-0.0005690776742994785,-0.0003398703411221504,-0.0008204025216400623
1746728873648464400,34.06646435546875,0.00024025700986385345,0.0015131575055420399,0.0021255863830447197
1746728873658482400,34.076482421875,0.0007972824387252331,-0.00020138919353485107,-0.00218735053204
1746728873668500500,34.08650048828125,0.0002049952745437622,-0.0011867587454617023,-0.0041532963514328
1746728873678518500,34.0965185546875,-0.0003221961669623852,0.00044947629794478416,0.0015056782867759466
1746728873688536300,34.10653637695312,-0.0005083512514829636,-0.0030541785527020693,-0.0007572094909846783
1746728873698554600,34.1165546875,-0.0008088513277471066,0.0006429795175790787,0.001519886776804924
1746728873708572400,34.12657250976562,-0.0010269642807543278,-0.0007639685645699501,0.0006940406747162342
1746728873718590500,34.136590576171876,-0.000985503662377596,-0.0015494702383875847,-0.0024612632114440203
1746728873728607500,34.146607421875,0.0009218521881848574,0.0005488344468176365,0.0002812601160258055
1746728873738625500,34.15662548828125,0.0006025424227118492,0.000035581644624471664,0.002185382414609194
1746728873748643300,34.166643310546874,0.0007069380953907967,-0.00034019025042653084,0.000537418294698
1746728873758661600,34.17666162109375,0.0013283088337630033,-0.0007185386493802071,-0.0004252190701663494
1746728873768679400,34.186679443359374,-0.0006797146052122116,-0.0003659357316792011,0.00291198818013072
1746728873778697500,34.19669750976563,-0.0002797599881887436,-0.0004934188909828663,-0.0007522094529122114
1746728873788715300,34.20671533203125,0.0008235876448452473,0.0007404237985610962,0.0007098661735653877
1746728873798732500,34.21673266601562,0.0007585864514112473,0.001244526356458664,0.0018494600662961602
1746728873808750300,34.226750244140625,0.0009681771043688059,0.0001984364353120327,0.0001764623448252678
1746728873818768400,34.23676831054688,-0.0015126033686101437,0.00023114122450351715,0.0012396284146234393
1746728873828786400,34.246786376953125,0.00046106521040201187,-0.0019579771906137466,0.0008603942114859819
1746728873838804500,34.25680444335938,-0.00015181535854935646,0.0002884659916162491,-0.002957461401820183
1746728873848822300,34.266822265625,-0.001051164697855711,0.0010991324670612812,0.0008050522301346064
1746728873858840600,34.27684057617188,0.001187431626021862,-0.0009718062356114388,0.0006119338795542717
1746728873868858400,34.2868583984375,-0.00017504161223769188,-0.0011382540687918663,0.001067867036908865
1746728873878875400,34.29687548828125,0.0013846801593899727,0.0015362952835857868,0.0011518888641148806
1746728873888893400,34.3068935546875,0.0001772027462720871,0.0012585273943841457,-0.001636973349377513
1746728873898911500,34.31691137695312,0.00045625632628798485,0.0025594597682356834,0.00030059623531997204
1746728873908929300,34.32692919921875,-0.00008622976019978523,0.0002904469147324562,0.0005871523171663284
1746728873918947600,34.33694750976562,-0.001088452059775591,-0.001756788231432438,-0.0005104278679937124
1746728873928965400,34.34696533203125,-0.0006647431291639805,0.0007572355680167675,-0.002143212128430605
1746728873938983400,34.3569833984375,-0.0013922378420829773,0.0011140643619000912,-0.0016954010352492332
1746728873949000400,34.36700048828125,-0.0006670593284070492,-0.0004060682840645313,0.0006298050284385681
1746728873959018500,34.3770185546875,-0.00128110870718956,-0.0012971144169569016,-0.0013655333314090967
1746728873969036300,34.38703637695313,0.0016803264152258635,-0.0023234968539327383,-0.0019210691098123789
1746728873979054300,34.39705444335937,0.0009320343378931284,-0.0010657692328095436,-0.001932208426296711
1746728873989072400,34.407072265625,-0.002254970371723175,-0.001502261497080326,-0.0034773745574057102
1746728873999090400,34.41709033203125,-0.0007366081699728966,0.0010098926723003387,-0.0015036589466035366
1746728874009108500,34.4271083984375,0.0030171172693371773,0.0006080213934183121,0.0016532524023205042
1746728874019125500,34.43712548828125,0.0007873894646763802,-0.00031240424141287804,0.0010493651498109102
1746728874029143300,34.44714331054688,0.0007546329870820045,0.004453321918845177,-0.0012840968556702137
1746728874039161300,34.457161376953124,0.00039975717663764954,-0.0007046498358249664,0.0016233120113611221
1746728874049179400,34.46717944335938,-0.0001097056083381176,-0.0010916073806583881,0.0002805462572723627
1746728874059197400,34.477197509765624,-0.002403917722404003,0.0008285185322165489,0.0003750189207494259
1746728874069215500,34.48721557617188,0.001146076014265418,-0.0008404841646552086,-0.0006628148257732391
1746728874079233300,34.4972333984375,-0.0015221829526126385,-0.00008344650268554688,-0.0005165890324860811
1746728874089251600,34.50725146484375,0.0015321963001042604,-0.0000035515986382961273,0.001239765901118517
1746728874099268400,34.517268310546875,-0.0009900298900902271,-0.0004279129207134247,0.002002632711082697
1746728874109286700,34.52728662109375,0.0001721736043691635,-0.00035733915865421295,-0.0015324472915381193
1746728874119304400,34.537304443359375,0.00009396998211741447,-0.0011918582022190094,0.0018579617608338594
1746728874129322500,34.54732250976563,0.0014828084968030453,-0.0010946528054773808,0.002520023612305522
1746728874139340300,34.55734033203125,-0.0018711136654019356,0.002592079807072878,-0.0003266632556915283
1746728874149358600,34.56735864257813,0.0007427786476910114,0.0003696717321872711,-0.0002267947420477867
1746728874159376400,34.57737646484375,0.0006536566652357578,0.00032029254361987114,0.002842275658622384
1746728874169393700,34.5873935546875,-0.0001143990084528923,0.000574624165892601,-0.00007228786125779152
1746728874179411500,34.597411376953126,-0.0007061054930090904,0.00014320947229862213,0.003499053418636322
1746728874189429500,34.60742944335937,-0.0012227590195834637,-0.0008304421789944172,-0.00005813082680106163
1746728874199447300,34.617447265625,-0.002720119897276163,0.0008027451112866402,-0.00034367828629910946
1746728874209465600,34.62746557617187,0.00020403089001774788,-0.002943523460999131,-0.0026236106641590595
1746728874219483400,34.6374833984375,-0.0003665434196591377,-0.0005399174988269806,-0.0025932129938155413
1746728874229501400,34.64750146484375,-0.0017543165013194084,-0.00024244235828518867,-0.00028931256383657455
1746728874239518500,34.6575185546875,0.0008675262797623873,-0.0010178172960877419,0.0004816190339624882
1746728874249536500,34.66753662109375,-0.0001386161893606186,-0.00019383523613214493,0.001701080473139882
1746728874259554300,34.67755419921875,0.0003375583328306675,-0.0010454608127474785,-0.002355465665459633
1746728874269572600,34.68757250976562,-0.0019114813767373562,-0.001981029286980629,-0.00039697717875242233
1746728874279590400,34.69759033203125,-0.00026774732396006584,0.0027667470276355743,-0.00008436711505055428
1746728874289608400,34.7076083984375,-0.00023845257237553596,-0.0003446238115429878,0.0004418734461069107
1746728874299626200,34.717626220703124,-0.0006493092514574528,-0.0003393283113837242,0.0001599437091499567
1746728874309643500,34.7276435546875,0.0007922598160803318,-0.001235482282936573,-0.0015082606114447117
1746728874319661300,34.73766137695313,-0.0006469809450209141,0.0008749524131417274,0.002159053459763527
1746728874329679600,34.7476796875,-0.0018187719397246838,-0.002175165805965662,0.00044477684423327446
1746728874339697400,34.75769750976563,-0.0009392215870320797,-0.0018183928914368153,0.0009249711874872446
1746728874349715500,34.767715576171874,0.000761739443987608,-0.002112938556820154,0.0017955584917217493
1746728874359733200,34.777733154296875,-0.0010418328456580639,-0.0018439507111907005,-0.0005300634074956179
1746728874369751600,34.78775146484375,0.00038935011252760887,-0.0003142310306429863,-0.0013207560405135155
1746728874379769300,34.797769287109375,0.0014061587862670422,0.0028035049326717854,0.0009312434121966362
1746728874389786400,34.807786376953125,0.001462085172533989,0.0005632536485791206,0.0006782431155443192
1746728874399804400,34.81780444335938,-0.0010584746487438679,0.0019891015253961086,0.0020887318532913923
1746728874409822500,34.827822509765625,0.0002384847030043602,-0.00049962243065238,0.004631251562386751
1746728874419840300,34.83784033203125,-0.00014815060421824455,-0.0021372700575739145,0.00212543411180377
1746728874429858600,34.847858642578124,0.0020950299222022295,0.0006148405373096466,0.002427170053124428
1746728874439876400,34.85787646484375,-0.000038312748074531555,0.00036819884553551674,0.001494778785854578
1746728874449894400,34.86789428710937,-0.00015202956274151802,0.0007373127155005932,-0.0012746425345540047
1746728874459911400,34.87791137695312,-0.0014656144194304943,-0.0008705193176865578,0.0021034632809460163
1746728874469929500,34.887929443359376,0.00180341606028378,-0.0003940798342227936,-0.0005229462403804064
1746728874479947300,34.897947265625,0.0017214124090969563,0.0002301810309290886,-0.0005344031378626823
1746728874489965300,34.90796533203125,-0.0015694559551775455,0.0028304909355938435,-0.00032641016878187656
1746728874499983400,34.9179833984375,-0.001764826476573944,-0.0006523681804537773,-0.000600447179749608
1746728874510001400,34.92800146484375,0.0005052518099546432,-0.000439315102994442,-0.0024042059667408466
1746728874520019500,34.93801953125,0.0013486959505826235,-0.0010035880841314793,0.000027467263862490654
1746728874530036500,34.94803637695313,-0.00038928305730223656,-0.00008719461038708687,0.00014677690342068672
1746728874540054300,34.95805419921875,0.0017957794480025768,-0.0003909757360816002,-0.0013863672502338886
1746728874550072300,34.968072265625,0.00021865544840693474,-0.0031281725969165564,0.001077589113265276
1746728874560090600,34.97809057617187,-0.0029080468229949474,0.0009664366953074932,-0.0006366521120071411
1746728874570108400,34.9881083984375,0.0010933529119938612,-0.0010461141355335712,0.00022621196694672108
1746728874580126500,34.99812646484375,0.002065124921500683,-0.000521643552929163,0.0022024940699338913
1746728874590144500,35.00814453125,-0.00034982943907380104,0.00037690717726945877,0.002322602551430464
1746728874600162600,35.01816259765625,-0.002322059590369463,-0.001150927972048521,-0.0003737604711204767
1746728874610179300,35.02817944335938,-0.0007260269485414028,0.0018619061447679996,-0.001493353396654129
1746728874620196900,35.03819677734375,-0.001468826550990343,-0.000915211159735918,-0.0002546554896980524
1746728874630215000,35.04821484375,-0.00039637135341763496,0.0005865450948476791,-0.0013849008828401566
1746728874640232700,35.05823266601563,-0.001110527664422989,-0.0025548208504915237,-0.0010108398273587227
1746728874650251000,35.0682509765625,0.0014399816282093525,0.0005208635702729225,-0.0032028877176344395
1746728874660268800,35.07826879882813,0.0029413788579404354,-0.0006285738199949265,0.001084227580577135
1746728874670286800,35.08828686523437,0.0004406706430017948,0.000054792966693639755,0.0008607883937656879
1746728874680303900,35.09830395507812,0.001453084172680974,0.00022091437131166458,0.0005830458831042051
1746728874690322000,35.108322021484376,-0.0006955540738999844,-0.0002238336019217968,0.0008016913197934628
1746728874700339700,35.11833959960938,-0.0028052995912730694,0.00027990154922008514,0.001195163931697607
1746728874710358000,35.12835791015625,0.0019638894591480494,-0.0018508932553231716,0.0036141129676252604
1746728874720375800,35.13837573242188,0.00037892255932092667,-0.0001551997847855091,-0.0022384710609912872
1746728874730393900,35.148393798828124,0.00016586948186159134,0.0007513398304581642,0.0003298814408481121
1746728874740411600,35.15841162109375,-0.0012985090725123882,-0.0017927237786352634,-0.00047831074334681034
1746728874750429000,35.16842895507813,-0.0006987652741372585,0.0019074720330536366,-0.0003158578183501959
1746728874760446700,35.17844677734375,-0.0001347772777080536,0.0017954572103917599,0.0019138469360768795
1746728874770465000,35.18846508789063,0.0003405967727303505,0.0004678717814385891,-0.00033705681562423706
1746728874780482800,35.19848291015625,0.0008495571091771126,0.001348154153674841,0.0003697504289448261
1746728874790500900,35.2085009765625,0.0003478177823126316,-0.0005171238444745541,-0.0004262684378772974
1746728874800518700,35.2185185546875,-0.001380187924951315,-0.000905696302652359,0.0022236404474824667
1746728874810537000,35.228536865234375,0.00005179364234209061,-0.0013789404183626175,-0.00012793089263141155
1746728874820553700,35.2385537109375,-0.0005529667250812054,-0.00019622035324573517,0.0013125537661835551
1746728874830571800,35.24857177734375,-0.0009345975704491138,0.0001443983055651188,-0.0022251892369240522
1746728874840589800,35.25858984375,-0.0014195898547768593,0.0007624891586601734,-0.0021674744784832
1746728874850607900,35.26860791015625,-0.00018548127263784409,0.001957715954631567,-0.0015898346900939941
1746728874860625700,35.27862573242187,-0.00021538930013775826,0.0009108143858611584,-0.0005583623424172401
1746728874870644000,35.28864404296875,0.00007169973105192184,-0.0022634074557572603,0.00008079619146883488
1746728874880662000,35.298662109375,0.000024406705051660538,0.0007352596148848534,-0.0021106861531734467
1746728874890678800,35.3086787109375,-0.00020888587459921837,0.0008034366182982922,0.004059857688844204
1746728874900696800,35.31869677734375,0.0011382740922272205,0.0006662597879767418,-0.0006524394266307354
1746728874910715000,35.32871484375,0.0001643560826778412,-0.00022083893418312073,0.000007491791620850563
1746728874920732700,35.33873266601562,0.0005994872190058231,-0.00020630890503525734,-0.0006621398497372866
1746728874930750700,35.34875073242188,0.0031356157269328833,0.0003814506344497204,0.0013999457005411386
1746728874940769000,35.35876904296875,-0.0022466140799224377,-0.0018788380548357964,0.0005904028657823801
1746728874950786800,35.36878686523438,-0.0006732186302542686,-0.001403197180479765,-0.00013317796401679516
1746728874960803800,35.378803955078126,-0.0013446109369397163,-0.002093881368637085,-0.0029923762194812298
1746728874970822000,35.38882177734375,0.0004130755551159382,0.0005668830126523972,0.00012831599451601505
1746728874980839700,35.398839599609374,-0.0012237639166414738,-0.0016999654471874237,0.003501057857647538
1746728874990857700,35.40885766601563,0.002184283221140504,-0.0011047492735087872,0.0019292603246867657
1746728875000876000,35.4188759765625,-0.0025261659175157547,-0.0019082659855484962,-0.0012092168908566236
1746728875010893800,35.42889379882813,-0.000611353199928999,-0.00019372301176190376,-0.00360925798304379
1746728875020911900,35.438911865234374,-0.0008352585136890411,0.0008553578518331051,-0.0014478268567472696
1746728875030929000,35.448928955078124,0.0014065904542803764,-0.0014312323182821274,-0.0009338369127362967
1746728875040947000,35.45894702148438,0.0007084272801876068,-0.0006015980616211891,0.0020224498584866524
1746728875050964700,35.46896484375,-0.0015185079537332058,-0.0006263651885092258,0.0021958218421787024
1746728875060983000,35.47898315429688,-0.0007075127214193344,-0.0017684828490018845,0.0014955647056922317
1746728875071000800,35.48900073242187,0.0011497759260237217,-0.001145835965871811,0.0006412225775420666
1746728875081019000,35.499018798828125,0.000030362047255039215,-0.002921925624832511,0.00014733895659446716
1746728875091036700,35.50903662109375,0.0013675352092832327,0.001237399410456419,0.0021138170268386602
1746728875101054000,35.51905395507813,-0.0007532043382525444,-0.0006293840706348419,-0.0024360704701393843
1746728875111071700,35.52907177734375,0.0009605400264263153,-0.002028875518590212,-0.0008293853607028723
1746728875121090000,35.53909008789063,-0.0012999353930354118,-0.0007263841107487679,-0.002308884635567665
1746728875131107800,35.54910791015625,0.0015360645484179258,-0.0004704543389379978,0.00045068305917084217
1746728875141126000,35.5591259765625,0.00006683124229311943,-0.0009571383707225323,-0.0011284437496215105
1746728875151143700,35.56914379882812,0.0022849778179079294,0.002467154525220394,0.00193232751917094
1746728875161162000,35.579161865234376,0.0017477830406278372,-0.0005975579842925072,-0.003410181263461709
1746728875171179800,35.5891796875,-0.000511643011122942,0.0007539959624409676,-0.00043409853242337704
1746728875181197000,35.59919702148437,-0.0005246796645224094,-0.000782771036028862,-0.0013295887038111687
1746728875191214800,35.60921484375,-0.0029383026994764805,-0.00012656813487410545,0.002977275289595127
1746728875201233000,35.61923291015625,-0.0017884327098727226,0.0016248426400125027,-0.0012388643808662891
1746728875211250700,35.62925073242187,0.0018598313909024,-0.0008479026146233082,-0.0009552375413477421
1746728875221269000,35.63926904296875,0.0009610475972294807,-0.00020158477127552032,0.00008405209518969059
1746728875231286800,35.64928686523437,0.001715787686407566,0.00006180163472890854,0.0012257492635399103
1746728875241304800,35.65930493164063,0.0008592191152274609,-0.0016450216062366962,0.0012323358096182346
1746728875251321900,35.66932177734375,-0.0004465286619961262,-0.0021355757489800453,0.0002498955000191927
1746728875261340000,35.67933984375,0.00013118470087647438,0.0004628240130841732,0.0005371288862079382
1746728875271357700,35.689357666015624,0.0009290678426623344,-0.0019627828150987625,0.0023259741719812155
1746728875281376000,35.6993759765625,0.0009730802848935127,0.0012361574918031693,-0.0011582565493881702
1746728875291393800,35.709393798828124,0.00007586134597659111,-0.0005699987523257732,-0.0015862267464399338
1746728875301411800,35.71941186523438,0.00043484894558787346,0.002060096710920334,-0.0019244085997343063
1746728875311429600,35.7294296875,-0.0019689202308654785,-0.0028441145550459623,0.002584323287010193
1746728875321447000,35.739447021484374,0.0008761836215853691,0.00009864568710327148,0.002806906122714281
1746728875331464700,35.749464599609375,-0.00034008221700787544,0.0003929249942302704,0.0004500085487961769
1746728875341482800,35.75948266601562,0.00091122230514884,0.00014606397598981857,0.00113201467320323
1746728875351500800,35.769500732421875,-0.0009119776077568531,-0.00027977582067251205,-0.002493612701073289
1746728875361518800,35.77951879882813,0.0005123196169734001,-0.00010495493188500404,-0.00029506278224289417
1746728875371536600,35.78953662109375,0.0011706529185175896,0.0005179583095014095,-0.0003914693370461464
1746728875381555000,35.79955493164063,0.0017419704236090183,-0.00045323465019464493,-0.0016117091290652752
1746728875391571700,35.80957177734375,-0.0025449199602007866,-0.00030063558369874954,0.0008929937612265348
1746728875401589800,35.81958984375,0.0005625062622129917,0.000767046120017767,0.0009979947935789824
1746728875411607800,35.82960791015625,0.0018714496400207281,0.0008320272900164127,0.0011481971014291048
1746728875421625900,35.8396259765625,0.0008318689651787281,-0.0004647118039429188,-0.0005279914475977421
1746728875431644000,35.849643798828126,-0.0013668369501829147,0.0010239952243864536,-0.0020976588129997253
1746728875441662000,35.85966186523437,0.0016099191270768642,0.0010582325048744678,-0.0011528288014233112
1746728875451680000,35.869679931640626,-0.0004995707422494888,0.0003562234342098236,-0.0005901029799133539
1746728875461696800,35.87969677734375,-0.0009944392368197441,0.0002228054217994213,0.00046630739234387875
1746728875471714800,35.88971484375,-0.0004751230590045452,0.0016276226378977299,0.002626929897814989
1746728875481732900,35.89973291015625,-0.0010081934742629528,0.0008299052715301514,0.0026988594327121973
1746728875491751000,35.9097509765625,-0.0008294954895973206,0.001722064334899187,0.000009066890925168991
1746728875501768700,35.91976879882812,-0.00015798024833202362,-0.0016364776529371738,-0.0002864913549274206
1746728875511787000,35.929787109375,-0.0007840893231332302,0.0009755506180226803,0.0000639806967228651
1746728875521804800,35.9398046875,0.0003837365657091141,-0.0018484906759113073,0.003130683209747076
1746728875531821800,35.94982177734375,0.0002433881163597107,0.0011587506160140038,0.000014252029359340668
1746728875541840000,35.95983984375,0.0020553909707814455,-0.0004744529724121094,-0.0024596164003014565
1746728875551858000,35.96985791015625,-0.0005063037388026714,0.0025469032116234303,-0.0025994321331381798
1746728875561875700,35.979875732421874,0.00037088338285684586,0.000048140063881874084,0.000018499093130230904
1746728875571894000,35.98989404296875,0.00038819387555122375,0.0004646587185561657,0.0016994863981381059
1746728875581911800,35.999911865234374,0.0008263140916824341,0.0006051752716302872,0.002321967389434576
1746728875591929900,36.00992993164063,0.0011629373766481876,0.0014081182889640331,-0.000900723971426487
1746728875601947000,36.01994677734375,0.0014299857430160046,0.0012344378046691418,0.000043258070945739746
1746728875611965000,36.02996484375,0.0012811152264475822,-0.001267069485038519,0.0006683021783828735
1746728875621982700,36.039982666015625,0.00023242784664034843,-0.0006835432723164558,-0.00197872007265687
1746728875632000800,36.05000073242188,-0.0006581335328519344,0.002020364161580801,0.0003467523492872715
1746728875642018800,36.060018798828125,0.0016527739353477955,0.000027029309421777725,-0.0006776964291930199
1746728875652036600,36.07003662109375,-0.0006982646882534027,-0.0029908649157732725,-0.0010574632324278355
1746728875662054700,36.0800546875,-0.0006472249515354633,-0.0008677649311721325,0.00012337416410446167
1746728875672071700,36.09007177734375,-0.0017516380175948143,0.001968235243111849,-0.0014654677361249924
1746728875682089700,36.10008984375,0.0009234952740371227,-0.0011234916746616364,0.0013086647959426045
1746728875692107800,36.11010766601562,0.0014625191688537598,-0.00031682010740041733,0.0020934983622282743
1746728875702125800,36.120125732421876,0.0010618360247462988,0.0007953713648021221,0.0006082574836909771
1746728875712143600,36.1301435546875,0.001577424118295312,0.0006363806314766407,0.001280172960832715
1746728875722161700,36.14016162109375,-0.0001334785483777523,-0.0007235296070575714,-0.0032167425379157066
1746728875732179700,36.1501796875,-0.001027501653879881,0.0012836949899792671,0.0003641440998762846
1746728875742196700,36.16019677734375,-0.0006781951524317265,0.0019466560333967209,0.0012170348782092333
1746728875752214800,36.17021484375,-0.0013301372528076172,0.0020276163704693317,0.0017925440333783627
1746728875762232800,36.18023291015625,-0.0013398807495832443,-0.0006931447423994541,-0.0018901040311902761
1746728875772250600,36.19025073242187,0.0008867881260812283,0.0003811744973063469,-0.0008032678160816431
1746728875782268700,36.2002685546875,0.0020271209068596363,-0.00010291486978530884,0.003241325495764613
1746728875792286700,36.21028662109375,-0.0005870377644896507,-0.0020872363820672035,0.0006037307903170586
1746728875802304800,36.2203046875,-0.0005626026540994644,-0.0002287854440510273,0.00029247929342091084
1746728875812321500,36.230321533203124,0.00040519004687666893,-0.0017212207894772291,0.00002083694562315941
1746728875822339800,36.24033984375,0.00026999274268746376,-0.0002761371433734894,-0.00013078446500003338
1746728875832357600,36.250357666015624,-0.0008682422339916229,-0.0007789419032633305,0.00032861088402569294
1746728875842375700,36.26037573242188,-0.00034977542236447334,0.0002522571012377739,0.00032947096042335033
1746728875852393700,36.270393798828124,-0.0006041075102984905,0.0025601526722311974,0.0002437171060591936
1746728875862411800,36.28041186523438,0.0007298244163393974,0.0017048721201717854,-0.00035349372774362564
1746728875872429600,36.2904296875,0.002146625891327858,-0.0009521637111902237,0.0009882068261504173
1746728875882446800,36.30044677734375,-0.0008808826096355915,0.00009770365431904793,0.0009672550950199366
1746728875892464600,36.310464599609375,-0.0007386701181530952,0.0011443262919783592,0.0032905966509133577
1746728875902482700,36.32048266601562,-0.0012665358372032642,0.0004932484589517117,0.0008350023999810219
1746728875912500700,36.330500732421875,0.00006850669160485268,0.0012373356148600578,0.00044671352952718735
1746728875922518800,36.34051879882813,0.0018876332323998213,-0.0009095147252082825,0.003308481303974986
1746728875932536600,36.35053662109375,0.001945956377312541,-0.0021319056395441294,0.001555854920297861
1746728875942554600,36.3605546875,-0.0002782321535050869,-0.001658739522099495,0.0008003273978829384
1746728875952571600,36.370571533203126,-0.0017331172712147236,0.0005570105277001858,0.0004314796533435583
1746728875962589700,36.38058959960937,0.0013837276492267847,-0.0021336344070732594,0.0006644194945693016
1746728875972607500,36.390607421875,-0.0016360306181013584,0.000057880766689777374,-0.0010980605147778988
1746728875982625800,36.40062573242187,-0.00012954557314515114,0.00014109769836068153,-0.0010523493401706219
1746728875992643800,36.410643798828126,-0.0001545795239508152,-0.0016794390976428986,-0.0011005527339875698
1746728876002661600,36.42066162109375,0.0006078910082578659,-0.0008988049812614918,0.001415403326973319
1746728876012680000,36.430679931640626,-0.0012206356041133404,-0.000535549595952034,-0.0015385751612484455
1746728876022696700,36.44069677734375,-0.00032973848283290863,0.0022719469852745533,-0.0018443248700350523
1746728876032714500,36.45071459960938,-0.0005169585347175598,-0.0002764319069683552,-0.0008501668926328421
1746728876042732800,36.46073291015625,-0.0005531464703381062,0.000912714283913374,0.001256581163033843
1746728876052750800,36.47075073242188,-0.0016985717229545116,0.0016176528297364712,0.000032325973734259605
1746728876062768600,36.4807685546875,0.0006946474313735962,-0.0004742792807519436,-0.00180298020131886
1746728876072786700,36.49078662109375,0.00007173418998718262,0.0006391885690391064,-0.0025233651977032423
1746728876082804700,36.5008046875,0.0007887375541031361,-0.0018178618047386408,0.001222205813974142
1746728876092821800,36.51082177734375,0.00035064760595560074,0.0011286595836281776,0.000454682856798172
1746728876102839800,36.52083984375,0.000055250246077775955,-0.000142635777592659,-0.000826327595859766
1746728876112857900,36.53085791015625,-0.0007128054276108742,-0.0005295928567647934,0.0015401571290567517
1746728876122875600,36.540875732421874,0.0030556702986359596,0.0012199333868920803,-0.0011649932712316513
1746728876132893700,36.55089379882813,-0.0028163334354758263,0.00015600072219967842,-0.0004486029502004385
1746728876142911700,36.560911865234374,-0.0012954496778547764,0.00008277734741568565,-0.0006016700062900782
1746728876152929800,36.5709296875,-0.001081863883882761,0.0001565464772284031,0.0017397812334820628
1746728876162946800,36.58094677734375,-0.00015807943418622017,0.001861731056123972,0.0010618078522384167
1746728876172964900,36.59096484375,0.001002259785309434,0.00042841769754886627,0.002183797536417842
1746728876182982700,36.600982666015625,-0.0007147267460823059,0.00067889504134655,0.0010168617591261864
1746728876193000700,36.61100073242188,0.0005934182554483414,0.0004908759146928787,0.0014983612345531583
1746728876203018800,36.621018798828125,0.00172764016315341,-0.0009034126996994019,-0.001306810649111867
1746728876213036800,36.63103686523438,-0.0012652203440666199,0.002294777426868677,0.00010786065831780434
1746728876223053600,36.641053466796876,-0.0006378809921443462,-0.000869878102093935,0.003674896666780114
1746728876233071900,36.65107177734375,-0.0030224756337702274,-0.001204637810587883,0.0035121776163578033
1746728876243089700,36.661089599609376,0.0026242618914693594,-0.001449202187359333,0.0013662988785654306
1746728876253107700,36.67110766601562,0.0005951994098722935,-0.00042521674185991287,-0.0007844700012356043
1746728876263125800,36.681125732421876,0.0006091855466365814,0.002288052812218666,-0.00024000019766390324
1746728876273143800,36.69114379882812,0.0013042704667896032,-0.0013463632203638554,0.0015094303525984287
1746728876283161600,36.70116162109375,0.0012414453085511923,-0.00019108830019831657,-0.0010124258697032928
1746728876293179600,36.7111796875,-0.0018185265362262726,-0.0013013603165745735,0.0015029298374429345
1746728876303196700,36.72119677734375,0.0007954845204949379,0.0003813384100794792,-0.0004069304559379816
1746728876313214700,36.73121459960937,-0.0003315652720630169,-0.00013265199959278107,0.0025726142339408398
1746728876323232800,36.74123266601563,-0.0003258031792938709,-0.0011413097381591797,-0.0009685915429145098
1746728876333250800,36.75125073242187,0.0007530432194471359,-0.0007439660839736462,0.0011134676169604063
1746728876343268600,36.7612685546875,0.00033718300983309746,-0.0008937078528106213,0.0001920608337968588
1746728876353286700,36.77128662109375,0.0008461130782961845,0.0011188429780304432,0.0014946130104362965
1746728876363303700,36.7813037109375,-0.0029666274785995483,0.0004896284081041813,0.00016859243623912334
1746728876373321700,36.79132177734375,0.0014472957700490952,0.0012984303757548332,-0.0007861508056521416
1746728876383339500,36.80133959960938,0.0014964817091822624,0.001132048200815916,0.0003004434984177351
1746728876393357800,36.81135791015625,0.001757205231115222,0.0007855710573494434,0.0014589185593649745
1746728876403375600,36.82137573242188,-0.0011782711371779442,-0.0005791704170405865,-0.000773976556956768
1746728876413393700,36.8313935546875,0.0003980537876486778,0.004101867787539959,0.00402717012912035
1746728876423411700,36.84141162109375,0.003116640727967024,-0.0004916624166071415,0.0006970549002289772
1746728876433428700,36.8514287109375,-0.000874105840921402,0.0006622853688895702,-0.0003021631855517626
1746728876443446500,36.86144653320312,0.00199047289788723,-0.00042090006172657013,0.0005861003883183002
1746728876453464800,36.87146484375,0.002327629132196307,0.002919502556324005,-0.000700206495821476
1746728876463482600,36.88148266601563,0.0020346606615930796,-0.002530262805521488,-0.00021137623116374016
1746728876473500700,36.891500732421875,-0.0007816320285201073,-0.001527050044387579,0.00006133131682872772
1746728876483518700,36.90151879882813,-0.0035277381539344788,0.0022429688833653927,0.0008510055486112833
1746728876493536800,36.911536865234375,0.0016015099827200174,0.0015284428372979164,0.0004304924514144659
1746728876503553500,36.92155346679687,-0.0004973975010216236,0.0020572980865836143,0.00020117242820560932
1746728876513571800,36.93157177734375,-0.0005314857698976994,0.000021045096218585968,0.0011577797122299671
1746728876523589600,36.94158959960937,0.0010151350870728493,0.0009063733741641045,0.0013659644173458219
1746728876533607700,36.951607666015626,-0.0007089953869581223,0.0017053219489753246,-0.004651447758078575
1746728876543625700,36.96162573242187,-0.0011698505841195583,0.000762848649173975,-0.0004896628670394421
1746728876553643800,36.971643798828126,0.0027806824073195457,-0.00031093787401914597,0.00022805901244282722
1746728876563661800,36.98166186523437,0.0004536840133368969,0.0005729254335165024,-0.0014054977800697088
1746728876573678800,36.99167895507812,-0.0016677901148796082,0.001188115682452917,0.0013101273216307163
1746728876583696600,37.00169653320312,-0.0010082409717142582,-0.001663637813180685,0.0018466823967173696
1746728876593714700,37.01171459960938,0.0023995398078113794,-0.0003445739857852459,-0.000861752312630415
1746728876603732700,37.02173266601562,0.0009064008481800556,0.0007922234944999218,-0.0003551407717168331
1746728876613750800,37.03175073242188,-0.0002392912283539772,-0.0002240384928882122,-0.0017932476475834846
1746728876623769600,37.04176953125,-0.0020012487657368183,-0.0002925153821706772,-0.0007221444975584745
1746728876633787600,37.05178759765625,0.001040880335494876,-0.0010536471381783485,0.0010347431525588036
1746728876643804700,37.0618046875,0.0029278616420924664,-0.0001017632894217968,0.0013962029479444027
1746728876653822700,37.07182275390625,0.0013273016083985567,0.00041275937110185623,0.0003567710518836975
1746728876663840500,37.08184057617188,-0.001871202141046524,-0.0005663563497364521,0.0009250266011804342
1746728876673858600,37.091858642578124,-0.00012363586574792862,-0.0013123080134391785,-0.0015415933448821306
1746728876683876600,37.10187670898438,-0.0016716872341930866,0.0015961015596985817,-0.0007051394786685705
1746728876693894700,37.111894775390624,-0.0008130841888487339,-1.969747245311737e-7,0.004392417147755623
1746728876703912400,37.121912353515626,-0.0017166230827569962,0.0015987372025847435,0.002119082026183605
1746728876713929700,37.1319296875,0.0014307007659226656,0.0015388159081339836,0.00150921824388206
1746728876723947500,37.14194750976562,0.0017906001303344965,0.0007059266790747643,-0.0016395279671996832
1746728876733965600,37.151965576171875,0.0017455925699323416,-0.0009889090433716774,0.0007999276276677847
1746728876743983600,37.16198364257812,-0.001992231234908104,0.00028502196073532104,0.0005494582001119852
1746728876754001700,37.172001708984375,0.0013284643646329641,-0.00039381813257932663,0.000050381990149617195
1746728876764019500,37.18201953125,-0.0006130775436758995,0.00023774057626724243,0.000661240192130208
1746728876774036700,37.19203662109375,0.0009294252377003431,0.000607919879257679,-0.0008719414472579956
1746728876784054500,37.20205444335937,-0.0000788634642958641,0.0012363600544631481,-0.0009941065218299627
1746728876794072600,37.212072509765626,0.0002969084307551384,-0.00002571195363998413,-0.0001842391211539507
1746728876804090600,37.22209057617187,0.0014427429996430874,-0.0011192476376891136,0.0019200723618268967
1746728876814108700,37.232108642578126,-0.0018734252080321312,0.0013106204569339752,-0.0014573484659194946
1746728876824126500,37.24212646484375,0.00040363846346735954,-0.0004009152762591839,0.00045873643830418587
1746728876834144500,37.25214453125,0.0025866315700113773,0.0003013601526618004,-0.0012664594687521458
1746728876844161500,37.26216162109375,-0.0008065584115684032,-0.0008063926361501217,0.0008475431241095066
1746728876854179600,37.2721796875,0.00025843968614935875,-0.00027029821649193764,-0.0011207994539290667
1746728876864197400,37.282197265625,0.0004603439010679722,-0.0014122696593403816,-0.0017686344217509031
1746728876874215700,37.29221557617188,0.0023916682694107294,0.0006924266926944256,-0.00010735471732914448
1746728876884233500,37.3022333984375,-0.0015062647871673107,-0.0001318361610174179,-0.00017724349163472652
1746728876894251500,37.31225146484375,-0.0007848143577575684,-0.0017438475042581558,0.00196074228733778
1746728876904269600,37.32226953125,-0.0011753845028579235,0.0010098922066390514,0.0012936730636283755
1746728876914286600,37.33228662109375,-0.0013940301723778248,-0.0008460646495223045,-0.0002719992771744728
1746728876924304400,37.342304443359374,0.0010338486172258854,0.00007573654875159264,0.0012371425982564688
1746728876934322700,37.35232275390625,-0.000728631392121315,0.0004541715607047081,0.00045816809870302677
1746728876944340500,37.362340576171874,0.0003023468889296055,0.0014986260794103146,0.00041655637323856354
1746728876954358500,37.37235864257813,0.0009111452382057905,-0.0013829139061272144,0.001262642559595406
1746728876964376600,37.38237646484375,0.002957637421786785,0.0003356747329235077,0.00038535241037607193
1746728876974394600,37.39239453125,0.001799694960936904,-0.002299789572134614,-0.0011001590173691511
1746728876984411400,37.402411376953125,0.001622270094230771,0.00040940195322036743,0.0010270329657942057
1746728876994429700,37.4124296875,-0.000864323228597641,0.0008429642766714096,0.001690958975814283
1746728877004447500,37.422447509765625,0.002845911541953683,-0.0002456679940223694,-0.0003702265676110983
1746728877014465500,37.43246557617187,-0.0017264699563384056,-0.00048162415623664856,0.0026226339396089315
1746728877024483300,37.4424833984375,0.0010248403996229172,0.0008004810661077499,0.002165813697502017
1746728877034501600,37.45250170898437,0.0010490752756595612,0.00046971673145890236,-0.0003940167371183634
1746728877044518400,37.462518310546876,-0.002001431304961443,-0.0011050165630877018,-0.001391643425449729
1746728877054536700,37.47253662109375,0.0006095319986343384,-0.0017433762550354004,0.0012579356553032994
1746728877064554500,37.482554443359376,-0.001945324707776308,0.0015693907625973225,0.002532270736992359
1746728877074572500,37.49257250976562,0.0013348909560590982,0.003091121092438698,0.0010590099263936281
1746728877084590600,37.502590576171876,0.0012341239489614964,-0.0017305477522313595,0.0010850275866687298
1746728877094608600,37.51260864257812,-0.00003806827589869499,0.0002495124936103821,-0.00015653809532523155
1746728877104626700,37.522626708984376,0.00031382497400045395,0.001075661275535822,-0.0009748237207531929
1746728877114643500,37.5326435546875,0.0010509879793971777,-0.0017147990874946117,-0.0004959874786436558
1746728877124661500,37.54266162109375,-0.0008043237030506134,0.00010777171701192856,0.0008991209324449301
1746728877134679600,37.552679443359374,0.0006436370313167572,0.0016811671666800976,0.0018346895230934024
1746728877144697600,37.56269750976563,-0.0009881770238280296,-0.00034809065982699394,-0.0013784493785351515
1746728877154715600,37.57271557617187,0.001127172028645873,0.0020215902477502823,-0.0001802931074053049
1746728877164733700,37.58273364257813,-0.0013654399663209915,-0.0009216414764523506,0.0023306962102651596
1746728877174751500,37.59275146484375,-0.0001393207348883152,-0.0005059218965470791,0.00029976945370435715
1746728877184768500,37.6027685546875,-0.0008029229938983917,-0.0007994994521141052,0.0006173180881887674
1746728877194786600,37.61278662109375,0.0019411982502788305,0.000026613473892211914,-0.0004482127260416746
1746728877204804600,37.6228046875,0.00017568189650774002,0.0008893408812582493,-0.002027439884841442
1746728877214822700,37.63282275390625,0.0016595954075455666,-0.0012824670411646366,0.0016756855184212327
1746728877224840700,37.6428408203125,-0.0007658381946384907,-0.0007718638516962528,-0.0002142766024917364
1746728877234858500,37.6528583984375,-0.0003069755621254444,0.0016822386533021927,0.0003186219837516546
1746728877244876500,37.66287646484375,0.000013033393770456314,0.0007485309615731239,0.000883183442056179
1746728877254893600,37.6728935546875,-0.00394921749830246,0.0008244314230978489,0.0034219748340547085
1746728877264911600,37.68291162109375,-0.0005239825695753098,0.0010877731256186962,0.003895023139193654
1746728877274929400,37.692929443359375,0.0016025516670197248,0.0008962918072938919,-0.0018147940281778574
1746728877284947700,37.70294775390625,-0.001262602861970663,0.00021712295711040497,0.0008247233927249908
1746728877294965500,37.712965576171875,0.0007161255925893784,-0.0008670496754348278,0.001916353008709848
1746728877304983600,37.72298364257812,0.00032934220507740974,0.0009615584276616573,0.000024772249162197113
1746728877315001600,37.733001708984375,-0.0005095535889267921,0.000533055979758501,0.0008194593247026205
1746728877325018600,37.7430185546875,-0.00023639481514692307,-0.0008534439839422703,0.002592795994132757
1746728877335036400,37.753036376953126,0.001481077866628766,-0.0014007235877215862,0.0012281921226531267
1746728877345054700,37.7630546875,0.00005702534690499306,0.0014549531042575836,-0.002074604155495763
1746728877355072500,37.773072509765626,0.002829375909641385,-0.001566669438034296,0.0020314573775976896
1746728877365090600,37.78309057617187,-0.00041448138654232025,0.0015276488848030567,0.0009277868084609509
1746728877375108600,37.793108642578126,0.001690747682005167,-0.0007184608839452267,-0.000041337450966238976
1746728877385125600,37.803125732421876,-0.0011634165421128273,-0.0008521797135472298,0.0002876734361052513
1746728877395143400,37.81314331054688,0.000646734144538641,-0.0012034508399665356,-0.0011062249541282654
1746728877405161700,37.82316162109375,0.0008667865768074989,-0.0003742305561900139,-0.00018495181575417519
1746728877415179500,37.83317944335938,0.000004987698048353195,-0.0013257777318358421,-0.00024194340221583843
1746728877425197600,37.84319750976562,-0.0001524072140455246,-0.0017491679172962904,0.0015316945500671864
1746728877435215400,37.85321533203125,-0.0004038093611598015,0.0020897788926959038,-0.00044490350410342216
1746728877445233700,37.86323364257812,-0.0008306563831865788,-0.0008830791339278221,-0.0003531260881572962
1746728877455250400,37.87325048828125,0.0010324912145733833,-0.00007534259930253029,0.0011925725266337395
1746728877465268700,37.88326879882813,-0.00012042326852679253,-0.0006403117440640926,0.00019830884411931038
1746728877475286500,37.89328662109375,-0.0007031229324638844,-0.0009042308665812016,0.0016838200390338898
1746728877485304600,37.9033046875,0.000590616837143898,-0.0005018073134124279,-0.0011848222929984331
1746728877495322400,37.913322265625,0.0014942274428904057,0.0004276363179087639,0.0011699446476995945
1746728877505340700,37.923340576171874,-0.0017525623552501202,0.0014438638463616371,0.0014231187524273992
1746728877515357400,37.933357421875,0.0002112528309226036,0.0018918076530098915,-0.00207148096524179
1746728877525375500,37.94337548828125,-0.0005644587799906731,0.0005161100998520851,-0.002400057390332222
1746728877535393500,37.9533935546875,0.00024114735424518585,0.001859674695879221,0.0015230452409014106
1746728877545411600,37.96341162109375,-0.0003782566636800766,0.0007366305217146873,0.000820796238258481
1746728877555429400,37.97342944335937,-0.00011620158329606056,-0.000790958758443594,-0.0022223980631679296
1746728877565447700,37.98344775390625,-0.00016040634363889694,0.0017267228104174137,0.00041478383354842663
1746728877575465500,37.99346557617187,0.0016217809170484543,0.0010289750061929226,-0.00015007262118160725
1746728877585482500,38.003482421875,0.001370981801301241,-0.0002783359959721565,0.0027532533276826143
1746728877595500500,38.01350048828125,0.0005994639359414577,0.0011187582276761532,0.0009231290314346552
1746728877605518600,38.0235185546875,-0.0024550543166697025,0.0010330532677471638,-0.001487439963966608
1746728877615536400,38.03353637695312,-0.0029879524372518063,-0.0006881477311253548,0.0003623915836215019
1746728877625554200,38.04355419921875,-0.0012021730653941631,0.0021465932950377464,0.00026443926617503166
1746728877635572200,38.053572265625,0.0021281098015606403,-0.00033067911863327026,0.0006508638616651297
1746728877645590000,38.063590087890624,-0.000488954596221447,0.0027617518790066242,0.0006492051761597395
1746728877655607300,38.073607177734374,-0.0016530221328139305,-0.0008777240291237831,-0.0014893128536641598
1746728877665625000,38.083625,-0.003464275039732456,0.0009231283329427242,-0.0021151136606931686
1746728877675643100,38.09364306640625,-0.00198355782777071,0.001526600681245327,-0.0009656934998929501
1746728877685661200,38.1036611328125,0.00018726149573922157,0.0005556587129831314,0.0010580695234239101
1746728877695679200,38.11367919921875,-0.00036401255056262016,-0.00039508985355496407,0.0007081301882863045
1746728877705697300,38.123697265625,0.0009742081165313721,0.0012517166323959827,0.0012543820776045322
1746728877715714300,38.13371435546875,0.002578496467322111,0.0005558324046432972,0.0036344490945339203
1746728877725732000,38.14373217773438,-0.00011254986748099327,0.0017642620950937271,-0.0005282214842736721
1746728877735750100,38.153750244140625,0.00009331246837973595,-0.0020653633400797844,0.0004928344860672951
1746728877745768200,38.16376831054688,0.0004155910573899746,0.002218961250036955,0.0007753332611173391
1746728877755786200,38.1737861328125,-0.0024433122016489506,0.0005659367889165878,0.0009766682051122189
1746728877765804300,38.18380419921875,0.0001967884600162506,-0.00004869513213634491,-0.00044929864816367626
1746728877775822000,38.19382202148437,0.0015779039822518826,0.00007514189928770065,0.00019412115216255188
1746728877785839000,38.20383911132812,-0.00004996359348297119,-0.000599405262619257,0.0024431145284324884
1746728877795857200,38.213857177734376,0.0006690896116197109,-0.0014726556837558746,-0.0004059351049363613
1746728877805875000,38.223875,-0.0001917090266942978,-0.0013863295316696167,-0.00012232153676450253
1746728877815893200,38.233893310546875,0.002571586985141039,-0.0027951416559517384,-0.0006395073141902685
1746728877825911300,38.24391137695312,-0.0019184201955795288,0.00025985296815633774,-0.000043429434299468994
1746728877835929000,38.25392919921875,-0.0004765847697854042,-0.00016944855451583862,0.0006537861190736294
1746728877845946000,38.26394604492187,0.001911890460178256,-0.0008924179710447788,0.0012366143055260181
1746728877855964200,38.27396411132813,0.0020383906085044146,-0.0010151895694434643,-0.000055285170674324036
1746728877865982200,38.28398217773437,-0.0006848392076790333,0.0011240867897868156,-0.0003115099389106035
1746728877876000300,38.294000244140626,0.0014645981136709452,0.002005060203373432,-0.00034426688216626644
1746728877886018300,38.30401831054687,0.0006303410045802593,-0.0001540440134704113,0.0012606874806806445
1746728877896036000,38.3140361328125,0.00009744241833686829,0.0018931282684206963,-0.001347346231341362
1746728877906054100,38.32405419921875,-0.00005363067612051964,0.0005434402264654636,0.0014548362232744694
1746728877916071200,38.3340712890625,0.00034131621941924095,-0.002272852696478367,-0.004658183082938194
1746728877926089200,38.344089111328124,-0.0034991130232810974,0.002558749634772539,7.099006325006485e-7
1746728877936107300,38.35410717773438,0.003002728568390012,0.0006071850657463074,0.0010193688794970512
1746728877946125300,38.364125244140624,-0.00040808180347085,0.0008017946965992451,0.0001611288171261549
1746728877956143000,38.37414306640625,0.0020928930025547743,0.0031235390342772007,0.0011616784613579512
1746728877966161200,38.3841611328125,-0.001936937216669321,0.00023107323795557022,0.0006026825867593288
1746728877976179200,38.39417919921875,-0.000023189932107925415,-0.002005715621635318,0.002476749010384083
1746728877986196200,38.4041962890625,-0.0019492586143314838,-0.0030012333299964666,-0.002594181103631854
1746728877996214300,38.41421435546875,-0.002010245341807604,-0.0002256869338452816,-0.0005589935462921858
1746728878006232300,38.424232421875,-0.0008582416921854019,-0.0004394133575260639,0.00021161697804927826
1746728878016250000,38.43425,0.0021713704336434603,-0.002563816960901022,0.0001370485406368971
1746728878026268200,38.44426806640625,-0.00023106252774596214,0.00035718269646167755,0.0008631565142422915
1746728878036286200,38.4542861328125,0.00009996816515922546,0.000768641009926796,-0.0006785476580262184
1746728878046303200,38.46430322265625,-0.0024097939021885395,-0.0003758748061954975,0.0009524999186396599
1746728878056321000,38.47432104492187,0.00014124810695648193,-0.0004855971783399582,0.00042173173278570175
1746728878066339300,38.48433935546875,-0.0010816245339810848,-0.0001095491461455822,0.00023599062114953995
1746728878076357000,38.49435717773437,-0.00009199371561408043,-0.00020888540893793106,-0.0006732125766575336
1746728878086375200,38.504375244140626,-0.0007678107358515263,0.0020500337705016136,-0.0004715749528259039
1746728878096393200,38.51439331054687,0.0021664600353688,-0.0009153960272669792,-0.0024969088844954967
1746728878106411300,38.524411376953125,0.00012210896238684654,0.0006510131061077118,0.0024502344895154238
1746728878116428000,38.53442797851562,-0.0003202422522008419,0.0008704573847353458,-0.0008068112656474113
1746728878126446300,38.5444462890625,-0.00010126270353794098,-0.000005888286978006363,-0.00023094099014997482
1746728878136464100,38.55446411132812,0.00032670702785253525,0.0018583242781460285,0.0006215367466211319
1746728878146482200,38.56448217773438,0.00199540751054883,0.0001752953976392746,-0.0010912923607975245
1746728878156500200,38.57450024414062,-0.0011034468188881874,0.00020965002477169037,0.003147661220282316
1746728878166518300,38.584518310546876,0.0014793495647609234,-0.0007812217809259892,0.0007336237467825413
1746728878176535000,38.59453515625,-0.0006961864419281483,0.00023876875638961792,0.002145631704479456
1746728878186553300,38.60455322265625,0.000270770862698555,-0.000050170812755823135,0.0023768702521920204
1746728878196571100,38.614571044921874,0.0009448167402297258,0.0005775359459221363,-0.00023622345179319382
1746728878206589200,38.62458911132813,-0.0015797805972397327,0.0019070226699113846,-0.00008437596261501312
1746728878216607000,38.63460693359375,-0.0019180020317435265,0.001270793378353119,-0.0005935723893344402
1746728878226625300,38.64462524414063,0.0007752547971904278,-0.0005288105458021164,-0.0003936365246772766
1746728878236643000,38.65464306640625,0.000029569491744041443,-0.0009210938587784767,0.0020490149036049843
1746728878246660400,38.66466040039062,0.00015960214659571648,-0.0018447430338710546,-7.015187293291092e-7
1746728878256678100,38.67467822265625,-0.0006958055309951305,-0.0005736160092055798,0.0002885179128497839
1746728878266696200,38.6846962890625,-0.0005596783012151718,-0.00018684472888708115,0.0003989497199654579
1746728878276714000,38.6947138671875,-0.0001370343379676342,-0.0008664834313094616,0.00021013151854276657
1746728878286732300,38.70473217773438,-0.0009989850223064423,0.000977582298219204,0.0014881327515468001
1746728878296750000,38.71475,-0.0001459745690226555,-0.0011348370462656021,-0.0011206995695829391
1746728878306768100,38.72476806640625,0.0010664365254342556,-0.0006753313355147839,0.0016583709511905909
1746728878316785200,38.73478515625,-0.000661156140267849,0.0016056662425398827,0.000018928898498415947
1746728878326803200,38.74480322265625,-0.0006351824849843979,-0.0008226986974477768,-0.00040113856084644794
1746728878336821000,38.754821044921876,-0.0023851455189287663,0.0006950371898710728,0.00018875161185860634
1746728878346839300,38.76483935546875,-0.0005185906775295734,-0.0009648441337049007,0.0009704537224024534
1746728878356857000,38.774857177734376,-0.0023599001578986645,-0.00047615403309464455,-0.0005081333220005035
1746728878366875100,38.78487524414062,0.000052241142839193344,-0.0015877657569944859,-0.0007737940177321434
1746728878376892200,38.79489208984375,-0.0001783887855708599,-0.0005352846346795559,0.002332516945898533
1746728878386910200,38.80491015625,0.0018935899715870619,0.00006721727550029755,-0.0011124154552817345
1746728878396928000,38.81492797851563,-0.001219379249960184,-0.0018963315524160862,0.0008194418624043465
1746728878406946300,38.8249462890625,-0.0019528730772435665,-0.0002871863543987274,-0.0007495582103729248
1746728878416964400,38.83496435546875,0.00020215660333633423,-0.0003255358897149563,0.0045477356761693954
1746728878426982100,38.84498217773437,-0.000871727243065834,-0.0008451463654637337,-0.0005768088158220053
1746728878436999200,38.85499926757812,-0.00010686740279197693,0.00219911290332675,-0.0003669518046081066
1746728878447017200,38.865017333984376,0.00037330714985728264,-0.00006320280954241753,0.0012310200836509466
1746728878457035000,38.87503491210938,0.00008355500176548958,-0.0009066257625818253,0.002428377280011773
1746728878467053000,38.885052978515624,0.0010507707484066486,-0.0009110202081501484,-0.0005166740156710148
1746728878477071400,38.8950712890625,-0.00010264432057738304,-0.0011983751319348812,-0.0005438381340354681
1746728878487089200,38.905089111328124,0.0008293972350656986,-0.00036611733958125114,0.0014851948944851756
1746728878497107200,38.91510717773438,-0.0005631698295474052,-0.0010329727083444595,0.0014335295418277383
1746728878507124200,38.92512426757813,0.0009505241177976131,0.0002040141262114048,-0.0015206241514533758
1746728878517142300,38.93514233398437,-0.0009451140649616718,-0.0008679083548486233,-0.0018327466677874327
1746728878527160000,38.94516015625,-0.0020077675580978394,0.0007834648713469505,-0.0003595894668251276
1746728878537178400,38.95517846679687,-0.0012024273164570332,-0.0006296080537140369,0.00419148663058877
1746728878547196200,38.965196044921875,-0.0009433133527636528,0.001011827029287815,0.0007911466527730227
1746728878557214200,38.97521411132813,-0.002683955244719982,0.00011673849076032639,-0.0012877171393483877
1746728878567231200,38.98523120117188,0.0015810118056833744,0.00039027491584420204,-0.0015864670276641846
1746728878577249300,38.995249267578124,-0.001207317691296339,-0.0009530233219265938,-0.0011318651959300041
1746728878587267000,39.00526708984375,0.0019113789312541485,0.0007617995142936707,0.0004797347355633974
1746728878597285400,39.015285400390624,-0.0008340738713741302,-0.0005418178625404835,-0.0014278877060860395
1746728878607303200,39.02530322265625,-0.0005388865247368813,-0.0012831776402890682,-0.0017554555088281631
1746728878617321200,39.0353212890625,0.0006699226796627045,0.000030559487640857697,-0.0011099050752818584
1746728878627339000,39.045339111328126,0.000630989670753479,-0.000360170379281044,-0.002723295008763671
1746728878637356300,39.055356201171875,0.0006040921434760094,0.0008217403665184975,-0.0012785301078110933
1746728878647374000,39.0653740234375,0.0014436522033065557,0.0017091743648052216,0.0019449804676696658
1746728878657392400,39.075392333984375,0.00014056731015443802,0.0014492496848106384,-0.0012393612414598465
1746728878667410200,39.08541015625,-0.0006626821123063564,-0.0008804267272353172,-0.001316214445978403
1746728878677428200,39.09542822265625,-0.0009505697526037693,-0.0009731044992804527,0.002221528673544526
1746728878687446000,39.10544604492188,0.0008112294599413872,-0.00006121769547462463,-0.00015160138718783855
1746728878697463300,39.11546337890625,0.0005102921277284622,0.0006333347409963608,0.001956823281943798
1746728878707481000,39.12548120117187,-0.00040129292756319046,0.0026538176462054253,-0.002197171561419964
1746728878717499100,39.1354990234375,-0.0007650810293853283,0.0006292825564742088,-0.0025172834284603596
1746728878727517200,39.14551708984375,0.0009149406105279922,-0.0010430589318275452,0.0012678314233198762
1746728878737535200,39.15553515625,0.0026523869019001722,0.002837166655808687,-0.003442501649260521
1746728878747553000,39.16555297851563,-0.0015943297185003757,0.002086265943944454,-0.0001135147176682949
1746728878757571300,39.1755712890625,-0.001318959053605795,-0.0018203253857791424,0.001655889442190528
1746728878767588000,39.185588134765624,-0.0014027631841599941,0.001159793697297573,0.0013265596935525537
1746728878777606100,39.19560620117188,0.0002715662121772766,0.00014086859300732613,0.002281835535541177
1746728878787624200,39.20562426757812,0.0012296400964260101,-0.0019664906430989504,-0.00031285942532122135
1746728878797642200,39.21564233398438,0.00027782609686255455,0.0015973513945937157,0.001906885183416307
1746728878807660000,39.22565991210938,-0.0007328181527554989,-0.0020681710448116064,0.0002457511145621538
1746728878817678300,39.23567822265625,-0.0018801079131662846,0.0002602306194603443,0.0004454883746802807
1746728878827695000,39.245695068359375,0.0018171747215092182,-0.001877017319202423,-0.0009261874947696924
1746728878837713200,39.25571313476563,0.0008930580224841833,-0.0020085773430764675,-0.0005046089645475149
1746728878847731200,39.265731201171874,0.001928103156387806,0.0010163192637264729,-0.0007168406154960394
1746728878857749200,39.27574926757813,-0.0012168237008154392,0.001035227905958891,-0.0004257571417838335
1746728878867767000,39.28576708984375,-0.0014146245084702969,0.0017155078239738941,-0.0015173768624663353
1746728878877785000,39.29578515625,0.0016882242634892464,-0.00002646585926413536,-0.0025616022758185863
1746728878887803100,39.30580322265625,0.0006913188844919205,-0.0037322130519896746,0.00011162064038217068
1746728878897820200,39.31582006835937,0.0004585585556924343,-0.00045679137110710144,-0.00023166066966950893
1746728878907838200,39.325838134765625,-0.0005280305631458759,0.0008594491519033909,-0.0017632702365517616
1746728878917856300,39.33585620117187,-0.0004750336520373821,0.00019605550915002823,-0.0005075898952782154
1746728878927874000,39.3458740234375,-0.0008399044163525105,-0.0016378378495573997,0.0003875531256198883
1746728878937892000,39.35589208984375,0.0004740990698337555,0.001886589452624321,0.0004344247281551361
1746728878947910100,39.36591015625,0.0009039854630827904,0.0009289504960179329,0.000201754504814744
1746728878957927200,39.37592724609375,-0.00022040121257305145,-0.00020395824685692787,0.003023107536137104
1746728878967945200,39.3859453125,-0.0006378111429512501,-0.00021319882944226265,-0.0016381766181439161
1746728878977963300,39.39596337890625,0.0007936377078294754,-0.001640386413782835,0.0013038174947723746
1746728878987981000,39.40598095703125,0.00018508406355977058,0.001902210060507059,0.00005126837641000748
1746728878997999000,39.4159990234375,-0.0007976223714649677,0.000903258565813303,-0.0007317010313272476
1746728879008017200,39.42601708984375,-0.0007456652820110321,0.0001062154769897461,0.0013653977075591683
1746728879018034200,39.4360341796875,-0.0010442058555781841,-0.001678368542343378,0.0017137392424046993
1746728879028052000,39.44605200195313,0.002032387303188443,0.0006285044364631176,0.00018808478489518166
1746728879038070300,39.4560703125,-0.0008611371740698814,-0.000545683316886425,0.0011367027182132006
1746728879048088000,39.46608813476563,-0.0013628164306282997,0.0006322893314063549,0.0003463742323219776
1746728879058106000,39.47610620117187,0.0014164585154503584,-0.0019773421809077263,0.0007051022257655859
1746728879068124400,39.48612451171875,0.0005866638384759426,-0.0009751524776220322,0.0014836947666481137
1746728879078142200,39.49614208984375,-0.00009963288903236389,-0.0008936598896980286,-0.0004910391289740801
1746728879088159000,39.50615893554688,0.0010496643371880054,-0.0012709111906588078,0.00028007617220282555
1746728879098177300,39.51617724609375,0.0007279543206095695,-0.00030231941491365433,0.002096618292853236
1746728879108195000,39.52619506835938,0.002724945079535246,0.0017582657746970654,0.0019402340985834599
1746728879118213000,39.536213134765624,-0.0013837800361216068,-0.0007451055571436882,-0.00007284944877028465
1746728879128231200,39.54623120117188,-0.000024052802473306656,-0.0007646027952432632,0.00021548126824200153
1746728879138249200,39.556249267578124,0.00009179487824440002,0.00025565410032868385,-0.000541122630238533
1746728879148266000,39.56626586914062,-0.0015934319235384464,0.000283706933259964,-0.0003032486420124769
1746728879158284300,39.5762841796875,0.0019855904392898083,0.00017371820285916328,-0.0007764922920614481
1746728879168302300,39.58630224609375,-0.00036425748839974403,0.0014699408784508705,-0.0009655673056840897
1746728879178320100,39.596320068359375,-0.0009853066876530647,-0.00016071274876594543,0.0002464374992996454
1746728879188338200,39.60633813476562,0.0019052522256970406,-0.00018942635506391525,0.00229481584392488
1746728879198356200,39.616356201171875,-0.000373082235455513,0.0012377616949379444,-0.0007190834730863571
1746728879208374300,39.62637426757812,-0.001584051176905632,0.0008732210844755173,-0.0008745533414185047
1746728879218391300,39.63639135742188,-0.0007222522981464863,-0.0008967160247266293,-0.001141136046499014
1746728879228409300,39.646409423828125,0.0018589179962873459,-0.003970119170844555,0.003466806374490261
1746728879238427100,39.65642724609375,0.0009782107081264257,0.00015911180526018143,0.00020576571114361286
1746728879248445200,39.66644506835937,-0.0012008436024188995,0.0011278442107141018,-0.00006631435826420784
1746728879258463200,39.676463134765626,-0.0022908756509423256,-0.00019015418365597725,0.0012141335755586624
1746728879268481300,39.68648120117187,-0.000048251356929540634,0.0019895932637155056,0.0031331570353358984
1746728879278498000,39.696498046875,-0.000453051645308733,0.0020263451151549816,0.0011131493374705315
1746728879288516400,39.706516357421876,-0.0010934611782431602,-0.00008742371574044228,0.002448244020342827
1746728879298534100,39.7165341796875,-0.0006311363540589809,-0.0008008843287825584,0.0011821773368865252
1746728879308552200,39.72655224609375,-0.0002612411044538021,-0.0034991377033293247,-0.00003911391831934452
1746728879318570200,39.7365703125,0.0019124310929328203,-0.00003969157114624977,-0.00045376806519925594
1746728879328588300,39.74658837890625,-0.0010217316448688507,-0.00020689191296696663,-0.0009894527029246092
1746728879338605000,39.75660498046875,0.00006004469469189644,-0.0012186267413198948,-0.0015132965054363012
1746728879348623400,39.76662329101563,-0.00040150759741663933,-0.0018210650887340307,0.0002920473925769329
1746728879358641200,39.77664111328125,-0.0007716869004070759,-0.0007659206166863441,0.0008212174288928509
1746728879368659200,39.7866591796875,0.0002974271774291992,0.0010178391821682453,-0.0005596522241830826
1746728879378677200,39.79667724609375,0.00040262192487716675,0.0006873407401144505,-0.000022492604330182076
1746728879388695300,39.8066953125,0.000662543810904026,-0.0021214871667325497,0.00018229056149721146
1746728879398713000,39.81671313476563,-0.0002013854682445526,0.0009576594457030296,0.0011170599609613419
1746728879408730400,39.82673046875,0.00025317631661891937,0.00018230918794870377,-0.0008265385404229164
1746728879418748200,39.836748046875,0.0009338804520666599,-0.0013846945948898792,-0.0002880471292883158
1746728879428766200,39.84676611328125,-0.000013441778719425201,0.00009740004315972328,-0.00022910465486347675
1746728879438784000,39.85678393554687,-0.0008475440554320812,0.0016598766669631004,-0.0006469546351581812
1746728879448802300,39.86680224609375,0.0008102222345769405,-0.0025616097263991833,0.0007251014467328787
1746728879458820000,39.87682006835937,-0.0024039465934038162,0.001387059222906828,0.000015102559700608253
1746728879468837400,39.88683740234375,0.00022550346329808235,0.0010150070302188396,-0.0023508910089731216
1746728879478855200,39.896855224609375,-0.00014174636453390121,-0.00429107528179884,-0.0015812376514077187
1746728879488873200,39.90687329101563,0.0009138183668255806,0.0022681942209601402,-0.0019381244201213121
1746728879498891000,39.91689111328125,0.0013385924976319075,0.0017760423943400383,-0.0005849720910191536
1746728879508909300,39.92690942382813,-0.0024669752456247807,-0.0007614488713443279,-0.0006613060832023621
1746728879518927000,39.93692700195312,0.00000470457598567009,-0.00190927111543715,-0.0012219017371535301
1746728879528944000,39.94694409179687,-0.00008028745651245117,-0.000050148461014032364,0.000007741618901491165
1746728879538962200,39.956962158203126,0.0004542088136076927,-0.0020552424248307943,-0.0003166315145790577
1746728879548980200,39.96698022460937,-0.000025094952434301376,0.0026482832618057728,0.0014810736756771803
1746728879558998000,39.976998046875,-0.0016216603107750416,-0.0008210162632167339,-0.0010095147881656885
1746728879569016300,39.98701635742187,-0.002192685380578041,-0.0018966251518577337,0.0003883207682520151
1746728879579034000,39.9970341796875,-0.0008131680078804493,0.0005745221860706806,-0.0011097071692347527
1746728879589052200,40.00705224609375,0.00021552108228206635,0.0005201343446969986,-0.0034459803719073534
1746728879599069200,40.01706909179688,-0.00008967751637101173,0.0013957819901406765,0.0009548934176564217
1746728879609087200,40.02708715820312,-0.0011599124409258366,-0.0012670010328292847,-0.002298763021826744
1746728879619105300,40.03710522460938,0.0020318862516433,-0.0015812539495527744,0.0016240731347352266
1746728879629123300,40.04712329101562,-0.000140294898301363,0.0008038184605538845,-0.000451680738478899
1746728879639141400,40.05714135742188,-0.0008090147748589516,0.00015667034313082695,0.0036053787916898727
1746728879649159200,40.0671591796875,-0.001784326508641243,0.00009025493636727333,0.002096884185448289
1746728879659176400,40.07717651367187,-0.0008982927538454533,-0.0008112248033285141,0.0025895689614117146
1746728879669194200,40.0871943359375,0.00030028726905584335,-0.0006978935562074184,-0.0013853451237082481
1746728879679212300,40.09721240234375,-0.0002981252036988735,0.00007176026701927185,0.0021180431358516216
1746728879689230000,40.10722998046875,0.000009920448064804077,-0.0013052956201136112,0.0012576957233250141
1746728879699248400,40.11724829101563,-0.000502471812069416,-0.0014048977755010128,-0.0002999871503561735
1746728879709266200,40.12726611328125,0.00017059966921806335,0.0007778252474963665,-0.0013573921751230955
1746728879719283500,40.137283447265624,0.0009498405270278454,-0.0007348502986133099,0.001869293861091137
1746728879729301200,40.14730126953125,0.000525700394064188,0.0006256382912397385,0.0003009345382452011
1746728879739319300,40.1573193359375,0.0021755285561084747,-0.00086946040391922,0.0004830947145819664
1746728879749337000,40.167337158203125,0.001120751490816474,0.0020736935548484325,0.0003128424286842346
1746728879759355400,40.17735546875,-0.000009493902325630188,0.0006771315820515156,0.0010926160030066967
1746728879769373400,40.18737353515625,-0.00048027094453573227,0.0023078848607838154,-0.0004452390130609274
1746728879779390200,40.19739013671875,-0.0005796072073280811,0.0003193025477230549,-0.0011365958489477634
1746728879789408300,40.207408203125,-0.0011319033801555634,0.00020121224224567413,-0.0012731170281767845
1746728879799426300,40.21742626953125,-0.0017665345221757889,0.00291444081813097,0.0006590061821043491
1746728879809444000,40.227444091796876,-0.0006424826569855213,-0.0017876625061035156,-0.0018480811268091202
1746728879819462400,40.23746240234375,0.0006835050880908966,-0.00030747754499316216,-0.0014478079974651337
1746728879829480400,40.24748046875,-0.00022452138364315033,-0.00013436982408165932,-0.00015363073907792568
1746728879839497200,40.257497314453126,-0.0001550125889480114,-0.0022718231193721294,0.0015667711850255728
1746728879849515300,40.26751538085937,-0.00013960245996713638,-0.00107667688280344,0.0003332262858748436
1746728879859533300,40.277533203125,0.003209854941815138,0.0027915644459426403,0.003199053928256035
1746728879869551400,40.28755126953125,0.0010740922298282385,-0.0012120427563786507,-0.001540282741189003
1746728879879569400,40.2975693359375,0.0027675963938236237,0.00027453387156128883,0.0009316634386777878
1746728879889587500,40.30758740234375,-0.0003559524193406105,0.0017329421825706959,0.00008733593858778477
1746728879899605200,40.31760522460937,-0.0004334505647420883,0.00027859024703502655,0.0023651374503970146
1746728879909622300,40.32762231445312,-0.0007738755084574223,0.0012451643124222755,0.0010461295023560524
1746728879919640300,40.337640380859376,0.0014882131945341825,-0.00018229009583592415,-0.0006463094614446163
1746728879929658400,40.34765844726562,-0.002492731437087059,-0.0008598943240940571,0.0003667282871901989
1746728879939676200,40.35767626953125,0.002279653213918209,0.0015494674444198608,-0.0002034544013440609
1746728879949694500,40.36769458007812,-0.00011109141632914543,-0.0013766512274742126,0.0007316332776099443
1746728879959712300,40.377712158203124,0.00021141767501831055,-0.0008136588148772717,0.0010181895922869444
1746728879969729500,40.3877294921875,-0.000712237786501646,-0.000717848539352417,0.002183051547035575
1746728879979747300,40.39774731445313,0.00043238885700702667,-0.00012343097478151321,0.0014386980328708887
1746728879989765400,40.407765380859374,-0.000789654441177845,-0.0007720054127275944,-0.0013510924763977528
1746728879999783200,40.417783203125,-0.0005787317641079426,-0.0003749281167984009,-0.0001902205403894186
1746728880009801500,40.427801513671874,0.0001881415955722332,-0.000441728625446558,-0.00025730160996317863
1746728880019819300,40.4378193359375,-0.0006355741061270237,-0.0009956662543118,-0.00020057638175785542
1746728880029836500,40.44783642578125,-0.0005092397332191467,0.0022610905580222607,-0.0034702627453953028
1746728880039854300,40.45785424804688,0.00023617874830961227,-0.0013895709998905659,0.002077101729810238
1746728880049872400,40.467872314453125,0.0027389265596866608,-0.0008571045473217964,0.00019080238416790962
1746728880059890200,40.47789013671875,0.0014347766991704702,-0.0006035715341567993,-0.0022547782864421606
1746728880069908500,40.487908447265625,-0.0014457865618169308,-0.00321672554127872,0.0019685712177306414
1746728880079926300,40.49792626953125,0.000517762266099453,-0.0020606471225619316,0.0009610974229872227
1746728880089943300,40.507943359375,0.0017941719852387905,0.0004866882227361202,0.0007183619309216738
1746728880099961300,40.51796142578125,0.0010634006466716528,-0.00031758658587932587,0.0008698957972228527
1746728880109979400,40.5279794921875,0.0006313268095254898,0.0004074624739587307,-0.0010166007559746504
1746728880119997200,40.5379970703125,-0.0018592611886560917,-0.00003222515806555748,-0.002432337263599038
1746728880130015500,40.548015380859376,-0.0014380710199475288,-0.00014839507639408112,0.00025089061819016933
1746728880140033300,40.558033203125,-0.0008484469726681709,-0.00027010124176740646,-0.0007547189015895128
1746728880150051300,40.56805126953125,-0.00012793811038136482,-0.0016242382116615772,0.002546284580603242
1746728880160068400,40.578068359375,-0.0005545765161514282,-0.0007355413399636745,-0.0005309979896992445
1746728880170086400,40.58808642578125,-0.0009388262405991554,0.0003595370799303055,-0.0003365008160471916
1746728880180104200,40.59810424804687,-0.00039740558713674545,-0.0006487355567514896,-0.0012640799395740032
1746728880190122200,40.60812231445313,-0.0003877696581184864,-0.001517321914434433,0.002090025693178177
1746728880200140300,40.61814038085937,-0.0019872644916176796,0.00037671811878681183,-0.0018429309129714966
1746728880210158300,40.628158447265626,0.0007722168229520321,-0.0011026961728930473,0.0001085835974663496
1746728880220175400,40.63817529296875,0.002170909196138382,-0.0010315896943211555,0.0009504088666290045
1746728880230193400,40.648193359375,0.0008504022844135761,0.0016741733998060226,0.00048731849528849125
1746728880240211200,40.658211181640624,0.0017931610345840454,0.0009423368610441685,0.0010092980228364468
1746728880250229200,40.66822924804688,-0.0002480829134583473,-0.0010845605283975601,0.0009811578784137964
1746728880260247300,40.678247314453124,0.0011482122354209423,0.00015114620327949524,0.0011670466046780348
1746728880270265300,40.68826538085938,-0.00008566491305828094,0.002234064042568207,0.001723717781715095
1746728880280282400,40.69828247070313,0.0023695032577961683,-0.0005372217856347561,-0.0002856373321264982
1746728880290300400,40.70830053710937,0.0015990990214049816,-0.0033370177261531353,-0.000404848949983716
1746728880300318200,40.718318115234375,0.0003364942967891693,-0.002383606042712927,-0.0014711786061525345
1746728880310336300,40.72833618164063,-0.0009391657076776028,0.000612268690019846,0.0002851863391697407
1746728880320354300,40.738354248046875,-0.0006968183442950249,0.00033609895035624504,-0.0008639674633741379
1746728880330372400,40.74837231445313,-0.0017352965660393238,-0.00004620663821697235,-0.00048072822391986847
1746728880340389400,40.75838940429688,0.0020365382079035044,0.0005404874682426453,-0.0009518412407487631
1746728880350407400,40.768407470703124,0.0017721755430102348,-0.0001000785268843174,-0.002197636989876628
1746728880360425200,40.77842529296875,-0.001750387717038393,0.0004200367256999016,-0.0015789845492690802
1746728880370443300,40.788443359375,-0.0004217945970594883,-0.0003731739707291126,-0.0005462323315441608
1746728880380461300,40.79846142578125,0.0017968846950680017,-0.001084770541638136,-0.0003273205365985632
1746728880390479400,40.80847924804687,0.00007340824231505394,0.0009678048081696033,0.002184875775128603
1746728880400496000,40.81849609375,0.0014372130390256643,0.0001139952801167965,0.0019422617042437196
1746728880410514400,40.828514404296875,-0.00008746003732085228,-0.0007425569929182529,-0.0033719430211931467
1746728880420532200,40.8385322265625,0.0006718072108924389,0.0001559932716190815,-0.00018653622828423977
1746728880430550300,40.84855029296875,-0.0002645142376422882,-0.000754255335777998,0.0009698683861643076
1746728880440568300,40.858568359375,0.0022431183606386185,-0.001000597607344389,-0.0004485312383621931
1746728880450586400,40.86858642578125,-0.0006218818016350269,-0.0023438900243490934,0.00008975807577371597
1746728880460603100,40.87860302734375,0.0010617687366902828,-0.0003137621097266674,-0.0011206483468413353
1746728880470621400,40.888621337890626,0.0005118697881698608,0.0006052404642105103,0.0004932931624352932
1746728880480639200,40.89863916015625,0.0005243867635726929,0.0026939576491713524,0.0003020782023668289
1746728880490657300,40.9086572265625,-0.0009160898625850677,-0.0020444481633603573,0.003230384783819318
1746728880500675300,40.91867529296875,-0.0006476431153714657,-0.0006785127334296703,0.0011275527067482471
1746728880510693400,40.928693359375,-0.0014245659112930298,-0.0010802648030221462,-0.00021871249191462994
1746728880520710100,40.938710205078124,0.000764818862080574,-0.0016011791303753853,0.0034388727508485317
1746728880530728400,40.948728515625,0.000802663154900074,0.0006027268245816231,-0.0002644187770783901
1746728880540746200,40.958746337890624,-0.0002540792338550091,-0.0019296729005873203,-0.0013813488185405731
1746728880550764300,40.96876440429688,-0.0006770817562937737,-0.0007234769873321056,0.00039251730777323246
1746728880560782000,40.97878198242187,-0.000360964797437191,0.001019029412418604,0.0017499304376542568
1746728880570800400,40.98880029296875,-0.0014776689931750298,-0.0011993334628641605,0.0009893495589494705
1746728880580818400,40.998818359375,-0.001619615126401186,-0.0004986557178199291,-0.0031657142098993063
1746728880590835500,41.00883544921875,-0.0005339127965271473,0.00021950574591755867,0.001088375924155116
1746728880600853200,41.018853271484375,-0.0015421858988702297,-0.00028276629745960236,-0.004465113393962383
1746728880610871300,41.02887133789063,-0.0007454110309481621,0.00039105210453271866,0.0009059768635779619
1746728880620889000,41.03888916015625,-0.00044687045738101006,-0.00007846299558877945,-0.002720183227211237
1746728880630907400,41.04890747070313,-0.0004531317390501499,-0.00040392670780420303,0.0019564758986234665
1746728880640925400,41.058925537109374,0.00040706899017095566,-0.0008595935069024563,-0.0010132149327546358
1746728880650942200,41.06894213867187,0.0019353213720023632,0.0016213897615671158,-0.0008144446182996035
1746728880660960300,41.078960205078126,-0.00010093161836266518,0.00036144815385341644,0.0007131444290280342
1746728880670978300,41.08897827148437,0.0007246681489050388,0.0006043198518455029,-0.0003990861587226391
1746728880680996400,41.098996337890625,-0.00002341344952583313,0.00287413178011775,0.0005716360174119473
1746728880691014400,41.10901440429687,0.0004882016219198704,-0.0005452241748571396,0.0003976232837885618
1746728880701032400,41.119032470703125,-0.0016106357797980309,0.0009480100125074387,0.0019049724796786904
1746728880711049200,41.12904931640625,0.0001628594473004341,-0.0009862766601145267,0.00019708764739334583
1746728880721067300,41.1390673828125,1.4016404747962952e-7,0.0008521038107573986,0.000527585856616497
1746728880731085300,41.14908520507812,-0.00037733837962150574,-0.0007272106595337391,-0.0006128943059593439
1746728880741103400,41.159103271484376,-0.002946755848824978,0.0006397897377610207,-0.0006142258644104004
1746728880751121400,41.16912133789062,-0.0012838668189942837,0.0008397558704018593,0.00010311813093721867
1746728880761139500,41.179139404296876,0.0016541325021535158,0.00025785528123378754,0.005256601143628359
1746728880771156200,41.18915625,0.0012767445296049118,-0.0006259670481085777,0.0023200709838420153
1746728880781174500,41.19917456054687,0.00020881695672869682,-0.00016523990780115128,0.00008354824967682362
1746728880791192300,41.2091923828125,-0.0010543116368353367,-0.00010730233043432236,-0.0007809519302099943
1746728880801210400,41.21921044921875,0.0003734086640179157,-0.00029265834018588066,-0.0015308980364352465
1746728880811228200,41.229228271484374,0.0020657021086663008,-0.000836346298456192,-0.00013905903324484825
1746728880821246500,41.23924658203125,-0.0012246333062648773,-0.0015130555257201195,-0.00020084436982870102
1746728880831263200,41.24926318359375,0.00022212788462638855,-0.00019814679399132729,0.00041126622818410397
1746728880841281500,41.25928149414062,0.0008495685178786516,0.0003360831178724766,-0.0005775655154138803
1746728880851299300,41.26929931640625,-0.0010399455204606056,-0.0003606285899877548,0.0008055740036070347
1746728880861317400,41.2793173828125,-0.003734531346708536,0.0003536310978233814,-0.00045436760410666466
1746728880871335200,41.289335205078125,-0.0004993504844605923,-0.0014490638859570026,0.0014534665970131755
1746728880881353500,41.299353515625,-0.0018040328286588192,-0.0017731706611812115,-0.0007763979956507683
1746728880891370200,41.30937036132813,0.0012568265665322542,0.0009127217344939709,-0.00044128415174782276
1746728880901388300,41.31938818359375,-0.0008015306666493416,0.0017585414461791515,-0.000653804512694478
1746728880911406300,41.32940625,-0.0006469236686825752,0.0018371143378317356,-0.0019048391841351986
1746728880921424400,41.33942431640625,-0.0007188292220234871,-0.001512077171355486,0.0008904149290174246
1746728880931442200,41.349442138671876,0.0001331060193479061,-0.00110261095687747,-0.00006267381832003593
1746728880941460500,41.35946044921875,0.0027102469466626644,-0.0009215162135660648,-0.003734640311449766
1746728880951477200,41.36947729492187,-0.0007914351299405098,-0.0020290017127990723,-0.001351537648588419
1746728880961495300,41.379495361328125,-0.0010170047171413898,0.00018648197874426842,0.0009486344642937183
1746728880971513300,41.38951342773437,-0.0031924801878631115,0.00044104037806391716,0.002963684732094407
1746728880981531400,41.399531494140625,-0.0016100299544632435,-0.0010231654159724712,-0.0025258890818804502
1746728880991549200,41.40954907226563,0.0005393000319600105,-0.0011883722618222237,0.0015544568886980414
1746728881001567500,41.4195673828125,-0.001451945398002863,-0.0007191235199570656,-0.0000900451559573412
1746728881011584300,41.42958422851562,0.00011939229443669319,-0.00035118917003273964,0.0028887910302728415
1746728881021602300,41.439602294921876,-0.0004374743439257145,-0.00012508686631917953,-0.001956298016011715
1746728881031620400,41.44962036132812,0.000992615707218647,0.0007086321711540222,-0.000445694662630558
1746728881041638400,41.459638427734376,0.001271714922040701,-0.0003206799738109112,0.0004949336871504784
1746728881051656200,41.46965625,0.0004541594535112381,0.0013759080320596695,-0.00045562954619526863
1746728881061674200,41.47967431640625,-0.0007511870935559273,0.0006259619258344173,-0.00009983126074075699
1746728881071691300,41.489691162109374,-0.00011676410213112831,-0.0004976596683263779,0.0015444832388311625
1746728881081709300,41.49970922851563,-0.0007146438583731651,0.0014584320597350597,-0.002202051691710949
1746728881091727400,41.50972729492187,-0.0008708713576197624,0.0011517191305756569,-0.000709169777110219
1746728881101745400,41.51974536132813,0.0024620748590677977,-0.0011745519004762173,0.0014759538462385535
1746728881111763200,41.52976318359375,0.0006459210999310017,-0.0012026596814393997,0.00011815503239631653
1746728881121781200,41.53978125,0.0018416806124150753,-0.00007134908810257912,-0.0016563094686716795
1746728881131798300,41.54979833984375,0.00021961703896522522,-0.001462828367948532,0.001539113000035286
1746728881141816300,41.55981640625,-0.0007636216469109058,-0.00026360712945461273,0.0019529681885614991
1746728881151834400,41.56983447265625,0.00032709818333387375,-0.0011066859588027,-0.0005394008476287127
1746728881161852400,41.57985229492188,-0.00006465287879109383,-0.0015756688080728054,0.0005282603669911623
1746728881171870200,41.5898701171875,0.0013540966901928186,0.0013367785140872002,-0.00137134431861341
1746728881181888300,41.59988818359375,0.0001253141090273857,0.0003056023269891739,0.0007626467850059271
1746728881191906300,41.60990625,0.00036563072353601456,0.0018356074579060078,-0.0008675481658428907
1746728881201923300,41.61992333984375,0.0002439240925014019,-0.001170834992080927,0.0024624685756862164
1746728881211941000,41.629941162109375,0.0018198320176452398,0.0003911145031452179,-0.0006216245237737894
1746728881221959400,41.63995947265625,0.0004946431145071983,0.0012803440913558006,-0.003512752242386341
1746728881231977200,41.649977294921875,-0.0009457366541028023,-0.000970915425568819,-0.000646000262349844
1746728881241995300,41.65999536132812,0.0011962440330535173,0.00011538807302713394,0.0010088880080729723
1746728881252012300,41.67001220703125,0.00047427834942936897,-0.0014715730212628841,0.0013351901434361935
1746728881262030300,41.6800302734375,-0.0003808625042438507,-0.0000987132079899311,-0.0004914719611406326
1746728881272048000,41.690048095703126,-0.0009415443055331707,-0.00046852510422468185,0.0021009917836636305
1746728881282066400,41.70006640625,-0.0012363558635115623,0.0002934052608907223,-0.001235150033608079
1746728881292084200,41.710084228515626,0.001294455723837018,0.00004080962389707565,0.000018490012735128403
1746728881302102300,41.72010229492187,-0.000397450290620327,0.0004381532780826092,0.0002347386907786131
1746728881312119300,41.73011938476562,0.0018860117997974157,-0.001965814270079136,0.001823872677050531
1746728881322137300,41.740137451171876,-0.0006455890834331512,-0.0014992286451160908,-0.000954869668930769
1746728881332155100,41.75015502929688,0.0008436434436589479,-0.0001674499362707138,-0.00004888814873993397
1746728881342173400,41.76017333984375,-0.0011606519110500813,-0.004338492639362812,0.0014400851214304566
1746728881352191200,41.77019116210938,-0.000508046243339777,-0.0006054365076124668,-0.0002722218632698059
1746728881362209300,41.78020922851562,0.00035588350147008896,-0.001052314881235361,-0.00006129941903054714
1746728881372226300,41.79022631835937,0.0005706832744181156,0.0011876095086336136,0.0036810808815062046
1746728881382244400,41.80024438476563,0.00087588164024055,0.0011050514876842499,0.0017420332878828049
1746728881392262100,41.81026220703125,-0.0005110003985464573,-0.0009437757544219494,0.0011633923277258873
1746728881402280400,41.82028051757813,-0.0009408346377313137,-0.000566139817237854,0.0006733706686645746
1746728881412298200,41.83029833984375,0.0020822009537369013,-0.001343567855656147,0.0006600520573556423
1746728881422316300,41.84031640625,0.0016038971953094006,0.0006293016485869884,-0.0002648639492690563
1746728881432333300,41.850333251953124,0.0008407793939113617,-0.001175914891064167,0.0001672697253525257
1746728881442351400,41.86035131835938,0.00008896924555301666,-0.0016464958898723125,-0.0008146376349031925
1746728881452369200,41.870369140625,0.0017452246975153685,-0.001972201280295849,-0.0007428827229887247
1746728881462387200,41.88038720703125,0.0008637185674160719,0.0016496977768838406,-0.0008052005432546139
1746728881472405200,41.8904052734375,0.0016493164002895355,0.0014443425461649895,-0.0001901811920106411
1746728881482423300,41.90042333984375,-0.0006236913613975048,0.0018760408274829388,-0.0012924638576805592
1746728881492440300,41.9104404296875,0.0006268634460866451,-0.0008728792890906334,0.0012119911843910813
1746728881502458400,41.92045825195312,-0.0007776874117553234,-0.0015314789488911629,-0.001415749778971076
1746728881512476200,41.93047607421875,-0.0011444003321230412,0.001546031329780817,-0.0038156132213771343
1746728881522494200,41.940494140625,-0.000917765311896801,-0.0018300577066838741,0.000059818848967552185
1746728881532512300,41.95051220703125,0.0008257834706455469,-0.0015177144668996334,0.0008103507570922375
1746728881542530300,41.9605302734375,0.0027083721943199635,0.0013992455787956715,0.002706787781789899
1746728881552547300,41.97054736328125,-0.00105381291359663,0.000377751886844635,0.003127777250483632
1746728881562565400,41.9805654296875,-0.0003920174203813076,-0.0007793917320668697,0.0004092224407941103
1746728881572583200,41.990583251953126,-0.003182164393365383,0.002968277782201767,0.0017294444842264056
1746728881582601200,42.00060131835937,0.0005627726204693317,0.00033600954338908195,-0.002713773399591446
1746728881592619500,42.01061962890625,0.00047753890976309776,-0.002711661159992218,0.0018986413488164544
1746728881602637300,42.02063720703125,-0.0006122267805039883,-0.0004927152767777443,0.003537284443154931
1746728881612654300,42.030654296875,0.0008331567514687777,0.0002732491120696068,-0.0014522939454764128
1746728881622672000,42.040671875,-0.000743168406188488,-0.00031051551923155785,-0.00041872099973261356
1746728881632690000,42.05068994140625,0.0018334956839680672,0.0007930700667202473,-0.0006867137271910906
1746728881642707700,42.06070776367188,0.0007599755190312862,-0.0011957786045968533,0.0007724324241280556
1746728881652726000,42.07072607421875,0.00009838724508881569,-0.0007475577294826508,-0.0011919711250811815
1746728881662744000,42.080744140625,0.00047975219786167145,0.0005784300155937672,0.0004261655267328024
1746728881672761000,42.09076098632813,-0.001458403654396534,0.00021823449060320854,0.002388862892985344
1746728881682779000,42.10077880859375,0.000009797047823667526,-0.0010145427659153938,0.000649286201223731
1746728881692797000,42.110796875,-0.0006335130892693996,-0.0009731254540383816,0.00017112307250499725
1746728881702814700,42.12081469726562,0.0004860800690948963,-0.00005992734804749489,-0.00006643100641667843
1746728881712833000,42.1308330078125,-0.0018911296501755714,-0.00034939683973789215,-0.0015782332047820091
1746728881722851000,42.14085107421875,-0.00033531105145812035,-0.0008522015996277332,-0.0008493261411786079
1746728881732867800,42.15086791992187,-0.0015473919920623302,-0.0022017457522451878,0.00007945368997752666
1746728881742886000,42.160885986328125,0.002639097161591053,0.000245432835072279,-0.0026878369972109795
1746728881752904000,42.17090405273437,-0.002169935032725334,-0.00014447374269366264,-0.002025485271587968
1746728881762921700,42.18092163085937,-0.0021334500052034855,-0.0010265125893056393,0.001386556657962501
1746728881772940000,42.19093994140625,-0.0009326310828328133,-0.00024110311642289162,0.0025281307753175497
1746728881782958000,42.2009580078125,-0.000686288345605135,-0.0011199461296200752,-0.0011275906581431627
1746728881792974800,42.21097485351562,0.00024092430248856544,0.0018729548901319504,0.00041505834087729454
1746728881802993000,42.220992919921876,0.0010329484939575195,-0.0017255079001188278,0.0020409179851412773
1746728881813011000,42.23101098632812,0.0007490362040698528,-0.0018086712807416916,-0.001145657617598772
1746728881823029000,42.241029052734376,0.00036128005012869835,-0.00017428910359740257,0.0014322822680696845
1746728881833047000,42.25104711914062,0.0002727760002017021,-0.0007381769828498363,0.0026010163128376007
1746728881843065000,42.261065185546876,-0.0010502827353775501,-0.0017645591869950294,0.0008625048212707043
1746728881853081900,42.271081787109374,-0.0011117123067378998,-0.000027077272534370422,0.0023658471181988716
1746728881863100000,42.28109985351563,0.00045662326738238335,-0.0012984704226255417,0.0008760748896747828
1746728881873118000,42.291117919921874,0.00029259268194437027,0.0002499818801879883,-0.0015673525631427765
1746728881883136000,42.30113598632813,0.0004875361919403076,-0.0016485857777297497,0.0008768965490162373
1746728881893153800,42.31115380859375,-0.0006858408451080322,0.0007260753773152828,-0.0016495727468281984
1746728881903172000,42.32117211914063,-0.0000807703472673893,0.0000935746356844902,-0.0013425101060420275
1746728881913188900,42.33118896484375,-0.0009643957018852234,-0.0021378907840698957,0.0005142171867191792
1746728881923207200,42.34120727539062,-0.0007036724127829075,0.000434190034866333,0.0009054355323314667
1746728881933225000,42.351224853515625,0.0014032989274710417,0.0007402473129332066,0.0005381433293223381
1746728881943243000,42.36124291992188,0.0004192609339952469,-0.0008970638737082481,0.0011131197679787874
1746728881953260800,42.3712607421875,-0.002158497925847769,0.00007936358451843262,0.00004297238774597645
1746728881963279000,42.38127905273438,-0.0019667502492666245,-0.0005299677141010761,0.00365954521112144
1746728881973295900,42.3912958984375,-0.0010770875960588455,0.001045942772179842,-0.0003619433846324682
1746728881983314000,42.40131396484375,0.0017005896661430597,0.0006762961857020855,0.0009291572496294975
1746728881993332000,42.41133203125,-0.0023167491890490055,0.0019105379469692707,0.00016994844190776348
1746728882003350000,42.42135009765625,0.00008888449519872665,0.0003248918801546097,-0.00043032807298004627
1746728882013367800,42.431367919921875,-0.000045647379010915756,0.0010153134353458881,0.00028335186652839184
1746728882023386000,42.44138623046875,0.0011005771812051535,-0.0018909941427409649,0.000054320087656378746
1746728882033403000,42.45140283203125,0.0000032046809792518616,0.001979311928153038,-0.001326823141425848
1746728882043421000,42.4614208984375,-0.0006617866456508636,-0.0005661374889314175,-0.0002623575273901224
1746728882053439000,42.47143896484375,-0.0016275513917207718,0.0002524447627365589,0.0005625104531645775
1746728882063457000,42.48145703125,-0.0007162177935242653,-0.0031830333173274994,0.00016676471568644047
1746728882073474800,42.491474853515626,-0.0005866875872015953,0.0003051203675568104,-0.0035852082073688507
1746728882083493000,42.5014931640625,-0.0003603189252316952,0.0004071197472512722,0.0019693467766046524
1746728882093510000,42.51151000976562,0.0015181887429207563,-0.0008517620153725147,-0.0006113725248724222
1746728882103528000,42.52152783203125,-0.0003857053816318512,0.0014497418887913227,-0.0015488052740693092
1746728882113546000,42.5315458984375,-0.0009309342131018639,-0.0004759831354022026,0.0009562917985022068
1746728882123564000,42.54156396484375,0.0006027803756296635,0.0006324243731796741,-0.0020240515004843473
1746728882133581800,42.55158178710938,0.0009332532063126564,0.0008348487317562103,-0.0015592235140502453
1746728882143599900,42.561599853515624,0.0010799933224916458,-0.0013918201439082623,-0.0005725224036723375
1746728882153617000,42.57161694335937,-0.00017070630565285683,0.0013165897689759731,0.00229792483150959
1746728882163635000,42.58163500976563,0.001214670017361641,0.0023698704317212105,0.000020655803382396698
1746728882173653000,42.59165307617187,-0.0007371455430984497,0.0019778884015977383,0.0014701776672154665
1746728882183671000,42.60167114257813,0.0005869781598448753,0.0009397887624800205,-0.0004662068095058203
1746728882193688800,42.61168872070313,-0.001949818804860115,-0.0031392986420542,0.0010681867133826017
1746728882203706000,42.6217060546875,-0.00018254481256008148,0.0005137594416737556,0.0011787079274654388
1746728882213724000,42.631723876953124,0.00058388477191329,-0.0019916107412427664,0.0012176571181043983
1746728882223742000,42.64174194335938,0.00035618431866168976,0.000154098030179739,0.0011417570058256388
1746728882233760000,42.651760009765624,-0.0011733616702258587,-0.0019523103255778551,-0.0018137090373784304
1746728882243778000,42.66177807617188,0.000521474052220583,0.00007568672299385071,0.00008379342034459114
1746728882253795800,42.6717958984375,0.0007184082642197609,0.0015989132225513458,0.0004460723139345646
1746728882263813000,42.681813232421874,-0.0006597773171961308,-0.00020750891417264938,-0.0006974891293793917
1746728882273831000,42.691830810546875,-0.00008574454113841057,-0.0010773907415568829,-0.0017529865726828575
1746728882283849000,42.70184887695312,0.0011710014659911394,-0.0027075116522610188,-0.0006578948814421892
1746728882293866800,42.71186669921875,0.0010575514752417803,-0.00046596210449934006,-0.001984080532565713
1746728882303885000,42.72188500976562,-0.00047376612201333046,0.0013532433658838272,-0.0015997865702956915
1746728882313902800,42.73190283203125,0.00032892124727368355,-0.0007778191938996315,-0.00022641615942120552
1746728882323920100,42.741920166015625,-0.001931037288159132,0.000681060366332531,-0.0019201866816729307
1746728882333938000,42.75193798828125,0.00028016790747642517,0.000657547265291214,-0.00006406730972230434
1746728882343956000,42.7619560546875,0.0005605989135801792,0.00023037614300847054,-0.001368749886751175
1746728882353973800,42.771973876953126,0.0008345535025000572,-0.00031849881634116173,0.00042633432894945145
1746728882363992000,42.78199194335937,7.180497050285339e-7,0.0012466409243643284,-0.00006581773050129414
1746728882374009900,42.792009765625,0.0012020235881209373,0.0004069455899298191,-0.0011233252007514238
1746728882384027000,42.80202685546875,0.001044631004333496,0.0013672816567122936,0.0005291663110256195
1746728882394045000,42.812044921875,0.00025991443544626236,-0.00038684019818902016,-0.00041196309030056
1746728882404063000,42.82206298828125,0.003526813816279173,-0.000409476924687624,0.000798709923401475
1746728882414080800,42.83208081054688,0.002284236717969179,-0.00015223678201436996,0.0014975994126871228
1746728882424099000,42.84209912109375,0.00128129031509161,0.0018970654346048832,-0.000005222391337156296
1746728882434116900,42.85211694335938,0.001547706313431263,-0.0008062487468123436,-0.00036204420030117035
1746728882444134000,42.8621337890625,0.001137845916673541,0.0010957811027765274,-0.0015697877388447523
1746728882454152000,42.87215185546875,0.00021593086421489716,-0.0006844126619398594,0.0007836909499019384
1746728882464170000,42.882169921875,-0.001292217057198286,-0.00018293969333171844,-0.003204392734915018
1746728882474187800,42.89218774414063,-0.00001589953899383545,-0.0011936156079173088,-0.00028487900272011757
1746728882484206000,42.9022060546875,-0.0005216337740421295,0.0015710117295384407,-0.002673201961442828
1746728882494222800,42.912222900390624,0.0012556191068142653,0.0007421416230499744,0.0021669017150998116
1746728882504241000,42.92224096679688,0.0006545437499880791,-0.0009516286663711071,0.0011130890343338251
1746728882514259000,42.932259033203124,-0.00021764496341347694,-0.0008710180409252644,-0.00033272290602326393
1746728882524277000,42.94227709960938,0.0010244529694318771,-0.001976229716092348,0.0012425368186086416
1746728882534294800,42.95229467773437,-0.0008369185961782932,0.0007387455552816391,-0.0009053952526301146
1746728882544312800,42.962312744140625,0.0003577754832804203,-0.001336655579507351,0.0005526856984943151
1746728882554329900,42.972329833984375,0.0011520709376782179,0.001731758937239647,-0.0010885230731219053
1746728882564348000,42.98234790039062,0.0019693949725478888,-0.001230741385370493,0.00038500409573316574
1746728882574366000,42.992365966796875,-0.0019750348292291164,-0.0010770061053335667,0.00034595816396176815
1746728882584384000,43.00238403320313,0.00201358157210052,-0.00039470428600907326,0.0007563512772321701
1746728882594401800,43.01240185546875,0.0003511756658554077,-0.0010545705445110798,-0.0033447223249822855
1746728882604419800,43.022419921875,0.000794591847807169,-0.0008857264183461666,0.0005690590478479862
1746728882614436900,43.032436767578126,0.00026696454733610153,-0.0011555757373571396,-0.002124326303601265
1746728882624454400,43.04245434570313,-0.0007948381826281548,0.00029371632263064384,-0.0012635928578674793
1746728882634472700,43.05247265625,0.0005414802581071854,0.0009912336245179176,-0.0023349192924797535
1746728882644490500,43.06249047851563,-0.0018487069755792618,-0.0002492670901119709,-0.0013112002052366734
1746728882654508500,43.072508544921874,-0.00029265275225043297,-0.001817360520362854,-0.0005679952446371317
1746728882664526600,43.08252661132813,0.0012820744886994362,0.00048440974205732346,0.0006261661183089018
1746728882674543600,43.09254370117188,0.000330410897731781,-0.00034331344068050385,0.0002836235798895359
1746728882684561400,43.1025615234375,-0.002038737293332815,-0.0012764851562678814,-0.0005544731393456459
1746728882694579700,43.11257983398438,0.0003578821197152138,-0.001551459077745676,0.00036873738281428814
1746728882704597800,43.12259765625,0.00013124709948897362,0.000372408889234066,-0.001284286379814148
1746728882714615600,43.132615478515625,0.0011205619666725397,0.000047783367335796356,-0.0003367264289408922
1746728882724633600,43.14263354492188,0.00007713539525866508,-0.0001817811280488968,-0.00046296045184135437
1746728882734650600,43.15265063476563,0.0008790292777121067,0.0003901459276676178,0.0006715576164424419
1746728882744668400,43.16266845703125,0.0003698328509926796,-0.0011576833203434944,-0.0024075889959931374
1746728882754686700,43.17268676757813,0.0016183615662157536,-0.0005569998174905777,0.002322989050298929
1746728882764704800,43.182704833984374,0.0003767958842217922,0.00003928178921341896,0.002065993845462799
1746728882774722600,43.19272265625,0.0010655622463673353,-0.0016243243589997292,0.00041655078530311584
1746728882784739600,43.202739501953126,0.0030932931695133448,-0.0008818348869681358,0.0032608069013804197
1746728882794757600,43.21275756835937,-0.002562051173299551,-0.00019159400835633278,-0.00034016650170087814
1746728882804775700,43.222775634765625,0.001964523456990719,0.0007021627388894558,-0.001074400031939149
1746728882814793500,43.23279345703125,0.0005514835938811302,-0.00009014690294861794,-0.0014250320382416248
1746728882824811800,43.242811767578125,0.002218888606876135,-0.00008801650255918503,0.000005884561687707901
1746728882834829600,43.25282958984375,-0.0007495470345020294,0.0013293535448610783,0.001175754819996655
1746728882844846600,43.2628466796875,0.0027506453916430473,-0.0009622965008020401,-0.004868822172284126
1746728882854864600,43.27286474609375,-0.0002900296822190285,0.0009605726227164268,-0.0008796111214905977
1746728882864882700,43.282882568359376,0.0010881563648581505,0.00047774147242307663,-0.00009770691394805908
1746728882874900500,43.292900390625,-0.0007903287187218666,0.0006014760583639145,0.0008628938812762499
1746728882884918800,43.302918701171876,-0.00048246700316667557,-0.0013024178333580494,0.0011614342220127583
1746728882894936600,43.3129365234375,-0.00012835068628191948,0.000405983068048954,0.00008572614751756191
1746728882904953600,43.32295361328125,0.0008812537416815758,-0.002230546437203884,0.0016295606037601829
1746728882914971600,43.3329716796875,0.0020915984641760588,-0.0003346763551235199,-0.00044963136315345764
1746728882924989700,43.34298974609375,0.0011246046051383018,-0.0019698571413755417,-0.0021007913164794445
1746728882935007500,43.353007568359374,0.0006537050940096378,0.0011879191733896732,-0.0016479198820888996
1746728882945025800,43.36302587890625,0.00014876946806907654,0.0028001973405480385,0.0013531963340938091
1746728882955043600,43.37304370117187,-0.00038724998012185097,-0.0013011805713176727,0.0012338650412857533
1746728882965060600,43.383060546875,-0.0008551673963665962,0.0014594518579542637,-0.0015035984106361866
1746728882975078700,43.39307861328125,0.0004286495968699455,-0.001338376197963953,0.001518287812359631
1746728882985096700,43.4030966796875,0.00059163523837924,0.0003431434743106365,-0.0007933359593153
1746728882995114500,43.413114501953125,0.0005425121635198593,-0.00013058679178357124,0.00226124981418252
1746728883005132800,43.4231328125,0.0008311988785862923,-0.003790036542341113,-0.0010762237943708897
1746728883015149600,43.43314965820313,0.0007778988219797611,0.0011126035824418068,0.0006811213679611683
1746728883025167600,43.443167724609374,-0.00026712566614151,-0.0011518821120262146,0.004065200220793486
1746728883035185700,43.453185546875,0.0013762854505330324,-0.0014507514424622059,-0.0015818728134036064
1746728883045203700,43.46320361328125,0.001108105294406414,-0.00044620735570788383,-0.00038637989200651646
1746728883055221500,43.473221435546876,0.00048081809654831886,-0.0018935827538371086,0.0010080772917717695
1746728883065239600,43.48323950195312,-0.0007823188789188862,-0.0019353944808244705,0.0021918523125350475
1746728883075256600,43.49325659179687,0.0016259809490293264,0.0006415355019271374,-0.00147348758764565
1746728883085274600,43.503274658203125,0.00025605084374547005,0.0003038467839360237,0.00007966812700033188
1746728883095292700,43.51329272460937,0.0008273744024336338,-0.0013915617018938065,-0.0012537527363747358
1746728883105310700,43.523310791015625,-0.0002802344970405102,-0.00030312780290842056,0.0005819643847644329
1746728883115328500,43.53332861328125,0.000018811319023370743,-0.0008791116997599602,-0.0013516349717974663
1746728883125346600,43.5433466796875,0.0008116341196000576,-0.002957708900794387,0.003610899206250906
1746728883135363600,43.55336352539062,-0.00009187357500195503,0.0006607999093830585,-0.00028218282386660576
1746728883145381600,43.563381591796876,0.002219217363744974,-0.0010862336494028568,-0.0012808684259653091
1746728883155399700,43.57339965820312,0.0010544094257056713,0.0008570672944188118,0.0012650011340156198
1746728883165417700,43.583417724609376,-0.0004476136527955532,-0.0008369693532586098,0.00127698527649045
1746728883175435500,43.593435546875,-0.00005284184589982033,0.0011616647243499756,-0.002608954207971692
1746728883185453600,43.60345361328125,0.0019155004993081093,-0.0006799111142754555,-0.0014925568830221891
1746728883195470600,43.613470703125,0.0018991213291883469,-0.00032834336161613464,-0.0002604618202894926
1746728883205488600,43.62348852539063,0.00009562866762280464,0.000816016923636198,-0.0007345045451074839
1746728883215506400,43.63350634765625,-0.0005115424282848835,-0.002736032474786043,-0.0004942927043884993
1746728883225524700,43.64352465820313,-0.001682267989963293,-0.0016723661683499813,-0.0025222895201295614
1746728883235542500,43.65354248046875,-0.0007830662652850151,-0.00010849442332983017,-0.002091451082378626
1746728883245559800,43.66355981445312,-0.002855804283171892,-0.0004909243434667587,-0.002070146147161722
1746728883255577600,43.67357763671875,0.000911397859454155,-0.0007103830575942993,0.0010702137369662523
1746728883265595600,43.683595703125,-0.001521932426840067,-0.0007820222526788712,-0.0006214261520653963
1746728883275613400,43.693613525390624,0.001955098705366254,-0.0008036056533455849,0.0024786200374364853
1746728883285631700,43.7036318359375,0.0011652051471173763,0.001103217713534832,0.00033477554097771645
1746728883295649500,43.7136494140625,0.000995580805465579,-0.000341096892952919,0.0035736053250730038
1746728883305666600,43.72366650390625,0.00004589743912220001,0.0012267064303159714,-0.00021713809110224247
1746728883315684600,43.7336845703125,-0.0004547908902168274,-0.0016805622726678848,0.0011692288098856807
1746728883325702700,43.74370263671875,0.0006879717111587524,0.002128823194652796,0.0025495451409369707
1746728883335720400,43.753720458984375,0.0011935005895793438,-0.0014371317811310291,-0.0005524919833987951
1746728883345738800,43.76373876953125,0.0008805789984762669,-0.0032584676519036293,-0.0009453080128878355
1746728883355756500,43.773756591796875,-0.00019531231373548508,-0.00011704815551638603,0.000506050419062376
1746728883365773600,43.783773681640625,-0.0010323435999453068,0.00023395661264657974,-0.001314486376941204
1746728883375791600,43.79379150390625,-0.00026073120534420013,0.001878643874078989,0.0003444892354309559
1746728883385809700,43.8038095703125,-0.0011907070875167847,-0.0021973242983222008,-0.0024214698933064938
1746728883395827500,43.813827392578126,-0.0009065987542271614,-0.0017207139171659946,-0.002758871763944626
1746728883405845800,43.823845703125,0.0007831770926713943,-0.00011775689199566841,-0.0002906543668359518
1746728883415862500,43.83386254882812,-0.0010084444656968117,0.0016452856361865997,-0.001639918191358447
1746728883425880600,43.843880615234376,-0.0004539741203188896,0.0008617835119366646,0.0006000662688165903
1746728883435898600,43.85389868164062,-0.001068307552486658,-0.0004379851743578911,-0.000818315427750349
1746728883445916700,43.863916748046876,-0.0004065120592713356,0.0032044202089309692,-0.001387433148920536
1746728883455934500,43.8739345703125,0.0019722601864486933,0.0017699683085083961,0.001251290668733418
1746728883465952500,43.883952392578124,-0.0015071597881615162,-0.00027374178171157837,0.00010879454202950001
1746728883475969500,43.89396948242187,-0.0002151099033653736,-0.0011328994296491146,0.0009870135691016912
1746728883485987600,43.90398754882813,0.0003521433100104332,0.0009227944537997246,0.0006767553277313709
1746728883496005600,43.91400561523437,0.0009714083280414343,-0.00011636177077889442,0.00035479827784001827
1746728883506023700,43.92402368164063,-0.0007663043215870857,-0.000002910848706960678,-0.0002750393468886614
1746728883516041500,43.93404150390625,-0.001720968633890152,0.00039613479748368263,-0.002122855745255947
1746728883526059500,43.9440595703125,-0.0030051451176404953,-0.001031585969030857,0.0022114389576017857
1746728883536076500,43.95407666015625,0.000009464100003242493,-0.0001466847024857998,-0.0012960988096892834
1746728883546094600,43.96409448242188,0.00004328647628426552,-0.0010556215420365334,-0.0013794559054076672
1746728883556112600,43.974112548828124,0.002834340324625373,-0.0017478321678936481,0.00019485619850456715
1746728883566130700,43.98413061523438,0.0002223118208348751,0.000822118017822504,-0.0011753402650356293
1746728883576148500,43.9941484375,0.0013368513900786638,-0.0004579625092446804,-0.0007584923878312111
1746728883586165800,44.004165771484374,-0.0008543976582586765,-0.0007085655815899372,-0.0005965721793472767
1746728883596183600,44.01418359375,-0.0028993352316319942,-0.002268228679895401,0.0005513946525752544
1746728883606201600,44.02420166015625,0.0002543800510466099,0.0005201008170843124,-0.0007194657810032368
1746728883616219600,44.0342197265625,0.0017332544084638357,0.00012375367805361748,0.00046308571472764015
1746728883626237400,44.04423754882812,0.0002469443716108799,0.0008678408339619637,0.0011611002264544368
1746728883636255500,44.05425537109375,0.002056870609521866,-0.0015938389115035534,0.00043856119737029076
1746728883646272500,44.0642724609375,-0.0007591559551656246,0.000026428140699863434,-0.0012679926585406065
1746728883656290600,44.07429052734375,0.003448974806815386,-0.002159690484404564,0.0013629486784338951
1746728883666308400,44.08430834960937,-0.0029434110037982464,0.00046405568718910217,0.00144843605812639
1746728883676326400,44.094326416015626,0.00031636981293559074,-0.0007463623769581318,-0.0015300631057471037
1746728883686344400,44.10434448242187,0.0007134471088647842,0.0003695022314786911,-0.000102608697488904
1746728883696362500,44.114362548828126,-0.0006989077664911747,-0.0005247471854090691,-0.0024657840840518475
1746728883706379500,44.124379638671876,0.0005237497389316559,0.0005809972062706947,0.0002847288269549608
1746728883716397600,44.1343974609375,-0.0005112583748996258,-0.0004613324999809265,-0.0023582398425787687
1746728883726415400,44.144415283203124,0.0004914221353828907,-0.00046772416681051254,-0.0008548854384571314
1746728883736433400,44.15443334960938,0.0022549056448042393,0.00029715895652770996,-0.0021294255275279284
1746728883746451500,44.16445141601562,-0.00015765195712447166,0.00061380909755826,-0.0009656243491917849
1746728883756468500,44.17446850585937,0.00033146562054753304,-0.003238132456317544,-0.0003111225087195635
1746728883766486500,44.18448657226563,0.0005612964741885662,0.000611200463026762,0.00047078169882297516
1746728883776504600,44.19450463867187,0.002587702125310898,-0.0008567674085497856,0.00042926985770463943
1746728883786522400,44.2045224609375,-0.0019308831542730331,0.0014913417398929596,-0.0014256215654313564
1746728883796540400,44.21454052734375,-0.0009456765837967396,-0.0010236073285341263,-0.0007340144366025925
1746728883806558500,44.224558349609374,-0.0003645746037364006,-0.0007564923726022243,0.00014243205077946186
1746728883816575500,44.234575439453124,0.0010647180024534464,-0.001535393763333559,-0.0011047078296542168
1746728883826593300,44.24459326171875,-0.0012397151440382004,-0.0016376590356230736,-0.000014942372217774391
1746728883836611600,44.254611572265624,0.0020389589481055737,-0.0021948942448943853,0.0012345683062449098
1746728883846629400,44.26462939453125,-0.0011096964590251446,-0.0001637013629078865,0.0003021957818418741
1746728883856647400,44.2746474609375,0.00027786754071712494,0.00014632334932684898,0.0009826617315411568
1746728883866665500,44.28466552734375,-0.00041828304529190063,-0.0018949899822473526,0.0029320954345166683
1746728883876682500,44.2946826171875,0.002249554730951786,-0.0002194950357079506,0.0002704039216041565
1746728883886700300,44.3047001953125,-0.0006056199781596661,-0.00012947991490364075,-0.00240740436129272
1746728883896718600,44.314718505859375,-0.00001121126115322113,-0.0010277261026203632,-0.0002498505637049675
1746728883906736400,44.324736328125,-0.0004751342348754406,-0.0009441031143069267,0.0010295321699231863
1746728883916754400,44.33475439453125,-0.0008116438984870911,-0.0003689494915306568,0.00277684535831213
1746728883926771500,44.344771484375,0.00010554865002632141,-0.0003484431654214859,-0.0010130994487553835
1746728883936789500,44.35478955078125,0.0020378204062581062,-0.00301442202180624,0.001021555159240961
1746728883946807300,44.36480737304687,0.0031166670378297567,0.0015065600164234638,0.0012585766380652785
1746728883956825600,44.37482568359375,0.0042559802532196045,-0.0013713445514440536,-0.0025400195736438036
1746728883966843400,44.38484350585937,-0.0008868500590324402,-0.0008048899471759796,-0.0014987236354500055
1746728883976861400,44.394861328125,-0.002777594607323408,-0.0005014948546886444,0.00012976257130503654
1746728883986878500,44.40487841796875,-0.0016340329311788082,-0.00016300706192851067,-0.0014332467690110207
1746728883996896500,44.414896484375,-0.0005359756760299206,-0.0009147496894001961,-0.00013533676974475384
1746728884006914300,44.42491430664062,-0.001158356200903654,0.00327413622289896,-0.001459726830944419
1746728884016932600,44.4349326171875,0.0032049098517745733,-0.0009263651445508003,-0.0009140961337834597
1746728884026950400,44.44495043945312,0.0019255273509770632,-0.002740510506555438,-0.0003516364376991987
1746728884036967400,44.45496752929687,0.001555254915729165,0.00033041881397366524,-0.0015181333292275667
1746728884046985500,44.4649853515625,0.0001009027473628521,-0.00039289565756917,0.00011731358245015144
1746728884057003500,44.47500341796875,0.00012905849143862724,-0.001500601414591074,-0.0026189079508185387
1746728884067021300,44.485021240234374,0.0015253536403179169,-0.0019112606532871723,-0.002334748860448599
1746728884077039400,44.49503930664063,0.002775028580799699,-0.001436594408005476,0.0004387916997075081
1746728884087057700,44.5050576171875,0.0008114799857139587,0.0009754304774105549,-0.001266164006665349
1746728884097074400,44.515074462890624,0.0008416804485023022,0.00004601292312145233,0.00086046545766294
1746728884107092500,44.52509252929688,-0.0005106725730001926,-0.00035186344757676125,0.00194304040633142
1746728884117110500,44.535110595703124,0.0018519028089940548,0.0007235705852508545,-0.0027180477045476437
1746728884127128300,44.54512841796875,-0.0008719782344996929,0.00020984699949622154,-0.0013451878912746906
1746728884137146400,44.555146484375,0.00004528602585196495,0.0005567725747823715,0.00016193347983062267
1746728884147164700,44.56516455078125,0.0001893630251288414,-0.0010704188607633114,0.0019316039979457855
1746728884157181400,44.575181396484375,0.0022055553272366524,0.0003463141620159149,-0.0015904887113720179
1746728884167199500,44.58519946289063,0.002073728945106268,-0.0017274892888963223,-0.001575574977323413
1746728884177217500,44.595217529296875,-0.0016206041909754276,-0.00019242148846387863,0.0019469568505883217
1746728884187235300,44.6052353515625,0.0012196572497487068,0.0005828244611620903,-0.0014616227708756924
1746728884197253400,44.61525341796875,0.0016970080323517323,-0.0015957662835717201,0.0010028902906924486
1746728884207270400,44.6252705078125,-0.000011942349374294281,0.0006633931770920753,0.0017317974707111716
1746728884217288400,44.635288330078126,-0.0014756126329302788,0.00045558158308267593,0.0005368939600884914
1746728884227306200,44.64530615234375,0.00013773050159215927,0.0013551972806453705,-0.0016647411976009607
1746728884237324500,44.655324462890626,0.002070918446406722,-0.0008172127418220043,0.00046541728079319
1746728884247342600,44.66534252929687,0.0011667751241475344,-0.0008739382028579712,0.000038512516766786575
1746728884257360400,44.6753603515625,0.00009603006765246391,0.0017038010992109776,0.0010502936784178019
1746728884267377400,44.68537744140625,0.0017392004374414682,0.00005743512883782387,0.0020575011149048805
1746728884277395500,44.6953955078125,0.0019417114090174437,-0.000009392853826284409,-0.00030212895944714546
1746728884287413200,44.70541333007812,0.0007097329944372177,-0.0010682656429708004,-0.0004802944604307413
1746728884297431600,44.715431640625,0.0005308231338858604,0.0003582327626645565,0.0008461186662316322
1746728884307449600,44.72544970703125,0.000591010320931673,-0.00016907323151826859,-0.000030061230063438416
1746728884317466600,44.73546655273437,0.001124903792515397,-0.0006031212396919727,0.0005861306563019753
1746728884327484400,44.745484375,0.001543818973004818,0.0009364522993564606,-0.00029004947282373905
1746728884337502500,44.75550244140625,0.000982270808890462,0.0007571275345981121,-0.0006575665902346373
1746728884347520500,44.7655205078125,-0.0004462487995624542,-0.00007803970947861671,0.00047960318624973297
1746728884357538600,44.77553857421875,0.00039669591933488846,-0.00008059944957494736,-0.0015955870039761066
1746728884367556600,44.785556640625,0.0003658030182123184,0.0006863907910883427,-0.00041793729178607464
1746728884377573400,44.795573486328124,-0.0007487209513783455,-0.00003982428461313248,0.0009438840206712484
1746728884387591400,44.80559130859375,0.0010326674673706293,-0.0017088274471461773,-0.00427484605461359
1746728884397609500,44.815609375,0.00016983039677143097,-0.00014847610145807266,-0.001421231310814619
1746728884407627500,44.82562744140625,-0.0016017043963074684,0.0013311761431396008,0.0001428432296961546
1746728884417645600,44.8356455078125,0.003188465256243944,0.0028058565221726894,0.002148050582036376
1746728884427662300,44.84566235351563,0.0005857581272721291,-0.00025065336376428604,0.003320640418678522
1746728884437680400,44.855680419921875,0.000317353755235672,0.0011053192429244518,0.001178916310891509
1746728884447698400,44.86569848632813,0.0021794356871396303,0.0007612388581037521,0.0015115451533347368
1746728884457716500,44.875716552734374,-0.00017100432887673378,0.00006696023046970367,-0.0003891121596097946
1746728884467734500,44.88573461914063,0.0009946611244231462,0.0025096111930906773,-0.000848773866891861
1746728884477752300,44.89575244140625,-0.0005727624520659447,0.0003789477050304413,0.0008886170107871294
1746728884487769300,44.90576928710937,0.0008704042993485928,-0.0011582286097109318,-0.0000344347208738327
1746728884497787400,44.915787353515626,-0.0004727831110358238,0.0025827204808592796,0.0006758004892617464
1746728884507805700,44.9258056640625,0.0014841074589639902,0.0029060281813144684,0.0011093630455434322
1746728884517823500,44.935823486328125,-0.0005602664314210415,0.001399490050971508,-0.00046775746159255505
1746728884527841500,44.94584155273437,-0.0017472375184297562,0.00034567760303616524,-0.001264575170353055
1746728884537858600,44.95585864257812,-0.002999609336256981,-0.002303600311279297,0.0007051441352814436
1746728884547876400,44.96587646484375,0.00008832616731524467,0.0002905847504734993,-0.0019849149975925684
1746728884557894400,44.97589428710938,-0.0001756739802658558,-0.0013002576306462288,0.00007629324682056904
1746728884567912700,44.98591259765625,0.0008581653237342834,0.0007703504525125027,-0.0010350439697504044
1746728884577930500,44.995930419921876,-0.001511865295469761,0.0007406594231724739,0.002474716864526272
1746728884587948500,45.00594848632812,0.00006419327110052109,-0.0010798773728311062,0.0011729637626558542
1746728884597965600,45.01596557617187,-0.0021772892214357853,0.0006203888915479183,0.001633380656130612
1746728884607983600,45.025983642578126,0.0006398027762770653,-0.0003633829765021801,0.0010730517096817493
1746728884618001400,45.03600146484375,-0.002815868239849806,-0.0027485748287290335,-0.0007121695671230555
1746728884628020000,45.04602001953125,-0.0003809402696788311,-0.0005796966142952442,-0.001538814976811409
1746728884638038300,45.056038330078124,0.0007374635897576809,-0.0016429200768470764,-0.0009202803485095501
1746728884648055000,45.06605493164062,0.0006256108172237873,-0.0001867036335170269,-0.0012041735462844372
1746728884658072800,45.07607275390625,0.0004687327891588211,0.0009179748594760895,0.0012767546577379107
1746728884668091100,45.08609106445312,-0.0013350262306630611,-0.0010117515921592712,0.0019947427790611982
1746728884678109200,45.096109130859375,-0.001841138582676649,-0.0011037499643862247,0.0014393130550161004
1746728884688127000,45.106126953125,0.00147076859138906,-0.0018875179812312126,0.00032637803815305233
1746728884698145000,45.11614501953125,-0.00018525822088122368,0.0004426366649568081,0.0013608186272904277
1746728884708162000,45.126162109375,-0.000672350637614727,0.000030112918466329575,-0.0013470835983753204
1746728884718179800,45.136179931640626,-0.001869747880846262,-0.0019214607309550047,-0.0007616402581334114
1746728884728198100,45.1461982421875,-0.0006473571993410587,0.0018943166360259056,0.00029323785565793514
1746728884738216200,45.15621630859375,-0.0014768298715353012,0.00003751413896679878,-0.0009638303890824318
1746728884748234000,45.16623388671875,0.00019137421622872353,-0.002234694780781865,0.0012567132944241166
1746728884758251000,45.1762509765625,0.0011755391024053097,0.0018102722242474556,0.001196674769744277
1746728884768269000,45.18626904296875,0.0017087040469050407,-0.0020838018972426653,0.0003335443325340748
1746728884778287000,45.196287109375,-0.0011340421624481678,0.0013730060309171677,-0.0029533901251852512
1746728884788305200,45.20630517578125,0.000024699140340089798,0.0011426424607634544,-0.0008798525668680668
1746728884798323200,45.2163232421875,-0.0018071094527840614,0.00033476902171969414,-0.002078646095469594
1746728884808341000,45.22634106445312,-0.0006563575007021427,-0.0009177159518003464,0.00044230232015252113
1746728884818358000,45.23635791015625,0.0009392336942255497,-0.001289981883019209,-0.0012252763845026493
1746728884828376000,45.2463759765625,0.0011493568308651447,0.0005286908708512783,-0.0017861383967101574
1746728884838394000,45.25639404296875,-0.0006184838712215424,-0.0010232692584395409,-0.0005432423204183578
1746728884848412200,45.266412109375,0.0003450480289757252,-0.0005540205165743828,0.0017715772846713662
1746728884858430200,45.27643017578125,-0.0013416027650237083,0.0006975997239351273,-0.0016319160349667072
1746728884868447000,45.28644702148438,-0.0006699538789689541,-0.0005359766073524952,0.0006469511426985264
1746728884878465000,45.296465087890624,-0.0000487789511680603,0.00030532339587807655,0.002485086442902684
1746728884888483000,45.30648315429688,0.00027772458270192146,-0.0005319742485880852,0.0010467132087796926
1746728884898501000,45.316501220703124,-0.00033427728340029716,0.00030562467873096466,0.0032404859084635973
1746728884908519000,45.326518798828126,-0.0006272252649068832,-0.0017548631876707077,0.00187961058691144
1746728884918537200,45.336537109375,-0.0015678992494940758,-0.0015290691517293453,0.0012443169252946973
1746728884928554000,45.34655395507812,0.0024910245556384325,-0.00029229698702692986,0.001615561661310494
1746728884938572300,45.356572265625,-0.0006282990798354149,-0.0007547005079686642,0.0011978221591562033
1746728884948590000,45.36659008789063,0.0000872923992574215,-0.0011770781129598618,0.0007442857604473829
1746728884958608100,45.376608154296875,0.00029750168323516846,-0.00020662369206547737,-0.0002678616438060999
1746728884968626000,45.3866259765625,0.0005803294479846954,-0.0006830631755292416,0.0024083489552140236
1746728884978644200,45.396644287109375,0.0009599942713975906,0.00009815860539674759,0.0007404915522783995
1746728884988661000,45.40666088867187,-0.00041952356696128845,-0.0004435284063220024,-0.002268614247441292
1746728884998679000,45.416678955078126,-0.0001881900243461132,0.0001829005777835846,0.0019477915484458208
1746728885008697000,45.42669702148437,0.0008067670278251171,0.0018132878467440605,0.002013837918639183
1746728885018715100,45.436715087890626,0.0007050475105643272,-0.0006486847996711731,0.00256245955824852
1746728885028733000,45.44673291015625,0.0009101112373173237,-0.000398081261664629,0.0014894719934090972
1746728885038750200,45.45675024414062,0.0006873775273561478,-0.0010804380290210247,-0.000379425473511219
1746728885048768000,45.46676806640625,0.0023246887139976025,0.0006186584942042828,0.00008902465924620628
1746728885058786000,45.4767861328125,-0.0002487138845026493,-0.0013260138221085072,-0.0023097223602235317
1746728885068804000,45.48680419921875,0.000740117859095335,-0.0016213585622608662,0.00002347305417060852
1746728885078822100,45.496822265625,-0.0016161580570042133,0.001516629010438919,0.0008519703987985849
1746728885088839200,45.50683911132813,0.00044965557754039764,-0.0018091266974806786,0.0010013736318796873
1746728885098857200,45.51685717773437,-0.0014377371408045292,0.0006407946348190308,0.0006337007507681847
1746728885108875000,45.526875,-0.0024004695005714893,0.0005502467975020409,0.0007580702658742666
1746728885118893000,45.53689306640625,0.0011410652659833431,-0.0014265240170061588,0.0008026473224163055
1746728885128911000,45.5469111328125,0.0012140357866883278,0.0022651497274637222,0.0005413913168013096
1746728885138929200,45.55692919921875,-0.0012334915809333324,-0.0006511490792036057,0.0015100076561793685
1746728885148946000,45.56694580078125,0.0017950551118701696,-0.00040853535756468773,0.0009712502360343933
1746728885158964200,45.576964111328124,-0.0008446360006928444,0.0003882613964378834,0.001013829605653882
1746728885168982000,45.58698193359375,0.0006070532836019993,0.0002867951989173889,0.002427169354632497
1746728885179000000,45.597,0.0006848997436463833,-0.0009754067286849022,0.0014740534825250506
1746728885189018000,45.60701806640625,0.0006287069991230965,-0.00003930600360035896,0.0006245051044970751
1746728885199035100,45.61703515625,-0.0004005739465355873,0.00026514939963817596,0.0018140461761504412
1746728885209053000,45.62705297851563,0.0005770726129412651,-0.0019833575934171677,0.0015647743130102754
1746728885219071200,45.6370712890625,-0.0017386488616466522,-0.0022549445275217295,-0.0008455708157271147
1746728885229089000,45.64708911132813,-0.0014880453236401081,0.00021353969350457191,0.0009331544861197472
1746728885239107000,45.657107177734375,0.0022785873152315617,-0.0006294162012636662,0.0011048554442822933
1746728885249125000,45.667125,0.00027242815122008324,-0.0007580472156405449,0.0015282980166375637
1746728885259142100,45.67714208984375,-0.0015185168012976646,-0.0020330501720309258,-0.0014232611283659935
1746728885269160000,45.68715991210937,0.001758236438035965,-0.0007430152036249638,0.001345094875432551
1746728885279178200,45.69717822265625,0.000026872381567955017,-0.0026941439136862755,0.0004712732043117285
1746728885289196000,45.70719604492187,-0.000722008291631937,0.00009312015026807785,-0.00029678246937692165
1746728885299214000,45.717214111328126,0.0005261031910777092,-0.00046154810115695,-0.0008185047190636396
1746728885309231000,45.727231201171875,-0.001051020808517933,-0.00020987913012504578,-0.0010877505410462618
1746728885319249200,45.73724926757812,-0.0008097612299025059,0.0006067235954105854,-0.0010799625888466835
1746728885329267000,45.74726684570312,-0.00006966851651668549,0.00030152546241879463,-0.000021355925127863884
1746728885339285200,45.75728515625,-0.0007088007405400276,-0.0009812889620661736,-0.0004719947464764118
1746728885349303000,45.76730297851562,0.00042410800233483315,-0.0005759559571743011,-0.002230746438726783
1746728885359320000,45.77732006835937,0.0005424930714070797,-0.00041885068640112877,-0.00036957464180886745
1746728885369338000,45.787338134765626,0.0033116480335593224,-0.00020792847499251366,-0.00222659669816494
1746728885379356200,45.79735620117187,0.00033795228227972984,0.0007587941363453865,-0.0024833448696881533
1746728885389374000,45.8073740234375,0.0015688652638345957,0.0015612049028277397,0.003319683251902461
1746728885399392000,45.81739208984375,0.003187239170074463,0.00011730706319212914,0.0012599179754033685
1746728885409410000,45.82741015625,0.0016703028231859207,0.0008214469999074936,-0.00015928060747683048
1746728885419427000,45.837427001953124,0.0005531697534024715,0.0008373484015464783,-0.0012057272251695395
1746728885429445000,45.84744506835938,-0.0012010540813207626,-0.001206627581268549,0.0013940506614744663
1746728885439463200,45.857463134765624,-0.00046219583600759506,-0.0001324126496911049,0.0013763140887022018
1746728885449481000,45.86748095703125,-0.00035433797165751457,0.0009155413135886192,0.0015307774301618338
1746728885459499000,45.8774990234375,0.0004934286698698997,-0.0031515711452811956,-0.0014355550520122051
1746728885469516000,45.88751611328125,0.000921132043004036,-0.0003139730542898178,0.00031787040643393993
1746728885479534000,45.8975341796875,0.0005554803647100925,0.0006116465665400028,0.002784303855150938
1746728885489552100,45.90755224609375,0.0005317782051861286,-0.0013492386788129807,-0.0014365403912961483
1746728885499570200,45.917570068359375,-0.001337965950369835,0.00023755338042974472,0.001430937321856618
1746728885509588000,45.927587890625,-0.0011289077810943127,-0.0010072081349790096,0.00235318997874856
1746728885519606000,45.93760595703125,-0.0018453770317137241,-0.0017247521318495274,0.0021938090212643147
1746728885529623000,45.947623046875,0.0007930165156722069,0.00012934021651744843,-0.0014930714387446642
1746728885539641000,45.95764111328125,-0.0013748924247920513,0.0021870946511626244,0.001250438392162323
1746728885549659100,45.9676591796875,0.0018704358953982592,-0.0008454467169940472,0.0008821231313049793
1746728885559677200,45.97767724609375,-0.0005981950089335442,0.0015833494253456593,0.00010470184497535229
1746728885569695000,45.98769506835937,0.0027880144771188498,-0.0028841032180935144,-0.003448754083365202
1746728885579712300,45.99771215820312,-0.0014838119968771935,0.0007564653642475605,0.0010668907780200243
1746728885589730000,46.00772998046875,0.0005758767947554588,-0.0005647288635373116,-0.0011781540233641863
1746728885599748000,46.017748046875,-0.0007444974035024643,-0.0005136039108037949,-0.0015036629047244787
1746728885609766000,46.02776586914062,0.0032864632084965706,-0.00034262891858816147,-0.00004718010313808918
1746728885619784200,46.0377841796875,0.0005753412842750549,-0.0009727040305733681,-0.0011828143615275621
1746728885629801000,46.047801025390626,-0.00012214062735438347,0.0016595646739006042,0.003917671740055084
1746728885639819000,46.05781909179687,0.0011494511272758245,-0.0003832932561635971,-0.003572461660951376
1746728885649837000,46.067837158203126,-0.0004716147668659687,0.000950151588767767,-0.0007191509939730167
1746728885659854800,46.07785473632813,-0.0010865828953683376,0.0021685934625566006,-0.002110671252012253
1746728885669873000,46.087872802734374,0.0008199741132557392,-0.000048488378524780273,0.0014369256095960736
1746728885679891000,46.09789086914063,0.0022892376873642206,-0.00041081802919507027,0.0005877804942429066
1746728885689908000,46.10790795898438,-0.00030840979889035225,0.000821160152554512,-0.001604533987119794
1746728885699926000,46.117926025390624,-0.0025658155791461468,-0.0007196362130343914,0.00201620114967227
1746728885709944000,46.12794409179688,0.00020626885816454887,0.0002947617322206497,0.002512880600988865
1746728885719961900,46.1379619140625,0.000012354925274848938,-0.0009318431839346886,0.0014524010475724936
1746728885729980000,46.14797998046875,-0.00032959459349513054,-0.001625596545636654,0.0026212623342871666
1746728885739997000,46.157996826171875,0.0007305117323994637,0.0007697679102420807,-0.00021011382341384888
1746728885750015000,46.16801489257813,0.0009440970607101917,0.0001079724170267582,-0.0002066518645733595
1746728885760032800,46.17803271484375,-0.0004466869868338108,0.0009619859047234058,0.0021740696392953396
1746728885770051000,46.18805102539063,7.241033017635345e-7,0.0020405659452080727,-0.0007346346974372864
1746728885780068900,46.19806884765625,0.000025836285203695297,-0.0018121241591870785,0.00075751100666821
1746728885790087000,46.2080869140625,0.0010362397879362106,0.002803666051477194,0.0029663369059562683
1746728885800104000,46.21810400390625,-0.0007672184146940708,-0.0012590684927999973,0.0021916532423347235
1746728885810122000,46.2281220703125,-0.0010766778141260147,-0.0015402981080114841,0.000979382311925292
1746728885820139800,46.238139892578126,-0.00006274040788412094,-0.0012011262588202953,-0.0015676661860197783
1746728885830158000,46.24815795898437,-0.0012124273926019669,-0.00198888941667974,-0.000828638905659318
1746728885840175900,46.25817578125,-0.0007813731208443642,0.0000735679641366005,0.002688247011974454
1746728885850193000,46.26819287109375,-0.0005957507528364658,0.0009646615944802761,-0.0027477971743792295
1746728885860211000,46.2782109375,0.001956029562279582,0.0009284154511988163,0.00024243397638201714
1746728885870229000,46.28822900390625,-0.0009606643579900265,-0.0007491097785532475,0.0006693387404084206
1746728885880246800,46.29824682617188,-0.0005495813675224781,-0.00035771215334534645,0.0032590331975370646
1746728885890265000,46.30826513671875,0.00040223216637969017,-0.0011260341852903366,-0.0013117501512169838
1746728885900281900,46.31828173828125,0.0009943533223122358,-0.0011344654485583305,-0.0024231537245213985
1746728885910300000,46.3282998046875,-0.0005729170516133308,-0.0000700000673532486,0.000026155728846788406
1746728885920318000,46.33831787109375,0.0010283044539391994,0.0003607305698096752,0.0004920049104839563
1746728885930336000,46.3483359375,-0.00182713707908988,-0.0004222388379275799,-0.00037698447704315186
1746728885940353800,46.35835375976563,0.0007255040109157562,-0.0017780149355530739,0.00008861511014401913
1746728885950372000,46.3683720703125,-0.001318471971899271,0.0008585145696997643,0.00022177305072546005
1746728885960388900,46.37838891601562,0.0010561638046056032,0.0012041246518492699,0.0010227691382169724
1746728885970407000,46.38840698242188,0.001124074449762702,0.0002065044827759266,0.00027681770734488964
1746728885980425000,46.39842504882812,-0.00004079611971974373,0.0009889882057905197,0.0008574859239161015
1746728885990443000,46.40844311523438,-0.0006027230992913246,0.001425746362656355,0.0012135505676269531
1746728886000460800,46.41846069335938,-0.0007821265608072281,-0.0018226462416350842,0.0025239386595785618
1746728886010478000,46.42847802734375,-0.0028583272360265255,-0.003218941856175661,0.0008775724563747644
1746728886020496000,46.438495849609374,-0.0008404282853007317,-0.00032007787376642227,0.004604109097272158
1746728886030514000,46.44851391601563,-0.000707003753632307,-0.0019544598180800676,-0.00029157986864447594
1746728886040532000,46.458531982421874,0.0008848733268678188,0.00025133974850177765,0.0006297996733337641
1746728886050550000,46.46855004882813,-0.0019162395037710667,-0.0008829007856547832,0.000394642585888505
1746728886060566800,46.47856689453125,0.001851413631811738,-0.0011764559894800186,-0.0014584928285330534
1746728886070585000,46.488585205078124,0.0008023944683372974,0.0012448900379240513,0.0019237217493355274
1746728886080603000,46.498602783203125,-0.00033585168421268463,0.0007893592119216919,0.0019931665156036615
1746728886090621000,46.50862084960937,-0.0003773970529437065,-0.001891112420707941,0.00081098941154778
1746728886100639000,46.518638916015625,0.0005667717196047306,0.002251362893730402,0.0015795462531968951
1746728886110657000,46.52865698242187,-0.0010838555172085762,0.0008803680539131165,0.0012080352753400803
1746728886120673800,46.538673828125,0.0004290197975933552,0.00037256069481372833,-0.0005797829944640398
1746728886130692000,46.548692138671875,-0.001619749702513218,-0.0006407718174159527,-0.0009749960154294968
1746728886140710000,46.5587099609375,-0.000562665518373251,-0.0010773870162665844,0.0015227848198264837
1746728886150728000,46.56872802734375,-0.0015688077546656132,-0.0003175875172019005,0.0013978825882077217
1746728886160746000,46.57874609375,0.0006372812204062939,0.0029729739762842655,0.0004198751412332058
1746728886170763000,46.588762939453126,0.0019539480563253164,-0.0002976539544761181,0.0005391847807914019
1746728886180780800,46.59878076171875,0.0014709304086863995,-0.001726033166050911,-0.0012132669799029827
1746728886190799000,46.608799072265626,-0.00020446395501494408,0.0006801332347095013,-0.0003008679486811161
1746728886200817000,46.61881689453125,-0.0008051400072872639,-0.00009849667549133301,-0.0014926129952073097
1746728886210835000,46.6288349609375,0.0007938221096992493,-0.0006790654733777046,-0.0007573142647743225
1746728886220852000,46.63885205078125,0.0008791983127593994,0.0009290180169045925,-0.00221297238022089
1746728886230870000,46.6488701171875,0.0008301963098347187,-0.00037806155160069466,0.0004118394572287798
1746728886240887800,46.6588876953125,0.0014903966803103685,-0.0010087452828884125,0.0013314324896782637
1746728886250906000,46.66890600585938,0.00035455869510769844,-0.0004857005551457405,-0.0012049619108438492
1746728886260924000,46.678923828125,0.001894146902486682,0.0014846022240817547,-0.00012390175834298134
1746728886270941000,46.68894091796875,-0.0005373191088438034,0.00138153787702322,0.00011498364619910717
1746728886280959000,46.698958984375,0.0001632440835237503,-0.0010834569111466408,0.0016951397992670536
1746728886290977000,46.70897705078125,-0.00017018383368849754,0.000008172821253538132,-0.000924611696973443
1746728886300994800,46.718994873046874,0.0007333534304052591,0.0012068361975252628,-0.00046901567839086056
1746728886311012900,46.72901293945313,-0.00004988210275769234,-0.0005662962794303894,0.00007187225855886936
1746728886321031000,46.739031005859374,0.0001187492161989212,0.00042285071685910225,0.0010675264056771994
1746728886331048000,46.7490478515625,-0.00036035384982824326,-0.0008144541643559933,0.003356779692694545
1746728886341066000,46.75906591796875,-0.0005842819809913635,0.0005794987082481384,0.0004304582253098488
1746728886351084000,46.769083984375,-0.0011984072625637054,-0.0005587362684309483,0.0005369847640395164
1746728886361101800,46.779101806640625,0.00015537580475211143,0.0003451099619269371,0.001411552308127284
1746728886371119900,46.78911987304687,-0.00012984871864318848,-0.0018338882364332676,0.00177454121876508
1746728886381137000,46.79913696289063,0.0004431009292602539,0.0023345425724983215,0.0016139158979058266
1746728886391155000,46.809155029296875,-0.0002898010425269604,0.0019744830206036568,-0.00007639243267476559
1746728886401173000,46.81917309570313,-0.0007877303287386894,-0.0008732709102332592,0.0011412983294576406
1746728886411191000,46.82919091796875,0.00039018597453832626,-0.0016192221082746983,0.0013413017150014639
1746728886421208800,46.839208740234376,0.0016895737498998642,-0.00026305438950657845,0.0007846311200410128
1746728886431226000,46.84922607421875,0.0010237835813313723,-0.0013280524872243404,-0.0006968853995203972
1746728886441244000,46.85924389648437,0.0006152340210974216,-0.0014625000767409801,-0.0023426772095263004
1746728886451262000,46.869261962890626,-0.0014705541543662548,-0.00011041341349482536,-0.0006835279054939747
1746728886461279700,46.87927978515625,0.000582174863666296,0.001412942074239254,0.00023322668857872486
1746728886471298000,46.889298095703126,-0.003102574497461319,0.0017144116573035717,-0.0032709608785808086
1746728886481315800,46.89931591796875,0.0008471212349832058,0.0009332951158285141,0.0004925241228193045
1746728886491333000,46.9093330078125,-0.0003787316381931305,-0.0005652657710015774,-0.0013943254016339779
1746728886501351000,46.91935083007812,0.0016803268808871508,-0.0002161073498427868,-0.0015407265163958073
1746728886511369000,46.92936889648438,0.000019579660147428513,0.00025181006640195847,-0.005377808585762978
1746728886521386800,46.93938671875,0.0009633789304643869,0.000004050321877002716,-0.0009922259487211704
1746728886531405000,46.94940502929688,-0.001816960982978344,-0.0012034266255795956,0.0006480151787400246
1746728886541421800,46.959421875,0.00028697121888399124,0.00016495771706104279,0.0003626833204180002
1746728886551440100,46.96944018554687,0.001423608511686325,0.0005915961228311062,0.000698774354532361
1746728886561458000,46.9794580078125,-0.0003854837268590927,-0.001223735511302948,-0.00029612169601023197
1746728886571476000,46.98947607421875,-0.00004033837467432022,-0.0005576792173087597,-0.0009850815404206514
1746728886581493800,46.99949365234375,-0.0006387238390743732,0.00029287952929735184,-0.002952574286609888
1746728886591511000,47.009510986328124,-0.0008650925010442734,0.0019427081570029259,-0.0003389483317732811
1746728886601528800,47.01952880859375,0.0005897027440369129,0.0017589167691767216,0.001996347215026617
1746728886611547000,47.029546875,-0.0016646631993353367,-0.0006096987053751945,-0.0008396531920880079
1746728886621565000,47.03956494140625,0.0003747260197997093,0.0000512637197971344,0.002279275329783559
1746728886631583200,47.04958325195312,0.0005528912879526615,-0.00046858517453074455,0.003687022253870964
1746728886641600300,47.05960034179687,0.0018930442165583372,-0.0005169170908629894,-0.0024922164157032967
1746728886651618300,47.06961840820313,-0.0004105898551642895,0.0006684558466076851,0.0014516586670652032
1746728886661636400,47.07963623046875,-0.002266188617795706,-0.00027463119477033615,-0.0002739082556217909
1746728886671654100,47.089654052734375,-0.0010832124389708042,-0.001389430370181799,0.000805470859631896
1746728886681672400,47.09967236328125,-0.0002730623818933964,-0.0005931593477725983,0.0014251001412048936
1746728886691690200,47.109690185546874,0.0003386656753718853,-0.0005705226212739944,0.0024988867808133364
1746728886701707300,47.119707275390624,-0.0020444118417799473,0.0006369776092469692,0.0003770983312278986
1746728886711725300,47.12972534179688,0.0005170167423784733,-0.0013548005372285843,0.0022831226233392954
1746728886721743400,47.139743408203124,-0.0007197074592113495,0.0000670640729367733,-0.0030492807272821665
1746728886731761200,47.14976123046875,0.0005985570605844259,0.00028144847601652145,-0.00016374560073018074
1746728886741779200,47.159779296875,-0.0005568009801208973,0.0003964472562074661,0.0011431975290179253
1746728886751796200,47.16979614257812,-0.0028774794191122055,0.00032853707671165466,0.000015348894521594048
1746728886761814300,47.179814208984375,-0.0023214961402118206,0.0004523061215877533,0.0003917419817298651
1746728886771832300,47.18983227539063,0.0016442169435322285,-0.001020421739667654,0.0014958885731175542
1746728886781850400,47.199850341796875,0.0002819923684000969,-0.001883166842162609,-0.0005758085753768682
1746728886791868200,47.2098681640625,-0.0009454586543142796,-0.0012956736609339714,-0.00045330310240387917
1746728886801885400,47.21988549804688,-0.002019592560827732,-0.00024468591436743736,-0.0009483639150857925
1746728886811903200,47.2299033203125,0.000604419969022274,0.0005776979960501194,-0.0004263841547071934
1746728886821921300,47.23992138671875,0.0017606932669878006,-0.000280953012406826,0.00263718469068408
1746728886831939300,47.24993920898437,-0.0009701121598482132,0.0008679348975419998,0.00092929950915277
1746728886841957400,47.259957275390626,-0.0006821481510996819,0.000707416795194149,0.001036172965541482
1746728886851974100,47.26997412109375,0.0005959027912467718,0.0026896074414253235,0.00003482447937130928
1746728886861992400,47.27999243164062,-0.0014015347696840763,-0.0005014254711568356,0.0008698813617229462
1746728886872010200,47.29001025390625,0.0003449665382504463,-0.0009736036881804466,-0.0013629128225147724
1746728886882028300,47.3000283203125,0.00040200212970376015,0.0013679228723049164,0.0012017902918159962
1746728886892046300,47.31004638671875,-0.0018185419030487537,-0.0010808538645505905,0.002044680994004011
1746728886902064400,47.320064453125,0.001234621973708272,-0.00022235093638300896,-0.0024802435655146837
1746728886912081200,47.3300810546875,0.000007437076419591904,0.00005967775359749794,0.0008335278835147619
1746728886922099500,47.34009936523437,0.0007412019185721874,0.0004120664671063423,-0.00039103953167796135
1746728886932117200,47.3501171875,0.0012227012775838375,0.0025159642100334167,-0.002169498708099127
1746728886942135300,47.36013525390625,0.001547906082123518,0.000059839338064193726,-0.00008423556573688984
1746728886952153000,47.370153076171874,-0.001180768944323063,0.0007543917745351791,0.00031816819682717323
1746728886962170400,47.38017041015625,-0.0021368651650846004,-0.0006529800593852997,0.0005277341697365046
1746728886972188200,47.39018823242188,-0.0003562755882740021,-0.0006436589173972607,-0.0012288868892937899
1746728886982206500,47.40020654296875,0.0034559816122055054,-0.00035156775265932083,-0.000137371476739645
1746728886992224300,47.41022436523438,0.00009853439405560493,0.0013131746090948582,-0.003335561603307724
1746728887002242300,47.4202421875,-0.0000017685815691947937,-0.0004353197291493416,-0.0018699455540627241
1746728887012259300,47.43025927734375,-0.0011799512431025505,0.0001010410487651825,-0.0006105366628617048
1746728887022277400,47.44027734375,0.0000985325314104557,-0.00026131048798561096,0.0013088949490338564
1746728887032295200,47.45029516601563,-0.0008122683502733707,0.0009043547324836254,-0.0000069730449467897415
1746728887042313200,47.460313232421875,0.00044629815965890884,0.0002622934989631176,0.0020285719074308872
1746728887052331300,47.47033129882813,-0.00147197674959898,-0.0005579604767262936,-0.0005387153942137957
1746728887062348300,47.48034838867188,0.0020198530983179808,0.002111404202878475,-0.00009673833847045898
1746728887072366300,47.490366455078124,-0.00193334324285388,-0.0026540562976151705,0.002461494179442525
1746728887082384400,47.50038427734375,0.00047677895054221153,0.0018240949138998985,0.0011279636528342962
1746728887092402200,47.51040209960937,-0.000004187691956758499,-0.0028383012395352125,-0.000982325291261077
1746728887102420200,47.520420166015626,0.0017028574366122484,0.0009956597350537777,-0.002561969915404916
1746728887112437200,47.530437255859376,-0.0011736229062080383,-0.00015029869973659515,-0.000287630595266819
1746728887122455300,47.54045532226562,0.0014714831486344337,-0.0005089477635920048,-0.0023993768263608217
1746728887132473300,47.550473388671875,0.0007542937528342009,-0.0005702008493244648,0.0015237259212881327
1746728887142491400,47.56049145507812,-0.0011472688056528568,-0.0018981762696057558,-0.0003021424636244774
1746728887152509200,47.57050927734375,-0.0027891076169908047,-0.0014880495145916939,0.00031517818570137024
1746728887162527200,47.58052734375,-0.0026747765950858593,-0.0004907664842903614,-0.0009330220054835081
1746728887172544300,47.59054418945313,-0.00006967270746827126,0.0004064524546265602,0.00006513088010251522
1746728887182562300,47.60056225585937,0.00039823539555072784,0.0011460455134510994,-0.0011577147524803877
1746728887192580000,47.610580078125,-0.0014766301028430462,0.00013564247637987137,0.000412751454859972
1746728887202598400,47.62059838867187,0.0026290304958820343,0.0004541883245110512,0.0016143204411491752
1746728887212616200,47.6306162109375,-0.0011191023513674736,-0.0011652801185846329,-0.0017745520453900099
1746728887222633500,47.640633544921876,-0.0008158376440405846,-0.0004917513579130173,-0.002495119348168373
1746728887232651300,47.6506513671875,-0.0011069215834140778,0.00001345016062259674,0.0009994804859161377
1746728887242669300,47.66066943359375,-0.0007251640781760216,-0.00003960123285651207,0.001313856802880764
1746728887252687000,47.67068701171875,-0.00202398793771863,-0.0010401508770883083,-0.00013037561438977718
1746728887262705400,47.680705322265624,0.0023743724450469017,0.0005650036036968231,0.0007853000424802303
1746728887272722200,47.69072216796875,-0.0003066319040954113,-0.0020909670274704695,-0.0025955827441066504
1746728887282740500,47.70074047851563,0.00020181341096758842,-0.0006522089242935181,-0.0015702417585998774
1746728887292758300,47.71075830078125,-0.000666376668959856,-0.0005587320774793625,-0.0036517686676234007
1746728887302776300,47.7207763671875,-0.0005572857335209846,0.0015183412469923496,-0.0011874837800860405
1746728887312794000,47.73079418945313,-0.0014459826052188873,0.0004304395988583565,-0.0006774887442588806
1746728887322811400,47.74081127929688,0.000025659799575805664,0.0024024886079132557,-0.00018074293620884418
1746728887332829200,47.7508291015625,0.0009068995714187622,-0.0006462978199124336,-0.00031896098516881466
1746728887342847200,47.76084716796875,0.0001695309765636921,0.002113242633640766,-0.0005272920243442059
1746728887352865300,47.770865234375,-0.002453948836773634,0.002973443828523159,0.002723362296819687
1746728887362883300,47.78088330078125,-0.0017994451336562634,0.0013531595468521118,-0.00035242456942796707
1746728887372901000,47.79090112304687,0.0007832883857190609,-0.0006719077937304974,-0.0018595072906464338
1746728887382918400,47.80091845703125,0.0015946489293128252,0.0002650683745741844,-0.002133142203092575
1746728887392936200,47.810936279296875,-0.0013436167500913143,0.00020621251314878464,-0.0003312472254037857
1746728887402954200,47.82095434570312,0.0016932205762714148,-0.0016489867120981216,-0.0019190553575754166
1746728887412972300,47.83097216796875,-0.0008271951228380203,-0.0018820133991539478,-0.00027295551262795925
1746728887422989300,47.8409892578125,-0.0021247626282274723,-0.0005771508440375328,0.0020896312780678272
1746728887433007400,47.85100732421875,0.000038256868720054626,-0.0006043151952326298,0.0012374196667224169
1746728887443025400,47.861025390625,-0.0004643811844289303,0.00035132141783833504,-0.00043993210420012474
1746728887453043200,47.871043212890626,-0.0004105856642127037,0.0008312230929732323,0.0014842018717899919
1746728887463061200,47.88106127929687,-0.0008918452076613903,0.0017456961795687675,0.0014310446567833424
1746728887473079300,47.891079345703126,-0.000011936761438846588,0.001050344668328762,0.0005737731698900461
1746728887483096300,47.901096435546876,0.001730556134134531,-0.0015374724753201008,0.0022874618880450726
1746728887493114000,47.91111401367188,-0.0005877255462110043,0.001451925840228796,-0.0023829236160963774
1746728887503132400,47.92113232421875,-0.0013175373896956444,-0.0013471017591655254,0.0014161951839923859
1746728887513150200,47.93115014648438,-0.0008006179705262184,-0.0011111455969512463,0.0014705236535519361
1746728887523168300,47.941168212890624,-0.0009032292291522026,0.00024394318461418152,0.001486422959715128
1746728887533185300,47.95118530273437,0.00009226007387042046,0.0005464782007038593,0.0012177100870758295
1746728887543203300,47.96120336914063,0.0006545605137944221,0.0004388811066746712,0.000007163500413298607
1746728887553221000,47.97122119140625,-0.0003987196832895279,-0.0019968461710959673,0.0006479199510067701
1746728887563239400,47.98123950195313,-0.00041685672476887703,0.001695017796009779,-0.0009232368320226669
1746728887573257200,47.99125732421875,-0.00006505288183689117,0.002010336145758629,-0.0015133931301534176
1746728887583274200,48.00127416992188,-0.0028380509465932846,-0.001818193355575204,-0.0005197597201913595
1746728887593292300,48.011292236328124,-0.0015291073359549046,0.0011243331246078014,-0.0008518560789525509
1746728887603310300,48.02131030273438,-0.00018586870282888412,0.002185824792832136,0.0022701413836330175
1746728887613328100,48.031328125,0.00166023476049304,0.0018654465675354004,-0.0002249742392450571
1746728887623346400,48.04134643554688,0.0016802179161459208,-0.0008306265808641911,0.0005911311600357294
1746728887633363000,48.051363037109375,0.00039684073999524117,-0.0002772221341729164,-0.0013977172784507275
1746728887643381000,48.06138110351562,0.00004487438127398491,-0.0010390300303697586,0.00032303924672305584
1746728887653399000,48.07139892578125,0.0015013571828603745,-0.000403599813580513,-0.0012223930098116398
1746728887663416800,48.08141674804688,-0.0005389489233493805,-0.0003761821426451206,0.0005474681966006756
1746728887673435000,48.09143481445312,-0.00031337933614850044,-0.000577517319470644,-0.0025077101308852434
1746728887683452000,48.10145190429687,-0.00046174926683306694,0.0010517602786421776,-0.00010144594125449657
1746728887693470000,48.111469970703126,0.00017980625852942467,0.0005209925584495068,0.0023201664444059134
1746728887703488000,48.12148803710937,-0.0011659949086606503,0.0006455089896917343,0.0007465502712875605
1746728887713506000,48.131506103515626,0.00040527014061808586,-0.0007609063759446144,0.0003603920340538025
1746728887723523800,48.14152392578125,-0.0014932029880583286,-0.0014244439080357552,-0.0001058520283550024
1746728887733542000,48.1515419921875,-0.00056855333968997,0.0000821063295006752,0.0008984261658042669
1746728887743559000,48.161558837890624,0.0008577641565352678,-0.0013590911403298378,0.0008160748984664679
1746728887753577000,48.17157690429688,0.0002622813917696476,0.0008497349917888641,0.000048019224777817726
1746728887763594800,48.1815947265625,0.0005047740414738655,-0.0004510865546762943,0.001319490373134613
1746728887773613000,48.19161303710938,0.0011079797986894846,0.00007728487253189087,0.00012825848534703255
1746728887783630800,48.201630859375,0.000772812869399786,0.00022979546338319778,0.0008850707672536373
1746728887793648000,48.21164819335937,0.0008820025250315666,-0.0009574419818818569,-0.0009253460448235273
1746728887803666000,48.221666015625,-0.0007119188085198402,0.0005099629051983356,0.0012393242213875055
1746728887813684000,48.23168408203125,0.0012670760042965412,-0.0004413183778524399,-0.0009316846262663603
1746728887823701800,48.24170166015625,-0.0006892853416502476,-0.0003195018507540226,0.0017395846080034971
1746728887833720000,48.25171997070313,-0.00031830696389079094,-0.0013072681613266468,-0.00031531043350696564
1746728887843736800,48.26173681640625,0.000423261895775795,0.00104910833761096,-0.00008167489431798458
1746728887853755000,48.2717548828125,0.0005044881254434586,-0.0011653099209070206,-0.001397542655467987
1746728887863773000,48.28177294921875,-0.0020582997240126133,0.00040305592119693756,0.0018393604550510645
1746728887873791000,48.291791015625,0.0007012677378952503,-0.0011644810438156128,-0.0002685314975678921
1746728887883808800,48.301808837890626,0.0007392945699393749,-0.000976606272161007,-0.0003151295240968466
1746728887893826000,48.311825927734375,0.00000319676473736763,0.0017704442143440247,0.002302225213497877
1746728887903843800,48.32184375,-0.001648779958486557,-0.0009455778636038303,0.0023633737582713366
1746728887913862000,48.33186181640625,-0.0008032266050577164,0.00195939838886261,0.004898436833173037
1746728887923880000,48.3418798828125,-0.001445746049284935,-0.0006105327047407627,0.002518076915293932
1746728887933898000,48.35189794921875,-0.000654254574328661,-0.0004728473722934723,0.001436034683138132
1746728887943915000,48.3619150390625,-0.002318928949534893,0.001042722724378109,-0.0002248047385364771
1746728887953933000,48.37193310546875,0.002381284022703767,-0.000865166075527668,0.0011320759076625109
1746728887963950800,48.38195092773437,-0.002161900047212839,-0.0005434961058199406,0.003311065724119544
1746728887973969000,48.391968994140626,0.00010658055543899536,0.0013044713996350765,0.00013098516501486301
1746728887983987000,48.40198706054687,-0.0005709147080779076,-0.00016978057101368904,-0.0017401869408786297
1746728887994004000,48.41200390625,-0.0013200617395341396,0.00008774735033512115,-0.000620061531662941
1746728888004021800,48.422021728515624,-0.0023080166429281235,0.00008893059566617012,-0.0008353004232048988
1746728888014040000,48.4320400390625,0.0016419840976595879,0.0020468863658607006,0.0002797648776322603
1746728888024057900,48.442057861328124,-0.0003092610277235508,-0.000982657540589571,-0.00048760627396404743
1746728888034076000,48.45207592773438,-0.001601426862180233,0.0020996853709220886,0.0011643525213003159
1746728888044093000,48.46209301757813,0.0006489618681371212,0.0021680695936083794,-0.001421713037416339
1746728888054111000,48.47211108398437,-0.0004930016584694386,0.0018338430672883987,0.003130161901935935
1746728888064128800,48.482128662109375,0.0012817326933145523,-0.0002015535719692707,0.0005370220169425011
1746728888074147000,48.49214697265625,0.000795172993093729,0.0018964847549796104,-0.002167418133467436
1746728888084164900,48.502164794921875,-0.0005027060396969318,0.0017710686661303043,0.0007186576258391142
1746728888094182000,48.512181884765624,0.0023191794753074646,0.0020970399491488934,0.001191901508718729
1746728888104200000,48.52219995117188,-0.001476007979363203,0.00007450440898537636,-0.0001857683528214693
1746728888114218000,48.532218017578124,0.00018500536680221558,-0.0019468346145004034,0.0006786936428397894
1746728888124235800,48.54223583984375,-0.0002610115334391594,0.00044186320155858994,0.00017893360927700996
1746728888134254000,48.552254150390624,0.00026789214462041855,0.00045438017696142197,0.0002572305966168642
1746728888144270800,48.56227075195312,0.0005037509836256504,0.000980942975729704,0.003093471983447671
1746728888154289000,48.572288818359375,-0.0004440681077539921,-0.0018806234002113342,-0.00008101621642708778
1746728888164307000,48.58230688476562,-0.0020240810699760914,-0.0017798878252506256,-0.0006523525808006525
1746728888174325000,48.592324951171875,-0.0003383001312613487,-0.0009399270638823509,0.0009412830695509911
1746728888184342800,48.6023427734375,0.001456783153116703,-0.0007753348909318447,-0.0010430710390210152
1746728888194361000,48.612361083984375,0.0012826125603169203,-0.0008349898271262646,-0.001075561624020338
1746728888204377900,48.6223779296875,-0.0012526637874543667,0.0013217562809586525,-0.0024453671649098396
1746728888214396000,48.63239599609375,0.0000424310564994812,-0.0004654908552765846,-0.00006396835669875145
1746728888224414000,48.6424140625,-0.0005232011899352074,0.001117706298828125,-0.0004177840892225504
1746728888234432000,48.652431884765626,0.0015961425378918648,0.0003073061816394329,0.0014813161687925458
1746728888244449800,48.66244970703125,-0.0013357754796743393,-0.0018687660340219736,0.0005339873023331165
1746728888254467000,48.67246704101562,0.0008717186283320189,0.0014982684515416622,0.002267438918352127
1746728888264484900,48.68248486328125,-0.0010763606987893581,0.0012233490124344826,-0.000049536582082509995
1746728888274503000,48.6925029296875,-0.0008904719725251198,0.00014237221330404282,0.0008705856744199991
1746728888284521000,48.70252099609375,-0.000012825243175029755,0.0009663212113082409,0.00023307395167648792
1746728888294538000,48.7125380859375,0.0005104858428239822,0.00014127418398857117,0.0012559941969811916
1746728888304555800,48.7225556640625,-0.0026085046119987965,-0.00002936599776148796,-0.0018873873632401228
1746728888314574000,48.73257397460937,0.001625388627871871,-0.0007606698200106621,-0.0014120133128017187
1746728888324591900,48.742591796875,-0.001865326426923275,0.0003563626669347286,-0.00036911130882799625
1746728888334610000,48.75260986328125,0.0015794725622981787,-0.00013392511755228043,-0.0037324174772948027
1746728888344628000,48.7626279296875,-0.00028381869196891785,-0.0009364038705825806,0.0008716133888810873
1746728888354645000,48.77264501953125,0.0028877397999167442,-0.0018240353092551231,0.0022593867033720016
1746728888364662800,48.78266284179688,0.0006848047487437725,0.002170960884541273,0.00011431402526795864
1746728888374681000,48.79268115234375,0.0004999814555048943,0.0007277936674654484,-0.0005405573174357414
1746728888384699000,48.80269897460938,0.00011749984696507454,0.000925043597817421,-0.0023941057734191418
1746728888394717000,48.812717041015624,-0.0022615017369389534,-0.0009745894931256771,-0.0004768962971866131
1746728888404734000,48.82273388671875,-0.0006212573498487473,-0.0014818874187767506,-0.00012393412180244923
1746728888414752000,48.832751953125,-0.00008649425581097603,0.00043026218190789223,-0.0015180991031229496
1746728888424769800,48.84276977539062,-0.002135529648512602,-0.00021046167239546776,-0.0011176494881510735
1746728888434788000,48.8527880859375,-0.000968265812844038,-0.00021818466484546661,-0.0005360150244086981
1746728888444806000,48.86280590820313,-0.0012250258587300777,0.0008971928618848324,-0.00048787263222038746
1746728888454823000,48.87282299804688,-0.00005749613046646118,-0.00043385522440075874,-0.0022077420726418495
1746728888464841000,48.882841064453125,-0.0009791809134185314,-0.001087886281311512,-0.0003180245403200388
1746728888474859000,48.89285888671875,0.0009129948448389769,-0.0019528809934854507,0.004552364349365234
1746728888484876800,48.90287670898437,-0.0019560479559004307,0.0009510205127298832,0.00022563128732144833
1746728888494895000,48.91289501953125,-0.001918763853609562,-0.001703884918242693,-0.0010745238978415728
1746728888504912000,48.922911865234376,0.0016566307749599218,0.00016783224418759346,0.0012219606433063745
1746728888514930000,48.93292993164062,0.0029874122701585293,0.001066382508724928,-0.0002427778672426939
1746728888524948000,48.942947998046876,0.0023368496913462877,-0.0010428978130221367,-0.0002405943814665079
1746728888534966000,48.95296606445312,0.00007502688094973564,-0.00022504106163978577,0.00019509880803525448
1746728888544983800,48.96298388671875,0.0005410895682871342,0.00029974477365612984,0.001362365554086864
1746728888555001000,48.9730009765625,-0.00020752521231770515,0.0005511469207704067,0.0017714271089062095
1746728888565019000,48.98301879882813,-0.0005441894754767418,0.0007041697390377522,0.00032589957118034363
1746728888575037000,48.99303686523437,-0.0004291408695280552,0.0007691504433751106,0.000219639390707016
1746728888585055000,49.00305493164063,-0.0006160130724310875,-0.0001933830790221691,0.001873687608167529
1746728888595073000,49.01307299804687,-0.00207329448312521,-0.0003960495814681053,-0.0010976011399179697
1746728888605089800,49.02308984375,0.0006384411826729774,0.0008707786910235882,-0.0007299976423382759
1746728888615108000,49.033108154296876,-0.0004167035222053528,0.0004167100414633751,0.002401346806436777
1746728888625126000,49.0431259765625,0.00028130318969488144,0.0015782611444592476,-0.0029510734602808952
1746728888635143700,49.053143798828124,-0.00004093954339623451,0.0016959728673100471,-0.0022956696338951588
1746728888645161700,49.06316162109375,-0.000705154612660408,-0.0009521688334643841,-0.0014257156290113926
1746728888655178800,49.0731787109375,-0.000373058021068573,0.002777322195470333,-0.0007354244589805603
1746728888665196500,49.08319653320312,0.0007658218964934349,0.0005583423189818859,0.0005935684312134981
1746728888675214800,49.09321484375,0.000052094459533691406,-0.00026617245748639107,-0.0011952768545597792
1746728888685232600,49.10323266601562,0.00043279724195599556,0.001210154965519905,-0.0014336330350488424
1746728888695250700,49.113250732421875,-0.0031182621605694294,-0.001988567877560854,0.0004915660247206688
1746728888705267700,49.123267822265625,-0.0014942805282771587,-0.0005744434893131256,0.00015283375978469849
1746728888715285800,49.13328564453125,0.0002189306542277336,0.0013278522528707981,0.00013845274224877357
1746728888725303600,49.14330346679687,0.0008085791487246752,-0.0008848514407873154,-0.002112535759806633
1746728888735321900,49.15332177734375,-0.0005214032717049122,0.0004914700984954834,-0.00037588831037282944
1746728888745339600,49.16333959960937,0.00003990437835454941,0.0018386836163699627,0.00020821811631321907
1746728888755356700,49.17335668945312,-0.0009689014405012131,-0.00042127491906285286,0.00024150777608156204
1746728888765374700,49.183374755859376,-0.0006691408343613148,0.0007899231277406216,-0.002058930229395628
1746728888775392800,49.19339282226562,-0.0003876443952322006,0.00005062948912382126,-0.00011482276022434235
1746728888785410600,49.20341064453125,-0.00033334922045469284,0.0011295238509774208,-0.00112200528383255
1746728888795428900,49.21342895507812,-0.0011437488719820976,0.0013399138115346432,-0.0020442581735551357
1746728888805445600,49.22344555664063,0.00036741048097610474,-0.0017869728617370129,-0.00009157578460872173
1746728888815463700,49.23346362304687,-0.00048559997230768204,-0.0025004337076097727,0.0013603797415271401
1746728888825481700,49.24348168945313,-0.002087766770273447,0.0009444584138691425,-0.0025394000113010406
1746728888835499800,49.25349975585937,0.0007072207517921925,-0.0017653079703450203,-0.00027944170869886875
1746728888845517600,49.263517578125,0.000003971625119447708,-0.00208455347456038,-0.001458452083170414
1746728888855534800,49.273534912109376,0.0006532501429319382,0.0006049727089703083,0.0009093643166124821
1746728888865552600,49.283552734375,0.0007067536935210228,-0.0016611432656645775,0.0005216957069933414
1746728888875570700,49.29357080078125,-0.000697797629982233,-0.000476303044706583,-0.001253301277756691
1746728888885588700,49.30358862304688,0.0014922742266207933,0.00012136390432715416,0.00020340550690889359
1746728888895606800,49.313606689453124,0.0004280749708414078,-0.0018874583765864372,-0.002177993068471551
1746728888905623600,49.32362353515625,0.0009361449629068375,-0.0012611043639481068,-0.00048750382848083973
1746728888915641900,49.33364184570313,0.0005819443613290787,0.0015930053777992725,0.0007279629353433847
1746728888925659600,49.34365966796875,0.0014447064604610205,0.0018549063242971897,-0.00041481456719338894
1746728888935677700,49.353677734375,0.0006777159869670868,-0.0017403610982000828,-0.0009583656210452318
1746728888945695700,49.36369580078125,-0.000299887266010046,0.0013946047984063625,-0.002544148126617074
1746728888955712800,49.37371264648438,0.0012956124264746904,0.0008334768936038017,0.00044764718040823936
1746728888965730600,49.38373046875,0.0010241188574582338,0.00021538510918617249,0.0007353366818279028
1746728888975748900,49.39374877929688,0.00063343346118927,-0.002477336907759309,-0.000780800823122263
1746728888985766700,49.4037666015625,0.0008626473136246204,-0.0011051683686673641,0.002782527357339859
1746728888995784700,49.41378466796875,-0.0007951701991260052,0.0000019078142940998077,0.0030134234111756086
1746728889005801700,49.4238017578125,0.001584494486451149,0.00041952403262257576,0.002085968153551221
1746728889015819800,49.43381982421875,-0.0006661429069936275,0.00019954703748226166,-0.00005867541767656803
1746728889025837600,49.443837646484376,0.00018339697271585464,-0.001029332634061575,0.002459305338561535
1746728889035856000,49.45385595703125,-0.0031985510140657425,0.0009046550840139389,0.001120800618082285
1746728889045873700,49.463873779296875,-0.0014577098190784454,-0.0020210056100040674,-0.0012880838476121426
1746728889055890700,49.473890625,-0.0009836670942604542,-0.0007568029686808586,0.0017463220283389091
1746728889065908700,49.48390869140625,0.000623025931417942,-0.0005505704320967197,0.003018344286829233
1746728889075926800,49.4939267578125,-0.00037699099630117416,0.00023053446784615517,0.001527240383438766
1746728889085944600,49.50394458007813,-0.0012231133878231049,-0.001949130091816187,0.0001139594241976738
1746728889095963000,49.513962890625,-0.0005527958273887634,0.002069047186523676,0.002462334930896759
1746728889105979600,49.52397973632812,0.000913306837901473,0.0009617931209504604,-0.000029487302526831627
1746728889115997700,49.533997802734376,0.0007159663364291191,-0.0007231892086565495,0.0009660022333264351
1746728889126015700,49.544015625,-0.0007869284600019455,0.00031628599390387535,0.001120707718655467
1746728889136033800,49.55403369140625,0.0030307131819427013,-0.00047467276453971863,-0.0010950423311442137
1746728889146051600,49.56405151367188,0.00019875401630997658,-0.00023966142907738686,-0.0011198364663869143
1746728889156068600,49.57406860351563,0.00006373180076479912,0.0003544897772371769,-0.0008170350920408964
1746728889166086700,49.584086669921874,-0.002521360758692026,-0.00028100283816456795,-0.0002669484820216894
1746728889176104700,49.59410473632813,0.00021690130233764648,-0.0009284173138439655,-0.00039344863034784794
1746728889186122800,49.60412280273437,-0.0007793093100190163,0.0010790158994495869,-0.000021254876628518105
1746728889196140800,49.61414086914063,-0.0006749136373400688,-0.0006376574747264385,-0.0003919668961316347
1746728889206157600,49.624157470703125,0.0015284852124750614,0.0004968307912349701,0.0007348600775003433
1746728889216175900,49.63417578125,-0.002700348384678364,-0.00034659216180443764,-0.0014681066386401653
1746728889226193700,49.644193603515625,-0.0031902138143777847,0.0009381421841681004,-0.0003680374938994646
1746728889236211700,49.65421166992188,0.00044872937723994255,0.00036662817001342773,0.0012157445307821035
1746728889246229800,49.664229736328124,0.0005033998750150204,-0.0018074656836688519,0.0008927888702601194
1746728889256246500,49.67424658203125,0.0012173932045698166,0.0007909806445240974,-0.001219097524881363
1746728889266264600,49.6842646484375,-0.0009695570915937424,-0.0004910584539175034,0.0003844283055514097
1746728889276283000,49.694282958984374,0.0018185062799602747,0.00028711697086691856,-0.00038975244387984276
1746728889286300700,49.70430078125,-0.0010205483995378017,-0.00012263329699635506,-0.00012136157602071762
1746728889296318700,49.71431860351562,-0.0010580988600850105,-0.0004121190868318081,-0.0007823582272976637
1746728889306335700,49.72433569335937,-0.0005380208604037762,-0.000006671994924545288,0.0027000345289707184
1746728889316353800,49.734353759765625,-0.0004741051234304905,0.002325724810361862,-0.00037698191590607166
1746728889326371600,49.74437158203125,0.0006000949069857597,-0.0007996330969035625,0.0038340738974511623
1746728889336390000,49.754389892578125,-0.00076717184856534,-0.0007849857211112976,0.0005922080017626286
1746728889346407700,49.76440771484375,-0.00043348874896764755,0.0022738631814718246,0.001029114006087184
1746728889356424400,49.774424560546876,0.00098091596737504,0.001607540063560009,0.0024533725809305906
1746728889366442800,49.78444287109375,-0.00074399309232831,0.0011578761041164398,0.0017464753473177552
1746728889376460800,49.794460693359376,0.0020001279190182686,-0.00001604529097676277,-0.0009896561969071627
1746728889386478600,49.804478515625,-0.002499859780073166,0.0005383999086916447,-0.0009554733987897635
1746728889396497000,49.814496826171876,0.001355598447844386,0.0000326656736433506,0.00014095008373260498
1746728889406513700,49.824513671875,0.0009343607816845179,-0.0004891194403171539,0.000517670065164566
1746728889416531500,49.83453149414063,0.0013791087549179792,-0.001539736520498991,0.0005648080259561539
1746728889426549800,49.8445498046875,-0.00027030380442738533,0.000851210206747055,0.001426270930096507
1746728889436567800,49.85456787109375,-0.000906266737729311,-0.0010337750427424908,-0.0013572650495916605
1746728889446585600,49.86458569335937,0.00048394734039902687,-0.0012270291335880756,-0.0016642585396766663
1746728889456602600,49.8746025390625,0.0007776939310133457,-0.0008877427317202091,-0.002526590134948492
1746728889466620700,49.88462060546875,0.0003864886239171028,0.0020879865624010563,-0.00099613843485713
1746728889476638700,49.894638671875,-0.00047770701348781586,0.001638977788388729,-0.001522911712527275
1746728889486656800,49.90465673828125,0.0015641208738088608,0.0010741124860942364,0.001389209763146937
1746728889496673500,49.914673583984374,0.0013212405610829592,0.0018879747949540615,0.000010491348803043365
1746728889506691600,49.92469165039063,0.0038392916321754456,-0.0008690771646797657,0.0020761732012033463
1746728889516709600,49.934709716796874,-0.00007342454046010971,-0.0006200713105499744,0.0019281012937426567
1746728889526727700,49.94472778320313,-0.0018269461579620838,0.0014730538241565228,-0.0022662519477307796
1746728889536745700,49.954745849609374,0.0005390061996877193,0.0017106076702475548,-0.0013253572396934032
1746728889546762800,49.9647626953125,0.0014663953334093094,0.00031088804826140404,0.00013923668302595615
1746728889556780500,49.974780517578125,-0.0032082516700029373,0.000854971818625927,-0.000248519703745842
1746728889566798600,49.98479858398437,0.0008543303702026606,0.0021189101971685886,0.00024326122365891933
1746728889576817000,49.99481689453125,-0.002356376498937607,-0.0000299941748380661,0.001628104830160737
1746728889586834700,50.00483471679688,0.0006067156791687012,-0.0005819667130708694,0.0019913651049137115
1746728889596851700,50.01485180664063,-0.0016969186253845692,0.0013405689969658852,-0.00026486488059163094
1746728889606869800,50.024869873046875,-0.000733647495508194,0.0004136357456445694,-0.0004141414538025856
1746728889616887600,50.034887451171876,-0.00045454828068614006,-0.0006375140510499477,-0.0024772922042757273
1746728889626905600,50.04490551757812,0.0006247260607779026,-0.00040225032716989517,-0.0002485625445842743
1746728889636923600,50.054923583984376,0.00010061590000987053,0.0010028332471847534,0.0006017847917973995
1746728889646940700,50.064940673828126,0.00031366292387247086,0.0001339241862297058,0.004139111842960119
1746728889656958500,50.07495849609375,-0.002386515960097313,-0.0002620876766741276,0.0006261360831558704
1746728889666976800,50.084976806640626,0.0018440664280205965,-0.00020491844043135643,-0.000538514694198966
1746728889676994600,50.09499462890625,0.00042753107845783234,0.0006326460279524326,-0.0006865866016596556
1746728889687012600,50.1050126953125,-0.0010099182836711407,0.00008381949737668037,0.000027331523597240448
1746728889697029600,50.11502954101562,-0.0007071169093251228,0.0008265748620033264,0.0014324153307825327
1746728889707047700,50.12504760742188,-0.0018999534659087658,-0.00006629433482885361,0.00011378014460206032
1746728889717065500,50.1350654296875,-0.001871191430836916,0.0008900468237698078,0.0020514964126050472
1746728889727083800,50.14508374023438,0.002577822655439377,-0.00017656618729233742,0.0002649696543812752
1746728889737101600,50.1551015625,0.0008678068406879902,0.0009198570623993874,0.00002368725836277008
1746728889747118600,50.16511865234375,0.0007187826558947563,0.0028033903799951077,-0.0020071768667548895
1746728889757136600,50.17513671875,-0.0007635327056050301,0.001047035213559866,0.0026139402762055397
1746728889767154700,50.18515478515625,0.00004688696935772896,0.0020757424645125866,0.0005387950222939253
1746728889777172500,50.19517236328125,-0.00047242967411875725,-0.0010920874774456024,-0.0031278450042009354
1746728889787190800,50.20519067382813,-0.0012568868696689606,0.001428830437362194,0.0015390892513096333
1746728889797207600,50.21520751953125,0.0006510019302368164,-0.0014974507503211498,-0.0018636318854987621
1746728889807225600,50.2252255859375,-0.00032271211966872215,0.003271618392318487,0.0011755635496228933
1746728889817243600,50.23524365234375,0.0010400274768471718,0.002456424292176962,-0.0008436450734734535
1746728889827261700,50.24526171875,-0.0010365191847085953,-0.0002612164244055748,-0.0007754447869956493
1746728889837279500,50.255279541015625,-0.001605902798473835,0.0014362828806042671,0.002223540795966983
1746728889847296800,50.265296875,-0.0019683009013533592,-0.000257828738540411,0.0037359949201345444
1746728889857314600,50.275314453125,0.0009443985763937235,-0.00039285141974687576,-0.0007085548713803291
1746728889867332600,50.28533251953125,-0.0010798769071698189,0.00019334815442562103,0.0008659090381115675
1746728889877350700,50.2953505859375,-0.0006646900437772274,-0.0008804383687674999,-0.0009192076977342367
1746728889887368700,50.30536865234375,0.000489434227347374,0.000716053880751133,-0.00026214192621409893
1746728889897385500,50.31538549804687,0.00015494134277105331,-0.002981745172291994,0.00013866368681192398
1746728889907403800,50.32540380859375,0.001003907760605216,0.0030398755334317684,-0.00017901905812323093
1746728889917421600,50.33542163085937,-0.0006041089072823524,-0.0007223724387586117,0.0025856085121631622
1746728889927439600,50.345439697265626,-0.0023269010707736015,-0.0008632009848952293,0.0014606874901801348
1746728889937457700,50.35545776367187,0.00015250174328684807,0.00008328678086400032,0.004981919191777706
1746728889947474400,50.36547436523438,0.0005742046050727367,-0.0005589243955910206,-0.001457638805732131
1746728889957492500,50.37549243164062,-0.0003863978199660778,-0.00029873335734009743,-0.0003092838451266289
1746728889967510800,50.3855107421875,0.0014675348065793514,-0.0009744009003043175,0.0015177711611613631
1746728889977528600,50.39552856445312,-0.0006400905549526215,0.0008131125941872597,0.0027263136580586433
1746728889987546600,50.40554663085938,-0.0007486403919756413,0.0005197720602154732,-0.0025972523726522923
1746728889997563600,50.415563720703126,-0.0014328062534332275,0.0016454900614917278,0.0004685784224420786
1746728890007581700,50.42558178710937,0.002744383877143264,-0.0008996091783046722,-0.00040582497604191303
1746728890017599500,50.435599609375,0.00026870938017964363,-0.0006151837296783924,-0.0010258087422698736
1746728890027617800,50.44561767578125,0.0009395487140864134,0.0006091608665883541,-0.0005536484532058239
1746728890037634600,50.45563452148438,0.000042329542338848114,0.001160967629402876,0.0003816538956016302
1746728890047652600,50.465652587890624,0.00033537112176418304,0.00034197745844721794,0.000010794959962368011
1746728890057670700,50.47567065429688,-0.0019139344803988934,0.0012423922307789326,0.0008654033299535513
1746728890067688700,50.48568872070312,0.0009292375762015581,0.0017533949576318264,0.0015848242910578847
1746728890077706500,50.49570654296875,-0.00034188898280262947,0.0017169099301099777,0.0015280989464372396
1746728890087723500,50.5057236328125,0.00020078197121620178,-0.0029302763286978006,-0.00020084832794964314
1746728890097741600,50.51574145507813,0.0005967942997813225,-0.0007195863872766495,0.0014247451908886433
1746728890107759600,50.525759521484375,0.0030597776640206575,0.0005638585425913334,0.001092392485588789
1746728890117777700,50.53577758789063,0.0019311299547553062,0.00281396321952343,0.0013342075981199741
1746728890127795700,50.545795654296874,-0.00008786004036664963,0.00035889260470867157,0.0023074301425367594
1746728890137812700,50.555812744140624,0.00008924026042222977,0.00007286900654435158,-0.000389020424336195
1746728890147830500,50.56583056640625,0.0019256204832345247,0.0007331082597374916,0.0005705140065401793
1746728890157848600,50.5758486328125,0.00010801292955875397,-0.0005894177593290806,-0.00009820587001740932
1746728890167866600,50.58586669921875,0.0005709091201424599,-0.0005841911770403385,0.0008621031884104013
1746728890177884700,50.595884765625,-0.0001414865255355835,-0.001787140965461731,-0.0008676201105117798
1746728890187901400,50.6059013671875,0.0029823575168848038,0.001184391789138317,0.0011512965429574251
1746728890197919500,50.61591943359375,-0.0007868143729865551,0.00022671883925795555,0.0022623674012720585
1746728890207937500,50.6259375,0.0015729810111224651,0.0001521059311926365,-0.00024568825028836727
1746728890217955600,50.63595556640625,-0.0020425263792276382,0.0004141610115766525,0.0007692426443099976
1746728890227973600,50.6459736328125,-0.0010550380684435368,-0.001308143138885498,0.0024210182018578053
1746728890237990700,50.65599072265625,0.0005132975056767464,-0.0008586016483604908,-0.000843751011416316
1746728890248008400,50.66600854492187,0.00003848271444439888,0.0011536660604178905,-0.00027227913960814476
1746728890258026500,50.676026611328126,-0.0006099971942603588,0.0022735251113772392,-0.0022733781952410936
1746728890268044800,50.686044921875,0.000539753120392561,-0.0008461768738925457,0.000019629253074526787
1746728890278062600,50.6960625,0.00023348955437541008,-0.001810773741453886,-0.003076561726629734
1746728890288079600,50.70607958984375,0.0018090519588440657,-0.0015521859750151634,0.0005923253484070301
1746728890298097700,50.71609765625,0.0016679044347256422,-0.0006800005212426186,-0.00021354714408516884
1746728890308115500,50.726115478515624,0.0007926188409328461,0.0009844154119491577,0.0028866224456578493
1746728890318133500,50.73613354492188,-0.00043563125655055046,0.00018147239461541176,0.00019682967104017735
1746728890328151800,50.74615185546875,0.0016288910992443562,0.001312286127358675,-0.0006478177383542061
1746728890338168600,50.75616845703125,-0.0005098935216665268,0.0000872323289513588,0.00021984009072184563
1746728890348186400,50.766186279296875,0.0015243967063724995,0.0003530462272465229,0.001219860976561904
1746728890358204700,50.77620458984375,-0.0019829864613711834,0.00003346707671880722,0.0013359748991206288
1746728890368222700,50.78622265625,0.0014626765623688698,-0.0003819502890110016,0.0008377705235034227
1746728890378239700,50.79623974609375,0.0005207164213061333,-0.000513510312885046,0.0006771818734705448
1746728890388257500,50.80625756835938,-0.00023237429559230804,0.0017696423456072807,0.0008508670143783092
1746728890398275600,50.816275634765624,0.0005388767458498478,0.0018125195056200027,0.002474862616509199
1746728890408293400,50.82629345703125,-0.0008344342932105064,0.0010407106019556522,0.0010365305934101343
1746728890418311700,50.836311767578124,0.0005317670293152332,-0.0001694299280643463,-0.0010505884420126677
1746728890428328400,50.84632836914062,-0.00044286856427788734,0.0028549875132739544,-0.0011316912714391947
1746728890438346800,50.8563466796875,0.001079128123819828,0.002158836927264929,0.004136840347200632
1746728890448364500,50.86636450195312,0.00029257405549287796,-0.00027580559253692627,-0.00002663908526301384
1746728890458382600,50.876382568359375,0.00081668421626091,-0.0018880832940340042,-0.00021092966198921204
1746728890468400400,50.886400390625,0.00019415980204939842,-0.0006707683205604553,0.00011679856106638908
1746728890478417700,50.89641772460938,-0.0021656672470271587,-0.002621533814817667,0.0010821945033967495
1746728890488435500,50.906435546875,0.00130801135674119,0.000004732515662908554,0.0016041048802435398
1746728890498453500,50.91645361328125,-0.00023795384913682938,0.0006199227645993233,-0.000043326523154973984
1746728890508471600,50.92647143554687,0.00014169979840517044,0.000571107491850853,0.0020438386127352715
1746728890518489600,50.936489501953126,-0.0010197046212852001,-0.0001759091392159462,0.0016323801828548312
1746728890528506600,50.946506591796876,0.0014437173958867788,-0.001138308085501194,-0.00028320495039224625
1746728890538524700,50.95652465820312,-0.00027828244492411613,0.00073655741289258,-0.002468062099069357
1746728890548542500,50.96654248046875,-0.0014691748656332493,0.0003273296169936657,0.0009054192341864109
1746728890558560500,50.976560546875,0.00041501130908727646,0.0016650357283651829,-0.0010946146212518215
1746728890568578600,50.98657861328125,0.00041769398376345634,-0.0010073543526232243,0.0011867955327033997
1746728890578595600,50.996595703125,-0.0001426353119313717,0.0006944057531654835,-0.0008827471174299717
1746728890588613600,51.00661352539063,0.0006332853808999062,-0.0029048656579107046,-0.003745695808902383
1746728890598631700,51.01663159179687,-0.0003406326286494732,-0.0008747377432882786,-0.0012026431504637003
1746728890608649500,51.0266494140625,0.002857563551515341,-0.0018366915173828602,-0.0024111014790832996
1746728890618667500,51.03666748046875,0.0020530226174741983,0.0020592468790709972,-0.00334560452029109
1746728890628685000,51.04668505859375,-0.0009582904167473316,0.0007759928703308105,0.0007667220197618008
1746728890638702800,51.056702880859376,-0.0007327208295464516,-0.0008562589064240456,0.0020154782105237246
1746728890648721000,51.06672094726562,-0.0008465913124382496,0.0005868496373295784,0.00021205563098192215
1746728890658739000,51.076739013671876,0.0005228058435022831,0.001809507142752409,-0.0004971441812813282
1746728890668756000,51.086755859375,0.0008591380901634693,-0.000022386200726032257,0.0024004557635635138
1746728890678773800,51.09677368164063,-0.00013422127813100815,0.0006306208670139313,-0.0012573960702866316
1746728890688792000,51.1067919921875,0.0009970997925847769,-0.0010413853451609612,-0.000013141892850399017
1746728890698809900,51.11680981445313,0.0008924375288188457,-0.0009250054135918617,0.00076343584805727
1746728890708828000,51.12682788085937,0.0021421995479613543,-0.0027018021792173386,-0.00010798522271215916
1746728890718845000,51.13684497070312,0.0014873282052576542,0.0012215669266879559,0.0011354447342455387
1746728890728863000,51.14686303710938,-0.0008238190785050392,-0.0002708607353270054,0.00011692708358168602
1746728890738880800,51.156880859375,0.00019697053357958794,0.0006159720942378044,0.0011478366795927286
1746728890748899000,51.16689916992188,-0.0013092532753944397,-0.00033099250867962837,-0.0005052590277045965
1746728890758916900,51.17691674804688,0.00012805499136447906,-0.0004665474407374859,0.0015568266389891505
1746728890768934000,51.18693383789063,-0.001163071021437645,0.0002276240848004818,-0.0012589229736477137
1746728890778952000,51.196951904296874,-0.0005279071629047394,-0.00031859008595347404,-0.00023520411923527718
1746728890788970000,51.20696997070313,-0.0007066922262310982,-0.0009394269436597824,0.00014939205721020699
1746728890798987800,51.21698779296875,-0.0013266759924590588,-0.0002011987380683422,-0.0023308098316192627
1746728890809006000,51.22700610351563,-0.00047321850433945656,-0.0007369238883256912,0.00045365141704678535
1746728890819022800,51.23702294921875,0.00011880183592438698,-0.0018447989132255316,-0.00189525680616498
1746728890829041000,51.247041015625,-0.0009397701360285282,-0.0003455844707787037,0.0008846956770867109
1746728890839059000,51.257058837890625,0.00027676159515976906,-0.00015543494373559952,0.0012117319274693727
1746728890849077000,51.26707690429687,-0.0007655373774468899,0.0001622322015464306,-0.0009634678717702627
1746728890859094800,51.2770947265625,0.0013881607446819544,0.0018408223986625671,0.0011476199142634869
1746728890869112000,51.287112060546875,-0.0014595971442759037,0.001371924765408039,-0.00003696419298648834
1746728890879129900,51.2971298828125,0.0016144898254424334,0.002574875019490719,-0.0009094155393540859
1746728890889148000,51.30714794921875,0.0006974074058234692,-0.00141166802495718,-0.0011346880346536636
1746728890899166000,51.317166015625,-0.0001614619977772236,0.0005319071933627129,0.0028033284470438957
1746728890909183000,51.327182861328126,-0.0004305732436478138,0.00009684311226010323,0.0006745066493749619
1746728890919201000,51.33720092773437,0.00037450017407536507,-0.001435806043446064,0.0015554804122075438
1746728890929219000,51.347218994140626,-0.0004052170552313328,0.0016752108931541443,0.0009143236093223095
1746728890939236900,51.35723681640625,0.0021255849860608578,-0.0006840834394097328,0.0003209714777767658
1746728890949255000,51.3672548828125,-0.0015676571056246758,-0.0006477511487901211,-0.001671994337812066
1746728890959272000,51.37727197265625,0.00029176194220781326,0.0002910131588578224,0.00197600363753736
1746728890969290000,51.3872900390625,0.0005002734251320362,0.005148649215698242,-0.0009512356482446194
1746728890979307800,51.39730786132812,0.00232160952873528,0.0013973210006952286,0.0020703868940472603
1746728890989326000,51.407326171875,-0.0009972937405109406,0.0014968300238251686,-0.0015870812349021435
1746728890999343900,51.41734375,-0.0003115297295153141,0.0028995168395340443,-0.0009809457696974277
1746728891009361200,51.42736108398437,-0.0008660345338284969,0.0016864314675331116,-0.0015164162032306194
1746728891019379000,51.43737890625,-0.000027138739824295044,0.0035714167170226574,0.0016170592280104756
1746728891029397000,51.44739697265625,-0.003055454697459936,0.004244291689246893,0.00033075595274567604
1746728891039414800,51.457414794921874,-0.0013552927412092686,0.007662725169211626,-0.0040682535618543625
1746728891049433000,51.46743310546875,0.0013055701274424791,0.00338973430916667,-0.0025324930902570486
1746728891059449900,51.47744995117188,0.0004046228714287281,0.0021889149211347103,-0.0006043645553290844
1746728891069468000,51.487468017578124,0.0017723345663398504,0.0003788946196436882,0.00026690377853810787
1746728891079486000,51.49748583984375,-0.0019289269112050533,-0.000907145906239748,0.0005800914950668812
1746728891089504000,51.50750390625,-0.0010848441161215305,0.002820315770804882,-0.00514230877161026
1746728891099521800,51.517521728515625,0.0019263920839875937,0.0014133681543171406,-0.003365713870152831
1746728891109539000,51.5275390625,-0.002558506093919277,0.004040129017084837,0.0008711754344403744
1746728891119556900,51.53755688476563,0.000014107674360275269,0.0007489947602152824,0.0015779782552272081
1746728891129575000,51.547574951171875,-0.0003576553426682949,-0.0009281826205551624,-0.0008027194999158382
1746728891139593000,51.55759301757813,0.00003303028643131256,-0.0006631980650126934,0.001789867877960205
1746728891149610000,51.56760986328125,-0.00021834205836057663,0.0017178095877170563,0.00003412412479519844
1746728891159628000,51.5776279296875,-0.001994138117879629,0.002279736567288637,0.0016056554159149528
1746728891169646000,51.58764599609375,-0.0008914885111153126,-0.0036598441656678915,0.0034259390085935593
1746728891179664000,51.59766381835937,0.00007097795605659485,-0.00001424318179488182,0.00023307534866034985
1746728891189682000,51.607681884765626,-0.0011515282094478607,0.0016475985758006573,0.0005055733490735292
1746728891199699000,51.617698974609375,0.0008517014794051647,-0.0002991724759340286,0.0011444657575339079
1746728891209717000,51.62771704101562,0.0007979422807693481,0.0007035923190414906,0.001955523155629635
1746728891219734800,51.63773486328125,0.0006754370406270027,-0.003015511902049184,0.002547810086980462
1746728891229753000,51.64775317382812,-0.001056948211044073,-0.00316906557418406,0.0026888761203736067
1746728891239771000,51.65777099609375,0.0008059325627982616,-0.00011122412979602814,0.002882754197344184
1746728891249788200,51.6677880859375,-0.0005093114450573921,-0.0015409793704748154,-0.0004419616889208555
1746728891259806000,51.677805908203126,0.0017120314296334982,0.0018303166143596172,0.0008342249784618616
1746728891269824000,51.68782397460937,0.001781997736543417,-0.0031344445887953043,0.003102098824456334
1746728891279841800,51.697841796875,0.002109833061695099,-0.0018428112380206585,0.000900730025023222
1746728891289860000,51.70786010742187,0.0010345873888581991,-0.002543866168707609,-0.00003739167004823685
1746728891299876900,51.717876953125,-0.0032150191254913807,-0.0013233395293354988,-0.00044219219125807285
1746728891309895000,51.72789501953125,0.00022448133677244186,-0.007355330511927605,0.0018764854175969958
1746728891319913000,51.73791284179688,0.0011525931768119335,-0.023861335590481758,0.010545074939727783
1746728891329931000,51.747930908203124,-0.0006800983101129532,-0.00862148217856884,0.002815880812704563
1746728891339948000,51.75794799804687,0.002317555481567979,-0.005418231710791588,0.0021117411088198423
1746728891349965800,51.7679658203125,0.0009022695012390614,-0.002017857739701867,-0.0015314617194235325
1746728891359983900,51.77798388671875,0.003156369086354971,-0.001371508464217186,-0.0028894073329865932
1746728891370002000,51.788001953125,-0.0017053079791367054,-0.0018405551090836525,0.0002453508786857128
1746728891380020000,51.79802001953125,0.001289416803047061,-0.0009348141029477119,0.00016359193250536919
1746728891390036700,51.80803662109375,0.0009513841941952705,0.0004707295447587967,-0.002120180753991008
1746728891400055000,51.818054931640624,0.0006970525719225407,-0.0014936183579266071,0.0005480402614921331
1746728891410073000,51.82807299804688,0.0003271549940109253,0.00009483704343438148,0.0002771464642137289
1746728891420091000,51.8380908203125,0.0007463362999260426,-0.0023704511113464832,-0.0019090427085757256
1746728891430109000,51.84810888671875,0.000022879336029291153,0.0010128193534910679,0.0007660475093871355
1746728891440126000,51.8581259765625,0.0018040011636912823,0.00003863545134663582,0.0003828187473118305
1746728891450143700,51.86814379882812,0.0005126995965838432,-0.0022266292944550514,-0.0013084441889077425
1746728891460162000,51.878162109375,-0.000030052848160266876,-0.001002107746899128,0.0005091631319373846
1746728891470180000,51.88818017578125,0.0009728290606290102,-0.0004516011103987694,0.0030971141532063484
1746728891480198000,51.898197998046875,-0.00039070937782526016,-0.0006550666876137257,-0.00025127828121185303
1746728891490215000,51.90821484375,-0.000046743545681238174,0.0023277695290744305,0.00045680440962314606
1746728891500233000,51.91823291015625,-0.0007120007649064064,0.001651326660066843,0.0009854419622570276
1746728891510251000,51.9282509765625,0.0030620479956269264,-0.00004091672599315643,0.0005352639127522707
1746728891520268800,51.938268798828126,0.00006146449595689774,0.00001660780981183052,-0.0002583581954240799
1746728891530285800,51.948285888671876,-0.00022368691861629486,0.001544056460261345,-0.001996497856453061
1746728891540304000,51.95830395507812,0.00046260980889201164,0.0000268532894551754,0.00017664139159023762
1746728891550322000,51.968322021484376,0.001968884374946356,0.0007724547758698463,-0.00010554632171988487
1746728891560340000,51.97834008789062,0.001936660148203373,0.003318703267723322,-0.00043258233927190304
1746728891570358000,51.98835791015625,-0.0009864484891295433,0.001434418372809887,-0.0010442587081342936
1746728891580375000,51.998375,0.0014764426741749048,-0.002005320508033037,-0.000400306424126029
1746728891590392800,52.00839282226563,0.0008952445350587368,-0.010473246686160564,0.005913621746003628
1746728891600411000,52.01841088867187,-0.0018126578070223331,0.0004017716273665428,-0.0007344274781644344
1746728891610429000,52.02842895507813,-0.001264745369553566,0.004903845023363829,-0.0031738830730319023
1746728891620447000,52.03844702148437,0.000646605622023344,0.0026878290809690952,-0.000581828411668539
1746728891630464300,52.04846435546875,-0.00004416424781084061,0.001333639957010746,0.00036530266515910625
1746728891640482300,52.058482421875,-0.0004937057383358479,0.005258340388536453,-0.0019319402053952217
1746728891650500400,52.06850024414062,-0.0007459688931703568,0.0020439736545085907,0.0020493229385465384
1746728891660518100,52.07851806640625,-0.0021095075644552708,-0.006273077800869942,0.004690912552177906
1746728891670535400,52.088535400390626,0.0009639938361942768,-0.00487170834094286,0.0015399156836792827
1746728891680553200,52.09855322265625,0.0003679785877466202,-0.0008838907815515995,0.002185465767979622
1746728891690571300,52.1085712890625,0.0009316771756857634,-0.001139344647526741,0.000984111800789833
1746728891700589000,52.11858911132813,-0.00011893967166543007,0.003689499106258154,-0.0005501352716237307
1746728891710607400,52.128607421875,-0.0005445778369903564,0.014497773721814156,-0.008026487194001675
1746728891720624000,52.1386240234375,-0.0008404552936553955,0.02222440205514431,-0.009859008714556694
1746728891730642400,52.14864233398438,0.0005935681983828545,0.0014770086854696274,-0.0003322400152683258
1746728891740660200,52.15866015625,0.0009986350778490305,0.0016839359886944294,0.002957030199468136
1746728891750678300,52.16867822265625,0.0010666754096746445,0.00032990844920277596,0.002320431172847748
1746728891760696000,52.17869604492188,0.0020704208873212337,0.001931533683091402,0.0025481313932687044
1746728891770713300,52.18871337890625,0.00028672534972429276,-0.0006869644857943058,0.0009431047365069389
1746728891780731100,52.198731201171874,0.0005453182384371758,0.0002547292970120907,-0.0014894267078489065
1746728891790749200,52.20874926757813,-0.0001160772517323494,-0.001923530362546444,-0.0022747947368770838
1746728891800767200,52.218767333984374,-0.0019603162072598934,-0.0008974145166575909,0.002709045074880123
1746728891810785300,52.22878540039063,-0.0031464463099837303,-0.001616345252841711,0.0017226140480488539
1746728891820802300,52.23880224609375,0.001289847306907177,-0.001955898478627205,0.000753223430365324
1746728891830820400,52.2488203125,0.0008721551857888699,-0.0023142676800489426,0.0014060051180422306
1746728891840838100,52.258838134765625,0.000971224857494235,-0.00020344601944088936,0.0014645947376266122
1746728891850856200,52.26885620117187,-0.0003788028843700886,-0.001744372770190239,0.0028788975905627012
1746728891860873200,52.27887329101563,-0.0001223403960466385,-0.001698832493275404,-0.002507878467440605
1746728891870891300,52.288891357421875,-0.000002923887223005295,-0.0015629380941390991,-0.000052120303735136986
1746728891880909300,52.29890942382813,-0.0013736528344452381,-0.0026303331833332777,0.0008336470928043127
1746728891890927400,52.30892724609375,0.00006899610161781311,-0.0116417296230793,0.002905850997194648
1746728891900945200,52.318945068359376,0.0004998953081667423,-0.01185078825801611,0.004345555789768696
1746728891910962200,52.328962158203126,0.0004776306450366974,-0.0032040297519415617,0.0008973414078354836
1746728891920980200,52.33898022460937,0.0029940514359623194,-0.0026594132650643587,-0.0013309256173670292
1746728891930998300,52.348998291015626,0.0009528943337500095,-0.004883159417659044,0.0033074470702558756
1746728891941016300,52.35901635742187,0.00040508201345801353,-0.0006426079198718071,0.00021951179951429367
1746728891951034400,52.369034423828126,-0.000955432653427124,-0.002035261830314994,0.0018039331771433353
1746728891961051100,52.37905102539062,0.00171598419547081,-0.0011028889566659927,0.0014622496673837304
1746728891971069400,52.3890693359375,0.000725459773093462,-0.0017592133954167366,0.0011755968444049358
1746728891981087200,52.39908715820312,0.001017342321574688,-0.00020499248057603836,-0.0015208537224680185
1746728891991105300,52.40910522460938,0.0013074546586722136,-0.0017914888449013233,-0.0005665982607752085
1746728892001123000,52.419123046875,0.0003500482998788357,-0.00006016809493303299,-0.0004206569865345955
1746728892011140000,52.42914013671875,-0.0006893277168273926,-0.00018866080790758133,0.0015619610203430057
1746728892021158100,52.439158203125,0.0030470872297883034,-0.00018919352442026138,0.0007113474421203136
1746728892031176400,52.44917651367187,0.0009502919856458902,-0.0021353031042963266,0.001541293691843748
1746728892041194200,52.4591943359375,0.0005918308161199093,0.002123624086380005,0.0022861799225211143
1746728892051211000,52.4692109375,-0.0009401491843163967,-0.0016505643725395203,0.0009952920954674482
1746728892061229300,52.47922924804688,0.0005530850030481815,0.00038089463487267494,0.00036012823693454266
1746728892071247400,52.489247314453124,-0.00184586551040411,-0.00029325857758522034,0.0006940935272723436
1746728892081265200,52.49926513671875,0.0015587196685373783,-0.0012791608460247517,0.0015532292891293764
1746728892091283200,52.509283203125,0.0003905263729393482,-0.0011975527741014957,-0.0009088593069463968
1746728892101300200,52.51930029296875,0.000978552270680666,-0.00012243445962667465,-0.00026916805654764175
1746728892111318000,52.529318115234375,-0.00087742879986763,-0.00044302549213171005,0.0012701873201876879
1746728892121336300,52.53933642578125,-0.0023754569701850414,-0.0007247878238558769,-0.000725319143384695
1746728892131354400,52.549354248046875,0.002836178056895733,0.0002520172856748104,-0.0002930755726993084
1746728892141372200,52.5593720703125,-0.0018752203322947025,0.00059476587921381,0.001189239788800478
1746728892151389200,52.56938916015625,-0.0008122054859995842,-0.0014226483181118965,0.000322059728205204
1746728892161407200,52.5794072265625,0.000443208497017622,-0.00036191148683428764,0.001717023435048759
1746728892171425000,52.589425048828126,-0.001328561920672655,-0.0006703748367726803,0.00034840311855077744
1746728892181443300,52.599443359375,0.0025711047928780317,-0.0016967570409178734,0.0001947388518601656
1746728892191460000,52.60946020507812,-0.0008866451680660248,-0.000004893168807029724,-0.0011025010608136654
1746728892201478100,52.61947802734375,-0.0021250154823064804,-0.0011106375604867935,0.0010607847943902016
1746728892211496200,52.62949609375,0.00041636545211076736,-0.0023753726854920387,0.0023956429213285446
1746728892221514200,52.63951416015625,-0.00023131538182497025,-0.0011998536065220833,0.0010227833408862352
1746728892231532300,52.6495322265625,0.0010121464729309082,-0.0010396270081400871,-0.0009921067394316196
1746728892241549300,52.65954931640625,0.0006816480308771133,-0.001872930210083723,-0.0006698642391711473
1746728892251567000,52.66956713867187,0.00016077235341072083,0.001982497051358223,0.001284313853830099
1746728892261585200,52.679585205078126,-0.0002671978436410427,-0.0016545820981264114,-0.00279538263566792
1746728892271603200,52.68960327148437,0.00036092568188905716,0.001184370368719101,-0.0012228298000991344
1746728892281621200,52.699621337890626,0.001317266607657075,0.0010983501560986042,-0.001063306350260973
1746728892291638000,52.709637939453124,-0.0006299177184700966,0.00043161166831851006,-0.0008275904692709446
1746728892301656300,52.71965625,-0.0005130046047270298,-0.0001849103718996048,0.0008350207936018705
1746728892311674000,52.729674072265624,0.0006721359677612782,0.0004638233222067356,0.001054716994985938
1746728892321692200,52.73969213867188,-0.0008517247624695301,0.00003665219992399216,0.004498983267694712
1746728892331709200,52.74970922851563,-0.0010060728527605534,0.0012710276059806347,0.002909768372774124
1746728892341727200,52.75972729492187,0.0005721161141991615,0.000612960197031498,-0.0023848621640354395
1746728892351745000,52.7697451171875,0.0015653192531317472,0.0002813544124364853,-0.0015822125133126974
1746728892361763300,52.77976342773437,0.0007131076417863369,0.001965803559869528,0.0013504603412002325
1746728892371781000,52.789781005859375,-0.0018396792002022266,0.00037864455953240395,-0.0008879562374204397
1746728892381798100,52.799798095703125,0.000024267472326755524,0.001395439263433218,-0.000017102574929594994
1746728892391816200,52.80981616210938,-0.0021239877678453922,-0.0008987030014395714,-0.0004877871833741665
1746728892401834200,52.819834228515624,0.0003181304782629013,-0.0006523607298731804,-0.0011959215626120567
1746728892411852000,52.82985205078125,-0.0007172422483563423,0.0017311605624854565,0.0011386005207896233
1746728892421870300,52.839870361328124,-0.0001427982933819294,0.002508537843823433,0.0023466104175895452
1746728892431887000,52.84988720703125,0.0005093016661703587,0.00339133245870471,0.00018413853831589222
1746728892441905200,52.8599052734375,0.0017905484419316053,0.002035516779869795,-0.0027626492083072662
1746728892451923200,52.86992309570312,-0.0010993275791406631,-0.0010250527411699295,0.0008078280370682478
1746728892461941200,52.879941162109375,-0.0007917326875030994,-0.0002655191347002983,0.0004395130090415478
1746728892471958300,52.889958251953125,-0.0007675271481275558,0.0009146006777882576,-0.00200968817807734
1746728892481976300,52.89997631835938,0.00137338787317276,-0.00042097456753253937,-0.0015950340311974287
1746728892491994000,52.909994140625,0.00003247009590268135,0.0008270358666777611,0.0006081645842641592
1746728892502012200,52.92001220703125,0.0010018607135862112,-0.0016289311461150646,-0.0009894657414406538
1746728892512030200,52.9300302734375,0.00035777268931269646,-0.0008132834918797016,-0.00246728234924376
1746728892522047200,52.94004711914062,-0.0030851620249450207,0.0016464120708405972,-0.00022223754785954952
1746728892532065300,52.950065185546876,-0.002379524987190962,0.0006998591125011444,-0.001584100304171443
1746728892542083300,52.96008325195312,-0.00047136982902884483,0.0001427261158823967,-0.0023878419306129217
1746728892552101000,52.97010107421875,0.0008696650620549917,-0.0008091870695352554,-0.0011641154997050762
1746728892562119200,52.980119140625,-0.000709855929017067,0.0018329350277781487,-0.0016296361573040485
1746728892572136200,52.99013623046875,0.0005240230821073055,-0.0005117221735417843,-0.0021713455207645893
1746728892582154200,53.000154296875,-0.0005313875153660774,0.000729577150195837,0.00013947929255664349
1746728892592172000,53.01017211914063,0.0018232022412121296,0.0008900151588022709,0.00013230065815150738
1746728892602190300,53.0201904296875,-0.0003486056812107563,0.000546999741345644,-0.002203823998570442
1746728892612207000,53.03020703125,0.00007595401257276535,0.00003170222043991089,-0.0031808926723897457
1746728892622225400,53.04022534179688,0.0017662625759840012,-0.002521204063668847,0.004475961904972792
1746728892632243000,53.05024291992188,-0.000020932871848344803,0.0012639663182199001,0.0002926969900727272
1746728892642261000,53.060260986328124,-0.002318175509572029,-0.0004244777373969555,-0.0003736258950084448
1746728892652278800,53.07027880859375,-0.0011187647469341755,0.0006851102225482464,0.0015951624372974038
1746728892662296000,53.08029614257813,0.00012706173583865166,-0.0001913360320031643,0.0014255191199481487
1746728892672313900,53.09031396484375,0.0010608395095914602,-0.0005537918768823147,0.0009621339850127697
1746728892682332200,53.10033227539063,0.0009404646698385477,0.0010318541899323463,0.0015123430639505386
1746728892692350000,53.11034985351562,-0.0013479581102728844,0.0012821103446185589,0.0009211471769958735
1746728892702368000,53.120367919921875,-0.0012917653657495975,0.0002557281404733658,-0.0026903655380010605
1746728892712385000,53.130385009765625,0.0006374197546392679,-0.0004860376939177513,0.000171188497915864
1746728892722403000,53.14040307617187,-0.001138109713792801,0.0010000057518482208,0.0019363316241651773
1746728892732420900,53.1504208984375,-0.00021809805184602737,-0.0010568131692707539,0.0006742887198925018
1746728892742439000,53.16043896484375,0.00047166040167212486,-0.002344717737287283,-0.0012652913574129343
1746728892752456000,53.1704560546875,-0.000790224876254797,0.003142142668366432,-0.0015775018837302923
1746728892762474000,53.18047387695312,0.0008233843836933374,-0.0007279631681740284,-0.0015173142310231924
1746728892772492000,53.190491943359376,-0.000901264138519764,0.0005174377001821995,-0.0032200405839830637
1746728892782510000,53.20051000976562,-0.002498628105968237,0.0012450129725039005,-0.0008237280417233706
1746728892792528000,53.21052783203125,-0.0004526725970208645,-0.00012128334492444992,-0.0009884212631732225
1746728892802545200,53.220545166015626,-0.001136039849370718,0.0004947059787809849,-0.0006051925010979176
1746728892812563000,53.23056298828125,-0.001199199352413416,0.00056428462266922,-0.0011114329099655151
1746728892822581000,53.2405810546875,-0.0024149324744939804,0.00017999019473791122,0.0018159137107431889
1746728892832599000,53.25059912109375,-0.0005726008675992489,-0.0006238846108317375,0.0007496520411223173
1746728892842617000,53.2606171875,-0.003164389170706272,0.003247286658734083,0.000445519108325243
1746728892852633900,53.2706337890625,-0.0009377524256706238,0.00045242859050631523,0.00041846418753266335
1746728892862652200,53.28065209960938,-0.0022853119298815727,0.0017461921088397503,0.000003277324140071869
1746728892872670000,53.290669921875,-0.000284616369754076,0.0023101908154785633,-0.003547073807567358
1746728892882688000,53.30068798828125,0.0008333788719028234,0.01197080872952938,-0.004581445828080177
1746728892892705000,53.310705078125,-0.0009611546993255615,0.013371416367590427,-0.0038673640228807926
1746728892902723000,53.32072314453125,0.00019945111125707626,0.008796637877821922,-0.0022731958888471127
1746728892912740900,53.330740966796874,0.0006064481567591429,0.0004910370334982872,-0.00007979758083820343
1746728892922759200,53.34075927734375,-0.0016407272778451443,0.0022676317021250725,-0.000587129732593894
1746728892932777000,53.35077685546875,0.0001365402713418007,0.0010323422029614449,0.002390114590525627
1746728892942794000,53.3607939453125,-0.00009914953261613846,-0.0004760720767080784,0.0019365784246474504
1746728892952812000,53.37081201171875,-0.0005845879204571247,-0.000865281093865633,0.0008277248125523329
1746728892962830000,53.380830078125,-0.0015324070118367672,-0.00022026384249329567,-0.0016615318600088358
1746728892972847900,53.390847900390625,-0.001974147744476795,0.0009274710901081562,-0.0012350007891654968
1746728892982866200,53.4008662109375,-0.00019702035933732986,-0.0017143846489489079,0.000023342901840806007
1746728892992883000,53.41088305664063,-0.00029250746592879295,0.0008057071827352047,0.00008473335765302181
1746728893002901000,53.42090087890625,0.0027964930050075054,0.0017423410899937153,-0.000625798013061285
1746728893012919000,53.4309189453125,-0.0003985832445323467,0.0006813476793467999,-0.0018046332988888025
1746728893022937000,53.44093701171875,-0.001377561129629612,0.000661374069750309,-0.00045840535312891006
1746728893032953900,53.45095385742187,0.00025615841150283813,0.00042639579623937607,-0.0034892891999334097
1746728893042972200,53.46097216796875,-0.0004293392412364483,-0.00009238813072443008,-0.000047419918701052666
1746728893052990000,53.47098999023437,0.00059163523837924,-0.001728398259729147,-0.0027264184318482876
1746728893063008000,53.481008056640626,-0.00027655530720949173,-0.0004945555701851845,0.0007103909738361835
1746728893073026000,53.49102612304687,-0.0014230539090931416,-0.005212363321334124,0.0007910209242254496
1746728893083042800,53.50104272460938,0.0005466202273964882,-0.0007441118359565735,-0.0010984919499605894
1746728893093060900,53.51106079101562,0.0006620632484555244,-0.0016370518133044243,0.0014327223179861903
1746728893103079200,53.5210791015625,-0.0015161363407969475,0.0003624493256211281,0.001892916508950293
1746728893113097000,53.53109692382812,-0.0013039419427514076,-0.0020979794207960367,-0.0026001890655606985
1746728893123114000,53.54111401367187,-0.0024608192034065723,-0.0001879604533314705,0.0010299654677510262
1746728893133132000,53.551132080078126,0.0013011549599468708,-0.000411944929510355,0.0017331524286419153
1746728893143149800,53.56114990234375,-0.0023822630755603313,0.0002802107483148575,-0.0016538556665182114
1746728893153168000,53.57116796875,0.000444281380623579,-0.0017415424808859825,-0.00171498185954988
1746728893163186200,53.58118627929687,-0.0011613382957875729,0.0014886059798300266,-0.0008177631534636021
1746728893173203000,53.59120288085938,-0.0022162985987961292,0.0013194014318287373,0.0015950474189594388
1746728893183220700,53.601220703125,-0.002517501823604107,0.0006970209069550037,0.0018954519182443619
1746728893193239000,53.61123901367188,-0.002433856949210167,-0.0012671388685703278,-0.0000915168784558773
1746728893203257000,53.621257080078124,-0.0004245019517838955,0.0010431534610688686,0.0005423156544566154
1746728893213275000,53.63127490234375,-0.0006348439492285252,0.002261009532958269,-0.00046938657760620117
1746728893223292000,53.6412919921875,-0.0005485573783516884,0.00012275716289877892,0.0004834923893213272
1746728893233310000,53.65131005859375,0.0015126296784728765,0.002907265443354845,-0.0017351172864437103
1746728893243327700,53.66132763671875,-0.0005451948381960392,-0.000578013714402914,0.0004561315290629864
1746728893253346000,53.67134594726563,-0.0020556519739329815,-0.0009171995334327221,-0.000019550323486328125
1746728893263362800,53.68136279296875,-0.0033901622518897057,0.0005616541020572186,0.00008457922376692295
1746728893273381000,53.691381103515624,0.00008621113374829292,-0.0001860898919403553,-0.0013406537473201752
1746728893283399000,53.70139892578125,-0.0021798727102577686,-0.0029144983272999525,-0.0036469511687755585
1746728893293417000,53.7114169921875,0.001833091489970684,0.00016593839973211288,0.001115624327212572
1746728893303435000,53.72143505859375,0.00047887396067380905,-0.0023044096305966377,0.004427531734108925
1746728893313452000,53.7314521484375,0.0028663938865065575,-0.002233341569080949,0.002959622535854578
1746728893323469800,53.7414697265625,0.0011909990571439266,-0.0003989562392234802,-0.00039516156539320946
1746728893333487900,53.75148779296875,0.0016508277039974928,-0.00044536124914884567,0.002555237151682377
1746728893343506000,53.761505859375,0.0014183337334543467,-0.0010656113736331463,-0.0004506728146225214
1746728893353523000,53.77152294921875,-0.0006796875968575478,-0.0009941780008375645,-0.00013169762678444386
1746728893363541000,53.781541015625,-0.00029352959245443344,0.0008758935146033764,0.004506996367126703
1746728893373559000,53.79155908203125,-0.0017434917390346527,-0.00032540177926421165,0.0013436888111755252
1746728893383576800,53.80157690429687,-0.0010175141505897045,0.0020812968723475933,-0.0006515514105558395
1746728893393595000,53.811594970703126,0.0007991460151970387,0.0021913638338446617,0.00017890753224492073
1746728893403612000,53.82161181640625,-0.0015303208492696285,-0.00004063127562403679,0.002351247938349843
1746728893413630000,53.8316298828125,0.0008461994584649801,-0.0014413096942007542,-0.00018106657080352306
1746728893423648000,53.84164794921875,-0.002237475011497736,-0.002064755652099848,0.00043385731987655163
1746728893433666000,53.851666015625,0.0008488423191010952,-0.0003059385344386101,0.0031308976467698812
1746728893443683800,53.861683837890624,-0.00013919034972786903,-0.0017485725693404675,0.0009367193561047316
1746728893453701000,53.871701171875,-0.0005634529516100883,0.0016480791382491589,-0.0009864498861134052
1746728893463719000,53.88171899414063,-0.0004161801189184189,-0.0007913759909570217,-0.0011622188612818718
1746728893473737000,53.89173706054687,-0.0006065494380891323,-0.00042356550693511963,0.0019535913597792387
1746728893483754800,53.901754638671875,0.0016217175871133804,0.00033197319135069847,-0.00014418060891330242
1746728893493772000,53.91177197265625,0.0006921235471963882,-0.00041492749005556107,0.001029203413054347
1746728893503789800,53.92178979492188,0.0007421909831464291,-0.0002500778064131737,0.001725886482745409
1746728893513808100,53.93180810546875,-0.000308117363601923,-0.000907636247575283,0.0010907150572165847
1746728893523826000,53.94182592773438,0.0008644724730402231,-0.004341516178101301,-0.0006286217831075191
1746728893533844000,53.951843994140624,0.0008260577451437712,-0.0020530603360384703,0.0001374068669974804
1746728893543861000,53.961861083984374,-0.0013002101331949234,-0.0007555680349469185,0.0005541916470974684
1746728893553879000,53.97187915039063,-0.0005462649278342724,-0.0023672168608754873,-0.0007169162854552269
1746728893563896800,53.98189672851562,-0.001482099760323763,-0.0019720038399100304,-0.0010407567024230957
1746728893573915000,53.991914794921875,-0.00034303776919841766,-0.004460465162992477,0.002865081885829568
1746728893583932000,54.001931884765625,-0.0005121487192809582,-0.0060807326808571815,-0.0003237873315811157
1746728893593950000,54.01194995117187,0.0016174397896975279,-0.0018298812210559845,0.00006834114901721478
1746728893603968000,54.021968017578125,-0.000386855099350214,0.00031689321622252464,-0.0008051756303757429
1746728893613986000,54.03198608398438,-0.00029449956491589546,0.0017014099285006523,-0.0022920325864106417
1746728893624003800,54.04200390625,0.00048554036766290665,0.00019778916612267494,-0.001093343598768115
1746728893634021000,54.052021240234374,-0.0018598297610878944,-0.0004341956228017807,-0.0012185631785541773
1746728893644039000,54.062038818359376,0.0027695430908352137,0.0013378718867897987,0.0013263534056022763
1746728893654057000,54.07205688476562,0.001068848418071866,-0.0017346171662211418,0.0019071887945756316
1746728893664075000,54.082074951171876,0.0011103569995611906,0.0014223665930330753,0.0008953118231147528
1746728893674093000,54.09209301757812,-0.00007093511521816254,0.002015735488384962,-0.0002461853437125683
1746728893684109800,54.10210986328125,-0.0006541674956679344,-0.0008721961639821529,0.0005639481823891401
1746728893694128000,54.112128173828125,0.0016023991629481316,0.001189282163977623,-0.0017005440313369036
1746728893704146000,54.12214599609375,-0.003178507089614868,-0.00039556529372930527,0.0029519982635974884
1746728893714164000,54.1321640625,0.0009785473812371492,-0.0026576847303658724,0.003299063304439187
1746728893724181000,54.14218090820312,0.0002640211023390293,-0.004789278842508793,0.001570139080286026
1746728893734199000,54.15219897460938,0.00012642890214920044,-0.0016758083365857601,-0.0008402268867939711
1746728893744216800,54.162216796875,-0.00020619994029402733,-0.00032105809077620506,0.0019350533839315176
1746728893754235100,54.172235107421876,0.0008437824435532093,-0.0012569925747811794,-0.0005905760917812586
1746728893764253000,54.1822529296875,-0.00022308016195893288,0.0014618285931646824,0.002020120620727539
1746728893774269700,54.19226977539063,-0.00004199240356683731,0.00020814593881368637,-0.0006581703200936317
1746728893784288000,54.2022880859375,0.0009652150329202414,0.002360512502491474,-0.00039185420610010624
1746728893794306000,54.21230615234375,0.0003278483636677265,0.0024784905835986137,-0.0025083927903324366
1746728893804323800,54.22232373046875,-0.000845273956656456,0.0022747591137886047,-0.0004862546920776367
1746728893814340900,54.2323408203125,0.0007484746165573597,-0.0009171790443360806,-0.0026187978219240904
1746728893824359000,54.24235888671875,-0.0005226521752774715,0.0002910974435508251,-0.001710926415398717
1746728893834376700,54.25237670898437,0.00011606607586145401,0.00060298852622509,-0.004306870047003031
1746728893844395000,54.26239501953125,0.000804227078333497,0.00016622990369796753,-0.001043166033923626
1746728893854413000,54.2724130859375,-0.000649542547762394,0.0008212658576667309,-0.0008945660665631294
1746728893864429800,54.28242993164063,0.0017973696812987328,-0.00046584010124206543,-0.0014154803939163685
1746728893874448000,54.29244775390625,0.0017671973910182714,-0.0018923741299659014,0.00021639233455061913
1746728893884466000,54.3024658203125,0.0015264474786818027,-0.0003578606992959976,0.0010915070306509733
1746728893894484000,54.31248388671875,-0.0012911963276565075,-0.0012426781468093395,0.0019867606461048126
1746728893904501000,54.3225009765625,-0.0018089148215949535,-0.005004659295082092,-0.0027794986963272095
1746728893914518800,54.332518798828126,-0.0014508049935102463,0.0010178247466683388,0.0016287800390273333
1746728893924536800,54.34253686523437,0.00024403072893619537,0.00026521552354097366,0.0016977558843791485
1746728893934555000,54.352554931640626,0.0005076858215034008,0.0000028219074010849,-0.0006502058822661638
1746728893944573000,54.36257299804687,-0.00017834454774856567,-0.0000674854964017868,0.00321643752977252
1746728893954590000,54.37258984375,-0.00022629089653491974,-0.0007542506791651249,0.0017181707080453634
1746728893964608000,54.38260791015625,0.0010818541049957275,0.0018071779049932957,0.0019978026393800974
1746728893974625800,54.39262573242188,0.0006801513954997063,-0.0009526433423161507,0.002298900857567787
1746728893984643800,54.40264379882812,0.0009709685109555721,-0.0014764871448278427,0.0020152742508798838
1746728893994660900,54.41266088867187,-0.00022426387295126915,-0.00008526584133505821,0.0023174281232059
1746728894004679000,54.422678955078126,-0.0007169484160840511,0.0005230004899203777,-0.0006679752841591835
1746728894014697000,54.43269702148437,-0.002013294491916895,-0.00020532216876745224,0.002256006933748722
1746728894024715000,54.442715087890626,-0.0009677372872829437,-0.0026607566978782415,0.0014751682756468654
1746728894034732800,54.45273291015625,0.000916290795430541,0.001890671905130148,-0.00046343542635440826
1746728894044750000,54.46275,-0.0019159810617566109,-0.0013754288665950298,0.0016881325282156467
1746728894054767900,54.472767822265624,-0.00020572775974869728,-0.0009477194398641586,0.0014067344600334764
1746728894064786000,54.48278588867188,0.0005356962792575359,-0.0004161521792411804,0.0013201817637309432
1746728894074803700,54.4928037109375,0.000012046657502651215,-0.0006786026060581207,-0.0026279129087924957
1746728894084821000,54.50282104492187,-0.0017512324266135693,-0.001708713360130787,-0.0003828683402389288
1746728894094838800,54.5128388671875,0.0009097384754568338,0.002565714530646801,0.0004934982862323523
1746728894104857000,54.52285717773437,0.000033824704587459564,-0.0009163687936961651,-0.002783255185931921
1746728894114875000,54.532875,-0.0017747790552675724,0.0009111524559557438,-0.0004499484784901142
1746728894124893000,54.54289282226563,-0.0008919411338865757,-0.00032748375087976456,-0.0026515836361795664
1746728894134910000,54.55290991210938,0.001984023954719305,0.00012220069766044617,0.0014139062259346247
1746728894144928000,54.562927978515624,0.001082810340449214,-0.0018623869400471449,0.001906058401800692
1746728894154945800,54.57294580078125,-0.00127887399867177,-0.0014403187669813633,-0.00046508596278727055
1746728894164963800,54.5829638671875,0.000009297393262386322,0.0006960690952837467,-0.0006461809389293194
1746728894174980900,54.59298095703125,-0.0003101942129433155,0.0009737024083733559,0.001211831346154213
1746728894184999000,54.6029990234375,-0.00021591829136013985,-0.0009464365430176258,0.001774557284079492
1746728894195017000,54.61301684570312,-0.0018185442313551903,-0.00007547205314040184,0.0012689733412116766
1746728894205035000,54.623034912109375,0.0021367825102061033,-0.0012704324908554554,0.0012633806327357888
1746728894215052800,54.633052734375,-0.001743809785693884,-0.001868253806605935,0.0009278070647269487
1746728894225070000,54.64307006835938,-0.00007374165579676628,0.001170413102954626,0.00029397476464509964
1746728894235088000,54.653087890625,-0.0008057225495576859,-0.0007227407768368721,-0.0017725955694913864
1746728894245106000,54.66310595703125,-0.000054445117712020874,-0.000015671830624341965,0.001700965454801917
1746728894255124000,54.6731240234375,-0.001126179937273264,-0.000757511705160141,-0.0011495999060571194
1746728894265141000,54.68314111328125,0.0018869205377995968,0.0009426502510905266,-0.0004539822693914175
1746728894275158800,54.69315869140625,-0.0014504767023026943,0.0002898760139942169,-0.00034530414268374443
1746728894285177000,54.70317700195312,-0.00018174666911363602,0.001086960081011057,0.0013021272607147694
1746728894295195000,54.71319482421875,0.0011673783883452415,-0.0005693887360394001,-0.0006211434956640005
1746728894305213000,54.723212890625,-0.0006249290890991688,0.0005861567333340645,0.0002949838526546955
1746728894315230000,54.73322998046875,0.00007481267675757408,-0.00016840267926454544,0.0004864672664552927
1746728894325248000,54.743248046875,-0.001462363637983799,-0.00017186487093567848,0.0007258853875100613
1746728894335265800,54.75326586914063,0.0011166129261255264,-0.0002602851018309593,0.0020473983604460955
1746728894345284000,54.7632841796875,0.00029928889125585556,0.0011455980129539967,-0.0018229736015200615
1746728894355300900,54.77330078125,-0.0014855661429464817,0.0007062796503305435,0.000037747668102383614
1746728894365319000,54.78331884765625,0.0006566806696355343,0.00037072133272886276,0.0006851621437817812
1746728894375337000,54.7933369140625,-0.0019322261214256287,-0.0020318967290222645,0.00008258363232016563
1746728894385355000,54.80335498046875,0.0006073643453419209,-0.001911255531013012,-0.0038764714263379574
1746728894395372800,54.81337280273438,-0.0002861251123249531,-0.00272499886341393,0.0018133139237761497
1746728894405390000,54.82339013671875,-0.00159107381477952,-0.002195562468841672,-0.00018831808120012283
1746728894415407900,54.833407958984374,-0.0016506803222000599,-0.00003521144390106201,-0.00014357478357851505
1746728894425426000,54.84342602539063,-0.001568654552102089,-0.0008163163438439369,-0.0009366641752421856
1746728894435444000,54.85344384765625,-0.0010948674753308296,-0.0007736245170235634,-0.002738895360380411
1746728894445462000,54.8634619140625,-0.0005830079317092896,-0.0006069103255867958,0.0024145878851413727
1746728894455478800,54.873478759765625,0.0009886608459055424,0.0001245248131453991,0.0009456484112888575
1746728894465497000,54.8834970703125,-0.00292165856808424,0.0012646238319575787,0.0012156929587945342
1746728894475515000,54.893514892578125,-0.00065274303779006,0.0011497321538627148,0.00008150003850460052
1746728894485533000,54.90353295898438,-0.0001004035584628582,0.0024743881076574326,-0.00027855951339006424
1746728894495550000,54.91355004882813,0.00005340622738003731,0.000987771898508072,0.00233008386567235
1746728894505568000,54.923568115234374,-0.0003133113496005535,0.0008966918103396893,0.00147307850420475
1746728894515585800,54.933585693359376,-0.00020339945331215858,-0.0018577913288027048,-0.0004117975477129221
1746728894525604000,54.94360400390625,0.0013183306436985731,-0.000606105662882328,-0.0004602670669555664
1746728894535620900,54.95362084960937,-0.00038531888276338577,-0.00007009739056229591,-0.0018520685844123363
1746728894545639000,54.963638916015626,-0.0007584281265735626,0.0015885191969573498,0.0014648986980319023
1746728894555657000,54.97365698242187,-0.0006920695304870605,-0.000542233232408762,-0.000009934650734066963
1746728894565675000,54.983675048828125,0.00029676221311092377,0.001025303266942501,-0.00026906025595963
1746728894575692800,54.99369287109375,0.0011301152408123016,-0.0012706178240478039,0.002493686741217971
1746728894585710000,55.0037099609375,0.0016339854337275028,0.001178691629320383,-0.0009319374803453684
1746728894595728000,55.01372778320312,-0.00048656342551112175,0.0007210900075733662,-0.002330989111214876
1746728894605746000,55.02374584960938,0.001820000121369958,0.0021930192597210407,-0.0009807664901018143
1746728894615764000,55.03376391601562,0.0009699887596070766,-0.0007440396584570408,-0.0007467593532055616
1746728894625780700,55.04378076171875,-0.0006481478922069073,0.0006823497824370861,0.0009792353957891464
1746728894635799000,55.053799072265626,-0.0005681663751602173,0.0009481147862970829,-0.0007415858563035727
1746728894645816800,55.06381689453125,-0.0008584512397646904,0.0029140603728592396,-0.00036900979466736317
1746728894655835000,55.0738349609375,0.000751011073589325,0.002823390532284975,-0.0013835306745022535
1746728894665852700,55.08385278320313,0.00027457159012556076,0.0015655793249607086,-0.002363307634368539
1746728894675870000,55.09386987304688,-0.0020202980376780033,0.003290171269327402,-0.001851929584518075
1746728894685887700,55.1038876953125,0.002413865178823471,0.001505320891737938,-0.002928379224613309
1746728894695906000,55.11390600585938,0.0008127950131893158,0.0007640770636498928,-0.0032092705368995667
1746728894705923800,55.123923828125,0.0018295899499207735,-0.0018796427175402641,-0.0029107299633324146
1746728894715940900,55.13394091796875,0.000435038935393095,-0.0017582487780600786,0.0008725451771169901
1746728894725959000,55.143958984375,0.0013263989239931107,0.0006889300420880318,0.0019476632587611675
1746728894735977000,55.15397705078125,-0.0006945319473743439,0.0005185198970139027,0.0015823000576347113
1746728894745994800,55.163994873046875,0.0016754150856286287,0.002734535839408636,0.0013269028859212995
1746728894756012800,55.1740126953125,-0.002878754399716854,-0.0008388473652303219,-0.001425471855327487
1746728894766029800,55.18402978515625,0.002097361721098423,0.00020324764773249626,-0.0002904327120631933
1746728894776047900,55.1940478515625,0.0011663613840937614,-0.0025767770130187273,-0.0009095228742808104
1746728894786066000,55.20406591796875,0.001164763467386365,-0.00042307842522859573,-0.0015912919770926237
1746728894796084000,55.214083984375,0.00048398273065686226,-0.000732847023755312,0.00040597980841994286
1746728894806100700,55.22410083007812,0.00032499199733138084,-0.0025552480947226286,0.00047495588660240173
1746728894816119000,55.234119140625,0.00044157588854432106,0.0010863500647246838,-0.0006287219002842903
1746728894826136800,55.24413671875,-0.0015747030265629292,-0.0011363239027559757,0.0008605176117271185
1746728894836155000,55.25415478515625,0.0009316089563071728,-0.0007708938792347908,0.0007447928655892611
1746728894846173000,55.2641728515625,0.0015191021375358105,-0.0009871423244476318,-0.00016227969899773598
1746728894856189700,55.274189697265626,-0.001243670005351305,0.0004771379753947258,0.0008719498291611671
1746728894866207700,55.28420776367187,0.00014650030061602592,0.0017764940857887268,-0.0010359389707446098
1746728894876226000,55.29422607421875,0.00043550506234169006,0.00117182033136487,-0.000011588679626584053
1746728894886243800,55.30424389648437,0.0009905076585710049,-0.00041089626029133797,-0.001513877883553505
1746728894896262000,55.314261962890626,-0.003017428331077099,-0.0011642919853329659,-0.0007048062980175018
1746728894906279000,55.32427880859375,0.0002729073166847229,-0.000624203123152256,-0.0011327764950692654
1746728894916297000,55.334296875,-0.000867319293320179,0.00009715091437101364,0.001818353426642716
1746728894926314800,55.344314697265624,-0.0014580083079636097,0.00012511387467384338,0.0002691925037652254
1746728894936333000,55.3543330078125,-0.0013303239829838276,0.001976539846509695,-0.000880807638168335
1746728894946349800,55.36434985351563,0.0018905031029134989,-0.0010325657203793526,-0.00022859941236674786
1746728894956367600,55.37436767578125,-0.00030155014246702194,-0.001829981105402112,0.00038180872797966003
1746728894966386000,55.38438598632813,-0.00022831326350569725,0.0008044177666306496,0.0012484013568609953
1746728894976404000,55.39440405273437,-0.0014229225926101208,0.0010038292966783047,-0.00048014544881880283
1746728894986421000,55.4044208984375,0.0007973546162247658,-0.0015759747475385666,0.0034746485762298107
1746728894996438800,55.414438720703124,0.0008563441224396229,-0.0005495301447808743,0.001274307374842465
1746728895006456800,55.42445678710938,0.0015423742588609457,-0.0012446148321032524,-0.00041173980571329594
1746728895016475000,55.434474853515624,-0.00007048249244689941,0.00102551793679595,0.0007142764516174793
1746728895026493000,55.44449291992188,-0.0017261696048080921,-0.0018536257557570934,-0.00003433809615671635
1746728895036509700,55.454509765625,0.00013200705870985985,-0.0000337664969265461,0.0006813840009272099
1746728895046527700,55.46452783203125,-0.00003204355016350746,-0.0011150096543133259,0.0004004205111414194
1746728895056545800,55.4745458984375,0.0011088547762483358,0.002878394443541765,0.0004702771548181772
1746728895066563800,55.48456372070312,0.0029898453503847122,0.002511145081371069,0.0006287351716309786
1746728895076580900,55.49458081054688,0.0010704523883759975,-0.0007528485730290413,-0.0017059918027371168
1746728895086599000,55.504598876953125,-0.0008430290035903454,-0.0022061357740312815,0.0022448075469583273
1746728895096616700,55.51461669921875,0.0009969945531338453,0.0005961223505437374,-0.0005166830960661173
1746728895106634800,55.524634765625,0.002031366340816021,0.00012074783444404602,0.0021179821342229843
1746728895116653000,55.53465307617188,0.0015005238819867373,0.0019124452956020832,-0.001089715864509344
1746728895126669800,55.544669921875,0.0006797374226152897,0.00008258689194917679,-0.0017704199999570847
1746728895136687900,55.55468798828125,-0.0003828010521829128,0.00047143595293164253,0.0001946943812072277
1746728895146706000,55.564705810546876,0.0013791462406516075,-0.0014963741414248943,-0.0009201050270348787
1746728895156723700,55.5747236328125,-0.00022861873731017113,0.0014557684771716595,-0.0037871787790209055
1746728895166741000,55.58474096679687,-0.0025173393078148365,0.0013521714136004448,-0.000988729065284133
1746728895176758800,55.5947587890625,0.0011112084612250328,0.0006407443434000015,-0.00013350369408726692
1746728895186776800,55.60477685546875,-0.0017868434078991413,0.002376060001552105,-0.000031238188967108727
1746728895196794600,55.61479467773437,0.0005436325445771217,-0.002184114418923855,0.0002641109749674797
1746728895206813000,55.62481298828125,-0.0011666491627693176,0.0010111462324857712,-0.0013380465097725391
1746728895216829700,55.63482958984375,0.0009288140572607517,0.00007079914212226868,0.0012861811555922031
1746728895226848000,55.64484790039062,-0.00012659700587391853,0.001303576398640871,0.0006978888995945454
1746728895236865800,55.65486572265625,-0.0009763780981302261,0.0015062312595546246,0.00011646049097180367
1746728895246883800,55.6648837890625,-0.00017716316506266594,0.00042791757732629776,-0.001427374081686139
1746728895256900900,55.67490087890625,-0.00011291168630123138,0.00033100321888923645,0.003468912560492754
1746728895266919000,55.6849189453125,0.00149670266546309,-0.00046022189781069756,0.0006760554388165474
1746728895276936700,55.69493676757813,-0.0018046842887997627,-0.0030226309318095446,0.002548478776589036
1746728895286954800,55.704954833984374,0.000669392291456461,0.000674102921038866,-0.0005437175277620554
1746728895296972800,55.71497290039063,0.00033727986738085747,-0.00046483706682920456,0.0013861111365258694
1746728895306989800,55.72498974609375,0.0003711022436618805,0.0019381330348551273,0.0016761294100433588
1746728895317008000,55.7350078125,-0.0006392686627805233,0.00033430056646466255,0.0027852398343384266
1746728895327026000,55.74502587890625,0.0019213608466088772,-0.0007389532402157784,0.0009945302736014128
1746728895337043700,55.75504370117188,-0.0010450724512338638,0.0001155179925262928,0.0012886131880804896
1746728895347061000,55.76506103515625,0.0011688133236020803,0.001435114536434412,0.0012705037370324135
1746728895357078800,55.775078857421875,0.0006214533932507038,0.0008637788705527782,0.0022197633516043425
1746728895367096800,55.78509692382813,0.0013437028974294662,-0.0006792568601667881,0.0010498366318643093
1746728895377115000,55.795114990234374,-0.00018307287245988846,0.000786938238888979,0.0032271132804453373
1746728895387132000,55.8051318359375,0.00023451074957847595,0.0017459425143897533,-0.0003010425716638565
1746728895397149700,55.815149658203126,-0.0017158794216811657,0.0014646239578723907,-0.0001214565709233284
1746728895407168000,55.82516796875,0.0004194430075585842,0.0016281423158943653,-0.002367034088820219
1746728895417185800,55.835185791015626,-0.0013352925889194012,0.0019836430437862873,0.0011091623455286026
1746728895427203800,55.84520385742187,-0.0009659118950366974,0.00006643310189247131,-0.00018939492292702198
1746728895437220900,55.85522094726562,-0.0006452333182096481,0.0008273446001112461,-0.000013039913028478622
1746728895447239000,55.865239013671875,0.0012477412819862366,0.0010156300850212574,-0.00282054441049695
1746728895457256700,55.87525659179688,-0.001184938009828329,-0.0018210818525403738,-0.0021460908465087414
1746728895467275000,55.88527490234375,-0.0013820119202136993,-0.00047405529767274857,0.0032835619058459997
1746728895477291800,55.89529174804687,-0.0000348016619682312,0.00007314048707485199,0.0005644727498292923
1746728895487309800,55.905309814453126,-0.0006451983936131,-0.0008110287599265575,-0.0009231690783053637
1746728895497327900,55.91532788085937,0.0017868992872536182,0.0007791644893586636,-0.0030936182010918856
1746728895507346000,55.925345947265626,-0.0020051756873726845,0.00014586467295885086,-0.002104253740981221
1746728895517363700,55.93536376953125,0.0007240385748445988,0.0002884622663259506,-0.001133281271904707
1746728895527381000,55.94538110351562,0.002631394425407052,-0.00043218908831477165,0.0009074991103261709
1746728895537398800,55.955398681640624,-0.0005450444296002388,-0.002968813059851527,-0.0019240963738411665
1746728895547416800,55.96541674804688,0.00022700568661093712,-0.00006942963227629662,-0.0005043651908636093
1746728895557435000,55.97543481445312,-0.0028739585541188717,-0.0022641350515186787,-0.0009159636683762074
1746728895567452000,55.98545190429687,0.0008355583995580673,0.0016722832806408405,0.001338136033155024
1746728895577470000,55.99546997070313,0.0003552846610546112,-0.0011370358988642693,0.002809548517689109
1746728895587488000,56.00548803710937,-0.001779505517333746,-0.0017927063163369894,0.001483027939684689
1746728895597505800,56.015505859375,-0.0015790928155183792,0.001257874071598053,-0.00144937913864851
1746728895607523000,56.025523193359376,-0.0031101438216865063,0.00028502102941274643,0.002265730407088995
1746728895617540900,56.03554077148438,-0.0004700752906501293,0.0017724144272506237,-0.0009756297804415226
1746728895627559000,56.045558837890624,0.000485466793179512,-0.0008348203264176846,0.0007415765430778265
1746728895637576700,56.05557666015625,-0.000952643807977438,-0.0007249410264194012,0.0022253363858908415
1746728895647594800,56.0655947265625,0.0005770758725702763,-0.0009233467280864716,0.001857820083387196
1746728895657611500,56.07561157226562,-0.0000560651533305645,0.0021401443518698215,0.0004258418921381235
1746728895667629600,56.085629638671875,0.0011271771509200335,-0.0009978585876524448,0.0004056019242852926
1746728895677647600,56.09564770507812,0.0001376112923026085,0.0038273478858172894,-0.0015057185664772987
1746728895687665700,56.105665771484375,0.0007746396586298943,-0.0005306489765644073,-0.001453254371881485
1746728895697682700,56.1156826171875,0.000015873461961746216,-0.0018276071641594172,0.00018036155961453915
1746728895707700500,56.12570043945313,0.0018326821736991405,0.00043634604662656784,-0.0016990313306450844
1746728895717718500,56.13571850585937,-0.0006627920083701611,-0.0004352740943431854,-0.0015778010711073875
1746728895727736800,56.14573681640625,0.0005052704364061356,-0.0007239608094096184,-0.0021189553663134575
1746728895737754600,56.15575463867187,0.0013533371966332197,-0.0013413485139608383,-0.0002296227030456066
1746728895747771400,56.165771484375,-0.0005646715871989727,-0.0006188326515257359,-0.0010376258287578821
1746728895757789700,56.175789794921876,-0.0009343638084828854,-0.0006342576816678047,-0.0025707490276545286
1746728895767807500,56.18580737304688,-0.000044601503759622574,-0.0011003105901181698,-0.0017768603283911943
1746728895777825500,56.195825439453124,-0.0009799813851714134,-0.000642421655356884,0.0006737771909683943
1746728895787842600,56.20584252929687,0.0014914320781826973,0.0016265916638076305,0.0016317162662744522
1746728895797860600,56.21586059570313,-0.0012452914379537106,-0.00005168141797184944,0.0016136796912178397
1746728895807878400,56.22587841796875,-0.0020413100719451904,0.0021507530473172665,-0.00009154225699603558
1746728895817896700,56.23589672851563,-0.0007167826406657696,0.00003507779911160469,-0.00016656005755066872
1746728895827913500,56.24591357421875,0.002483804477378726,-0.0002884962595999241,0.001151172211393714
1746728895837931500,56.255931640625,0.0011534560471773148,-0.0030568852089345455,0.000005856389179825783
1746728895847949600,56.265949462890624,-0.000541912391781807,-0.00030797021463513374,0.0006956150755286217
1746728895857967600,56.27596752929688,-0.00031006941571831703,-0.001610764767974615,0.00034146220423281193
1746728895867985400,56.2859853515625,-0.000595560297369957,0.0009256298653781414,0.0012474696850404143
1746728895878002700,56.296002685546874,-0.00047524552792310715,-0.0014684069901704788,0.0026080135721713305
1746728895888020500,56.3060205078125,-0.0005170572549104691,-0.000356270931661129,0.003454898949712515
1746728895898038500,56.31603857421875,0.0005666492506861687,-0.0011812308803200722,-0.0012120995670557022
1746728895908056600,56.326056640625,-0.00005439994856715202,-0.00034899311140179634,0.0012904726900160313
1746728895918073600,56.336073486328125,-0.0006129350513219833,0.0005304068326950073,0.001008876133710146
1746728895928091600,56.34609155273437,-0.00229152524843812,0.0006547765806317329,-0.00289345346391201
1746728895938109700,56.356109619140625,0.0013020345941185951,-0.00048219040036201477,0.0016241766279563308
1746728895948127500,56.36612744140625,-0.0010162470862269402,0.0008227583020925522,0.00039832363836467266
1746728895958145500,56.3761455078125,0.00013096770271658897,0.000053829047828912735,-0.0016904373187571764
1746728895968162600,56.38616259765625,-0.0020136758685112,-0.0019472700078040361,-0.0018683362286537886
1746728895978180600,56.3961806640625,0.001885735895484686,0.0000856625847518444,0.001214434509165585
1746728895988198400,56.40619848632812,0.0000651990994811058,0.0010300194844603539,-0.0002793325111269951
1746728895998216700,56.416216796875,-0.0011008847504854202,0.001975458115339279,-0.0005050410982221365
1746728896008233500,56.4262333984375,-0.0010889004915952682,0.00035199522972106934,0.0010686207097023726
1746728896018251800,56.43625170898437,0.0006368672475218773,-0.0009705023840069771,-0.0005081216804683208
1746728896028269600,56.44626953125,0.0015892134979367256,-0.0009742309339344501,0.0029561184346675873
1746728896038287600,56.45628759765625,0.00038953451439738274,0.0004054950550198555,0.0002865975257009268
1746728896048305400,56.46630541992187,-0.0003164694644510746,-0.0014544567093253136,0.0003198869526386261
1746728896058322700,56.47632275390625,-0.00000855838879942894,-0.0017008809372782707,-0.0001030447892844677
1746728896068340500,56.48634057617188,0.0011656293645501137,0.0013729394413530827,0.00233587808907032
1746728896078358500,56.49635864257812,0.0005923551507294178,0.0008211415261030197,-0.0006664672400802374
1746728896088376600,56.50637646484375,-0.001077447086572647,-0.00011389423161745071,0.0002121094148606062
1746728896098393600,56.5163935546875,0.0007532250601798296,-0.000202985480427742,-0.0016632962506264448
1746728896108411600,56.52641162109375,-0.0006702346727252007,0.0010755984112620354,-0.0005785906687378883
1746728896118429700,56.5364296875,0.0006606313399970531,0.0004064827226102352,0.0004900034982711077
1746728896128447500,56.54644750976563,-0.0002704099752008915,0.0019327406771481037,0.001847949461080134
1746728896138464800,56.55646484375,-0.0006196140311658382,-0.0008466728031635284,0.0006126298103481531
1746728896148482600,56.566482666015624,-0.001953857485204935,0.00021646078675985336,-0.00047500524669885635
1746728896158500600,56.57650048828125,-0.0016702963039278984,0.002421049401164055,0.00007185246795415878
1746728896168518700,56.5865185546875,-0.00005695316940546036,0.00106789730489254,-0.0010248373728245497
1746728896178536700,56.59653662109375,0.0013449194375425577,-0.0017431159503757954,-0.0003723257686942816
1746728896188553500,56.606553466796875,-0.00030384352430701256,0.0032527074217796326,0.0025848483201116323
1746728896198571800,56.61657177734375,-0.0012942845933139324,-0.0005908412858843803,-0.0002806633710861206
1746728896208589600,56.626589599609375,-0.0009006690233945847,-0.0006443709135055542,-0.0006324669811874628
1746728896218607600,56.63660766601563,0.00003272993490099907,0.0009020003490149975,0.0005982485599815845
1746728896228624600,56.64662475585938,-0.0009172195568680763,-0.0018133586272597313,-0.00041641597636044025
1746728896238642700,56.656642578125,-0.00017483625560998917,0.0018060165457427502,-0.0006936334539204836
1746728896248660500,56.666660400390626,-0.0006917556747794151,0.00046671275049448013,-0.0019293404184281826
1746728896258678800,56.6766787109375,-0.001787469256669283,0.0010370598174631596,-0.000687028281390667
1746728896268695600,56.68669555664062,-0.0010668179020285606,0.00206344248726964,-0.0015485610347241163
1746728896278713600,56.696713623046875,-0.0008283066563308239,0.002368520013988018,-0.00023079593665897846
1746728896288731600,56.70673168945312,-0.00016278261318802834,-0.0006557656452059746,0.000966561259701848
1746728896298749700,56.716749755859375,-0.0009554759599268436,-0.0006259637884795666,-0.002541405614465475
1746728896308767500,56.726767578125,-0.0012795827351510525,0.0004954934120178223,0.0007249615155160427
1746728896318784800,56.73678466796875,-0.0006228825077414513,0.0009747818112373352,0.0006436025723814964
1746728896328802600,56.74680249023437,-0.0016745645552873611,0.002126332838088274,-0.0010267321486026049
1746728896338820600,56.756820556640626,0.0008407169952988625,0.002575857099145651,0.000256027327850461
1746728896348838700,56.76683862304687,-0.0016322946175932884,0.000039462465792894363,0.001040594419464469
1746728896358855400,56.77685546875,-0.00012283585965633392,-0.0004503740929067135,-0.00029653054662048817
1746728896368873500,56.78687353515625,-0.001245891209691763,-0.0012868731282651424,0.0007807181682437658
1746728896378891800,56.79689184570312,-0.001991662196815014,0.0010270727798342705,-0.0015035776887089014
1746728896388909600,56.80690966796875,0.0015538039151579142,-0.00070584611967206,0.00148741842713207
1746728896398926600,56.81692651367187,-0.0009480719454586506,0.0005460125394165516,-0.0005300678312778473
1746728896408944600,56.82694458007813,0.0009145429357886314,0.0009116646833717823,0.0017655771225690842
1746728896418962400,56.83696240234375,0.00023726001381874084,-0.0016062739305198193,0.001266122329980135
1746728896428980500,56.84698046875,-0.0024251025170087814,0.0004643336869776249,0.0003808876499533653
1746728896438998800,56.85699877929687,0.0007457365281879902,-0.0001909695565700531,-0.00021410477347671986
1746728896449015600,56.867015625,-0.0004960955120623112,0.0019323686137795448,-0.0004042545333504677
1746728896459033600,56.87703369140625,0.0019182064570486546,-0.0006023128516972065,-0.0003532052505761385
1746728896469051600,56.8870517578125,-0.0009641326032578945,0.0013252831995487213,0.0007506748661398888
1746728896479069700,56.897069580078124,-0.0011328207328915596,0.0009614923037588596,0.0009577695745974779
1746728896489086700,56.907086669921874,-0.00019219238311052322,-0.0009029866196215153,0.000772946048527956
1746728896499104500,56.9171044921875,-0.0009333151392638683,0.00048559997230768204,-0.00009270105510950089
1746728896509122600,56.92712255859375,-0.002052109222859144,0.00015803100541234016,-0.0011073655914515257
1746728896519140600,56.937140625,0.0008474031928926706,0.001885333564132452,0.0025700756814330816
1746728896529157600,56.94715771484375,0.0017435566987842321,0.0004312475211918354,0.00038255518302321434
1746728896539175400,56.95717553710937,0.0011080186814069748,0.0022626458667218685,0.0001436497550457716
1746728896549193700,56.96719384765625,0.0018156205769628286,0.0010636909864842892,-0.0013477206230163574
1746728896559211500,56.97721142578125,0.0029556413646787405,0.003197156358510256,0.0016030649421736598
1746728896569229600,56.9872294921875,-0.0007773116230964661,-0.0008013132028281689,-0.0013658269308507442
1746728896579246600,56.99724658203125,-0.0006172340363264084,-0.0009742104448378086,0.0013500036438927054
1746728896589264600,57.0072646484375,-0.002016458660364151,-0.001380076166242361,0.0006828818004578352
1746728896599282400,57.01728247070312,0.001473661046475172,0.0009334594942629337,0.00009353482164442539
1746728896609300700,57.02730078125,-0.0012715253978967667,-0.00048494013026356697,-0.0013837208971381187
1746728896619317500,57.0373173828125,0.0003030146472156048,0.0012716357596218586,0.0017845063703134656
1746728896629335600,57.04733544921875,-0.0012544021010398865,-0.0008208099752664566,0.0018396337982267141
1746728896639354000,57.05735400390625,0.0010802056640386581,-0.0017124209553003311,-0.0017747574020177126
1746728896649372200,57.0673720703125,0.00012306543067097664,-0.001133183017373085,0.003935325890779495
1746728896659389000,57.07738891601562,0.00034945737570524216,0.0017457245849072933,0.0012968259397894144
1746728896669407200,57.0874072265625,0.00029832497239112854,-0.0004436601884663105,0.000595881836488843
1746728896679425000,57.09742504882813,0.0006387503817677498,-0.001708050724118948,0.0013343292521312833
1746728896689443000,57.107443115234375,-0.0011889766901731491,-0.0008278759196400642,0.0008616182021796703
1746728896699460900,57.1174609375,0.0027622440829873085,-0.0013477145694196224,0.0025041354820132256
1746728896709478100,57.12747802734375,-0.0023243934847414494,-0.0009077601134777069,0.0011648316867649555
1746728896719496000,57.13749584960937,0.00019219936802983284,-0.0002725296653807163,0.002487841062247753
1746728896729514200,57.14751416015625,-0.0013790656812489033,-0.0009886533953249454,0.00046224077232182026
1746728896739532000,57.15753198242187,0.0017583284061402082,-0.0016544624231755733,0.0008076210506260395
1746728896749549000,57.16754907226562,0.00041582901030778885,-0.0003905263729393482,0.0003500899765640497
1746728896759567000,57.177567138671876,0.001877807779237628,0.0006407150067389011,-0.00032414007000625134
1746728896769585200,57.18758520507812,-0.001176837831735611,0.0010449830442667007,-0.0016093812882900238
1746728896779603000,57.19760302734375,-0.0003877882845699787,0.00004672631621360779,0.0010429227259010077
1746728896789621000,57.20762109375,-0.0019963374361395836,-0.000258471816778183,-0.000813300721347332
1746728896799638000,57.21763793945313,-0.0008084024302661419,-0.0005127270705997944,0.00011664559133350849
1746728896809656000,57.22765600585937,-0.0012893695384263992,-0.0015753284096717834,0.0002181120216846466
1746728896819674000,57.23767407226563,0.0014569698832929134,-0.0006079860031604767,-0.0018671965226531029
1746728896829692200,57.24769213867187,0.0004241960123181343,-0.00010251812636852264,0.00008836272172629833
1746728896839709000,57.257708984375,0.0022158429492264986,-0.0009338762611150742,-0.0005113682709634304
1746728896849727200,57.267727294921876,-0.0007330751977860928,0.00025549158453941345,0.0016207585576921701
1746728896859745000,57.2777451171875,0.0015635881572961807,-0.0005887043662369251,-0.0003719464875757694
1746728896869763000,57.28776318359375,0.0007638407405465841,-0.00023290608078241348,0.00015828898176550865
1746728896879780000,57.297780029296874,-0.0010233032517135143,0.00015339767560362816,-0.000270577147603035
1746728896889798100,57.30779809570313,-0.0011250362731516361,-0.002116946969181299,0.001211205730214715
1746728896899816000,57.31781591796875,-0.001783951185643673,-0.0024327177088707685,-0.0005917688831686974
1746728896909834200,57.32783422851563,-0.001236671581864357,-0.002034574979916215,-0.0008322522044181824
1746728896919851000,57.33785107421875,0.0018643166404217482,0.000027159694582223892,-0.00001018471084535122
1746728896929869000,57.347869140625,-0.0005216095596551895,-0.0005241143517196178,0.001620735041797161
1746728896939887000,57.35788720703125,0.0018215067684650421,0.002677949145436287,0.004550648387521505
1746728896949905200,57.3679052734375,-0.0014190278016030788,-0.0017642034217715263,-0.0008707488887012005
1746728896959923000,57.3779228515625,-0.004273524507880211,-0.0012852060608565807,0.0025306902825832367
1746728896969940000,57.38793994140625,0.0010533302556723356,-0.0026697837747633457,0.0016313408268615603
1746728896979958000,57.3979580078125,0.0004052361473441124,-0.0003599999472498894,0.00032637687399983406
1746728896989976000,57.40797607421875,-0.0020278277806937695,-0.0011592144146561623,-0.0003505987115204334
1746728896999994000,57.417994140625,-0.0011052992194890976,-0.0004144073463976383,0.002191638806834817
1746728897010011000,57.428010986328125,-0.0010549654252827168,0.0007238276302814484,-0.0004030789714306593
1746728897020029200,57.438029296875,0.0013626166619360447,0.00005469890311360359,0.0019362089224159718
1746728897030047000,57.448046875,-0.0016147973947227001,0.00008665677160024643,-0.00015543773770332336
1746728897040065000,57.45806494140625,-0.0024497490376234055,0.001391836442053318,-0.00042443443089723587
1746728897050082000,57.46808203125,-0.000662767793983221,-0.00021697906777262688,-0.000011910684406757355
1746728897060100000,57.47810009765625,-0.0008516367524862289,0.004293523728847504,-0.0016101629007607698
1746728897070118000,57.488117919921876,-0.0006588241085410118,0.002364596351981163,0.00030331825837492943
1746728897080136000,57.49813598632812,-0.0018906453624367714,-0.0014481940306723118,-0.0022630630992352962
1746728897090154200,57.508154296875,-0.0008823727257549763,0.0006037713028490543,-0.0001461163628846407
1746728897100171000,57.5181708984375,0.0014403937384486198,-0.0018609068356454372,-0.0008782357908785343
1746728897110189000,57.52818896484375,-0.00009625032544136047,0.0007918677292764187,-0.001216723583638668
1746728897120207000,57.53820703125,-0.001198967918753624,0.0015115789137780666,0.0005564335733652115
1746728897130225000,57.54822485351563,0.0002487264573574066,-0.0030469538178294897,0.003178581828251481
1746728897140242200,57.5582421875,-0.0010229488834738731,-0.00258588045835495,-0.0013256021775305271
1746728897150260000,57.56826000976562,0.00010942714288830757,-0.0016511110588908195,-0.00059083616361022
1746728897160278000,57.57827807617188,0.0005861641839146614,-0.000021408777683973312,-0.0008594258688390255
1746728897170296000,57.58829614257812,0.0016634126659482718,0.0009727491997182369,0.002974194474518299
1746728897180313000,57.59831298828125,-0.0007482185028493404,0.0019429340027272701,0.0006118786986917257
1746728897190331000,57.608330810546875,0.000780436210334301,-0.0009186328388750553,-0.0013836279977113008
1746728897200349200,57.61834912109375,0.0001589893363416195,0.00003282399848103523,0.0008119000121951103
1746728897210367000,57.628366943359374,-0.00037311017513275146,-0.0008329697884619236,0.0014997946564108133
1746728897220385000,57.63838500976563,-0.0013675950467586517,-0.00007002800703048706,0.0016564785037189722
1746728897230402000,57.64840209960938,0.0007975548505783081,0.00016459636390209198,-0.0015702072996646166
1746728897240420000,57.658420166015624,-0.00033398112282156944,0.0010127169080078602,0.0013114858884364367
1746728897250438000,57.66843798828125,0.0004726904444396496,-0.0017937221564352512,-0.0012573993299156427
1746728897260456200,57.678456298828124,-0.001854799222201109,0.00042029237374663353,0.0034756248351186514
1746728897270473000,57.68847290039062,0.0013471194542944431,-0.0016439235769212246,-0.000042677391320466995
1746728897280491000,57.698490966796875,-0.00014431821182370186,-0.00032595405355095863,0.0006411068607121706
1746728897290509000,57.70850903320313,-0.0005661626346409321,-0.0014466121792793274,-0.003830340690910816
1746728897300527000,57.718527099609375,-0.0010517197661101818,0.0011625895276665688,0.002110792091116309
1746728897310544100,57.728544189453125,-0.0014823530800640583,-0.0002494184300303459,0.0008055767975747585
1746728897320562200,57.73856225585938,-0.0004534721374511719,0.0005494724027812481,-0.0010284783784300089
1746728897330580000,57.748580078125,0.002645381959155202,-0.0006838375702500343,-0.0005134227685630322
1746728897340598000,57.758597900390626,-0.0022339760325849056,0.0010046944953501225,-0.0034844365436583757
1746728897350616000,57.76861596679687,0.00024036690592765808,0.0010576914064586163,0.00006049708463251591
1746728897360633000,57.77863305664062,0.00048276176676154137,0.0010698158293962479,-0.0016325723845511675
1746728897370651000,57.78865087890625,-8.67992639541626e-7,-0.0008993251249194145,0.0003647985868155956
1746728897380669200,57.79866918945312,-0.0012351246550679207,-0.0004658387042582035,0.0005985093303024769
1746728897390687000,57.80868701171875,-0.00039276666939258575,0.001767221838235855,-0.00024225073866546154
1746728897400704300,57.818704345703125,-0.0001705354079604149,0.0004475107416510582,-0.003699864726513624
1746728897410722000,57.82872216796875,0.0011392072774469852,0.0003774696961045265,-0.001358946319669485
1746728897420740000,57.83873999023437,0.0005111224018037319,-0.001597768161445856,-0.0005639148876070976
1746728897430758000,57.8487578125,-0.00019408296793699265,0.00014260737225413322,0.00171974569093436
1746728897440775200,57.858775146484376,0.0019594943150877953,0.0005339640192687511,-0.0025519896298646927
1746728897450793000,57.86879296875,-0.00195295549929142,-0.0005331644788384438,0.0006059866864234209
1746728897460811300,57.878811279296876,-0.0016840840689837933,-0.0001971013844013214,0.00024619605392217636
1746728897470829000,57.8888291015625,0.0010187579318881035,-0.0022346857003867626,-0.002430014545097947
1746728897480846000,57.89884619140625,-0.0019526220858097076,0.0010787015780806541,-0.0008362419903278351
1746728897490864000,57.908864013671874,0.0007060114294290543,0.002019596751779318,-0.0007070787250995636
1746728897500882200,57.91888208007813,-0.0011035827919840813,0.00021043792366981506,-0.000358824385330081
1746728897510900000,57.92889990234375,-0.0017693727277219296,0.001070639118552208,0.0020044646225869656
1746728897520918000,57.93891796875,0.0009011118672788143,0.004772884305566549,-0.0028991589788347483
1746728897530935000,57.94893505859375,0.0004550325684249401,0.0020287628285586834,0.0016191602917388082
1746728897540953000,57.958953125,0.0003176662139594555,0.00021162861958146095,-0.003930710721760988
1746728897550971100,57.96897119140625,0.0005216645076870918,-0.002903204644098878,-0.0016947207041084766
1746728897560989200,57.9789892578125,0.0010044346563518047,-0.0006556552834808826,0.00027334224432706833
1746728897571006000,57.989005859375,0.0004246644675731659,-0.000528356060385704,0.0011250211391597986
1746728897581024300,57.999024169921874,-0.00030916836112737656,-0.00016720686107873917,0.00006515323184430599
1746728897591042000,58.0090419921875,0.0017973918002098799,0.002524450421333313,-0.0010850660037249327
1746728897601060000,58.01906005859375,-0.001481647603213787,0.0002004164271056652,-0.0008458637166768312
1746728897611077000,58.0290771484375,0.0013082798104733229,0.000253413338214159,-0.000253044068813324
1746728897621095000,58.039094970703125,-0.0004985746927559376,-0.00012864265590906143,-0.002621060237288475
1746728897631113000,58.04911303710937,0.002000269014388323,0.00038747768849134445,-0.0006716265343129635
1746728897641131000,58.059131103515625,-0.0008041649125516415,0.001991806086152792,-0.0011662431061267853
1746728897651148000,58.06914794921875,-0.0007959092035889626,0.00020961882546544075,-0.0011289590038359165
1746728897661166000,58.079166015625,0.0006712791509926319,-0.0011624032631516457,-0.00037727924063801765
1746728897671184100,58.08918408203125,0.00040176743641495705,0.0011598728597164154,0.0012842670548707247
1746728897681202000,58.099201904296876,0.00023707561194896698,0.0006074295379221439,0.00021802540868520737
1746728897691220000,58.10921997070312,-0.0006558825261890888,0.00019437307491898537,0.0023488204460591078
1746728897701237000,58.11923706054687,0.0005648951046168804,-0.0017470179591327906,0.0007413998246192932
1746728897711255000,58.129255126953126,0.0009483904577791691,-0.0005589816719293594,0.0007776187267154455
1746728897721272800,58.13927294921875,-0.0023782248608767986,0.0020860456861555576,0.0015053680399432778
1746728897731291100,58.149291015625,-0.0007590227760374546,0.0007613892666995525,0.0005479617975652218
1746728897741308000,58.159307861328124,0.00038191210478544235,-0.003948197700083256,-0.0011502171400934458
1746728897751326200,58.169326171875,-0.001741692889481783,-0.0011244481429457664,0.0005467492155730724
1746728897761344000,58.17934399414062,-0.00023367488756775856,-0.00039031635969877243,-0.0023367335088551044
1746728897771362000,58.18936206054688,0.0009961728937923908,-0.0007743439637124538,0.00209796242415905
1746728897781379000,58.19937915039063,-0.00010227086022496223,0.0018789814785122871,0.0005200447048991919
1746728897791396900,58.20939697265625,-0.0018272004090249538,0.001069114077836275,0.0010968854185193777
1746728897801415000,58.219414794921875,0.00002092123031616211,-0.004530112724751234,0.0009320282842963934
1746728897811433000,58.22943286132813,0.0025179011281579733,0.0019221939146518707,0.0017687935614958405
1746728897821451000,58.239450927734374,0.000028956681489944458,0.0009492621757090092,-0.00013911561109125614
1746728897831467800,58.2494677734375,-0.0005665263161063194,0.00019079400226473808,0.0012345428112894297
1746728897841486000,58.25948608398438,-0.0004521501250565052,-0.000686288345605135,0.00008147722110152245
1746728897851504000,58.269504150390624,0.0005052564665675163,0.0011294549331068993,0.0011765690287575126
1746728897861522000,58.27952197265625,-0.00016054930165410042,-0.0017225949559360743,-0.0003314525820314884
1746728897871539000,58.2895390625,0.0025500161573290825,0.0002782382071018219,-0.0039690639823675156
1746728897881557000,58.29955688476562,0.00007500080391764641,0.000631001777946949,0.0016105810645967722
1746728897891574800,58.30957470703125,0.0007567699067294598,-0.0010561109520494938,-0.0004837287124246359
1746728897901593000,58.31959301757813,-0.0004443032667040825,-0.0008079679682850838,0.0014978426042944193
1746728897911609900,58.32960986328125,0.00261087529361248,0.0008983192965388298,0.0011409790022298694
1746728897921628000,58.3396279296875,0.0011059141252189875,-0.00047294050455093384,-0.0011081902775913477
1746728897931646000,58.34964599609375,0.0016619821544736624,0.0015822211280465126,-0.0017670562956482172
1746728897941664000,58.3596640625,-0.00011833058670163155,0.000733397901058197,0.0021337431389838457
1746728897951681000,58.36968090820312,-0.000018994789570569992,-0.0006437227129936218,-0.004320161417126656
1746728897961699000,58.379698974609376,0.0011567622423171997,-0.000344044528901577,0.0029051078017801046
1746728897971716900,58.389716796875,-0.001618518028408289,0.0024014082737267017,-0.0004701823927462101
1746728897981735000,58.39973486328125,-0.0002086586318910122,-0.001943938434123993,-0.00010536774061620235
1746728897991753000,58.4097529296875,0.0006286394782364368,0.000982342753559351,-0.0011751595884561539
1746728898001770000,58.41977001953125,0.000013177748769521713,-0.00026072701439261436,0.0011481543770059943
1746728898011787800,58.42978784179687,-0.0001306328922510147,-0.00044182222336530685,0.001477587386034429
1746728898021806000,58.43980615234375,-0.000748742837458849,-0.0012368890456855297,0.0017098464304581285
1746728898031824000,58.44982397460937,0.002330137649551034,0.0017269430682063103,0.0018611139385029674
1746728898041841200,58.45984106445312,-0.0005971314385533333,-0.00006406567990779877,0.0017689780797809362
1746728898051859000,58.46985888671875,0.00044203363358974457,0.00044912565499544144,0.0017159811686724424
1746728898061877000,58.479876953125,-0.00009582424536347389,-0.00027552293613553047,0.0030303969979286194
1746728898071894800,58.489894775390624,-0.002172024454921484,0.00037934817373752594,0.0018112018005922437
1746728898081912000,58.499912109375,0.0002926541492342949,0.0021132975816726685,-0.0011699441820383072
1746728898091929900,58.50992993164063,-0.0027955477125942707,-0.0006185728125274181,-0.0020269490778446198
1746728898101948000,58.519947998046874,-0.0007142839021980762,-0.0013920781202614307,-0.0009987486992031336
1746728898111966000,58.52996606445313,0.0002849344164133072,-0.0005427957512438297,0.0010353738907724619
1746728898121983000,58.53998291015625,0.0013807632494717836,-0.002237878041341901,-0.0016473268624395132
1746728898132001000,58.5500009765625,0.0016545362304896116,0.0018791025504469872,-0.0010587682481855154
1746728898142019000,58.56001904296875,0.001979622757062316,0.001158062368631363,-0.0016307660844177008
1746728898152036900,58.57003686523438,0.0012717547360807657,0.0012611267156898975,-0.0008467314764857292
1746728898162054100,58.58005419921875,-0.0002968660555779934,-0.0005127470940351486,-0.0014409401919692755
1746728898172072000,58.590072021484374,0.0022669590543955564,-0.0006941081956028938,-0.0028641337994486094
1746728898182090000,58.60009008789063,0.0010844110511243343,0.0005889860913157463,0.00028252857737243176
1746728898192108000,58.61010791015625,-0.000021599698811769485,0.0008925860747694969,-0.0006285386625677347
1746728898202126000,58.6201259765625,-0.001804982777684927,0.000781260896474123,0.0025274937506765127
1746728898212142800,58.630142822265626,0.00021582376211881638,-0.00040863920003175735,-0.00046829599887132645
1746728898222161200,58.6401611328125,-0.0028251302428543568,0.002407671883702278,-0.0013756316620856524
1746728898232179000,58.650178955078125,0.001722483430057764,-0.00012339605018496513,-0.0006983897183090448
1746728898242197000,58.66019702148437,0.0010263202711939812,0.0018690177239477634,0.00019501498900353909
1746728898252214000,58.67021411132812,-0.00129648856818676,0.0001845681108534336,0.000589961651712656
1746728898262232000,58.680232177734375,0.003030479419976473,0.0008864696137607098,0.00009822589345276356
1746728898272249900,58.69024975585938,0.00019234837964177132,0.001607653684914112,-0.0011015282943844795
1746728898282268200,58.70026806640625,-0.0016041765920817852,0.00040678447112441063,0.000548994168639183
1746728898292285000,58.71028491210937,0.00015617255121469498,0.001131963450461626,0.00005684187635779381
1746728898302303000,58.720302978515626,-0.001100428868085146,-0.0007154061459004879,-0.0003499053418636322
1746728898312321000,58.73032104492187,-0.0006114724092185497,-0.0020358015317469835,0.0014258904848247766
1746728898322339000,58.740339111328126,-0.0010113813914358616,0.0020010615698993206,-0.0011694591958075762
1746728898332356000,58.750356201171876,0.001783606130629778,0.001100913155823946,0.002469217637553811
1746728898342374100,58.7603740234375,0.00012880470603704453,0.0008975197561085224,-0.00025092135183513165
1746728898352392000,58.770391845703124,0.0015123167540878057,-0.0016151724848896265,-0.00042589125223457813
1746728898362410000,58.78040991210938,0.0020096790976822376,-0.0007391488179564476,0.00007643876597285271
1746728898372428000,58.79042797851562,0.00013774307444691658,0.001988727133721113,-0.00018881214782595634
1746728898382444800,58.80044482421875,-0.0017359624616801739,0.0033660074695944786,-0.0005697379820048809
1746728898392462800,58.810462890625,0.0004129423759877682,-0.0023089228197932243,-0.0008504351135343313
1746728898402481200,58.82048120117187,-0.0026713241823017597,0.000917565543204546,-0.0007977145723998547
1746728898412499000,58.8304990234375,0.001766034634783864,0.00068613700568676,-0.0001612191554158926
1746728898422516000,58.840515869140624,0.001168808899819851,0.0007961690425872803,-0.0017535111401230097
1746728898432534000,58.85053393554688,0.0022809449583292007,-0.002450756961479783,0.000951993977651
1746728898442552000,58.860552001953124,0.0018384756986051798,-0.0004051458090543747,-0.001972702331840992
1746728898452569900,58.87056982421875,-0.00031282566487789154,0.00180447893217206,-0.001196923665702343
1746728898462587000,58.8805869140625,0.0011711595579981804,-0.0007533724419772625,-0.000988733023405075
1746728898472605000,58.89060498046875,0.00017114263027906418,-0.00028971582651138306,-0.00367905804887414
1746728898482623000,58.900623046875,0.0001792004331946373,0.00004730280488729477,-0.002743079559877515
1746728898492641000,58.91064111328125,-0.0003758021630346775,-0.00012819981202483177,-0.00010708300396800041
1746728898502657800,58.92065771484375,-0.0012341239489614964,0.0005032466724514961,-0.0005197166465222836
1746728898512676000,58.930676025390625,-0.0009457035921514034,0.0009578480385243893,0.0000978703610599041
1746728898522694000,58.94069384765625,0.00031749531626701355,0.0012353956699371338,-0.002446695463731885
1746728898532712000,58.9507119140625,0.0003433278761804104,-0.000673824455589056,-0.0012112546246498823
1746728898542729000,58.96072900390625,-0.001607499085366726,-0.0004312708042562008,0.0023274787236005068
1746728898552747000,58.9707470703125,-0.0005957642570137978,0.00015435833483934402,-0.0021210655104368925
1746728898562764800,58.98076489257812,-0.0011668750084936619,-0.0014624884352087975,-0.00024889293126761913
1746728898572783000,58.990783203125,0.002227856544777751,-0.0007413043640553951,-0.0002712635323405266
1746728898582800000,59.0007998046875,0.0007907808758318424,-0.0019020813051611185,0.0012148419627919793
1746728898592818000,59.01081787109375,0.0006602858193218708,-0.00271541066467762,0.00022973865270614624
1746728898602836000,59.0208359375,0.0008954447694122791,0.00007812958210706711,0.002388809574767947
1746728898612854000,59.03085400390625,0.0004919758066534996,0.000360158272087574,-0.0015396191738545895
1746728898622871800,59.04087182617187,-0.0004486432299017906,0.0012349579483270645,0.001771161099895835
1746728898632889000,59.05088916015625,0.00035350117832422256,0.0013007381930947304,-0.00022035068832337856
1746728898642907100,59.0609072265625,-0.000227256678044796,-0.0006658653728663921,-0.0008161060977727175
1746728898652925000,59.07092504882812,0.002062262734398246,-0.0013215355575084686,-0.0039061717689037323
1746728898662943200,59.080943115234376,0.0010408032685518265,0.0012820321135222912,0.00047733099199831486
1746728898672960000,59.0909599609375,-0.0011365972459316254,-0.0010186727158725262,-0.002217255299910903
1746728898682978000,59.10097802734375,0.0008654356934130192,-0.0014633620157837868,0.0014774160226806998
1746728898692996000,59.11099609375,-0.0016483222134411335,0.002812875434756279,0.004109684377908707
1746728898703014100,59.12101416015625,0.0008497252129018307,0.001340334303677082,-0.0007592740003019571
1746728898713031200,59.13103125,0.0012744995765388012,0.0022665816359221935,0.0005829592701047659
1746728898723049200,59.14104931640625,0.0005532111972570419,0.0015541557222604752,0.001320235780440271
1746728898733067000,59.15106689453125,-0.0003565247170627117,0.000791958998888731,0.0015391476918011904
1746728898743085000,59.1610849609375,0.00039514387026429176,-0.0011918670497834682,-0.0011860411614179611
1746728898753102000,59.17110205078125,0.0004484071396291256,-0.00008266046643257141,0.000644349493086338
1746728898763119900,59.181119873046875,0.0033486997708678246,-0.0011941567063331604,-0.0005386932753026485
1746728898773138000,59.19113793945313,0.0019076631870120764,-0.0009257099591195583,-0.0007930251304060221
1746728898783156200,59.20115625,0.0022463554050773382,-0.00014757225289940834,0.0014670664677396417
1746728898793173000,59.211173095703124,-0.00032599177211523056,-0.0013960623182356358,-0.0004022063221782446
1746728898803191000,59.22119091796875,-0.00006523868069052696,0.0008595595136284828,0.00041952403262257576
1746728898813209000,59.231208984375,0.0002804393880069256,0.0007194774225354195,-0.0016883679199963808
1746728898823227100,59.24122705078125,0.0004159575328230858,-0.00012134900316596031,-0.0004262130241841078
1746728898833245000,59.25124487304687,-0.0010945871472358704,-0.0007248213514685631,0.002375965006649494
1746728898843262000,59.26126196289062,-0.0019530728459358215,-0.001790192211046815,0.0017338456818833947
1746728898853280000,59.271280029296875,-0.0006609070114791393,0.000488674733787775,-0.0004270432982593775
1746728898863298000,59.28129809570312,0.002202349714934826,-0.00046137068420648575,-0.0017918813973665237
1746728898873316000,59.291316162109375,-0.0015865294262766838,-0.0010928059928119183,0.0002757969778031111
1746728898883332900,59.30133276367187,0.00003940518945455551,0.0005727037787437439,0.0004986575804650784
1746728898893351200,59.31135107421875,0.0005699065513908863,-0.00013409927487373352,-0.003134426660835743
1746728898903369000,59.32136889648437,0.0011845764238387346,0.0003440035507082939,0.0004425074439495802
1746728898913387000,59.331386962890626,-0.0016540871001780033,-0.00028689950704574585,-0.0029535554349422455
1746728898923404000,59.341404052734376,0.0020591525826603174,-0.001193417701870203,-0.000019357306882739067
1746728898933422000,59.35142211914062,-0.0023608957417309284,0.00033070938661694527,0.00002085627056658268
1746728898943440000,59.36143994140625,-0.0004883315414190292,0.00033219996839761734,-0.0017476771026849747
1746728898953458200,59.37145825195312,0.0000618775375187397,-0.0003109532408416271,-0.0008113095536828041
1746728898963475000,59.38147485351563,0.001698363572359085,-0.0007596933282911777,-0.0022712196223437786
1746728898973493000,59.39149291992187,-0.0011387020349502563,0.00034924689680337906,0.003237795550376177
1746728898983511000,59.40151098632813,0.0007297876290977001,0.00045337527990341187,0.0023022424429655075
1746728898993529000,59.41152905273437,0.0005409694276750088,0.000497051514685154,-0.0002650448586791754
1746728899003546000,59.42154614257812,0.000731579028069973,-0.0006917677819728851,-0.0013012401759624481
1746728899013564200,59.431564208984376,-0.000269502867013216,-0.0003261161036789417,-0.0014628940261900425
1746728899023582000,59.44158203125,0.0009783529676496983,-0.00276470766402781,0.0037443216424435377
1746728899033600000,59.45160009765625,0.0004004468210041523,-0.001714889658614993,0.0039642988704144955
1746728899043617000,59.461616943359374,0.0008607837371528149,-0.0005624406039714813,0.0005603923927992582
1746728899053635000,59.47163500976563,0.0007249624468386173,-0.0005366080440580845,-0.0006321710534393787
1746728899063653000,59.481653076171874,-0.0008295932784676552,0.0019038342870771885,0.0003700000233948231
1746728899073671200,59.49167114257813,-0.00009482726454734802,-0.00029993150383234024,-0.002133637899532914
1746728899083689000,59.50168896484375,0.0014970919582992792,-0.00008213240653276443,-0.0002753471489995718
1746728899093706200,59.51170629882812,-0.0010374384000897408,0.0013080374337732792,0.000010143732652068138
1746728899103724000,59.52172412109375,-0.00009834952652454376,0.0019010035321116447,0.00011806725524365902
1746728899113742000,59.5317421875,0.0003972649574279785,0.0013755620457231998,0.001347116194665432
1746728899123759900,59.541759765625,0.00031434977427124977,0.0012742849066853523,0.0007104012183845043
1746728899133777200,59.551777099609374,-0.001874502282589674,-0.0006956555880606174,0.0005269094835966825
1746728899143795000,59.561794921875,0.0007446911185979843,0.0013562212698161602,-0.0001885963138192892
1746728899153813200,59.571813232421874,-0.002337651327252388,0.0006976211443543434,0.00031873583793640137
1746728899163831000,59.5818310546875,0.00011933315545320511,-0.000011411495506763458,-2.0489096641540527e-8
1746728899173848000,59.59184814453125,0.0026418794877827168,0.00011295825242996216,-0.0006740663666278124
1746728899183866000,59.6018662109375,-0.0015587219968438148,-0.00040641147643327713,-0.00009490502998232841
1746728899193884200,59.61188427734375,-0.0011501931585371494,0.0004766928032040596,-0.0034736571833491325
1746728899203902000,59.62190185546875,-0.0000479845330119133,-0.00020558200776576996,-0.0014333431608974934
1746728899213919200,59.63191918945312,-0.0005888724699616432,-0.0013182503171265125,0.0010740230791270733
1746728899223937000,59.64193701171875,-0.00004362128674983978,0.0002665338106453419,-0.002409296575933695
1746728899233955000,59.651955078125,-0.00028570275753736496,0.0011546979658305645,-0.0018034274689853191
1746728899243973000,59.66197314453125,-0.0010941755026578903,-0.0013281796127557755,0.0012409371556714177
1746728899253990100,59.671990234375,-0.0012707430869340897,0.0008409651927649975,-0.0004549638833850622
1746728899264008000,59.682008056640626,0.002145840786397457,0.00008127233013510704,0.004267537035048008
1746728899274026200,59.69202612304687,-0.0003580632619559765,-0.0013991789892315865,0.0017143645090982318
1746728899284044000,59.7020439453125,-0.0008823955431580544,0.000040256883949041367,0.0006957589648663998
1746728899294061000,59.71206103515625,0.0005226884968578815,0.0005334741435945034,-0.0022710023913532495
1746728899304079000,59.7220791015625,0.00013850489631295204,-0.0005378313362598419,0.0011086619924753904
1746728899314097200,59.73209716796875,-0.00037655048072338104,0.0005769678391516209,-0.0004530157893896103
1746728899324115000,59.74211499023438,-0.0001891585998237133,-0.0010717944242060184,0.0022106366232037544
1746728899334133200,59.75213330078125,0.0016508193220943213,0.001229975838214159,-0.000480221351608634
1746728899344150000,59.76214990234375,-0.0005707819946110249,-0.0000998983159661293,0.0007258274126797915
1746728899354168000,59.77216796875,-0.00020646164193749428,0.001707056537270546,-0.0010307938791811466
1746728899364186000,59.78218603515625,0.001865943893790245,-0.0009246682748198509,-0.00011380668729543686
1746728899374204200,59.7922041015625,0.00039641140028834343,-0.0007680743001401424,0.001266243401914835
1746728899384221200,59.80222119140625,-0.0014339722692966461,-0.002318433253094554,0.0022363541647791862
1746728899394239000,59.81223901367188,0.0005748500116169453,-0.002107244450598955,0.002292280551046133
1746728899404257000,59.822257080078124,-0.0013301805593073368,0.001183144748210907,-0.0011906148865818977
1746728899414275000,59.83227514648438,0.0009497515857219696,0.0007823389023542404,-0.0002521167043596506
1746728899424292000,59.8422919921875,0.0011260858736932278,0.0029271598905324936,-0.00177688617259264
1746728899434310000,59.85230981445312,-0.00020762532949447632,-0.0012305667623877525,-0.0013033761642873287
1746728899444328200,59.862328125,0.0010836513247340918,-0.0006977668963372707,0.0003879270516335964
1746728899454346000,59.87234594726562,0.000891637522727251,-0.00021094130352139473,0.0001413184218108654
1746728899464363000,59.88236303710938,-0.0008030608296394348,-0.0019883085042238235,-0.0005563159938901663
1746728899474381000,59.892381103515625,-0.0001623043790459633,0.001065538264811039,-0.0008370131254196167
1746728899484399000,59.90239916992188,-0.000989684835076332,-0.000599901657551527,0.0016379882581532001
1746728899494417000,59.9124169921875,0.0009885113686323166,0.00006748642772436142,-0.00026830239221453667
1746728899504434200,59.92243408203125,-0.00011663185432553291,0.0013694493100047112,0.0010112605523318052
1746728899514452000,59.932451904296876,-0.0006500626914203167,0.00019153347238898277,0.0005452074110507965
1746728899524470000,59.94246997070312,0.00027295947074890137,0.003628601785749197,-0.0026273939292877913
1746728899534488000,59.952488037109376,0.00046310899779200554,-0.0006079543381929398,-0.002700630808249116
1746728899544505000,59.962505126953126,0.0012780118267983198,0.001345344353467226,-0.001769044203683734
1746728899554523000,59.97252294921875,-0.0006455895490944386,0.0011996692046523094,0.00038278987631201744
1746728899564541200,59.982541259765625,0.0008507710881531239,0.0012864223681390285,-0.0012040496803820133
1746728899574559000,59.99255908203125,0.0004723356105387211,0.00007574912160634995,0.0007810704410076141
1746728899584576300,60.002576171875,0.0029185099992901087,-0.0007620044052600861,-0.00015586288645863533
1746728899594594000,60.01259399414062,-0.0002863379195332527,0.0009259069338440895,0.0005179168656468391
1746728899604612000,60.02261206054688,0.001192219089716673,-0.0004576118662953377,0.0008680480532348156
1746728899614630000,60.0326298828125,0.0001993929035961628,0.0024723978713154793,0.005216723773628473
1746728899624648200,60.042648193359376,0.0030574866104871035,0.0018269759602844715,0.00022915774025022984
1746728899634665000,60.0526650390625,-0.0010432489216327667,0.0008615800179541111,0.0001540565863251686
1746728899644683000,60.06268310546875,0.002308125840499997,-0.0016742167063057423,-0.00010593771003186703
1746728899654700800,60.07270068359375,0.002188283484429121,0.0021535446867346764,-0.0018116924911737442
1746728899664718800,60.08271875,0.0007020584307610989,0.0008876989595592022,0.0002481839619576931
1746728899674735900,60.09273583984375,0.0016986133996397257,-0.0010590716265141964,0.00003779423423111439
1746728899684754000,60.10275390625,-0.000666620209813118,0.00010591186583042145,-0.0016960825305432081
1746728899694771700,60.112771728515625,-0.0004868567921221256,0.0014854292385280132,0.0013138219946995378
1746728899704789800,60.12278979492187,-0.00004640687257051468,-0.00013068784028291702,-0.0012279206421226263
1746728899714806800,60.13280688476563,-0.0013878410682082176,0.00031006522476673126,0.0014640026492998004
1746728899724824800,60.142824951171875,0.0013104032259434462,-0.0014277826994657516,-0.0006186405662447214
1746728899734843000,60.1528427734375,0.0008944175206124783,-0.0020525604486465454,0.00033983122557401657
1746728899744861000,60.16286083984375,0.00045681605115532875,-0.00022099120542407036,-0.0008055947255343199
1746728899754877700,60.17287768554687,0.001490655355155468,-0.0017421888187527657,-0.00010438449680805206
1746728899764896000,60.18289599609375,-0.0015438203699886799,-0.0009660087525844574,-0.00006392248906195164
1746728899774913800,60.19291381835937,0.0000058729201555252075,0.0009080576710402966,-0.0019590279553085566
1746728899784931800,60.202931884765626,0.0005204915069043636,-0.0005310322158038616,-0.00047202594578266144
1746728899794948900,60.212948974609375,-0.00018125120550394058,0.0010471567511558533,-0.00029465951956808567
1746728899804967000,60.222966796875,0.00036989059299230576,-0.0007944260723888874,-0.0011905934661626816
1746728899814984700,60.23298461914062,0.00034219352528452873,0.00012489734217524529,-0.0009431857615709305
1746728899825003000,60.2430029296875,-0.0006125136278569698,-0.000019539613276720047,0.00018005631864070892
1746728899835019800,60.25301977539063,0.0003206580877304077,-0.0014826804399490356,0.0004583566915243864
1746728899845037800,60.26303784179687,-0.00002778833732008934,-0.002227738266810775,-0.0026322996709495783
1746728899855056000,60.273055908203126,0.001237479504197836,0.0009747128933668137,0.0009621689096093178
1746728899865074000,60.28307397460937,0.0040048835799098015,-0.004958489444106817,0.0017449436709284782
1746728899875091000,60.29309106445312,-0.0006697629578411579,-0.002803192939609289,-0.00023671449162065983
1746728899885109000,60.30310888671875,-0.0005583390593528748,-0.0010729325003921986,-0.0006404281593859196
1746728899895126800,60.31312670898438,0.0023311905097216368,-0.0004534809850156307,-0.002907044719904661
1746728899905144800,60.323144775390624,-0.0011432631872594357,-0.0007215156219899654,0.0012264939723536372
1746728899915161900,60.33316186523437,0.000021603424102067947,0.0008454886265099049,0.0009705640841275454
1746728899925180000,60.34317993164063,0.00047492189332842827,0.0009132614359259605,-0.00022724922746419907
1746728899935198000,60.35319799804687,-0.0002233586274087429,-0.00046332646161317825,-0.00020754174329340458
1746728899945216000,60.36321606445313,-0.0017778403125703335,0.003098907880485058,-0.0016092879232019186
1746728899955233800,60.37323388671875,0.0008709398098289967,-0.0017978465184569359,-0.00015147356316447258
1746728899965250800,60.38325073242188,0.0014832790475338697,-0.000157287809997797,-0.0014059154782444239
1746728899975268900,60.393268798828124,0.0004427819512784481,0.0011287527158856392,-0.0005837979260832071
1746728899985287000,60.40328686523438,-0.0005062688142061234,0.0006033303216099739,-0.0034857827704399824
1746728899995304700,60.4133046875,0.0011696582660079002,0.0010467465035617352,-0.0021129229571670294
1746728900005321700,60.42332177734375,-0.001596283633261919,0.0000030477531254291534,-0.0027167086955159903
1746728900015339800,60.43333984375,0.001088182907551527,-0.00006965640932321548,-0.0006492966786026955
1746728900025358000,60.443358154296874,-0.003695962019264698,-0.00036464491859078407,0.00031337933614850044
1746728900035375900,60.4533759765625,-0.00032067159190773964,-0.0007526674307882786,0.0004808921366930008
1746728900045392600,60.463392578125,0.001310679828748107,0.0000311192125082016,0.002775110537186265
1746728900055411000,60.47341088867187,0.00131467473693192,-0.00013612722977995872,0.0006776049267500639
1746728900065428700,60.4834287109375,0.0004751477390527725,-0.00009642681106925011,-0.0028196959756314754
1746728900075446800,60.49344677734375,-0.0018591131083667278,-0.0006969696842133999,0.00016783829778432846
1746728900085463800,60.5034638671875,-0.0007465826347470284,0.0005659251473844051,0.0011568237096071243
1746728900095481900,60.51348193359375,-0.001635013148188591,-0.000469778198748827,0.0007733285892754793
1746728900105499600,60.523499755859376,0.0009846589528024197,0.00012264354154467583,0.002371871378272772
1746728900115518000,60.53351806640625,0.0011202138848602772,0.0005298410542309284,0.0023178092669695616
1746728900125534700,60.54353466796875,0.0012057600542902946,0.0007034116424620152,-0.0003240993246436119
1746728900135552800,60.553552734375,0.0013628865126520395,0.0010799826122820377,-0.0007472757715731859
1746728900145570800,60.56357080078125,0.0014705939684063196,0.002550265286117792,0.0012673912569880486
1746728900155588900,60.5735888671875,0.001778988167643547,0.0009907186031341553,0.0018737930804491043
1746728900165606000,60.58360595703125,0.0011757125612348318,-0.0009393147192895412,-0.00033555692061781883
1746728900175624000,60.5936240234375,0.0000784900039434433,-0.002657319651916623,-0.0009329037275165319
1746728900185641700,60.60364184570312,-0.00017011351883411407,-0.0018796846270561218,-0.0007978377398103476
1746728900195659800,60.61365966796875,-0.00036452431231737137,0.0010628420859575272,-0.0002082139253616333
1746728900205676800,60.6236767578125,-0.000008695758879184723,-0.000863376073539257,0.0007838297169655561
1746728900215694800,60.63369482421875,0.0004871850833296776,-0.0014245039783418179,0.0012932925019413233
1746728900225713000,60.643712890625,0.0012525042984634638,-0.001452743075788021,0.0001414138823747635
1746728900235731000,60.65373095703125,-0.001584827434271574,-0.0007278304547071457,0.00006764428690075874
1746728900245747700,60.66374780273438,0.002321776235476136,-0.0004182695411145687,-0.0034724336583167315
1746728900255766000,60.67376611328125,0.0005478444509208202,0.0002070404589176178,0.0010360318701714277
1746728900265783800,60.68378369140625,-0.0024288720451295376,0.0007941112853586674,-0.0015979195013642311
1746728900275801900,60.6938017578125,0.002385058207437396,0.000638050027191639,-0.0014591692015528679
1746728900285819000,60.70381884765625,0.0007635816000401974,-0.0002865339629352093,-0.0022877773735672235
1746728900295837000,60.7138369140625,0.0008703740313649178,0.0007736701518297195,0.00017564627341926098
1746728900305854700,60.72385473632813,0.0007663192227482796,0.0008491678163409233,-0.00138633674941957
1746728900315873000,60.733873046875,-0.0007753847166895866,0.0007738000713288784,0.0012017233530059457
1746728900325889800,60.743889892578125,-0.0003780508413910866,0.0008524945005774498,0.00014513800852000713
1746728900335907800,60.75390795898438,-0.0004060138016939163,-0.0003123721107840538,-0.0015222670044749975
1746728900345926000,60.76392578125,-0.0008081486448645592,-0.0018730596639215946,0.00010141637176275253
1746728900355944000,60.77394384765625,-0.00031919218599796295,-0.0011646589264273643,0.002069758716970682
1746728900365961700,60.78396166992187,0.0005851024761795998,-0.00042951013892889023,0.0001999794039875269
1746728900375979000,60.79397900390625,-0.0004356871359050274,0.0012469496577978134,-0.0011891252361238003
1746728900385996800,60.803996826171876,-0.0009676609188318253,-0.0007562474347651005,0.0002889246679842472
1746728900396014800,60.81401489257812,0.0002222396433353424,-0.000630013644695282,0.0012543206103146076
1746728900406033000,60.824032958984375,0.0009276377968490124,-0.0009481231682002544,0.0023979400284588337
1746728900416050000,60.8340498046875,0.002005685353651643,-0.00009591178968548775,-0.000049238791689276695
1746728900426067700,60.84406762695313,-0.00018380442634224892,-0.0015232223086059093,0.0005886973813176155
1746728900436086000,60.8540859375,0.0010495055466890335,-0.0012193555012345314,-0.0010321023873984814
1746728900446103800,60.86410375976563,0.0011865925043821335,0.0004488290287554264,-0.0005765948444604874
1746728900456120800,60.874120849609376,0.000040368176996707916,-0.0017016734927892685,-0.0009888524655252695
1746728900466139000,60.88413891601562,0.001968502765521407,0.0001637013629078865,-0.0025081997737288475
1746728900476157000,60.894156982421876,0.0014425285626202822,-0.0009066229686141014,-0.0017156428657472134
1746728900486174700,60.9041748046875,0.0018059627618640661,-0.001020945142954588,-0.00017774663865566254
1746728900496191700,60.91419165039063,-0.000712056178599596,-0.0005706045776605606,0.0015272090677171946
1746728900506209800,60.924209716796874,-0.0004237191751599312,-0.0008496097289025784,0.0007596502546221018
1746728900516227800,60.93422778320313,0.0018271845765411854,-0.0004469393752515316,-0.0008233326952904463
1746728900526246000,60.94424584960937,0.0003465702757239342,-0.0003238036297261715,-0.0009015118703246117
1746728900536262700,60.9542626953125,0.0018467288464307785,-0.00039464328438043594,-0.0019670426845550537
1746728900546281000,60.96428100585938,-0.0007035471498966217,0.00006329873576760292,0.0007509812712669373
1746728900556298800,60.974298828125,-0.0014220676384866238,0.0012614550068974495,0.003195230383425951
1746728900566316800,60.98431689453125,-0.000134218018501997,0.001924768090248108,-0.0008510884363204241
1746728900576333800,60.994333740234374,0.0010436982847750187,-0.0024657195899635553,0.000461317365989089
1746728900586351900,61.00435180664063,0.0003679567016661167,0.0001994227059185505,0.0007444419898092747
1746728900596369700,61.01436962890625,-0.0006640180945396423,0.000031643547117710114,0.0021463297307491302
1746728900606388000,61.02438793945313,-0.0007093106396496296,0.0008568777702748775,-0.0005133608356118202
1746728900616404700,61.03440478515625,-0.000627551693469286,-0.0001913425512611866,0.0014142350992187858
1746728900626422800,61.0444228515625,0.0012823385186493397,-0.0007922966033220291,0.00018478650599718094
1746728900636440800,61.05444091796875,0.002256789244711399,-0.000021577812731266022,-0.0016852852422744036
1746728900646459000,61.064458984375,0.0004273531958460808,0.0003795498050749302,0.00047699338756501675
1746728900656476000,61.07447583007813,-0.00035694753751158714,0.0007550553418695927,-0.00008919462561607361
1746728900666494000,61.084493896484375,-0.002340341918170452,0.0016598193906247616,0.0012307041324675083
1746728900676511700,61.09451171875,-0.0006785294972360134,0.0012401053681969643,0.0005353528540581465
1746728900686529800,61.10452978515625,-0.0015433719381690025,0.0008675232529640198,0.0013902733335271478
1746728900696546800,61.114546875,0.0008372277952730656,-0.00012530339881777763,0.0014137091347947717
1746728900706564900,61.12456494140625,0.000874869991093874,0.0002583358436822891,-0.0006834217347204685
1746728900716582700,61.13458276367187,0.001267952611669898,-0.0008340929634869099,-0.00023840763606131077
1746728900726601000,61.14460107421875,0.0031874142587184906,0.0006809006445109844,0.0010136270429939032
1746728900736617700,61.15461767578125,0.0006438293494284153,0.0006577312014997005,-0.0017978723626583815
1746728900746636000,61.16463598632812,0.0010121241211891174,0.0005814689211547375,-0.0012343546841293573
1746728900756653800,61.17465380859375,0.001100274734199047,0.0004842635244131088,0.0007390477694571018
1746728900766672000,61.184671875,-0.0023944214917719364,0.0005726553499698639,-0.0009627186227589846
1746728900776689000,61.19468896484375,0.0008381232619285583,0.00297056557610631,-0.0006553900893777609
1746728900786707000,61.20470703125,-0.00023958692327141762,-0.0012228339910507202,0.002396928146481514
1746728900796724700,61.21472485351563,-0.0005876617506146431,0.00030129309743642807,-0.0011530655901879072
1746728900806742800,61.22474267578125,0.0000830693170428276,-0.00400625541806221,-0.001777067082002759
1746728900816759800,61.234759765625,0.0006378055550158024,0.0008263168856501579,-0.002027936512604356
1746728900826777900,61.24477783203125,-0.0010371925309300423,-0.00014838529750704765,-0.0011928197927772999
1746728900836796000,61.2547958984375,0.0003899955190718174,0.0012186155654489994,0.0030400084797292948
1746728900846814000,61.26481396484375,0.00015084492042660713,-0.000786155927926302,0.0010732908267527819
1746728900856830700,61.274830810546874,0.0016821627505123615,0.0006697941571474075,0.0013952669687569141
1746728900866849000,61.28484912109375,0.0004661101847887039,-0.0011768145486712456,0.00011991825886070728
1746728900876866800,61.29486669921875,0.0005342867225408554,0.00020030606538057327,-0.0014798427000641823
1746728900886884900,61.304884765625,-0.0016336613334715366,0.0005526733584702015,0.0023231820669025183
1746728900896902000,61.31490185546875,-0.00019901618361473083,0.0018459046259522438,0.0010541859082877636
1746728900906920000,61.324919921875,-0.0006325645372271538,-0.00009130407124757767,0.0003000190481543541
1746728900916937700,61.334937744140625,-0.0004493393935263157,0.001095667015761137,-0.001390289282426238
1746728900926956000,61.3449560546875,-0.0004610670730471611,-0.0019094445742666721,0.000792364589869976
1746728900936972800,61.35497290039063,0.0014201898593455553,-0.0010686847381293774,-0.0013509474229067564
1746728900946990800,61.364990966796874,-0.0025234371423721313,-0.0002341698855161667,0.0010442847851663828
1746728900957009000,61.3750087890625,0.0012457349803298712,0.00014506420120596886,0.000018701422959566116
1746728900967027000,61.38502685546875,-0.00154569698497653,0.00001471908763051033,0.00045040552504360676
1746728900977044000,61.3950439453125,-0.00042637018486857414,-0.0005464088171720505,-0.0005248440429568291
1746728900987061800,61.405061767578125,-0.0009737578220665455,-0.0010122018866240978,0.0001221913844347
1746728900997079800,61.41507983398437,0.0005317269824445248,0.000626707449555397,-0.00010124780237674713
1746728901007097900,61.425097900390625,-0.0004683728329837322,0.0006678993813693523,-0.0007901417557150126
1746728901017116000,61.43511596679687,0.0009140740148723125,0.0005501876585185528,-0.0016631258185952902
1746728901027132700,61.44513256835938,0.0001943632960319519,0.0019367276690900326,0.00008469633758068085
1746728901037151000,61.45515087890625,0.0018961234018206596,0.00015560537576675415,0.00021439231932163239
1746728901047168800,61.465168701171876,-0.0011272616684436798,-0.0002466915175318718,-0.0009288550354540348
1746728901057186800,61.47518676757812,-0.0007919697090983391,-0.0007636114023625851,-0.0029975981451570988
1746728901067203800,61.48520385742187,-0.0014509339816868305,0.00018526986241340637,-0.00011566607281565666
1746728901077222000,61.495221923828126,0.0009139534085988998,-0.0017457879148423672,0.0007221645209938288
1746728901087239700,61.50523974609375,0.0018364738207310438,-0.001237579621374607,0.000013592187315225601
1746728901097257000,61.51525708007812,-0.0006357384845614433,0.0016759182326495647,-0.00023301644250750542
1746728901107274800,61.525274658203124,-0.00042399391531944275,-0.000013291370123624802,-0.0010283086448907852
1746728901117292800,61.53529272460938,-0.002473828848451376,-0.00039944984018802643,-0.0006168503314256668
1746728901127310800,61.54531079101562,-0.001455059740692377,-0.0010881884954869747,-0.0003849512431770563
1746728901137329000,61.55532885742188,0.0022861487232148647,0.0017906888388097286,-0.00043821451254189014
1746728901147345700,61.565345703125,-0.001116675790399313,0.0002982090227305889,-0.00033080135472118855
1746728901157364000,61.57536401367187,-0.0007251915521919727,0.0029789465479552746,-0.001037338050082326
1746728901167381800,61.5853818359375,-0.0008394606411457062,0.00006331643089652061,0.0021044379100203514
1746728901177399800,61.59539990234375,0.0005288715474307537,-0.0003340272232890129,-0.0007613897323608398
1746728901187416800,61.60541674804688,0.0008783414959907532,0.0013740123249590397,0.00008847657591104507
1746728901197435000,61.615434814453124,0.002346541965380311,-0.00056503526866436,0.00015558814629912376
1746728901207452700,61.62545263671875,0.0001699458807706833,0.0005858903750777245,0.0002449981402605772
1746728901217471000,61.635470947265624,0.0013542536180466413,-0.0001957472413778305,0.0016479513142257929
1746728901227487700,61.64548779296875,-0.0027458472177386284,0.00015659863129258156,-0.0003938081208616495
1746728901237505800,61.655505859375,-0.0021125474013388157,0.0010705958120524883,0.0012544221244752407
1746728901247523800,61.66552392578125,-0.0012829718180000782,0.0024374411441385746,-0.0002516775857657194
1746728901257542000,61.6755419921875,-0.00037829624488949776,-0.00041107600554823875,-0.0013845865614712238
1746728901267559000,61.685558837890625,-0.0010603424161672592,-0.0011697309091687202,-0.0008236244320869446
1746728901277577000,61.69557690429688,0.0011964202858507633,-0.004283232614398003,-0.002833512146025896
1746728901287594800,61.7055947265625,0.00020939018577337265,-0.0018168818205595016,-0.0017452538013458252
1746728901297612800,61.71561279296875,0.0010709231719374657,-0.0015620174817740917,-0.0016794735565781593
1746728901307629800,61.7256298828125,0.00017707375809550285,0.001020411029458046,-0.0011422575917094946
1746728901317648000,61.73564794921875,-0.0016386695206165314,-0.0011615166440606117,-0.0017153697554022074
1746728901327666000,61.745666015625,-0.000012342352420091629,0.00029141176491975784,0.0009731114841997623
1746728901337684000,61.75568408203125,-0.0006688116118311882,0.0007436168380081654,0.0013073382433503866
1746728901347700700,61.76570068359375,0.0002535143867135048,-0.0003905501216650009,0.0022741511929780245
1746728901357719000,61.775718994140625,0.0023081430699676275,-0.00046645011752843857,0.000699157826602459
1746728901367736800,61.78573681640625,0.0012697093188762665,-0.0001782430335879326,0.0011280884500592947
1746728901377755000,61.7957548828125,0.0012270987499505281,-0.00007677683606743813,-0.0035406991373747587
1746728901387772000,61.80577197265625,0.0006361119449138641,0.0013137031346559525,-0.0036367797292768955
1746728901397790000,61.8157900390625,-0.0005961325950920582,0.00008758390322327614,0.0004338619764894247
1746728901407807700,61.82580786132812,-0.0014026998542249203,0.011329703964293003,-0.004906555637717247
1746728901417826000,61.835825927734376,0.0009901504963636398,0.01663951575756073,-0.00576435960829258
1746728901427842800,61.8458427734375,-0.0002789054997265339,-0.012818822637200356,0.003498152829706669
