time,seconds_elapsed,z,y,x
1746739373630488300,0.02248828125,-0.018693594554066658,-0.021926585125923156,-0.02676774154677987
1746739373640568600,0.032568603515625,-0.12265256620049476,-0.051794484645128244,-0.058244318371638654
1746739373650647300,0.042647216796875,-0.24858780733346938,-0.038407179805636404,-0.045687071148119866
1746739373660727600,0.0527275390625,-0.3017787147730589,-0.002323474511504173,-0.000005626023188233375
1746739373670807600,0.0628076171875,-0.3131184394329786,0.007541501420736312,0.008958601677045226
1746739373680887600,0.072887451171875,-0.2127326500982046,0.0053664954692125314,0.03679342446606606
1746739373690966500,0.082966552734375,-0.10212649552226066,0.034573885253071784,0.02258976174239069
1746739373701046500,0.093046630859375,0.00020575170516967773,0.052876434662938114,0.0021126813050359487
1746739373711126500,0.10312646484375,0.13605623765289782,0.039521278527379036,0.009718881992436946
1746739373721206500,0.11320654296875,0.22111352495253084,0.014692542219161987,0.05098835589401424
1746739373731285500,0.123285400390625,0.2662339386612177,0.014667407777905463,0.060131081966310736
1746739373741365500,0.133365478515625,0.2656844880849123,0.02577975342273712,0.05364741903543472
1746739373751445500,0.143445556640625,0.18760346953868864,-0.007416413736343383,0.010166406564228236
1746739373761524500,0.1535244140625,0.1026473045259714,-0.002022445738315582,-0.011145699925161897
1746739373771604500,0.1636044921875,-0.0012415244936943054,0.004129647150635719,0.013542093542404472
1746739373781684500,0.1736845703125,-0.06261749195456505,0.0040104046851396555,0.02308919916450977
1746739373791764500,0.183764404296875,-0.12497428714632987,0.022498247534036633,0.010505246597155928
1746739373801843500,0.193843505859375,-0.18786533534526823,0.026798575076460836,0.0012326470674946903
1746739373811923500,0.20392333984375,-0.1972644473314285,0.02381692891716957,-0.007867920363508165
1746739373822003700,0.214003662109375,-0.1595931805849075,0.014496142864227294,-0.0016917890118435025
1746739373832083500,0.22408349609375,-0.1284510233461857,0.03305588190555572,0.02330627598129213
1746739373842162700,0.23416259765625,-0.06608136867284774,0.03360416343808174,0.04082691776584833
1746739373852242400,0.244242431640625,0.02657178058326244,0.02836041756570339,0.04720120203811675
1746739373862322700,0.25432275390625,0.08383154489696025,-0.0061859951585531234,0.034818617261759936
1746739373872402400,0.26440234375,0.09418693469464778,-0.00885083045363426,0.007014920263364911
1746739373882482200,0.274482177734375,0.1007698202162981,-0.0037602293163537977,0.0004803308628499508
1746739373892562000,0.28456201171875,0.11807459076046943,-0.0212754277408123,-0.008999993133358657
1746739373902642000,0.294641845703125,0.11606968067884445,0.0004839841246604919,0.010271912765316665
1746739373912721000,0.304720947265625,0.08605798877477645,0.011689268749952316,0.004975523390248418
1746739373922801000,0.31480078125,0.05640694687664508,0.025524317356944083,-0.012767382842861115
1746739373932881000,0.324880859375,0.004436521142721176,0.020104045873880386,0.012612740270420909
1746739373942961000,0.3349609375,-0.03743044372797012,0.01127776533961296,0.035671653894521295
1746739373953040000,0.345039794921875,-0.06577741729021072,0.012784078249335288,0.025741649902053177
1746739373963119900,0.355119873046875,-0.08469488372802735,0.018664368459582328,0.03732015175390988
1746739373973200100,0.3652001953125,-0.1253735155969858,-0.00006546645164489745,0.0018154884567484258
1746739373983279900,0.37527978515625,-0.09985562798082828,0.0015741174489259718,-0.014117372679710386
1746739373993359000,0.385359130859375,-0.03337210824787617,0.006121113228797912,-0.008923749559372663
1746739374003438800,0.39543896484375,0.030185294905304905,0.007082651737332343,-0.011306808771006762
1746739374013519000,0.40551904296875,0.08399345746040343,0.020620178702473638,0.0265417873037979
1746739374023598000,0.41559814453125,0.12046703885495662,0.018533435556292534,0.0561471634292975
1746739374033678000,0.425677978515625,0.07707856350541115,0.0071639002799987785,0.06381510424129665
1746739374043757800,0.4357578125,0.006562427255511283,0.017343933510780334,0.008368746025115252
1746739374053838000,0.445838134765625,-0.025298107385635375,-0.010000000488758086,-0.0017937150163576006
1746739374063916800,0.455916748046875,-0.03337269276976585,-0.019602526092529295,-0.038943186378479
1746739374073997000,0.4659970703125,-0.05694704510271549,-0.01007306572496891,-0.06531765429135411
1746739374084076800,0.476076904296875,-0.061925418037176126,0.00044774376749992365,-0.013252280282974243
1746739374094157000,0.486156982421875,-0.01374386319220066,0.027301848423480986,0.046633375554904336
1746739374104235800,0.49623583984375,0.037332244050502776,0.044590836876630784,0.08944638910405338
1746739374114316000,0.50631591796875,0.03114624889194965,0.0404682039886713,0.06956435195039957
1746739374124396000,0.51639599609375,0.019991233149170874,0.014222586619853973,0.03312902020700276
1746739374134476000,0.52647607421875,0.013127192598581314,0.008534019589424133,-0.01620429848898202
1746739374144555000,0.536554931640625,0.030813071414828298,-0.03145663001537323,-0.06411291814409197
1746739374154635000,0.546635009765625,-0.018556816431879997,-0.04545125309824943,-0.061000814005546265
1746739374164715000,0.556715087890625,-0.014535890352725981,-0.002865326303243637,-0.026409575758874416
1746739374174794000,0.5667939453125,-0.02841010192632675,0.029634675285220145,0.062213514263555404
1746739374184874000,0.5768740234375,-0.016665303596854208,0.052718613752722736,0.10451781110558658
1746739374194954000,0.5869541015625,-0.003509469425678253,0.06289923150539398,0.11806059876773506
1746739374205034000,0.597033935546875,-0.014143091642856598,0.04136778317689895,0.08119608182683587
1746739374215113000,0.607113037109375,0.019085808742046354,0.018076339438557625,0.006898892668262124
1746739374225193000,0.61719287109375,0.06322364115417003,-0.005729483562707901,-0.05671126358546316
1746739374235273000,0.62727294921875,0.10522972223460673,-0.0018874211817979812,-0.05182988475207239
1746739374245353000,0.63735302734375,0.10193126521110533,-0.013859014004468918,-0.017189217873103915
1746739374255432000,0.647431884765625,0.12468494881093502,-0.002686462604999542,0.025951274064742028
1746739374265512000,0.657511962890625,0.1158493159264326,0.03494388760924339,0.07208795214388519
1746739374275592200,0.66759228515625,0.06134674136638641,0.006353752940893173,0.06635412119962275
1746739374285671000,0.6776708984375,-0.002444470542669296,0.012574234890937805,0.06087214612457901
1746739374295751200,0.687751220703125,-0.08862170178294182,-0.0022018939584493636,0.005197020653821527
1746739374305831000,0.697830810546875,-0.16189619683027268,-0.019309680625796317,-0.02778071798160672
1746739374315911200,0.7079111328125,-0.2405734277039766,-0.030401568004488944,-0.03622632863521576
1746739374325990000,0.717989990234375,-0.23038638021051883,-0.020419103172421453,-0.024122305071912705
1746739374336070100,0.728070068359375,-0.1690104127496481,-0.003993453550338745,-0.02958294509798288
1746739374346150000,0.73814990234375,-0.06259177299141884,0.022930793732404708,0.002203172600083053
1746739374356230100,0.748230224609375,0.04701309558749198,0.036651276049017904,0.022700930499285458
1746739374366308900,0.758308837890625,0.16774726094603537,0.05686638108193874,0.03924998730532825
1746739374376389000,0.76838916015625,0.2278817039132118,0.04723287581801414,0.06693429570775479
1746739374386468900,0.77846875,0.21225860284566878,0.022103110736608506,0.048119011002779
1746739374396548900,0.788548828125,0.17812193996608255,-0.006267828223109245,0.02045844880212098
1746739374406627800,0.7986279296875,0.09175181650221348,-0.033009704676270485,-0.022120061871409413
1746739374416708000,0.8087080078125,-0.03313245427310466,-0.022417583513259887,-0.025767770723998544
1746739374426788000,0.8187880859375,-0.14029869752824306,-0.01866027680635452,0.002271707791648805
1746739374436867000,0.8288671875,-0.19628829577565193,0.01916881085038185,0.03034066813010722
1746739374446947000,0.838947021484375,-0.2081447377860546,0.03756546828448772,0.029507286045886573
1746739374457027000,0.849027099609375,-0.1554945130944252,0.03399403953850269,0.03659172788150608
1746739374467107000,0.859107177734375,-0.10890344231128692,0.04976327107846737,0.031020028696395453
1746739374477186000,0.86918603515625,-0.04672901794910431,0.03825520411431789,0.007959617234952747
1746739374487266000,0.87926611328125,0.017891045999526976,0.006497545325756073,-0.029475831461697816
1746739374497346000,0.889345947265625,0.17331775455474852,0.019798340925574302,-0.005256970680132508
1746739374507426000,0.899426025390625,0.14462065238058566,0.030333178943395614,0.06056647770889103
1746739374517505000,0.909505126953125,0.1570113473981619,0.007715688943862915,0.03699866471458226
1746739374527585000,0.9195849609375,0.16378069540262222,0.011795067211985588,0.04489822232536971
1746739374537664800,0.929664794921875,0.1126777001529932,-0.005938742399215698,0.04410294376183301
1746739374547744000,0.939743896484375,0.027065701580047605,-0.01974924108684063,0.05608425426091999
1746739374557824000,0.949823974609375,-0.048936172604560846,0.020323826104402542,0.026633082316443322
1746739374567904000,0.959904052734375,-0.09110884242355823,0.024240122765302657,0.021912081676535307
1746739374577984000,0.96998388671875,-0.10560089363455771,0.028358079478144643,0.014636647313460706
1746739374588063000,0.98006298828125,-0.10570610757470131,0.02770458400547504,0.016971994925849138
1746739374598143000,0.99014306640625,-0.10464403130114078,0.02671557296812534,0.022672544655017553
1746739374608223000,1.000222900390625,-0.05553600926101208,-0.0006213467687368392,0.001879603201523423
1746739374618303000,1.010302978515625,-0.0041582887232303615,-0.009397358420491218,-0.02420165391843766
1746739374628382000,1.0203818359375,0.025696751314401627,-0.008325929796695709,-0.011501308429799973
1746739374638462000,1.0304619140625,0.01701777029633522,-0.011626140385866164,-0.0019618381248787046
1746739374648542000,1.0405419921875,0.049936289557814595,-0.00874853912293911,0.003127228642441332
1746739374658621200,1.05062109375,0.040595045238733286,0.017600538620352744,0.026757000957056878
1746739374668701000,1.060700927734375,0.0372007266253233,0.014544073659181594,0.057291876485012466
1746739374678781000,1.070781005859375,0.034714170506596566,0.04095920237600803,0.06513846179954708
1746739374688861000,1.08086083984375,-0.002186111867427826,0.0401326884239912,0.03625011136960238
1746739374698940200,1.090940185546875,-0.021485855621099472,0.033355157113075254,0.03468625958636403
1746739374709020000,1.10102001953125,-0.03148702515363693,0.008121347135305405,0.038146848369017244
1746739374719100000,1.111099853515625,-0.06009937165379524,-0.002454991936683655,0.014686989261209964
1746739374729180200,1.12118017578125,-0.055742930009961125,-0.010732990938425063,-0.03989413042776287
1746739374739259000,1.1312587890625,-0.025834113958477973,-0.020218612164258954,-0.03647040305677801
1746739374749339100,1.141339111328125,-0.028750293666124343,-0.01246200668811798,-0.02066284880042076
1746739374759419000,1.1514189453125,-0.007286649876832961,-0.012038812839984894,0.003775865276902914
1746739374769498000,1.161498046875,-0.005894318735599518,0.008302548921108245,0.020774857807531952
1746739374779577900,1.171577880859375,-0.032495909935235975,0.02237199080586433,0.04200589841734618
1746739374789658000,1.181658203125,-0.019811200407147407,0.018743863436579702,0.04621931486129761
1746739374799737900,1.19173779296875,0.01600128673017025,0.020918284866213797,0.03592066021952778
1746739374809817000,1.201817138671875,0.02035305219888687,0.011480594435334205,0.03160067812856287
1746739374819896800,1.211896728515625,0.0009603694647550582,0.017844868770241735,0.012013495735637843
1746739374829977000,1.22197705078125,0.018438743010163305,0.002026537391543388,0.02844130078218877
1746739374840056800,1.232056884765625,0.015662848556041716,0.008397825989127158,0.03463536964934319
1746739374850136000,1.242135986328125,0.015580430969595908,0.01418868435025215,0.02465619275290519
1746739374860215800,1.2522158203125,0.029761516535282133,0.011008300748467445,0.02082169262394309
1746739374870296000,1.262296142578125,0.027319384080171583,0.016536124259233474,0.023403671941161153
1746739374880374500,1.27237451171875,0.025776830813288687,0.0023047698110342024,0.013326258834637702
1746739374890454500,1.28245458984375,0.008206687331199645,-0.010727145719528198,-0.003960245400480926
1746739374900534300,1.2925341796875,-0.03186813342571258,-0.0026198271095752715,-0.008553491474874317
1746739374910614500,1.302614501953125,-0.06833353151381015,0.0037479543566703794,-0.019157047347351908
1746739374920693500,1.312693603515625,-0.08014613438248634,0.008142974445223808,0.018549108049459754
1746739374930773500,1.3227734375,-0.05166004461050033,0.009054828593134879,0.03605495412368327
1746739374940853500,1.332853515625,-0.01970774003267288,0.024901217022538183,0.04054521474763751
1746739374950932500,1.342932373046875,0.013767244067788124,0.009038461980223655,0.032764388145692644
1746739374961012500,1.353012451171875,0.023376783934235573,0.010178864187002182,0.02961092908345163
1746739374971092500,1.363092529296875,0.05710661957859993,-0.0018283844709396362,0.02046133487895131
1746739374981172500,1.37317236328125,0.06075578973591327,-0.009594342297315596,0.03075341364946216
1746739374991251500,1.38325146484375,0.03342646878361702,-0.01374912388920784,0.017830621049180626
1746739375001331500,1.39333154296875,-0.0026888006925582884,0.007474281403422356,-0.009226312702521682
1746739375011411500,1.403411376953125,-0.02500467739701271,0.0048643911659717555,-0.0037242812201380726
1746739375021491500,1.413491455078125,-0.0037643209695816036,-0.0028723405659198758,0.021990772935934363
1746739375031570400,1.4235703125,-0.01788870791196823,0.035358898150920866,0.004221636283025145
1746739375041650400,1.433650390625,-0.00009527706801891326,0.045585693132877345,0.04390544842835516
1746739375051730400,1.44373046875,0.016503391033411027,0.03820551975369453,0.028139906682819127
1746739375061809700,1.4538095703125,0.05602466956079006,0.014831658428907393,0.01961107472516596
1746739375071889400,1.463889404296875,0.07925240041315555,0.012466682863235472,0.014963431582413613
1746739375081969400,1.473969482421875,0.08306348313391208,-0.018194412860274314,-0.0030341435315087437
1746739375092049700,1.484049560546875,0.024562778848409652,-0.03267302006781101,0.008377879179641603
1746739375102128400,1.49412841796875,-0.060709612506628034,-0.02648994751870632,-0.00044635552801191805
1746739375112208600,1.504208740234375,-0.12390461208820343,0.010014029014110564,0.030637934043630955
1746739375122288400,1.514288330078125,-0.15794249076843261,0.01707739152908325,0.06189842043239623
1746739375132368600,1.52436865234375,-0.15668226157426834,0.03048749272227287,0.028570333989337084
1746739375142447400,1.534447265625,-0.08705459859669208,0.032817981496453284,0.015277977424301207
1746739375152527600,1.544527587890625,-0.030194062733650207,0.026405191844701765,0.02304894021935761
1746739375162607400,1.554607421875,0.028496611166000364,0.0382896909058094,0.0452552190694958
1746739375172686600,1.5646865234375,0.08538403503596782,0.024544658669829366,0.030751331290230152
1746739375182766300,1.574766357421875,0.10590952119231223,0.015979659420251844,0.015006722734868526
1746739375192846600,1.5848466796875,0.09693652566373348,0.0064876084536314,0.005472988050989806
1746739375202926300,1.59492626953125,0.11404840398430824,0.0007785831570625305,0.01894482936877757
1746739375213005600,1.605005615234375,0.08808394164443016,-0.004176993423700332,0.01989993813652545
1746739375223085300,1.615085205078125,0.044692543685436244,0.0003524666994810104,-0.0016329714966937898
1746739375233165600,1.62516552734375,0.003921557357907295,0.004015665382146835,-0.0025581235175952313
1746739375243244300,1.635244384765625,-0.05076163446605205,-0.007646130838990211,0.022838220078125596
1746739375253324500,1.645324462890625,-0.06555939062535762,0.012556699234247208,0.029087453198619186
1746739375263404500,1.655404541015625,-0.06223872177004814,0.019382161340117453,0.04012487044371664
1746739375273484500,1.665484619140625,-0.06022036768496036,0.004252981269359589,0.03000931728389114
1746739375283563500,1.6755634765625,-0.03073416095972061,0.009810030874609946,-0.011407200405560433
1746739375293643500,1.6856435546875,-0.014622399592399596,0.01320142687857151,-0.00047083238214254376
1746739375303723500,1.6957236328125,0.016255553752183915,-0.008626374047994613,0.014831110439635812
1746739375313803500,1.705803466796875,0.01588847400546074,0.018757307440042496,0.03203410110976547
1746739375323882500,1.715882568359375,0.03346154009699821,0.006503390544652939,0.029370179130136963
1746739375333962500,1.72596240234375,0.03950082026124,0.022292495828866957,0.008954473491199315
1746739375344042500,1.73604248046875,0.039022681355476374,0.008874211329221724,0.03567355359066277
1746739375354121500,1.74612158203125,0.03583528349101543,0.007934300130605696,0.007270210198685526
1746739375364201500,1.756201416015625,0.022032968109846115,0.01686521008312702,0.014676687062904238
1746739375374281500,1.766281494140625,0.036759412598609924,0.01257657297849655,-0.006265197874605655
1746739375384361500,1.776361572265625,0.04095978689789772,0.01073357546031475,0.01761624764613807
1746739375394440400,1.7864404296875,0.029125556719303128,0.002920271360874176,0.0005429477702826261
1746739375404520400,1.7965205078125,0.0031102409750223157,-0.0028501287341117856,0.002452726914361119
1746739375414600700,1.8066005859375,-0.008415946167707442,-0.020609657308459282,0.007489077113755047
1746739375424680400,1.816680419921875,-0.03863105168938637,0.0006014730244874954,0.010053411176428198
1746739375434759400,1.826759521484375,-0.04974398185610771,0.013200257834792136,0.0032234190259128807
1746739375444839400,1.83683935546875,-0.013859014004468918,0.015321487772464752,0.013591595239937304
1746739375454919700,1.846919677734375,0.029760932013392447,0.024251228681206702,0.05277143991850316
1746739375464998400,1.856998291015625,0.011368950754404068,0.0022848960667848587,0.036529476300254465
1746739375475078700,1.86707861328125,0.005261866050958633,0.007095511218905448,0.03219685392342508
1746739375485158400,1.877158447265625,-0.008181552889943123,0.021625556352734564,0.03204809310249984
1746739375495238700,1.88723876953125,0.00727671300470829,0.003940262058377266,0.012927980232052504
1746739375505317400,1.8973173828125,-0.0027899229794740676,-0.006907879692316055,0.008609130652248859
1746739375515397600,1.907397705078125,0.00436053329706192,-0.011907879936695098,0.0049149888420477504
1746739375525477400,1.917477294921875,-0.006157938107848167,-0.005735913303494453,-0.01817797318212688
1746739375535556600,1.927556640625,-0.02021802764236927,0.0051256724506616586,-0.030780922710895536
1746739375545636400,1.93763623046875,-0.039185178440809244,0.0015618424892425537,0.008035568547993898
1746739375555716600,1.947716552734375,-0.03896422916650772,0.011250292810797691,0.016833499770611524
1746739375565796600,1.957796630859375,-0.023509470403194427,0.02460954059958458,0.018544249211251734
1746739375575875600,1.96787548828125,0.016155600509047508,0.01868950290083885,0.03697429745830595
1746739375585955300,1.977955322265625,0.030600305446982383,0.03744154964387417,0.0372365651236847
1746739375596035600,1.98803564453125,0.049803018566966055,0.016794482934474945,0.037056349718570705
1746739375606115600,1.998115478515625,0.06318389366567134,0.023412439769506452,0.019179368777014313
1746739375616194600,2.008194580078125,-0.0014747487276792525,-0.017971710020303726,-0.005886756483651698
1746739375626274600,2.018274658203125,-0.055607320931553836,-0.0071107087880373,-0.006687624537758529
1746739375636354600,2.0283544921875,-0.095915365922451,-0.013457447466254234,0.013425846751593053
1746739375646433500,2.03843359375,-0.07941840462982654,0.016117022064328194,0.03436367656849325
1746739375656513500,2.048513427734375,-0.057818567240238185,0.017827917635440824,0.026158779335580765
1746739375666593500,2.058593505859375,-0.018587796092033385,0.013144143733382223,0.03559712735358626
1746739375676673500,2.068673583984375,0.019505495458841324,0.004855623337626457,0.01913187637347728
1746739375686752500,2.07875244140625,0.0690589231789112,0.015122165808081626,0.018068777186609805
1746739375696832500,2.08883251953125,0.10299334148466587,-0.0037818566262722013,-0.002228928095847368
1746739375706912500,2.09891259765625,0.11396481735408305,0.01052840827703476,-0.004886602997779846
1746739375716992300,2.1089921875,0.08259235849082469,0.004534720820188522,0.034686697977781296
1746739375727071500,2.119071533203125,0.0716471861064434,0.0012274959683418274,0.009661854575574398
1746739375737151500,2.1291513671875,0.06107903034090995,0.0032429274439811705,0.002056055746972561
1746739375747231500,2.1392314453125,-0.004203296908736229,0.007847790890932082,0.009866108443401753
1746739375757310500,2.149310546875,-0.050936991032958026,-0.0007885200291872024,0.0212220901183784
1746739375767390500,2.159390380859375,-0.10472001914680004,-0.010265373426675797,0.00006539338640868664
1746739375777470500,2.169470458984375,-0.11311199991703033,0.0022650223225355146,-0.0047820101121440525
1746739375787550500,2.179550537109375,-0.10576806689500808,0.011398761370778084,0.0318459581265226
1746739375797629700,2.189629638671875,-0.09780804780125617,0.023867782321572304,0.038488209152594204
1746739375807709400,2.19970947265625,-0.0713508335083723,0.019013912549614907,0.03276939311437309
1746739375817789400,2.20978955078125,-0.05440554392635822,0.020371172377467155,0.024693090697191653
1746739375827869400,2.219869384765625,0.003982932156324386,0.02296761861145496,-0.012414441219344735
1746739375837948700,2.22994873046875,0.06530979977846145,0.0047451487004756925,0.010285064507834613
1746739375848028400,2.2400283203125,0.0973451064646244,-0.0020464111357927322,-0.0003201353324577212
1746739375858108400,2.2501083984375,0.08944938477873801,-0.0038432314246892928,0.0029743031030520796
1746739375868187400,2.2601875,0.09658873513936996,0.01024608420431614,0.02063822581581771
1746739375878268000,2.270267822265625,0.08513444418907165,-0.005492167675495148,0.014494316233322023
1746739375888348000,2.280347900390625,0.06427168890237808,0.012452069815993309,0.02306596441939473
1746739375898428000,2.290427978515625,0.0188572606831789,0.01170563536286354,0.03501315345317125
1746739375908507000,2.3005068359375,-0.028573768055438993,0.0008306056052446365,0.024716435040161012
1746739375918587000,2.3105869140625,-0.03690495854914188,0.0007628010660409927,0.0006454948293045163
1746739375928667000,2.3206669921875,-0.06364975761175155,0.007235796472430229,0.007054704284481704
1746739375938745900,2.330745849609375,-0.08479717505872249,0.010265957948565482,0.012069792500138283
1746739375948825900,2.340825927734375,-0.10810966158509254,0.0014531214177608488,-0.010114237985573708
1746739375958905900,2.35090576171875,-0.10831892042160034,0.008522329151630401,-0.013309855689108372
1746739375968985900,2.36098583984375,-0.052901569104194635,-0.0012929624199867248,0.02719550197217613
1746739375979064800,2.37106494140625,-0.0072808046579360955,0.02507131289243698,0.0358283057609573
1746739375989144800,2.381144775390625,0.038328853872418404,0.026200024661421774,0.033595980131626124
1746739375999224800,2.391224853515625,0.04841711716651916,0.012159808871150016,0.021893961497955024
1746739376009305000,2.40130517578125,0.07338204707503318,0.005747019219398498,0.04551346814688295
1746739376019383800,2.4113837890625,0.07237550038099289,-0.01175707328915596,0.021721600605733693
1746739376029464000,2.421464111328125,0.05143734177052974,0.005824760630726814,0.01343636814560741
1746739376039543800,2.431543701171875,0.030765725141763685,0.022419921600818633,0.03486366197988391
1746739376049623000,2.441623046875,0.035901918986439706,0.027743746972084045,0.029110066889226436
1746739376059702800,2.451702880859375,0.010413841986656189,0.007427519652247428,0.013681319350004195
1746739376069783000,2.461782958984375,-0.005587444743514061,0.010083002597093582,-0.012858056800998746
1746739376079862800,2.47186279296875,-0.022875264152884482,-0.0018488427370786666,0.002496858317032456
1746739376089942000,2.48194189453125,-0.024928105029463767,0.0024970775127410886,0.016643347493372856
1746739376100021800,2.492021728515625,-0.05932312658429145,-0.003122515934705734,0.00830379103012383
1746739376110102000,2.50210205078125,-0.09406243153214454,0.010561726024746894,-0.004251446899399161
1746739376120180700,2.5121806640625,-0.07188742460310459,-0.014296820899844168,0.008728336585126817
1746739376130261000,2.522260986328125,-0.05284136334955692,0.023791794475913047,0.004948598850704729
1746739376140340700,2.5323408203125,-0.0496831915795803,0.03704875093400478,0.00007043488770723343
1746739376150421000,2.5424208984375,-0.027057518273591992,0.030868016472458838,0.035141054149158295
1746739376160499700,2.552499755859375,0.013287351596355437,0.02675999663174152,0.052310507875867183
1746739376170580000,2.562580078125,0.051880993884801864,0.025804303342103957,0.0433123413734138
1746739376180660000,2.572659912109375,0.06124386551380157,0.013589549413323401,0.029536548672989008
1746739376190739000,2.582739013671875,0.06812135006785393,0.003183306211233139,0.01033405474871397
1746739376200819000,2.59281884765625,0.08491700204610825,-0.015148469293117523,-0.004186455371789634
1746739376210899000,2.60289892578125,0.05600187320709228,-0.007768295913934707,0.01159727961756289
1746739376220979000,2.61297900390625,0.01331248603761196,0.0018459201276302337,0.0012335603829473256
1746739376231058000,2.623057861328125,-0.029637597894668577,-0.0031558336824178694,0.005817819433286786
1746739376241138000,2.633137939453125,-0.04065817360281944,-0.006942366483807564,-0.0076511358076706525
1746739376251218000,2.643218017578125,-0.0629547610849142,-0.012213584885001181,-0.0038699002359062432
1746739376261297000,2.653296875,-0.05309446132779121,0.013915128105878829,0.006076872228272259
1746739376271377000,2.663376953125,-0.054047232007980346,0.03992401410937309,0.029273550355248153
1746739376281457000,2.673456787109375,-0.028806407767534254,0.0524807133436203,0.051492140697687865
1746739376291537000,2.683536865234375,0.02976853079795837,0.03341886999905109,0.06125522715803235
1746739376301615900,2.693615966796875,0.06581599573493004,0.02841185549199581,0.03883665726408362
1746739376311696000,2.70369580078125,0.06685702922046184,0.00414484471976757,0.017491927146725355
1746739376321775900,2.71377587890625,0.05734101285636425,-0.01625263114273548,0.00199650757946074
1746739376331854800,2.723854736328125,0.03673077102601528,-0.03560907351970673,-0.01390453364662826
1746739376341934800,2.733934814453125,-0.015702011522650716,-0.011781038686633109,0.000466411935351789
1746739376352015000,2.74401513671875,-0.03978197529017925,-0.009952654215693474,0.02074891964867711
1746739376362094800,2.7540947265625,-0.061090720778703686,-0.016340893948078153,0.033822847690060734
1746739376372174000,2.764174072265625,-0.08138765887618064,-0.00646715018749237,0.0023912425180897113
1746739376382253800,2.77425390625,-0.06819383078217506,0.007898059773445128,0.00008734948989003896
1746739376392334000,2.784333984375,-0.036465982609987256,0.004010989207029343,0.021634360713697967
1746739376402413800,2.794413818359375,-0.02474924133121967,0.026876316487789154,0.041438766053877765
1746739376412493000,2.8044931640625,0.010793196693062782,0.028510639691352844,0.022339257580041884
1746739376422572800,2.81457275390625,0.04666238245368003,0.025536592316627502,0.022633345155790446
1746739376432653000,2.824653076171875,0.0799906515598297,0.005451835665106773,0.00010536007061600685
1746739376442731800,2.834731689453125,0.09175590815544128,-0.014091653716564177,0.014579364168271422
1746739376452812000,2.84481201171875,0.09210954389870166,0.011640753433108329,0.0014368278700858353
1746739376462891800,2.854891845703125,0.03258884891569614,0.014796002593636512,0.02918247453831136
1746739376472971000,2.864970947265625,0.005955109012126922,0.0017833762854337692,0.030025939625129103
1746739376483050800,2.87505078125,-0.04465922593772411,0.008221884900331497,0.01069901560358703
1746739376493131000,2.885131103515625,-0.045243747827410696,0.02084580415189266,0.03225008194800466
1746739376503211000,2.8952109375,-0.05016834474802017,-0.0019160627543926237,0.012257058700546622
1746739376513290000,2.9052900390625,-0.08164894016087054,0.023357494711875915,0.009584551555663347
1746739376523370000,2.915369873046875,-0.09598901568055153,0.033520576807856556,0.019647680408507586
1746739376533450000,2.925449951171875,-0.06832359464168548,0.022146365356445312,0.02419058453515172
1746739376543530000,2.935530029296875,-0.0269482126802206,0.026112930899858472,0.018415727460756898
1746739376553609000,2.94560888671875,0.04870177932679653,0.017567805394530296,0.02248809146620333
1746739376563689000,2.95568896484375,0.060603229522705075,0.0047463177442550655,0.010627594335190952
1746739376573769000,2.96576904296875,0.06137655198276042,0.010749357551336288,-0.00596683598253876
1746739376583848000,2.975847900390625,0.07389759538173675,0.012854220876097678,0.02357943036686629
1746739376593928000,2.985927978515625,0.053070495930314064,0.016328034466505048,0.016353716897033153
1746739376604008000,2.996008056640625,0.03611468495428562,0.007967617878317833,0.02421670535709709
1746739376614087000,3.0060869140625,-0.024804770910739897,-0.0003454524368047714,0.0013772797025740145
1746739376624167000,3.0161669921875,-0.07322948686182498,-0.0016068506747484207,-0.003042436435818672
1746739376634247000,3.026246826171875,-0.08746668652892112,0.021820786663889882,0.01134703118354082
1746739376644327000,3.036326904296875,-0.08088789266049862,0.005227379259467125,0.016642470710538326
1746739376654406000,3.046406005859375,-0.040893151402473446,0.0031090719312429427,0.02586717597786337
1746739376664486000,3.05648583984375,0.01895195322930813,0.028342297387123107,0.03474449257962405
1746739376674566100,3.066566162109375,0.065198740619421,0.03421615785658359,0.06272540930844843
1746739376684644900,3.076644775390625,0.11008826818168163,0.0256891525298357,0.04938636405747383
1746739376694724900,3.086724853515625,0.12155191148221492,0.008902268379926682,0.020438027068600057
1746739376704804900,3.096804931640625,0.0856026462227106,-0.007113631397485732,0.006774462570995092
1746739376714885000,3.106885009765625,0.036895606198906895,-0.007240472647547722,-0.005314180760085582
1746739376724963800,3.1169638671875,-0.017959435060620307,-0.014593173497915267,-0.002837817241810262
1746739376735044000,3.127044189453125,-0.06662146689891815,-0.01610591614842415,0.005297668016701936
1746739376745123800,3.137123779296875,-0.11431319240033626,0.003587795358896255,0.011986753859184681
1746739376755203000,3.147203125,-0.12177578336596488,0.03758183489739895,0.03872629222478717
1746739376765282800,3.15728271484375,-0.10462708016633987,0.025802549776434897,0.004610051078721881
1746739376775363000,3.167363037109375,-0.08672434372901916,0.012165654090046881,0.013291625912673771
1746739376785442800,3.17744287109375,-0.05423486353456974,-0.000820084211230278,0.007521043154597282
1746739376795522000,3.18752197265625,-0.003876549172401428,-0.00604454086124897,-0.005763751158490777
1746739376805601800,3.197601806640625,0.03075286566019058,-0.007746084082126617,0.010130348870158195
1746739376815682000,3.20768212890625,0.08825228394865989,0.014008067086338996,0.008610920750536023
1746739376825760800,3.2177607421875,0.11963058803081512,0.007987491622567176,0.007822985243238509
1746739376835841000,3.227841064453125,0.13186813831329344,-0.0020148469537496568,0.015939035148918628
1746739376845920800,3.237920654296875,0.0829576846718788,0.008201426634192465,0.026554756383225322
1746739376856001000,3.2480009765625,0.047564884251356125,-0.001228080490231514,0.0295749809872359
1746739376866079700,3.258079833984375,-0.019836919370293617,0.014727613532543182,0.024594598758779465
1746739376876159200,3.2681591796875,-0.0677653762370348,0.012020108139514922,0.016418854555115103
1746739376886239000,3.278239013671875,-0.12223814018070697,0.016046294915676117,0.02973678395282477
1746739376896318200,3.288318115234375,-0.1080722521841526,0.014638181683421134,0.019542649131454527
1746739376906398000,3.29839794921875,-0.11138707582056522,0.02002104376554489,0.014686075945757328
1746739376916478200,3.308478271484375,-0.09063362612724303,0.031041619473695752,0.012934519570693373
1746739376926557200,3.31855712890625,-0.03865852421820164,0.005889642560482025,0.001973601627908647
1746739376936637200,3.32863720703125,0.006449030008912086,-0.005909516304731369,0.006609517800249159
1746739376946717200,3.33871728515625,0.06606032588481903,0.012496493479609488,0.014127894073724745
1746739376956797200,3.348797119140625,0.08314239358901977,0.014430676412582397,-0.0024911957612261176
1746739376966876200,3.358876220703125,0.11746727251708507,0.019609540355205533,0.029084640187025067
1746739376976956200,3.3689560546875,0.13926117117404938,0.033089199653267856,0.051851110203191636
1746739376987036200,3.3790361328125,0.10767068564593792,0.011733692413568496,0.027699359841085968
1746739376997115100,3.389115234375,0.04375029439926147,0.011775193467736244,-0.017522687611170113
1746739377007195100,3.399195068359375,-0.028826281511783597,-0.009095160603523254,-0.0006007423721253872
1746739377017275100,3.409275146484375,-0.09787935947179793,-0.004428337836265564,-0.010287439128011465
1746739377027355100,3.419355224609375,-0.12457447417378426,-0.017850129467248916,-0.00814279178213328
1746739377037434000,3.42943408203125,-0.12332827350497245,0.00009936872124671936,0.006196406954713165
1746739377047514000,3.43951416015625,-0.11045242531895637,0.014111527460813521,0.013066584985144436
1746739377057594000,3.449593994140625,-0.056309331721067425,0.0224953249245882,0.028357421891018746
1746739377067673000,3.459673095703125,0.0014309095859527587,0.025507950744032858,0.041587673005275425
1746739377077753000,3.469753173828125,0.034603111347556115,0.0061263739258050915,0.020383118543587625
1746739377087833000,3.4798330078125,0.02091243964731693,0.005773907226324081,-0.015153437729179858
1746739377097912000,3.489912109375,0.027530981004238127,-0.00573649782538414,-0.0052033407967537635
1746739377107992000,3.499991943359375,0.06299567761719227,-0.00009176993668079376,0.008941358281299472
1746739377118072300,3.510072265625,0.05762742858231067,0.025480478215217588,0.0044694004990160465
1746739377128152000,3.520152099609375,0.04262684332728386,0.018379121777415273,-0.0006057473408058286
1746739377138231300,3.530231201171875,0.04881517657339573,0.027702245917916295,0.03930529768913984
1746739377148311000,3.54031103515625,0.04827215573787689,0.025815993779897687,0.031584530711360276
1746739377158391300,3.550391357421875,0.02755436187982559,0.022106617867946623,0.0028405937207862733
1746739377168470300,3.56047021484375,0.01241582945883274,0.006529109507799148,0.002827076652087271
1746739377178550300,3.57055029296875,-0.005903671085834503,-0.006351999375224113,0.023563830938935278
1746739377188630000,3.580630126953125,-0.028932664495706556,-0.0030482816547155378,0.0036164734641090032
1746739377198710300,3.590710205078125,-0.057145198023319244,0.008373276069760321,-0.007059453524835407
1746739377208789000,3.6007890625,-0.04165829055607319,0.00851239227950573,0.00652655222453177
1746739377218869200,3.610869140625,-0.033382045120000835,0.010187047493457793,0.028149697424471376
1746739377228949000,3.620948974609375,-0.027462591943144796,0.024063012632727622,0.03482464514374733
1746739377239028200,3.6310283203125,0.005074819046258926,0.023013795840740203,0.01957406718302518
1746739377249108000,3.64110791015625,0.02521335171163082,0.013010872742533684,0.014426073302701115
1746739377259188200,3.651188232421875,0.037052842587232585,0.004014496338367462,0.012442753998376428
1746739377269268200,3.661268310546875,0.03285772898495197,0.013329437172412872,0.0075670742534101
1746739377279347200,3.67134716796875,0.03440612747073173,-0.0040068975538015365,0.02164955828282982
1746739377289427200,3.68142724609375,0.04152443504333496,0.018750293177366255,0.03305526085104793
1746739377299507200,3.691507080078125,0.027391280272603034,0.01775368335545063,0.018561748335324226
1746739377309586200,3.701586181640625,-0.008701777371764183,-0.004257657444477081,0.02823321098946035
1746739377319666200,3.711666259765625,-0.03049801411628723,-0.01668050116598606,0.012876798034086822
1746739377329746200,3.72174609375,-0.047131753531098365,-0.027120646637678145,-0.024904578023403883
1746739377339826200,3.731826171875,-0.03580839548408985,0.004352349990606308,-0.011060104000940919
1746739377349905200,3.7419052734375,-0.026179566395282745,0.01144026242494583,0.01165277266446501
1746739377359985200,3.751985107421875,-0.020458266139030457,0.025579262414574623,0.03352094213403761
1746739377370065200,3.762065185546875,0.006947627180814743,0.02342296116352081,0.040786476157605646
1746739377380144000,3.77214404296875,0.027198972570896148,0.00019172317981719968,0.02128697204813361
1746739377390224100,3.78222412109375,0.0364203899025917,0.00029459903240203856,0.003429645655117929
1746739377400304000,3.79230419921875,0.059953825703263276,0.011582885766029357,-0.004547324573434889
1746739377410383000,3.802383056640625,0.05852876133620739,0.002241056925058365,0.012046813483349978
1746739377420463000,3.812463134765625,0.04698094688355922,-0.004729366609454154,0.0037089740531519055
1746739377430543000,3.822543212890625,0.040080665975809095,0.004456979408860206,0.025957813403382896
1746739377440623000,3.832623046875,-0.009984218397736548,0.008610591956973076,0.013719788196869193
1746739377450702000,3.8427021484375,-0.030466449934244154,0.014713585007190704,0.01736848343014717
1746739377460782000,3.852781982421875,-0.05702186390459537,0.009034370326995849,0.022646862224489448
1746739377470862000,3.862862060546875,-0.08537468268573284,0.017676526466012,0.0218026664853096
1746739377480941000,3.872941162109375,-0.07624035911560058,0.0007259761869907379,0.008223419270291923
1746739377491021000,3.88302099609375,-0.06428630194962025,-0.014776713371276855,0.007406549929454922
1746739377501101300,3.893101318359375,-0.06448679295778274,0.0036731355547904966,0.005596724028512835
1746739377511181000,3.90318115234375,-0.059607204222679136,0.013729834666848182,0.016183840222842992
1746739377521260300,3.91326025390625,-0.03821604114770889,0.017008417946100234,0.018699184044636784
1746739377531340000,3.923340087890625,0.008908698120713234,0.015550620353221892,0.01601451153792441
1746739377541420300,3.933420166015625,0.07970072870254516,-0.002620411631464958,0.01964892251752317
1746739377551499000,3.9434990234375,0.10936229199469089,0.005313303977251053,0.003842208511382341
1746739377561579300,3.953579345703125,0.11199439406394958,0.0031102409750223157,0.016212700991146266
1746739377571659000,3.963658935546875,0.08495090431571006,0.021809096226096152,0.004586158746480941
1746739377581738200,3.97373828125,0.043455695366859434,-0.020767478218674657,0.018551811463199556
1746739377591818000,3.98381787109375,-0.01719897208213806,-0.0074181673020124435,0.025229316465742883
1746739377601898200,3.993898193359375,-0.05420563744008541,0.01152268001139164,0.013115611758641899
1746739377611978000,4.00397802734375,-0.1048000986456871,0.027664836516976356,0.013166684358753263
1746739377622057200,4.01405712890625,-0.10096738861501216,0.019534137031435965,0.020815774339810012
1746739377632137000,4.024136962890625,-0.06913783363401889,0.020825930407643318,0.03637147272694856
1746739377642217200,4.03421728515625,-0.009281038564443587,0.02375847672820091,0.012241715000942349
1746739377652296200,4.044296142578125,0.019375147077441215,0.025005261918902396,0.010949483233317733
1746739377662376200,4.054376220703125,0.015102876585721969,0.0023018472015857694,0.008216697268560528
1746739377672456200,4.064456298828125,0.014025018221139907,-0.01340484049618244,-0.0006619345074519514
1746739377682536200,4.0745361328125,0.032417584002017975,-0.022060440638661385,0.001624642059765756
1746739377692615200,4.084615234375,0.0582405920445919,-0.005911854392290115,0.015196034761890768
1746739377702695200,4.094695068359375,0.06743512136936188,-0.008677811974287032,0.03564352377858013
1746739377712775200,4.104775146484375,0.05953998420536518,0.017354454904794692,0.022329284175299106
1746739377722854100,4.114854248046875,0.0343202027529478,0.0035778584867715833,0.010630882270820438
1746739377732934100,4.12493408203125,0.016137480330467222,0.013252280282974243,0.023710436335392295
1746739377743014100,4.13501416015625,-0.03390811482071876,0.0249701906055212,0.025054544420726597
1746739377753093000,4.145093017578125,-0.07253390581309795,0.01009703112244606,-0.003980776731856167
1746739377763173000,4.155173095703125,-0.0757166275024414,0.01913958475589752,-0.009479995202645659
1746739377773253000,4.165253173828125,-0.06902735899686813,0.01239537119269371,0.0004861760817468166
1746739377783333000,4.1753330078125,-0.0719739338427782,0.01613163511157036,0.00551189528927207
1746739377793412000,4.185412109375,-0.06426409011781216,0.00678045392036438,-0.011949417523480952
1746739377803492000,4.1954921875,-0.06903788039088249,0.006591068828105926,0.019581592902354894
1746739377813572000,4.205572021484375,-0.03729366560578346,0.027789924201369283,0.03267473710086197
1746739377823651000,4.215651123046875,0.007151040798425674,0.024959084689617154,0.0472535167472437
1746739377833731000,4.22573095703125,0.06463350795209408,0.02369710192978382,0.029615422595478592
1746739377843811300,4.235811279296875,0.09861001183390616,0.022834347620606422,0.018941943291947243
1746739377853891000,4.24589111328125,0.09117080174386501,-0.0031511575073003765,0.01916219844650477
1746739377863970300,4.25597021484375,0.054452890199422836,-0.0064244800895452495,0.010325834909640253
1746739377874050000,4.266050048828125,0.010619593691825866,-0.007660743886232376,0.00044160628765821456
1746739377884130800,4.276130859375,-0.042216508960723875,0.006935936743021011,0.022515381331928073
1746739377894209500,4.28620947265625,-0.06602934622466564,0.004680266770720482,0.016064159365929663
1746739377904289800,4.296289794921875,-0.08129179728627205,0.00815466488301754,0.011195018959604203
1746739377914369500,4.30636962890625,-0.09280804755687713,-0.004313187023997306,0.006593918372318148
1746739377924448800,4.31644873046875,-0.0676689301252365,0.010301029261946678,0.015930230787955222
1746739377934528500,4.326528564453125,-0.03044190001487732,0.029263503885269163,0.03980232395846396
1746739377944608800,4.33660888671875,0.025768647506833074,0.003551555001735687,0.031106428338214753
1746739377954688500,4.3466884765625,0.04789513911902904,0.0175502697378397,0.039775399418920276
1746739377964767700,4.356767822265625,0.08607143277823924,0.022784078738093374,0.028614611522480845
1746739377974847500,4.366847412109375,0.10486322700977325,0.014879004701972006,0.04776595978140831
1746739377984927700,4.376927734375,0.09101824153065681,-0.00011924246549606323,0.04133000844977796
1746739377995006500,4.38700634765625,0.06809738467037678,0.0002712181568145752,0.011745200188271701
1746739378005086700,4.397086669921875,0.046719081076979634,-0.004785480710864067,-0.00856843331567943
1746739378015166700,4.407166748046875,-0.046179567372798914,-0.006021159985661506,-0.009563216506689787
1746739378025245700,4.41724560546875,-0.08878945956528186,-0.002121229937672615,0.013714417902007699
1746739378035325700,4.42732568359375,-0.10913432845771312,0.014732874229550361,0.025928660374134778
1746739378045405700,4.43740576171875,-0.12829612504541874,0.031814357411861414,0.03499269518703222
1746739378055485700,4.447485595703125,-0.08746201035380363,0.022532734325528145,0.015387319550290704
1746739378065564700,4.457564697265625,-0.02238426576554775,0.024793080472946167,0.011528927089087664
1746739378075644700,4.467644775390625,0.02822539300918579,0.007291326051950454,0.0008361220305785536
1746739378085724700,4.477724609375,0.02890110031366348,-0.010073650246858596,0.015880473362095655
1746739378095803600,4.4878037109375,0.04838263037502765,0.001239186406135559,0.009057824267819523
1746739378105883600,4.497883544921875,0.062006666579842565,-0.0015980828464031219,-0.005256934147514402
1746739378115963600,4.507963623046875,0.03014671646058559,0.0015706103175878523,0.00028089930061250926
1746739378126042600,4.518042724609375,0.01737725125849247,0.005720131212472915,-0.008264701128751039
1746739378136122600,4.52812255859375,0.011944704815745354,0.019289222359657285,0.03073280925285071
1746739378146202600,4.53820263671875,-0.01671323439180851,0.03120470108091831,0.043123723466135556
1746739378156282600,4.54828271484375,-0.06751870799958705,0.022273791128396985,0.028871472360379992
1746739378166361600,4.558361572265625,-0.05907119764983654,0.026774025157094,0.01771236496437341
1746739378176441600,4.568441650390625,-0.046961657661199564,0.006045709905028343,0.024995215448923407
1746739378186521900,4.57852197265625,-0.00972585972249508,0.000007598784565925598,0.010639138642512262
1746739378196600600,4.5886005859375,0.02417816344499588,0.008425298517942428,0.016186580169200895
1746739378206680800,4.598680908203125,0.059036126336455344,0.01652501834332943,0.024334303854778406
1746739378216760600,4.608760498046875,0.04763035070300102,0.0055383449047803875,0.015232969238795338
1746739378226839800,4.61883984375,0.06982347781062126,-0.011162030005455017,0.013987901081144808
1746739378236919600,4.62891943359375,0.07017594451010227,-0.004016249904036521,-0.001577588047645986
1746739378246999800,4.638999755859375,0.04768061958551407,0.026027006182074545,0.0007858531480655073
1746739378257079600,4.64907958984375,0.016876315999031066,0.013905191233754157,0.026377317457087338
1746739378267158800,4.65915869140625,-0.04577332465946674,0.006910217779874802,0.0010332155052572489
1746739378277238500,4.669238525390625,-0.10163491261303424,0.0033627544313669204,0.019794724196381865
1746739378287318800,4.67931884765625,-0.11062310571074485,0.010154898789525031,0.022510193700157104
1746739378297397500,4.6893974609375,-0.10041150829792023,0.021595161214470863,0.032336408524587745
1746739378307477800,4.699477783203125,-0.07229775896966457,0.0076578212767839425,0.010031272409856318
1746739378317557500,4.7095576171875,-0.010313888743519782,0.00912146408855915,0.017618695331551134
1746739378327636700,4.71963671875,0.05439560705423355,0.011081365984678267,0.03181092334575951
1746739378337716500,4.729716552734375,0.0882341637700796,0.006117606097459793,0.01417092949785292
1746739378347796700,4.739796630859375,0.0993143607109785,0.0024538228929042814,-0.028807357615604996
1746739378357876700,4.749876708984375,0.09583937807679176,-0.0025946926683187484,-0.010843648238666355
1746739378367955700,4.759955810546875,0.08118775238990783,-0.00017477204501628875,-0.0003789163149893284
1746739378378035500,4.770035400390625,0.020689736807346343,0.012466682863235472,0.03533697858005762
1746739378388115700,4.78011572265625,-0.0033598318219184875,0.009441782084107399,0.01956427644137293
1746739378398194400,4.7901943359375,-0.04212064737081527,0.025710779839754103,0.03351538917608559
1746739378408274700,4.800274658203125,-0.0867442174732685,0.019185177463293075,0.04060315547995269
1746739378418354700,4.810354736328125,-0.09972995577454566,0.011908464458584785,0.013069361464120447
1746739378428433700,4.82043359375,-0.08401040859520435,0.006945289093255996,0.014852920412644743
1746739378438513700,4.830513671875,-0.0928442879140377,0.0016594576448202133,0.014407039808668195
1746739378448593700,4.84059375,-0.05398994886279106,0.022454992914199827,0.026933124708943067
1746739378458673700,4.850673583984375,-0.014513093999028205,0.008359832066297531,0.026826376398839055
1746739378468752600,4.860752685546875,0.02791208927631378,0.01547054085433483,0.024974355323985217
1746739378478832600,4.87083251953125,0.05936871929168701,0.0065390463799238204,0.018557474019005895
1746739378488912600,4.88091259765625,0.07775251724421978,0.005503273591399192,0.014099252501130104
1746739378498991600,4.89099169921875,0.06484744296371936,0.004841594812273979,0.0032925387393683194
1746739378509071600,4.901071533203125,0.06460895803272723,0.008935586127638817,0.01577825509663671
1746739378519151600,4.911151611328125,0.03397533483803272,0.03458557569086552,0.027233934286423025
1746739378529230600,4.921230712890625,-0.007479542100429534,0.011329787787795066,0.020202939671091734
1746739378539310600,4.931310546875,-0.01816051059067249,0.007983984491229057,0.00987608184814453
1746739378549390600,4.941390625,-0.0352659591704607,-0.005136778366565704,-0.0028957214415073393
1746739378559470600,4.951470703125,-0.0382025971442461,-0.006871639335155486,0.01470978561490774
1746739378569549600,4.961549560546875,-0.02415244448184967,0.004777881926298141,0.010547843629866839
1746739378579629600,4.971629638671875,-0.02028290957212448,0.012232874107360838,0.019544804555922744
1746739378589709800,4.981709716796875,-0.01768003359735012,0.02319558214843273,0.03969765800759196
1746739378599788500,4.99178857421875,-0.005851064115762711,0.007573065602779388,0.03300148483719677
1746739378609868800,5.001868896484375,-0.031389994519948956,0.018532851034402845,0.016328326727449893
1746739378619948500,5.011948486328125,-0.03127659727334976,0.017141688936948774,0.03696366646643728
1746739378630027800,5.02202783203125,0.0031856442987918854,0.00028758476972579955,0.03924213279243558
1746739378640107500,5.032107421875,0.02188449954986572,0.0016436755537986754,0.03095507370140403
1746739378650187800,5.042187744140625,0.055334349209070204,0.008328852406144142,0.0034795857440680263
1746739378660267500,5.052267578125,0.05130231721401214,0.01108954929113388,0.006898710005171596
1746739378670346800,5.0623466796875,0.048611178433895105,-0.01022679498195648,0.022295601101405917
1746739378680426500,5.072426513671875,0.01824994243979454,0.0008937339693307876,0.0244463128618896
1746739378690506800,5.0825068359375,-0.023309563916921613,0.013016717961430549,-0.00011277619209140538
1746739378700585700,5.092585693359375,-0.024175825357437133,-0.005112228447198867,0.007745170766673982
1746739378710665700,5.102665771484375,-0.036978608307242394,-0.002533317869901657,0.032863428073376416
1746739378720745500,5.112745361328125,-0.04431318897902965,0.02433715339899063,0.025359409118816255
1746739378730824700,5.12282470703125,-0.04942892455756664,0.014985972207784653,0.025895707952603698
1746739378740904400,5.132904541015625,-0.039221418797969816,0.026650106516480445,0.026832440813444554
1746739378750984700,5.142984619140625,-0.010204583150148392,0.015037994655966757,0.029427681471034882
1746739378761063700,5.153063720703125,0.011254384464025496,0.018495441633462905,0.01738265808597207
1746739378771143700,5.163143798828125,0.0257195476680994,-0.004983049109578132,0.0018118351949378848
1746739378781223700,5.1732236328125,0.022440379866957662,0.00020399813950061797,0.0035805619005113837
1746739378791303700,5.1833037109375,0.011232757154107093,0.0023801731348037716,0.01721658080406487
1746739378801382700,5.193382568359375,0.026178981873393056,-0.008402502164244652,0.011129552507959306
1746739378811462700,5.203462646484375,0.016517419558763503,0.010536007061600685,0.021164405114389953
1746739378821542700,5.213542724609375,0.020290508356690405,0.015171265646815299,0.026931407675892114
1746739378831621600,5.22362158203125,-0.0026888006925582884,0.011391747108101844,0.03648019379843026
1746739378841701600,5.23370166015625,-0.012673603612184524,0.02107844386398792,0.043005211653001606
1746739378851781600,5.24378173828125,-0.011027005448937416,0.021516250759363174,0.018127119777724146
1746739378861860900,5.25386083984375,-0.029973697981238362,0.002269113975763321,0.0030732699654996394
1746739378871940600,5.263940673828125,-0.026491116562485692,-0.01831482436954975,0.003650193070620298
1746739378882020600,5.2740205078125,-0.007625088050961494,0.009911737683415413,0.012669950350373983
1746739378892099600,5.284099609375,0.0031540801167488095,-0.0025695582270622254,0.012369981023110448
1746739378902179800,5.294179931640625,0.013645078992843626,0.011450199297070503,0.019190584290772677
1746739378912259600,5.304259521484375,0.021306991922855376,0.014586159235239027,0.04642667400166392
1746739378922339600,5.314339599609375,0.022058687072992324,0.024230185893177984,0.008169131799787283
1746739378932418600,5.32441845703125,0.03520984506905079,0.021959318351745603,0.010486541896685957
1746739378942498600,5.33449853515625,0.012156301739811897,-0.010542436802387237,-0.0007670753823593258
1746739378952578600,5.34457861328125,-0.02644844646453857,-0.008151742273569107,0.00683824852220714
1746739378962657800,5.35465771484375,-0.058356327378749843,0.0024368717581033706,0.006062661039829254
1746739378972737500,5.364737548828125,-0.05883212819695472,0.0023696517407894133,0.005803681310079992
1746739378982817500,5.374817626953125,-0.03267944980859756,-0.00909223799407482,0.00391403163857758
1746739378992896500,5.384896484375,-0.02028992383480072,0.03107844435274601,0.025244258306547997
1746739379002976800,5.394976806640625,0.027882278659939766,0.02654430805444717,-0.004071341092139482
1746739379013056500,5.405056396484375,0.04095861785411835,0.004480944806337356,0.014218969890661537
1746739379023136500,5.415136474609375,0.027721535140275953,0.0033230069428682326,0.01479585646316409
1746739379033215500,5.425215576171875,0.024615385818481442,-0.008708207112550735,-0.0021062150316312907
1746739379043295700,5.435295654296875,0.011019406664371489,0.02163490870296955,-0.005338182690180838
1746739379053375700,5.445375732421875,0.002619242587685585,0.023604162949323652,0.00255136498324573
1746739379063454700,5.455454833984375,0.040187048959732054,0.019610124877095222,0.03274097073748707
1746739379073534700,5.46553466796875,0.005694412249326705,0.012388941451907156,0.023256372424960134
1746739379083614500,5.475614501953125,0.004224924218654632,-0.00948445218205452,0.02394965191874653
1746739379093693700,5.485693603515625,-0.04177168780267238,0.023496026399731636,0.022000965536385773
1746739379103773700,5.495773681640625,-0.036053894677758214,0.028674305820465085,0.06085577951166778
1746739379113853700,5.505853759765625,-0.03332651554048061,-0.0014940379500389099,0.05585340464711189
1746739379123932700,5.5159326171875,-0.026763503763079642,0.014345336216688155,0.015867979206703603
1746739379134012700,5.5260126953125,0.0016308160722255706,0.002827332380414009,0.007191190145723521
1746739379144092700,5.5360927734375,0.00954933411180973,0.00998246483206749,-0.023182649601623414
1746739379154172700,5.546172607421875,0.028868367087841032,0.01040156702697277,0.010086400130577385
1746739379164251600,5.556251708984375,0.024605448946356773,0.0011702128231525421,-0.0003739478789269924
1746739379174331600,5.56633154296875,0.004310264414548874,0.013380875098705291,0.018305143225751816
1746739379184411600,5.57641162109375,0.014730536141991614,0.023913959550857542,0.03238287801481783
1746739379194490600,5.58649072265625,0.027013094609975814,0.007888122901320457,0.008989106413163243
1746739379204570600,5.596570556640625,0.028161095601320265,0.0024117373168468475,0.008363193067163228
1746739379214650600,5.606650634765625,-0.01258358724117279,0.017236381483078003,-0.0019571984823793173
1746739379224729600,5.6167294921875,-0.015900748965144155,-0.010461188259720802,0.0019602306896820665
1746739379234809600,5.6268095703125,-0.022637363743782044,0.009055413115024566,0.02435037820674479
1746739379244889900,5.636889892578125,-0.017435118925571442,0.010359481450915337,0.022013057832978664
1746739379254969600,5.646969482421875,0.02702770765721798,0.00554302107989788,0.007489953896589577
1746739379265048600,5.657048583984375,0.06706453449130058,0.008030746242403984,0.021822795957885683
1746739379275128600,5.667128662109375,0.05611643949747085,0.016205869391560553,0.015193367880769073
1746739379285208600,5.67720849609375,0.0427425786614418,0.006046294426918029,0.011475333738327025
1746739379295287600,5.68728759765625,0.01830488749742508,0.008296119180321693,0.015217881267517804
1746739379305367800,5.697367919921875,-0.02054945155382156,-0.0059247138738632195,0.022298231449909507
1746739379315447600,5.707447509765625,-0.07143091300725936,0.0070709612995386115,-0.0026816037667915225
1746739379325526800,5.71752685546875,-0.11477554921507835,0.006152677410840988,0.009536474630236625
1746739379335606500,5.7276064453125,-0.09767886846363544,0.012803951993584632,0.03303772519435733
1746739379345686800,5.737686767578125,-0.07157119826078415,0.005914777001738548,0.02143021644372493
1746739379355765500,5.747765625,-0.021086042648553845,0.023153496572375296,0.015449351935833692
1746739379365845800,5.757845703125,0.03460954108834267,0.015067220750451088,0.01912215869706124
1746739379375925500,5.767925537109375,0.09571896656751633,0.007031798332929611,0.024418949930928645
1746739379386004700,5.778004638671875,0.08355623508691787,0.015933482190966606,-0.01108724773619324
1746739379396084500,5.78808447265625,0.10144728108644485,-0.001110007068514824,0.002422441373951733
1746739379406164700,5.798164794921875,0.06319792219102383,-0.007017185285687446,0.015064955728128552
1746739379416244500,5.808244384765625,0.01687397791147232,-0.00575870965719223,-0.00554572449363768
1746739379426323700,5.81832373046875,-0.008354571369290352,-0.0015799626678228377,0.003921484292671084
1746739379436403500,5.828403564453125,-0.06369885745048523,0.021429741519689557,-0.0009621960956603288
1746739379446483700,5.838483642578125,-0.08169803999960422,0.024115619602799416,0.026456958564557133
1746739379456562400,5.8485625,-0.10058043512403965,0.009651625442504882,0.048769328137673436
1746739379466642700,5.858642578125,-0.07071779630184173,0.038867783054709434,0.015582476796209811
1746739379476722700,5.86872265625,-0.04702946220040321,0.015305705681443214,0.04001432274132967
1746739379486801700,5.8788017578125,0.00830196439921856,0.0035077158600091934,0.03713745213076472
1746739379496881700,5.888881591796875,0.029490298378467557,0.015896657311916352,0.0047357598176226015
1746739379506961700,5.898961669921875,0.04808686229884624,0.0047165071278810495,-0.011180917369015515
1746739379517040600,5.90904052734375,0.06816051303446292,-0.01582125398814678,-0.022983035376295445
1746739379527120600,5.91912060546875,0.08063947085738181,-0.008332359537482261,-0.0003784048583358526
1746739379537200600,5.92920068359375,0.07886661596596241,-0.0006061491996049881,0.008287424417212605
1746739379547280600,5.93928076171875,0.06305822145938873,0.021789807003736495,0.018647965314052998
1746739379557359600,5.949359619140625,0.03368775006830692,0.028155250382423398,0.024833558613806962
1746739379567439600,5.959439697265625,0.022497663012146948,0.0072153382062911985,0.031958807383850214
1746739379577519600,5.96951953125,0.008561492118239403,0.018312486281991003,0.030522308307327328
1746739379587598600,5.9795986328125,-0.05181903456449508,0.015468202766776084,-0.009184336724318563
1746739379597678600,5.9896787109375,-0.08775602486431598,-0.02191080303490162,0.007118928627111018
1746739379607758600,5.999758544921875,-0.09279577259719371,0.0065425535112619395,0.028820326695032417
1746739379617837600,6.009837646484375,-0.10174071107506752,0.016111761367321013,0.010627959661372005
1746739379627917600,6.01991748046875,-0.04570785820782184,-0.006246200913190841,0.020661935484968124
1746739379637997600,6.02999755859375,-0.031465397843718525,0.014246552017331122,0.018259440920501947
1746739379648076500,6.04007666015625,0.04117430643141269,0.016643676286935805,-0.003496317683160305
1746739379658156500,6.050156494140625,0.0599661006629467,0.009057166680693627,0.009968545904569328
1746739379668236800,6.06023681640625,0.09374328258037566,-0.0014560440272092818,0.009359547160752118
1746739379678316500,6.070316650390625,0.08745031991600989,0.008113163828849792,0.013424239316396415
1746739379688395800,6.080395751953125,0.08577215757071971,0.013104396244883536,0.00749652976784855
1746739379698475500,6.0904755859375,0.05511690706610679,0.011491115829348563,0.0013600728394463656
1746739379708555800,6.1005556640625,0.016371289086341858,-0.0029711247652769086,0.020401384852640328
1746739379718634500,6.110634521484375,-0.011878069320321082,0.014379823008179663,0.0229273596663028
1746739379728714800,6.12071484375,-0.06807751092612743,0.019064765954017637,0.019903226072154938
1746739379738794500,6.13079443359375,-0.0692249273955822,0.006060322952270507,0.018573000381700695
1746739379748873700,6.140873779296875,-0.05097381591200828,0.020735329514741895,0.024815365369990468
1746739379758953500,6.150953369140625,-0.08035422417521476,-0.009790741652250289,0.0248405728764832
1746739379769033700,6.16103369140625,-0.04722819964289665,0.0050040918976068495,0.02502984837088734
1746739379779112700,6.17111279296875,-0.05350830282568931,0.011296470040082931,0.02224876628499478
1746739379789192700,6.181192626953125,-0.06207388659715652,-0.002896305963397026,0.016466894947923718
1746739379799272400,6.1912724609375,-0.011117606341838835,0.010496844094991683,0.01762534426804632
1746739379809351700,6.2013515625,0.024848610052466392,0.024556933629512785,0.009335983622074127
1746739379819431400,6.211431396484375,0.045728316473960876,0.014700141003727912,0.02424775808248669
1746739379829511700,6.22151171875,0.052418169501423834,0.014730536141991614,0.02293357021138072
1746739379839591400,6.23159130859375,0.05106675489246845,0.005195230555534363,0.007664141419716179
1746739379849670700,6.241670654296875,0.05462240154743194,0.013842062869668006,0.014548859432153402
1746739379859750400,6.25175048828125,0.04671966559886932,-0.006134557232260703,-0.013381898012012243
1746739379869830700,6.26183056640625,0.03392974213063717,-0.017788170146942138,0.005942139932699501
1746739379879909600,6.27190966796875,-0.0010720131456851958,-0.005465864190459251,0.01787128185313195
1746739379889990000,6.281989990234375,-0.04569032255113124,0.01283317808806896,0.0326945743124932
1746739379900069600,6.292069580078125,-0.05924655421674251,0.017382511955499648,0.025239253337867557
1746739379910148900,6.30214892578125,-0.02796002007126808,0.008781272348761558,0.028021431402303277
1746739379920228600,6.312228515625,-0.011761164942383766,0.017532149559259413,0.03614771044105291
1746739379930308900,6.322308837890625,-0.006139817929267883,0.024428338813781737,0.02799775826577097
1746739379940387800,6.332387939453125,-0.036082536250352855,0.02735562443733215,0.014654000307060776
1746739379950467800,6.3424677734375,-0.013141805645823477,0.010289338824152946,0.010578129170276224
1746739379960547600,6.352547607421875,-0.0015700257956981658,-0.00301028773188591,0.013977050893567503
1746739379970626800,6.362626708984375,0.02345920152068138,0.0013917466193437576,0.010770254208892584
1746739379980706800,6.372706787109375,0.04932780227065086,0.007870002722740172,0.021507482931017875
1746739379990786800,6.382786865234375,0.056747723138332366,0.011126958692073821,0.008530841251648961
1746739380000866600,6.392866455078125,0.04800970540940761,0.005428454789519309,0.021709252580814062
1746739380010945800,6.40294580078125,0.019366379249095917,0.020100538742542265,0.02496010760292411
1746739380021025500,6.413025634765625,0.0024380408018827436,0.0181470665872097,0.030813436741009354
1746739380031105800,6.423105712890625,-0.0069517188340425485,0.003068155398964882,0.024557956542819736
1746739380041184800,6.433184814453125,-0.013875965139269829,-0.005229717347025871,0.0011995485154911874
1746739380051264800,6.4432646484375,-0.03551204288601875,0.010883797585964201,0.004748948092758655
1746739380061344800,6.4533447265625,-0.03288403246998787,0.009565116202831268,0.031228045423887667
1746739380071423700,6.463423828125,-0.046530865028500554,0.015211013135313986,0.027037425333634017
1746739380081503700,6.473503662109375,-0.04196516454815864,0.0054500820994377135,0.014543744865618645
1746739380091583700,6.483583740234375,-0.0007049333989620208,-0.002530395260453224,-0.003264262492954731
1746739380101662700,6.493662841796875,0.023756723162531853,0.00033668460845947266,0.004091908956132829
1746739380111742700,6.50374267578125,0.03143324913978576,0.005681552767753601,0.025604871779866516
1746739380121822700,6.51382275390625,0.047132922574877736,0.016943536016345025,0.02619472743179649
1746739380131901700,6.523901611328125,0.000675122782588005,0.009404372683167458,0.04195365677345544
1746739380141982000,6.53398193359375,-0.00851239227950573,0.014093991804122925,0.027869126917421817
1746739380152061700,6.544061767578125,-0.007149871754646301,0.0012134674429893494,0.021471169508621095
1746739380162141000,6.554140869140625,-0.0026180735439062116,-0.006923661783337593,0.029849487079679965
1746739380172220700,6.564220703125,-0.0058604164659976955,0.01753624121248722,0.02852141681369394
1746739380182301000,6.574301025390625,0.011983867782354354,-0.009196867412328719,0.023750549150072037
1746739380192380700,6.584380615234375,-0.004293313279747963,-0.015019874477386473,-0.003696699093468487
1746739380202460000,6.5944599609375,-0.020418518650531767,0.00040448914766311644,-0.02124850320126861
1746739380212539600,6.60453955078125,0.017951251754164694,0.0029892449438571928,-0.002489990184828639
1746739380222619600,6.61461962890625,0.034354105022549625,-0.00760521430671215,0.027714593942835927
1746739380232698600,6.62469873046875,0.043565585482120514,0.0111801501840353,0.026587854935228823
1746739380242779000,6.63477880859375,0.0398147085160017,0.027076807495951653,0.02161269687116146
1746739380252858600,6.644858642578125,0.03083820585608482,-0.004302081108093261,0.007078560084104538
1746739380262937900,6.654937744140625,-0.00029050737917423245,0.006510989329218864,0.023049670871719715
1746739380273017600,6.665017578125,0.006579962912201881,0.00987608184814453,0.04214665859490633
1746739380283097900,6.675097900390625,0.0035498014360666272,0.0020645313143730164,0.014929967704229056
1746739380293176600,6.685176513671875,-0.03429389926791191,-0.008590718212723732,0.01659267675206065
1746739380303256800,6.6952568359375,-0.05678045636415481,-0.0005734159737825394,0.006216792155615985
1746739380313336800,6.7053369140625,-0.06328267786502838,-0.012488894695043563,-0.001580254928767681
1746739380323415800,6.715415771484375,-0.05014028769731521,-0.0009562778115272521,0.026559724819287655
1746739380333495800,6.725495849609375,-0.01652443382143974,-0.003760813838243484,0.0006127616034820676
1746739380343575800,6.735575927734375,0.035599721169471736,0.008795300874114035,-0.002893492951802909
1746739380353655800,6.74565576171875,0.0681833093881607,0.00670329703092575,0.013989910375140607
1746739380363734800,6.75573486328125,0.09264613499343395,0.020716624814271927,0.01923172001875937
1746739380373814800,6.765814697265625,0.08675941504240035,0.017405308309197426,-0.0024638328302651643
1746739380383894800,6.775894775390625,0.07263444357812404,0.0012993921607732772,-0.00814056329242885
1746739380393973800,6.785973876953125,0.06297989552617073,0.015201660785079002,0.0019836846305057404
1746739380404053800,6.7960537109375,0.036432080340385434,0.015622516545653341,0.029327509032189843
1746739380414133800,6.8061337890625,-0.016523849299550055,0.019369886380434034,0.028422084625065326
1746739380424212700,6.816212646484375,-0.04028115698397159,0.010627192476391791,0.0025692294334992765
1746739380434292700,6.826292724609375,-0.06768295865058899,-0.006722586253285407,-0.0005453954556956887
1746739380444372700,6.836372802734375,-0.12262275558412074,0.01187865384221077,0.007525536666624247
1746739380454451700,6.84645166015625,-0.12528408374786376,0.006529694029688835,0.0040108065439388154
1746739380464531700,6.85653173828125,-0.0926134017676115,0.009646364745497703,0.02369151243921369
1746739380474611700,6.86661181640625,-0.025025720185041424,0.015283493849635123,0.03891374108828604
1746739380484690700,6.876690673828125,0.05583236185908317,0.024639351215958595,0.043686325784958895
1746739380494770700,6.886770751953125,0.10894494336545467,0.030915947267413136,0.04208404168747365
1746739380504851000,6.896850830078125,0.1183154137790203,0.008616437175869941,0.03746763393320143
1746739380514929700,6.9069296875,0.13463058876395226,0.015548866787552833,0.028224479693733154
1746739380525009700,6.917009765625,0.10755144318044185,0.012084990069270133,0.02603939073961228
1746739380535089700,6.927089599609375,0.06901216142773628,-0.005670446851849555,0.01591284126173705
1746739380545168600,6.937168701171875,0.009106851041316985,0.003751461488008499,0.022096498332731425
1746739380555248600,6.94724853515625,-0.06334814431667328,0.00736731389760971,0.0001780965132638812
1746739380565329000,6.957328857421875,-0.10136778610944747,-0.024512509965896604,-0.021348091118223965
1746739380575408600,6.96740869140625,-0.15066227063238619,-0.006960486662387848,-0.007722739739157259
1746739380585488000,6.97748779296875,-0.1597077468752861,-0.009524199670553207,0.0020003435043618083
1746739380595567600,6.987567626953125,-0.1075017588198185,0.005901332998275757,0.010730908579193055
1746739380605648000,6.99764794921875,-0.05941840365231037,0.02037175689935684,0.02985160597153008
1746739380615726600,7.0077265625,0.023498364487290382,0.005011106160283088,0.03909768282044679
1746739380625806800,7.017806884765625,0.09604279169440269,0.016155600509047508,0.024749825853109357
1746739380635886600,7.027886474609375,0.13952829767763614,0.016850597035884856,0.028166612026654183
1746739380645965800,7.0379658203125,0.15537176349759102,0.01526362010538578,0.024127492703683674
1746739380656045600,7.048045654296875,0.13916297149658202,0.00317453838288784,0.03986205478906631
1746739380666125800,7.058125732421875,0.0816512782484293,0.012495908957719803,0.03796827693171799
1746739380676204800,7.068204833984375,-0.0031119945406913757,0.016555998003482817,0.0067218556009232995
1746739380686284800,7.078284912109375,-0.08040975375473498,-0.0192798700094223,0.007163023497164249
1746739380696364500,7.088364501953125,-0.12627075669765472,-0.023728666111826894,-0.012347696126066147
1746739380706443800,7.09844384765625,-0.14809972666800023,-0.0038549218624830245,-0.0041222310291603205
1746739380716523500,7.1085234375,-0.13537877678275106,0.001710311049222946,0.012583075784519313
1746739380726603800,7.118603759765625,-0.08514730367064476,0.013132453295588492,0.017159662985056636
1746739380736682800,7.128682861328125,-0.022265607821941376,0.02377075168788433,0.026803360849432644
1746739380746762800,7.1387626953125,0.05051087457537651,0.025804303342103957,0.010901369775272906
1746739380756842800,7.1488427734375,0.11566519153118134,0.025734160715341566,0.025911636174097655
1746739380766922800,7.1589228515625,0.12783844440579414,0.017572481569647788,0.02978836800958961
1746739380777002000,7.169001953125,0.13870821346640586,0.008974164572358131,0.024729257989116012
1746739380787081700,7.179081787109375,0.10400982505083084,-0.017716273954510687,0.03132540485113859
1746739380797161700,7.18916162109375,0.06024784021377563,0.03874152632653713,0.035965485741943116
1746739380807240700,7.19924072265625,-0.04199439064264297,-0.014554595053195953,-0.034755890756472944
1746739380817320700,7.20932080078125,-0.1408107387036085,-0.0442021298199892,-0.1016772173848003
1746739380827400700,7.219400634765625,-0.11435703154206275,-0.030988427981734273,0.011154029362089932
1746739380837480000,7.22947998046875,-0.07720482023358345,0.007093173131346702,0.08976089841332285
1746739380847559700,7.2395595703125,-0.06579495294690131,0.03064706719815731,0.07008355351891368
1746739380857639700,7.2496396484375,-0.015289923590421675,0.026359014615416527,0.016085640545375646
1746739380867718700,7.25971875,0.0477010778516531,0.019260580787062644,0.014221600239165126
1746739380877799000,7.269798828125,0.06827332575917243,0.03164659962952137,0.03442337086647749
1746739380887882000,7.279882080078125,0.07381459327340126,0.018275076881051063,0.05079392930045724
1746739380897961000,7.2899609375,0.0708107352823019,0.006411620607972145,0.03436758555863052
1746739380908041000,7.300041015625,0.016229834789037705,-0.004001636856794357,0.010392981861717998
1746739380918121200,7.310121337890625,0.0047393034815788266,-0.011731938847899435,0.011786153253167867
1746739380928200000,7.320199951171875,-0.002610474759340286,-0.007028875723481178,0.021829992883652446
1746739380938280200,7.3302802734375,-0.0374181687682867,0.010551789152622223,-0.007760952857695519
1746739380948360000,7.34035986328125,-0.02678746916055679,-0.006421557480096817,-0.013008315459266305
1746739380958439200,7.350439208984375,-0.049970776349306106,0.006190086811780929,0.02496730452869087
1746739380968519000,7.360518798828125,-0.029997663378715515,0.012291910818219185,0.035205424622260034
1746739380978599200,7.37059912109375,0.009394435811042785,0.01861409957706928,0.039083288968913256
1746739380988679000,7.380678955078125,0.05262625929415226,0.02643324889540672,0.027374511800892648
1746739380998758100,7.390758056640625,0.0999590883553028,0.009158873489499092,0.0232034731939435
1746739381008838000,7.400837890625,0.09238894536197186,0.009122048610448836,0.01171184590794146
1746739381018918100,7.410918212890625,0.03668810092806816,0.004399111741781234,0.004407295048236846
1746739381028996900,7.420996826171875,0.015024550652503967,-0.014189853394031523,0.014601210673898458
1746739381039077000,7.4310771484375,-0.0236544318318367,0.0037841947138309477,0.01113653023801744
1746739381049156900,7.441156982421875,-0.060014031457901,0.0015396306574344634,-0.012632760145142674
1746739381059236000,7.451236083984375,-0.06873509805202484,-0.005510872375965118,0.005510835843347012
1746739381069315800,7.46131591796875,-0.0670066668242216,-0.003300210589170456,0.025309103703685103
1746739381079396000,7.47139599609375,-0.05659516292512416,0.016527356430888176,0.03465820253565907
1746739381089474800,7.481474853515625,-0.046999651584029196,-0.00026771102547645565,-0.013919767748378217
1746739381099555000,7.49155517578125,-0.004453472277522087,0.009552256721258163,-0.012574709814973176
1746739381109635000,7.501635009765625,0.014154197558760642,-0.0015624270111322402,-0.004678695868141949
1746739381119714000,7.511714111328125,0.050963879039883614,0.012731471279263495,0.0012248290872201324
1746739381129793800,7.521793701171875,0.06210837338864803,0.019568039301037787,0.018964118591137228
1746739381139874000,7.5318740234375,0.07995791833400726,0.02679623698890209,0.03522986494377255
1746739381149952800,7.541952880859375,0.07477905439138412,0.022524551019072532,0.03184245099518448
1746739381160033000,7.552032958984375,0.03318681480884552,0.005742927566170692,0.008028444687463342
1746739381170113000,7.562113037109375,0.025489830565452575,0.003263385710120201,0.024691410196758804
1746739381180192000,7.57219189453125,-0.0172147541731596,0.0022229367464780807,0.005389036094583571
1746739381190272000,7.58227197265625,-0.037003158226609226,0.00604103372991085,0.023151596876233815
1746739381200352000,7.59235205078125,-0.07794482494592667,0.012523381486535071,0.023733378819562494
1746739381210432000,7.602431884765625,-0.11587795749902724,0.02277647995352745,0.04446421482227742
1746739381220511000,7.612510986328125,-0.12510580457150935,0.025804887863993643,0.03055328796748072
1746739381230591000,7.622591064453125,-0.081485858553648,0.015493921729922294,0.023258052925392982
1746739381240671000,7.6326708984375,-0.022215338939428328,0.03502279806435108,0.00547470508404076
1746739381250750000,7.64275,0.012084405547380446,0.0007084405303001403,-0.014636976107023655
1746739381260830000,7.652829833984375,0.052008419656753534,0.005737082347273826,-0.021030257340706883
1746739381270910000,7.662909912109375,0.10626724858880042,-0.011819032609462737,-0.007254829966463148
1746739381280989000,7.672989013671875,0.12888181597888468,-0.014847440519928931,0.010638042663969099
1746739381291069000,7.68306884765625,0.09732523272037505,0.006583470043540001,0.02506214320529252
1746739381301149000,7.69314892578125,0.06784954738914967,0.013410685715079307,0.03532112342379987
1746739381311228200,7.703228271484375,0.04977846864759922,0.0041740708142519,0.020356267069280145
1746739381321308000,7.713307861328125,-0.008926818299293518,0.0050075990289449685,0.028168511722795664
1746739381331388000,7.723387939453125,-0.06999766533374786,0.009173486536741255,0.010298508511297403
1746739381341467000,7.733466796875,-0.10788169804811477,-0.014456395375728607,0.041863567337207495
1746739381351547000,7.743546875,-0.13185060265660284,0.00831014770567417,-0.008685629954561591
1746739381361627100,7.753627197265625,-0.13801613954901695,-0.006412205129861831,-0.005776427976973354
1746739381371706000,7.7637060546875,-0.09330489116311073,0.00158814597427845,0.021808109845407306
1746739381381786000,7.7737861328125,-0.012934884896874428,0.0034399113208055496,0.014926898964308202
1746739381391865900,7.783865966796875,0.045455929273366925,0.011321604481339453,0.03189166043177247
1746739381401945000,7.793945068359375,0.07865618808567523,0.014418401452898978,0.03646119683701545
1746739381412025000,7.804025146484375,0.11480126817822456,0.022173253363370893,0.029974867025017737
1746739381422105000,7.81410498046875,0.11041326235234737,0.01054360584616661,0.01523209245596081
1746739381432184000,7.82418408203125,0.09956336703598499,-0.002940729627013206,0.016946970082446933
1746739381442264000,7.83426416015625,0.07582593309581279,-0.00020516718327999114,-0.00611826368458569
1746739381452344000,7.844343994140625,0.023208441630005835,0.009703647890686989,0.01514298940040171
1746739381462424000,7.854424072265625,-0.031979192584753034,-0.006754734957218169,0.007294796650670468
1746739381472503000,7.8645029296875,-0.0584498508810997,0.007964110746979712,0.01060801285188645
1746739381482583000,7.8745830078125,-0.0882780029118061,0.004841010290384292,-0.002348134028725326
1746739381492662800,7.884662841796875,-0.08504735042750836,0.004955576580762863,0.005981522095017135
1746739381502742000,7.894741943359375,-0.07196458149254321,0.020148469537496567,0.003274966550059616
1746739381512822000,7.904822021484375,-0.058849663853645325,0.0022030630022287366,-0.005601181007921696
1746739381522902000,7.914902099609375,-0.024936872857809066,0.010129764348268509,-0.0006852057851850986
1746739381532981000,7.92498095703125,0.0006049801558256149,0.005514379507303237,0.030213242358155548
1746739381543061000,7.93506103515625,0.0170621939599514,0.009123802176117897,0.03813797094281762
1746739381553141000,7.94514111328125,0.04004325657486915,0.014677344650030136,0.03604045067429543
1746739381563220000,7.955219970703125,0.05632219120264053,0.02939911296367645,0.040404856428876514
1746739381573300000,7.965300048828125,0.07692308068275451,0.010371756410598754,0.02239686951879412
1746739381583380000,7.9753798828125,0.06511749207675456,-0.00030979660153388974,0.038857992313057185
1746739381593459000,7.985458984375,0.028510639691352844,0.013241758888959884,0.030126769651100036
1746739381603539000,7.9955390625,0.006343231546878814,0.01802723959982395,0.03364749112315476
1746739381613619200,8.005619140625,-0.013400164321064948,0.024639351215958595,0.009511961243487894
1746739381623698000,8.015697998046875,-0.04065642003715038,0.00981470704972744,-0.01086319318935275
1746739381633778200,8.025778076171875,-0.05365209521055221,-0.027529811960458755,0.012223046833090483
1746739381643858000,8.03585791015625,-0.03609305764436722,0.0016536124259233474,0.010637458142079413
1746739381653937200,8.045937255859375,-0.0008265139520168304,0.02276420499384403,0.011809241867810487
1746739381664017000,8.056016845703125,0.019537644162774086,0.030262451794743538,0.02662044203057885
1746739381674097200,8.06609716796875,0.06746142485439777,0.02493278120458126,0.025077267709188163
1746739381684176000,8.07617578125,0.07055997539162635,0.025145547172427177,0.0194081360315904
1746739381694256000,8.086256103515625,0.05971826338171959,0.01403144796192646,0.015353636476397514
1746739381704336000,8.0963359375,-0.007740823385119438,-0.008455109134316444,0.011308671934530138
1746739381714415000,8.1064150390625,-0.06042553486824035,0.0028109657675027848,0.009710114164091645
1746739381724494800,8.116494873046875,-0.10767945347428322,-0.004472176977992058,0.011261727520264685
1746739381734575000,8.1265751953125,-0.10501695626676082,-0.0036772272080183026,0.0014362433481961488
1746739381744653800,8.13665380859375,-0.08445464523136616,0.0026718495577573776,0.029283341096900402
1746739381754734000,8.146734130859375,-0.052792263510823244,0.018723405170440674,0.03408529801853001
1746739381764813800,8.156813720703125,0.01005903719961643,0.01471592309474945,0.024242314722388983
1746739381774894000,8.16689404296875,0.06303659414947033,0.028124855244159697,0.034032325722277164
1746739381784972800,8.176972900390625,0.10301029261946677,0.0219943896651268,0.004314136872068048
1746739381795053000,8.187052978515625,0.09440203875005244,0.007663666495680808,-0.014989662002213298
1746739381805133000,8.197133056640626,0.09353811539709568,0.008857260194420813,0.003155614486709237
1746739381815212000,8.2072119140625,0.06268646553754806,0.008047112855315208,-0.003226743494160473
1746739381825292000,8.2172919921875,0.015129764592647551,-0.0025754034459590913,0.014927154692634939
1746739381835372000,8.2273720703125,-0.04568155472278595,0.0278197348177433,0.042064131410606206
1746739381845450800,8.23745068359375,-0.0678565616518259,0.02594926477074623,0.026840733717754483
1746739381855531000,8.247531005859376,-0.07882394586801529,0.01772737987041473,0.017399499622918663
1746739381865611000,8.257611083984376,-0.07563304087221621,0.013697101441025733,0.014520911979302763
1746739381875690000,8.26768994140625,-0.05081131882667541,0.0005599719703197479,0.003570369300059974
1746739381885766400,8.277766357421875,-0.026098902374505996,-0.005895487779378891,0.015722981245443225
1746739381895846700,8.2878466796875,0.006725508862733841,0.002010170778632164,0.03781188079360872
1746739381905925600,8.297925537109375,0.047238721036911006,0.0076852938055992125,0.03576156066767871
1746739381916005600,8.308005615234375,0.054931029105186456,0.005533084207773208,-0.0002157616425305605
1746739381926085400,8.31808544921875,0.053444005417823785,0.004534720820188522,0.008161569547839462
1746739381936164400,8.328164306640625,0.04687281033396721,0.007286065354943275,0.004610526002757251
1746739381946244400,8.338244384765625,0.015678046125173567,0.00997194343805313,0.020678703956678507
1746739381956324600,8.34832470703125,0.03795242177546024,-0.0037023616492748257,0.023196020539849996
1746739381966403600,8.358403564453125,0.03258241917490959,0.00625146161019802,0.03646824763230979
1746739381976483600,8.368483642578125,-0.018191490250825882,0.007549100205302238,0.007173033434525132
1746739381986563300,8.378563232421875,-0.049506081447005267,-0.009772036951780319,0.016474749460816382
1746739381996642600,8.388642578125,-0.06489946541190147,0.00897767170369625,0.025722799071110785
1746739382006722600,8.39872265625,-0.09005378041267395,0.011524433577060698,-0.012245222132280468
1746739382016802600,8.408802490234375,-0.07078793892860412,0.015126841983199118,0.0033274273896589874
1746739382026881500,8.418881591796875,-0.018420622831583022,0.013503624695539474,0.022976642168127
1746739382036961500,8.42896142578125,0.04151800530254841,0.012429273462295531,0.03543667609486729
1746739382047041500,8.43904150390625,0.08731003466248512,0.028913959795236584,0.024203444016724824
1746739382057120500,8.44912060546875,0.10736322713196277,0.00509469279050827,0.03077843849286437
1746739382067200500,8.459200439453125,0.10213000265359878,0.004093406793475151,0.0270217893730849
1746739382077280500,8.469280517578126,0.07535773106217383,-0.010966799694299697,0.0046325917040929195
1746739382087360300,8.4793603515625,0.02581716282367706,-0.01256312897503376,-0.00015606734454631804
1746739382097439500,8.489439453125,-0.01607785909771919,0.007025368592143058,0.005464768211916089
1746739382107519500,8.49951953125,-0.051266076856851577,0.002482464465498924,0.018455182688310742
1746739382117599500,8.509599609375,-0.07272504447102546,0.007462006443738937,0.013632584837451577
1746739382127678500,8.519678466796876,-0.12229133167266845,0.01665478220283985,0.017184103306569158
1746739382137758500,8.529758544921876,-0.11141922452449798,0.012161562436819076,0.014814122772216796
1746739382147838700,8.539838623046874,-0.09213643190562724,0.018089783442020415,0.02924706420712173
1746739382157917400,8.54991748046875,-0.027128829944133757,0.015423779103159903,0.012867884075269103
1746739382167997700,8.559997802734374,0.023391981503367423,0.01442483119368553,0.014876337820850311
1746739382178077400,8.570077392578124,0.07191840426325798,0.019710078120231626,0.016294643653556703
1746739382188156700,8.58015673828125,0.12189034965634345,-0.0077817399173974984,-0.007558087229356169
1746739382198236400,8.590236328125,0.12050035660266875,0.002723287484049797,0.010507913478277623
1746739382208316700,8.600316650390624,0.11212649601101875,0.019683190113306045,0.004148242253251374
1746739382218395400,8.6103955078125,0.06686579704880714,-0.0012719196319580077,0.010332556911371648
1746739382228475600,8.6204755859375,0.0024327801048755642,0.010965630650520324,0.012095803724229335
1746739382238555400,8.630555419921874,-0.06428221029639243,0.009550503155589102,0.021620222590491175
1746739382248634600,8.640634521484374,-0.08852993184626103,0.0019388591080904006,0.01527110929209739
1746739382258714400,8.65071435546875,-0.1036322239100933,0.003347556862235069,0.02362670357469469
1746739382268794600,8.660794677734375,-0.10845160689055919,-0.004601940837502479,0.0028889994397759437
1746739382278873300,8.670873291015624,-0.10948971776664257,0.00979249521791935,-0.016171565263159573
1746739382288953600,8.68095361328125,-0.058169280374050135,-0.0005149637848138809,-0.0065814242169260975
1746739382299033300,8.691033447265625,0.015259528452157974,0.012909165933728216,0.017375278497114777
1746739382309112600,8.701112548828124,0.06056465107798576,0.02042377934753895,0.03424070777595043
1746739382319192300,8.7111923828125,0.0994148984760046,0.02030044522881508,0.02896576304771006
1746739382329272600,8.7212724609375,0.1317395434975624,0.03955634984076023,0.005300773289240897
1746739382339351300,8.731351318359375,0.12397650828063488,0.03164133893251419,0.015144158444181084
1746739382349431600,8.741431640625,0.09336568143963814,0.010249006813764571,0.04270491353217512
1746739382359511600,8.751511474609375,0.034765023910999296,-0.011010054314136505,0.032497261642105875
1746739382369590500,8.761590576171875,-0.027211832052469253,-0.008476736444234847,0.0043819414112716915
1746739382379670300,8.771670166015625,-0.09269523483216761,0.010330839878320694,-0.0030446283929049965
1746739382389750500,8.78175048828125,-0.12178981189131736,0.007288403442502022,-0.0012640651190653442
1746739382399829500,8.79182958984375,-0.12358312504887581,0.005889642560482025,0.01730582999009639
1746739382409909500,8.801909423828125,-0.0862830297023058,0.01085866314470768,0.029545170370861885
1746739382419989500,8.811989501953125,-0.03230184866786003,0.006815525233745574,0.03789638073928654
1746739382430068500,8.822068359375,0.04190963496863842,0.017764789271354674,0.025086035537533462
1746739382440148500,8.8321484375,0.08032090642750263,-0.006936521264910698,0.02203848453518003
1746739382450228500,8.842228515625,0.09817454302608966,0.010275310298800468,0.027350290675088762
1746739382460307700,8.8523076171875,0.1340624334871769,0.011647767695784569,-0.006937069254182279
1746739382470387500,8.862387451171875,0.1132744970023632,-0.011653028392791748,0.012218187994882463
1746739382480467500,8.872467529296875,0.049697220104932785,0.013496610432863234,-0.004350084968283772
1746739382490546400,8.88254638671875,-0.025640052691102026,0.0063590136379003525,0.012397563149780034
1746739382500626700,8.892626708984375,-0.08595511292219161,0.015515549039840697,0.025856289257667957
1746739382510706400,8.90270654296875,-0.10040566307902335,0.0016115268498659134,0.024603768445923924
1746739382520786400,8.912786376953125,-0.10055763877034186,0.021368951243162154,0.0437200819240883
1746739382530865400,8.922865478515625,-0.06781096894443035,0.02182487831711769,0.026959574324451386
1746739382540945400,8.9329453125,-0.014658639949560164,0.020305705925822256,0.010189056787453592
1746739382551025400,8.943025390625,0.029420155751705167,0.028672552254796025,0.00043115795888006687
1746739382561104600,8.953104736328125,0.07238368368744849,0.0174281046628952,0.0163344642072916
1746739382571184400,8.963184326171875,0.08625380360782146,0.004191606470942497,0.017273681286163627
1746739382581264400,8.973264404296875,0.08160510101914405,-0.0037982232391834255,0.001915989689156413
1746739382591343400,8.98334326171875,0.051827217870950695,0.00902735606431961,-0.00033138737883418797
1746739382601423600,8.993423583984375,0.02879822446107864,-0.0001461304724216461,0.0174976262351498
1746739382611503600,9.003503662109376,-0.0015887304961681365,0.009810615396499633,0.04211111235748976
1746739382621582600,9.01358251953125,-0.05394318711161613,0.02987842091321945,0.03932860549949109
1746739382631662600,9.02366259765625,-0.05172200393080711,0.023927403554320333,0.02997888561300933
1746739382641742600,9.03374267578125,-0.026703298008441925,0.017787585625052452,0.00605122633036226
1746739382651821600,9.043821533203126,0.006938274830579757,-0.01619827060699463,-0.005221497507952154
1746739382661901600,9.053901611328126,-0.05883621985018253,0.001883329528570175,0.026184827092289923
1746739382671981600,9.063981689453126,-0.042480128332972523,-0.0025128596037626264,0.021491372046433387
1746739382682060500,9.074060546875,-0.02872866635620594,0.004679097726941108,0.004137830457091331
1746739382692140500,9.084140625,-0.004077624702453613,0.008662029883265495,0.004805719781294465
1746739382702220500,9.094220458984376,0.05259118798077106,0.010939327165484427,0.020281375202164054
1746739382712299500,9.104299560546876,0.07145897005796432,0.02488251232206821,0.03061338412426412
1746739382722379500,9.114379638671876,0.057846039769053455,0.011496376526355743,0.014870894460752605
1746739382732459500,9.12445947265625,0.05784370168149471,-0.0016945289582014082,0.019806487699411807
1746739382742538500,9.13453857421875,0.052397711235284805,0.013327099084854126,0.02388349134735763
1746739382752618500,9.144618408203126,0.02010287683010101,-0.02053776111602783,0.010734342645294964
1746739382762698500,9.154698486328124,-0.03040039896070957,-0.017412322571873664,-0.003031878509186208
1746739382772777500,9.164777587890624,-0.06612462329268455,0.010973813956975937,-0.009043466948904096
1746739382782857500,9.174857421875,-0.07643442038297653,0.00642272652387619,0.025062216270528733
1746739382792937500,9.1849375,-0.0548638090878725,0.005093523746728897,0.02570420396849513
1746739382803016400,9.195016357421874,-0.05445172115564346,0.025921207720041275,0.014774850207753478
1746739382813096400,9.205096435546874,-0.03264145588576794,0.014276362633705138,0.021649740945920346
1746739382823176400,9.215176513671874,0.0056885670304298395,0.02088204450905323,0.009189268627762794
1746739382833255400,9.22525537109375,0.06436988857984542,0.016178396862745283,0.027207338540442286
1746739382843335400,9.23533544921875,0.07036766768991946,-0.00010053776502609253,0.013648220798000692
1746739382853415400,9.24541552734375,0.06700842038989066,0.008122516179084778,0.013011420731805265
1746739382863494400,9.255494384765624,0.04229951106905937,0.004375146344304084,0.015575279870443045
1746739382873574400,9.265574462890624,0.05122516032457351,-0.009035539370775222,0.027959727810323236
1746739382883654100,9.275654052734374,0.022553192591667173,-0.00820259567797184,0.017039361073635517
1746739382893733000,9.285733154296874,-0.025628362253308296,0.005354220509529113,0.002314597085304558
1746739382903813000,9.295813232421875,-0.04863222122192382,0.007436287480592727,-0.008262801432609558
1746739382913893000,9.30589306640625,-0.06829904472231864,-0.001993219643831253,0.005783588370122015
1746739382923972000,9.31597216796875,-0.08987140958309173,-0.011374211451411247,-0.007542049410007893
1746739382934052400,9.32605224609375,-0.0553998156607151,0.0021796821266412735,0.005593582223355769
1746739382944132000,9.336132080078125,-0.014231938970088958,0.003084522011876106,0.032335239480808374
1746739382954212000,9.346212158203125,0.06164426300823688,0.01589315018057823,0.038726438355259594
1746739382964291000,9.356291015625,0.10287468354105948,0.015120996764302253,0.029275998040661215
1746739382974371000,9.36637109375,0.0968617068618536,0.013210779228806495,0.032682299352809786
1746739382984451000,9.376451171875,0.09540683187842368,0.015310966378450393,0.0108378760850057
1746739382994530300,9.3865302734375,0.041268414455652234,0.008021978414058686,-0.0038348654551431534
1746739383004610000,9.396610107421875,0.015230302357673644,-0.005658756414055824,0.038894269202835854
1746739383014690000,9.40668994140625,-0.006119944185018539,0.0210053786277771,0.026190599245950578
1746739383024769000,9.41676904296875,-0.023201427367329597,0.01803717647194862,0.02427208880614489
1746739383034849300,9.426849365234375,-0.03672492580711841,0.011617372557520865,-0.010875870007835327
1746739383044929000,9.436928955078125,-0.04824935938417911,-0.001786298894882202,-0.022935835233703253
1746739383055008300,9.44700830078125,-0.04191606470942497,-0.0016647183418273925,0.00017776771970093248
1746739383065088000,9.457087890625,-0.05838029277622699,-0.002434533670544624,0.03045344432219863
1746739383075168300,9.467168212890625,-0.04092179297506809,0.0034060090512037277,0.030309505806863306
1746739383085247000,9.4772470703125,-0.01730652410984039,0.008490764969587325,0.019556750722043215
1746739383095327200,9.4873271484375,0.019729951864480972,0.005147884282469749,0.034029110851883884
1746739383105407200,9.4974072265625,0.04223229105174541,0.0064782561033964155,0.014056801598891616
1746739383115486200,9.507486328125,0.03456161029338836,-0.012734978410601614,-0.01663121866416186
1746739383125566000,9.51756591796875,0.051395840716361996,-0.006889759513735771,-0.005284735469892621
1746739383135646200,9.527646240234375,0.02593874337673187,0.004275777623057365,0.0027955124700441954
1746739383145725000,9.537724853515625,0.0013256956458091735,0.003653261810541153,0.016798866848647592
1746739383155805200,9.54780517578125,-0.038136546170711515,0.018757307440042496,0.013781089930050075
1746739383165885200,9.55788525390625,-0.05982406184375286,0.015123919373750686,0.02148044879361987
1746739383175964200,9.567964111328125,-0.06777122145593166,0.004554594564437866,0.029787856552936136
1746739383186044200,9.578044189453125,-0.05120879371166229,0.01885901424884796,0.009174107591249049
1746739383196124200,9.588124267578126,-0.012193126618862151,0.0038426469027996062,0.01513137202784419
1746739383206203100,9.598203125,0.03364274188280105,-0.0009206219762563705,0.0021435513673350214
1746739383216283100,9.608283203125,0.0476268435716629,-0.003103226712346077,0.013067863626778125
1746739383226363100,9.618363037109376,0.07673311106860638,0.0021036942809820173,0.01931994629148394
1746739383236442000,9.628442138671875,0.06850128929615021,0.01881985128223896,0.013037943412549793
1746739383246522000,9.638522216796876,0.04541092108786106,0.013602408894896506,0.02719583076573908
1746739383256602000,9.64860205078125,0.02783551690876484,0.017106033101677895,0.031698841273412104
1746739383266681000,9.65868115234375,-0.02174596786201,0.011264905858039855,0.025965302590094504
1746739383276761000,9.668760986328126,-0.03915186069309711,0.0025181203007698058,0.0090880367429927
1746739383286841000,9.678841064453126,-0.05716682533323764,0.008216624203324318,0.010129143293760716
1746739383296920000,9.688920166015626,-0.07381108614206314,0.015353051954507826,-0.012631883362308144
1746739383307000000,9.699,-0.05354454318284988,-0.001295300507545471,-0.004821100013516843
1746739383317080000,9.709080078125,-0.0016986206114292144,0.003759644794464111,0.003307334449701011
1746739383327159000,9.719158935546876,0.0253057061702013,0.0031587562918663024,0.011295702855102717
1746739383337239000,9.729239013671876,0.06711071172058582,-0.005143792629241943,-0.010175722381845116
1746739383347319000,9.739319091796874,0.08283259698748588,-0.01991290721595287,-0.001541639951430261
1746739383357398000,9.74939794921875,0.06682312695086003,0.010896657067537308,0.016138905102573334
1746739383367478000,9.75947802734375,0.07348375388383865,0.01564823550879955,0.030367410006560385
1746739383377558300,9.769558349609374,0.030699089646339415,0.02555529701709747,0.03339355289470404
1746739383387637200,9.77963720703125,-0.006836568021774292,0.014617723417282104,0.028538623676821587
1746739383397717200,9.78971728515625,-0.05557341866195201,0.015580430969595908,0.03199428055603057
1746739383407797000,9.799796875,-0.040107553982734676,0.016915478965640066,0.02492982206251472
1746739383417876000,9.8098759765625,-0.05127484468519687,0.0074240125209093085,0.0038724940517917274
1746739383427956200,9.819956298828124,-0.05003156662583351,0.017494155636429785,0.009141082104481757
1746739383438036200,9.8300361328125,-0.06190320620536804,0.007117723050713539,0.0005877002274617552
1746739383448115200,9.840115234375,-0.05046878899931907,0.007219429859519004,-0.0016916794139891862
1746739383458195200,9.8501953125,-0.009555763852596282,0.004484451937675476,-0.011195713079348206
1746739383468275000,9.86027490234375,0.02577157011628151,-0.016401099702715874,-0.008640694834291935
1746739383478355200,9.870355224609375,0.05065583600401878,0.00029401451051235195,0.02177413451056927
1746739383488434200,9.88043408203125,0.06083236210346222,0.014997078123688697,0.028988742064498363
1746739383498514200,9.89051416015625,0.03494447213113308,0.03242401374280453,0.03141556735262275
1746739383508594000,9.900593994140625,0.01825344957113266,0.02150456032156944,0.02420161738581955
1746739383518673200,9.910673095703125,-0.0002659574598073959,0.005645896932482719,-0.00517502801772207
1746739383528753200,9.920753173828125,-0.02041150438785553,-0.005635960060358047,0.014695245632901787
1746739383538833200,9.930833251953125,-0.04765373157858848,0.002229366487264633,0.033154519974440334
1746739383548912000,9.940912109375,-0.05737082347273826,0.011975099954009055,0.014453728494606912
1746739383558992100,9.9509921875,-0.04144610911011696,-0.0037894554108381267,0.00869837983828038
1746739383569072000,9.961072021484375,-0.021236849296092986,0.0005664017111063003,0.02122621830422431
1746739383579151000,9.971151123046875,0.008109656697511673,0.028451018458604812,0.023516119339689612
1746739383589231000,9.981231201171875,0.018868951120972633,0.026654782691597937,0.02989076893813908
1746739383599311000,9.99131103515625,0.02759410936832428,0.012575403934717178,0.031809936965070666
1746739383609390000,10.00139013671875,0.03502279806435108,0.016104747104644775,0.024518245586939155
1746739383619470000,10.011469970703125,0.013556231665611266,0.005272971966862678,0.0022857728496193884
1746739383629550300,10.02155029296875,-0.022210662764310836,0.0015197569131851195,0.0071251391721889375
1746739383639629000,10.031629150390625,-0.05427636458873748,0.004934533792734146,0.0026732743298634883
1746739383649709300,10.041709228515625,-0.06605448066592216,0.009249474382400513,0.035233956597000356
1746739383659789000,10.0517890625,-0.03139291712939739,0.017682371684908865,0.03266943987123668
1746739383669868300,10.061868408203125,0.0005810147583484649,0.02855389431118965,0.017288659659586845
1746739383679948000,10.071947998046875,0.031335049462318416,0.013906944799423218,0.015982034040428698
1746739383690028300,10.0820283203125,0.04910919108390808,0.023353987580537795,0.0014965587006881833
1746739383700107000,10.09210693359375,0.06086100367605686,0.00040974984467029567,-0.012120353643596172
1746739383710187300,10.102187255859375,0.047616322177648544,0.0016050971090793608,0.0011073401873931289
1746739383720267000,10.11226708984375,0.030559388914704323,0.013369769182801246,0.0034924817582592366
1746739383730346200,10.12234619140625,0.030696167036890983,-0.005349544334411621,0.019792751435004172
1746739383740426000,10.132426025390625,0.03388590298891067,0.019124971708655358,0.023133476697653532
1746739383750506200,10.14250634765625,0.008126023310422897,0.018551555734872816,0.023948263679258525
1746739383760585000,10.1525849609375,-0.038086861810088156,0.02521159814596176,0.04179941605981439
1746739383770665200,10.162665283203125,-0.04055237514078617,0.02366612226963043,0.02296159072946757
1746739383780745000,10.172744873046875,-0.040840544432401656,0.009115618869662284,0.02345682690050453
1746739383790824200,10.18282421875,-0.07857377049922942,-0.022375497937202452,-0.01115914392862469
1746739383800904000,10.192904052734375,-0.06006663842797279,-0.019811784929037093,-0.00011299538780003785
1746739383810984200,10.202984130859376,-0.05685469064414501,-0.013964227944612502,-0.004885397421382367
1746739383821063200,10.213063232421876,-0.029503742381930348,-0.0020335516542196275,-0.003079991967231035
1746739383831143200,10.22314306640625,0.013265139764547348,0.01608838049173355,0.020781104885227976
1746739383841223200,10.23322314453125,0.08971183510720729,0.012283142989873885,0.010243965312466024
1746739383851302100,10.24330224609375,0.12249649885594845,0.03250643132925033,0.010483728885091841
1746739383861382000,10.2533818359375,0.12863573226332664,0.016491116073727607,0.006239150117896497
1746739383871462100,10.263462158203126,0.11988660861849784,0.01140109945833683,0.018604272302798926
1746739383881541000,10.273541015625,0.06223813724815845,0.009264087429642676,0.02002772923465818
1746739383891622000,10.283621826171874,-0.008296119180321693,-0.0015910685837268828,0.013747662584483622
1746739383901701600,10.29370166015625,-0.07222995443046093,0.00807926155924797,-0.00044094870053231714
1746739383911780900,10.30378076171875,-0.12229717689156532,0.01303016196489334,0.036696795691177245
1746739383921860600,10.313860595703124,-0.12710019325911998,0.031441432446241376,0.0143382123561576
1746739383931940900,10.32394091796875,-0.09502163195312023,-0.0035369419544935225,0.0218998797820881
1746739383942019600,10.33401953125,-0.0651163230329752,0.011771101814508437,0.022557539973221716
1746739383952099800,10.344099853515624,-0.020504443368315695,0.011029928058385848,-0.007019888699427246
1746739383962179600,10.3541796875,0.052826165780425066,-0.006961655706167221,-0.011310754293762148
1746739383972258800,10.3642587890625,0.10073007272779941,0.02423077041506767,0.016721929154917596
1746739383982338600,10.374338623046874,0.1276741937547922,0.027411154016852377,0.03750504333414137
1746739383992418800,10.384418701171874,0.11505027450323105,0.027909166666865347,0.042998599249124525
1746739384002497800,10.394497802734374,0.09929624053239822,0.015754033970832824,0.04401614226121455
1746739384012577800,10.404577880859375,0.0637047026693821,0.013123100945353508,0.04539857306294143
1746739384022657500,10.414657470703125,0.02462473816871643,0.013361001354455946,0.012115092946588992
1746739384032736800,10.42473681640625,-0.057553194302320476,-0.00537350973188877,-0.013155614975467323
1746739384042816500,10.43481640625,-0.1442091489702463,-0.018285598275065422,0.008091244257986544
1746739384052896800,10.444896728515625,-0.17935177402198313,0.0022515783190727233,0.03404723103046417
1746739384062975700,10.454975830078125,-0.1551326940447092,0.024532968232035636,0.03572422433197498
1746739384073055700,10.4650556640625,-0.07428980956971645,0.02073649855852127,0.024156280406750736
1746739384083135700,10.4751357421875,0.021259061127901074,0.01473813492655754,0.017869309091754257
1746739384093214700,10.485214599609375,0.10543605846166611,0.006187748724222183,0.0037498540528118607
1746739384103295000,10.495294921875,0.16971593067049978,-0.0005605564922094345,-0.015972462494485078
1746739384113374700,10.505374755859375,0.1790916617810726,-0.0038338790744543074,-0.0063534972125664346
1746739384123454000,10.515453857421875,0.18066694827377794,-0.004417816442251205,0.025514599680528043
1746739384133533700,10.52553369140625,0.11574994720518589,-0.007917348995804787,0.03392510248813778
1746739384143613700,10.53561376953125,0.00934767405986786,-0.006998480585217476,0.007701587353274226
1746739384153693700,10.545693603515625,-0.09719137720763683,0.0030611411362886426,0.011367562514916062
1746739384163773000,10.55577294921875,-0.14441197806596756,0.006772855135798454,0.027658589439280328
1746739384173852700,10.565852783203125,-0.1698731670588255,0.025845804396271703,0.021429778052307665
1746739384183932700,10.5759326171875,-0.14139701415896413,0.02305354332923889,0.036531010670214886
1746739384194011600,10.58601171875,-0.1076671785145998,0.019878420424461363,0.02378331890851259
1746739384204092000,10.596091796875,-0.046342648980021474,0.013823942691087722,0.02793207261841744
1746739384214171600,10.606171630859375,0.018355740901827813,-0.002444470542669296,0.002980477115511894
1746739384224251000,10.6162509765625,0.060192310634255404,0.0015600889235734938,0.0026363398529589176
1746739384234330600,10.62633056640625,0.10359715259671211,-0.0181862295538187,0.0027163462866097686
1746739384244411000,10.636410888671875,0.1390945824354887,-0.01001987423300743,0.023805201946757733
1746739384254489600,10.646489501953125,0.12228081027865409,0.0025058453410863875,0.028716172200813888
1746739384264569900,10.65656982421875,0.09705343004167079,0.01364800160229206,0.02878145598936826
1746739384274649900,10.66664990234375,0.047374914637207985,0.0075052610635757445,0.029052345352619885
1746739384284728800,10.676728759765625,-0.022435119169950484,0.015001169776916503,0.02138911724835634
1746739384294808800,10.686808837890625,-0.07437398072183132,0.01168342353105545,0.0015919453665614127
1746739384304888800,10.696888916015626,-0.1277788231730461,0.008345219019055366,-0.0005589490570127964
1746739384314967600,10.706967529296875,-0.15848609612584114,-0.0003267477363348007,0.020241298920102416
1746739384325047800,10.7170478515625,-0.13599369381070137,0.007152794364094734,0.025850005647353826
1746739384335127800,10.7271279296875,-0.07168518002927303,0.00750935271680355,-0.002381086450256407
1746739384345206800,10.737206787109375,-0.0031681086421012877,0.0005699088424444198,0.007794087942317128
1746739384355286800,10.747286865234376,0.04461655583977699,-0.0015974983245134354,0.005311879205144941
1746739384365366800,10.75736669921875,0.09318155704438685,-0.01130523786842823,0.010969831901602447
1746739384375445800,10.76744580078125,0.1525841786056757,0.0022550854504108427,0.011339980388246476
1746739384385525800,10.77752587890625,0.16137947947978973,0.014205635485053061,0.01121335833389312
1746739384395605800,10.787605712890626,0.13687339925467967,0.015735329270362853,0.044908634121529754
1746739384405684700,10.797684814453126,0.09560556932091713,0.018495441633462905,0.048726036985218525
1746739384415764700,10.8077646484375,0.017446224841475486,0.02713525968492031,0.017878624909371137
1746739384425844700,10.8178447265625,-0.07141454639434815,-0.00005436053574085235,0.00006473579928278923
1746739384435923700,10.827923828125,-0.15386603510975838,-0.005265373182296753,0.016623692944832145
1746739384446003700,10.838003662109376,-0.20899580165743828,-0.0024018004447221753,-0.012791421305574476
1746739384456083700,10.848083740234374,-0.19299626849293708,-0.0021025252372026443,0.0018897592693567274
1746739384466162700,10.85816259765625,-0.12137012517452239,-0.002554360657930374,-0.0029958938803523777
1746739384476242700,10.86824267578125,-0.024332477223873137,0.002435702714323997,-0.013482362711802124
1746739384486322700,10.87832275390625,0.06786649852395057,0.01673018552660942,0.031701873480714855
1746739384496401700,10.888401611328124,0.15401801080107688,0.03021569004356861,0.040260150728560984
1746739384506481700,10.898481689453124,0.16058686779737472,0.02183189257979393,0.026028759747743605
1746739384516561700,10.908561767578124,0.1686526853531599,0.007572481080889701,0.024903445512242613
1746739384526640600,10.918640625,0.11238017851114272,-0.0012380173623561857,-0.00044635552801191805
1746739384536720600,10.928720703125,0.04830722705125808,-0.00542319409251213,0.014291815931163727
1746739384546801000,10.93880078125,-0.05499708007872104,-0.001312251642346382,-0.010193513766862452
1746739384556880000,10.9488798828125,-0.10519991161823272,-0.006015899288654327,-0.010654555407352745
1746739384566959900,10.9589599609375,-0.15695698686242102,0.0009995324313640593,0.021813589738123116
1746739384577039600,10.96903955078125,-0.16865911509394646,0.018406594306230543,0.01800995967146009
1746739384587118800,10.979118896484374,-0.14299275891780852,0.015621932023763656,0.02924392240196466
1746739384597198800,10.98919873046875,-0.05693710823059082,0.029665070423483847,0.04758822859432548
1746739384607278800,10.99927880859375,0.01467325299680233,0.014354104045033454,0.028920827927440402
1746739384617357800,11.00935791015625,0.12151625564694404,-0.012542670708894728,0.005941445812955498
1746739384627437800,11.019437744140625,0.1457218916207552,-0.004405541482567787,0.013539024802483618
1746739384637517600,11.029517578125,0.156339731746912,0.007574819168448448,0.012615991673432289
1746739384647596800,11.0395966796875,0.15491232929229734,0.0032779987573623654,0.020317579026706514
1746739384657676800,11.0496767578125,0.10647183125019073,0.0340676892966032,0.04001023108810186
1746739384667756800,11.0597568359375,0.022523381975293157,0.010559972459077834,0.025179157181084155
1746739384677835800,11.069835693359375,-0.05406126053333282,0.0011287117689847946,0.016518990461342035
1746739384687915800,11.079915771484375,-0.10345043760240077,-0.000893149447441101,-0.00010156067833304404
1746739384697995800,11.089995849609375,-0.14007599468827248,0.0012514613658189773,0.0239514785496518
1746739384708074800,11.10007470703125,-0.12979542369246483,0.003206687086820602,0.013503113238885998
1746739384718154800,11.11015478515625,-0.11146014105677604,0.0036491701573133466,0.00452208053432405
1746739384728234800,11.12023486328125,-0.05143091202974319,0.013864274701476097,0.0007709843724966049
1746739384738313700,11.130313720703125,0.006840075153112411,0.021697452545166016,0.009853906548954546
1746739384748393700,11.140393798828125,0.08507306939065457,-0.0031739538609981536,0.009744674020819365
1746739384758473700,11.1504736328125,0.1301613343954086,0.003440495842695236,0.015949812271259724
1746739384768552700,11.160552734375,0.16987550514638422,0.006748305216431617,0.02910316222440451
1746739384778632700,11.1706328125,0.14899229159355162,0.012400047367811202,0.022203904229961335
1746739384788712700,11.180712646484375,0.11794365785717964,0.014160042777657507,0.023225538895279167
1746739384798791700,11.190791748046875,-0.004819967502355575,-0.013923895934224127,0.0009507979188114404
1746739384808871700,11.20087158203125,-0.05419102439284324,-0.01853694268763065,-0.01376256789267063
1746739384818952000,11.210951904296875,-0.11002630886137485,0.003817512461543083,0.015913352718390523
1746739384829030700,11.22103076171875,-0.18947393958568573,0.017881109127402303,0.0335235359499231
1746739384839111000,11.23111083984375,-0.1745569409608841,0.007961772659420966,0.010035144867375492
1746739384849190700,11.241190673828125,-0.11611527338624,0.02495090138316154,0.0217959079509601
1746739384859270000,11.251269775390625,-0.059443538093566894,0.01467325299680233,0.011106938817352056
1746739384869349600,11.261349609375,0.0037561376631259917,-0.009877250891923903,0.012036693948134778
1746739384879430000,11.271429931640625,0.045942251485586165,-0.0040630116552114485,0.005595006995461881
1746739384889508900,11.2815087890625,0.09904138898849486,-0.008906944555044174,0.01655351378545165
1746739384899589000,11.291589111328125,0.11992401801943778,0.008528758892416954,0.015956936131790278
1746739384909668900,11.3016689453125,0.11000935772657394,0.0011877484798431396,0.025427615516819057
1746739384919748000,11.311748046875,0.10877426297366619,0.013809329643845557,0.027606019001826642
1746739384929827800,11.321827880859376,0.061410454252362245,0.003099135059118271,0.03392316625937819
1746739384939908000,11.331908203125,-0.030934651967883108,0.010224456894397735,0.021672610364854336
1746739384949986800,11.34198681640625,-0.0699222620099783,0.0005780921489000321,0.03153382343742996
1746739384960067000,11.352067138671876,-0.08561433666050433,0.009269932648539543,0.02186915585026145
1746739384970146800,11.362146728515626,-0.09018120618462562,0.00753682524561882,0.02825914914831519
1746739384980227000,11.37222705078125,-0.048690088889002794,-0.009134908092021941,-0.01968585699442774
1746739384990305800,11.382305908203126,-0.0019470424145460127,0.001005962172150612,0.015303075332939623
1746739385000386000,11.392385986328126,0.03342179260849953,0.04295417558550835,0.025854535691998897
1746739385010465000,11.402465087890626,0.0919686741232872,-0.022505261796712875,0.04552333195377141
1746739385020545000,11.412544921875,0.08950491435825825,0.0032177930027246474,-0.027536789690516886
1746739385030625000,11.422625,0.09727730192542075,0.012528057661652565,0.024136004803702232
1746739385040705000,11.432705078125,0.07907996645569801,0.0024807108998298644,0.034288127114251256
1746739385050784000,11.442783935546874,0.025724223843216893,0.01321136375069618,0.034899354347772894
1746739385060864000,11.452864013671874,-0.01748188067674637,0.01524140827357769,0.03379500983506441
1746739385070944000,11.462944091796874,-0.07168576455116271,-0.002469604983925819,0.04634476787187159
1746739385081023000,11.47302294921875,-0.08136661608815193,0.004468085324764251,0.027805194835737346
1746739385091103000,11.48310302734375,-0.12539865003824233,0.0031382980257272717,-0.008785035208426415
1746739385101183000,11.493182861328124,-0.0852063403815031,-0.009268179082870483,-0.02177621686980128
1746739385111262200,11.50326220703125,-0.02642155845761299,0.011230419066548347,0.00020355974808335304
1746739385121342000,11.513342041015624,0.03202127816081047,0.014458733463287353,0.014175788336060941
1746739385131422000,11.523421875,0.08066518982052802,0.020260113218426704,0.011100984000600873
1746739385141501000,11.5335009765625,0.12097498837709426,0.016836568510532376,0.030723456902615725
1746739385151581000,11.543580810546874,0.12161562436819076,0.00905307502746582,0.02942903317790478
1746739385161661000,11.553660888671875,0.11437456719875334,0.002315291205048561,0.0232568108163774
1746739385171740200,11.563740234375,0.05281681343019008,-0.0016027590215206145,-0.0006207622468471527
1746739385181820000,11.57381982421875,-0.026090134546160697,-0.009640519526600838,0.0077419193636626
1746739385191900000,11.58389990234375,-0.09208674754500389,0.0047691140979528425,-0.0006075739717110991
1746739385201979000,11.593978759765625,-0.13561959980130195,-0.006276011529564857,-0.0005881020862609148
1746739385212059100,11.60405908203125,-0.14116905062198637,0.0068324763685464855,0.012382986635155975
1746739385222139000,11.614138916015625,-0.11809154189527034,0.014569208100438116,0.01818951748944819
1746739385232218000,11.624218017578125,-0.06714402946829795,0.02392623451054096,0.019800386752188204
1746739385242297900,11.6342978515625,0.0006406359910964965,0.05171265158057212,0.045606078333780165
1746739385252378000,11.644378173828125,0.06565817482471466,0.05870645599067211,0.061062079206109045
1746739385262456800,11.654456787109375,0.09872983882129192,0.015570494097471237,-0.005088737973757088
1746739385272537000,11.664537109375,0.12222235808968543,0.0014466916769742964,-0.012329831675812601
1746739385282617000,11.6746171875,0.1422135912388563,-0.023010288709402082,0.03762647775672376
1746739385292696000,11.684696044921875,0.10380115073621272,-0.013123100945353508,0.02055686767529696
1746739385302776000,11.694776123046875,0.03248772662878036,-0.02197919209599495,-0.01961644502002746
1746739385312856000,11.70485595703125,-0.027930209454894064,0.015069558838009834,0.008426686757430434
1746739385322935000,11.71493505859375,-0.07160977670550346,0.012703998750448225,0.041414216134510934
1746739385333015000,11.72501513671875,-0.10057634347081183,0.034434769043326374,0.027441731818206607
1746739385343095000,11.735094970703125,-0.1126513966679573,0.021989713490009305,0.023815869471244512
1746739385353174000,11.745174072265625,-0.08988719167411327,0.01611059232354164,0.01251877837665379
1746739385363254000,11.75525390625,-0.04819967502355575,0.01058627594411373,0.026307649754360316
1746739385373334000,11.765333984375,0.01312602355480194,0.006415712261199951,0.022562398811429737
1746739385383413000,11.7754130859375,0.0539314966738224,-0.00033610008656978605,-0.0015164689775556326
1746739385393493000,11.785492919921875,0.0954366424947977,0.004849778118729591,-0.00005304536148905754
1746739385403573000,11.795572998046875,0.08069441591501235,0.0183387897670269,0.02084039732441306
1746739385413652000,11.80565185546875,0.09130465725660324,0.005936404311656951,0.04376026780400425
1746739385423732000,11.81573193359375,0.08100538156032562,0.016586977663636208,0.04194927285928279
1746739385433812000,11.82581201171875,0.05925941369831562,0.016549568262696265,0.043746714202687144
1746739385443891000,11.835890869140625,-0.016911387312412263,0.00625146161019802,0.017881364855729043
1746739385453971000,11.845970947265625,-0.05273439584374427,-0.0024199206233024594,-0.008152874784730374
1746739385464051000,11.856051025390625,-0.07973112384080887,-0.0023550386935472485,-0.017405564037524163
1746739385474130000,11.8661298828125,-0.06384966409802437,-0.015758710145950316,0.010995112473331391
1746739385484210000,11.8762099609375,-0.05403554157018661,0.004381576085090637,0.0007852320935577154
1746739385494290200,11.886290283203126,-0.05360416441559791,0.0025976152777671814,-0.013888240098953246
1746739385504369000,11.896368896484375,-0.019345920982956885,0.003534603866934776,0.02241327266432345
1746739385514449000,11.906448974609376,0.020158990931510926,0.018261632877588273,0.044559382292442024
1746739385524529000,11.91652880859375,0.05335515809059143,0.028145898032188414,0.035990985509380694
1746739385534608000,11.92660791015625,0.0640530777156353,0.029463994893431662,0.0144043729275465
1746739385544687900,11.93668798828125,0.058442836618423456,0.016941782450675964,0.040271220111846924
1746739385554768100,11.94676806640625,0.015730068573355675,0.013075170150399208,0.025643559822440147
1746739385564847000,11.95684716796875,0.010516717839241027,0.016277181062102318,0.024534977526031433
1746739385574927000,11.966927001953126,0.007855974197387695,-0.007044073292613029,-0.012821304987184702
1746739385585006800,11.9770068359375,-0.03702478553652763,-0.02742050636708736,0.003217866067960858
1746739385595086000,11.987086181640626,-0.05067337166070938,-0.01279752225279808,-0.015534217207692562
1746739385605166000,11.997166015625,-0.04689736025333404,0.0015478139638900755,-0.010989121123962104
1746739385615246000,12.00724609375,-0.057637365454435346,0.026496377259492873,0.016860095516592264
1746739385625325000,12.017324951171876,-0.016261983492970467,0.02166705740690231,0.04932228584531694
1746739385635405000,12.027405029296874,0.02038695446848869,0.024451135167479515,0.03941551659796387
1746739385645484800,12.03748486328125,0.04344985014796257,0.03350888637006283,0.02466653148382902
1746739385655564000,12.04756396484375,-0.0013327099084854126,0.009264087429642676,0.007445237972028553
1746739385665644000,12.05764404296875,-0.0018938509225845336,0.01128127247095108,0.017663959245383738
1746739385675724000,12.06772412109375,-0.004715922605991363,0.017063363003730774,0.034770540336333214
1746739385685803000,12.077802978515624,-0.010106967994570731,0.009874328282475472,0.024890549498051404
1746739385695883000,12.087883056640624,0.020651742884516714,-0.00620353081524372,0.01959437931869179
1746739385705963000,12.097962890625,0.03544716095626354,-0.01215045652091503,0.007371661279164254
1746739385716042000,12.1080419921875,0.010904840373992919,-0.004392682000994682,-0.01681976350620389
1746739385726122000,12.1181220703125,-0.005296937364339828,-0.016813187634944916,-0.025182079790532587
1746739385736202000,12.128201904296875,-0.0044172319203615185,-0.009331891968846321,0.0037197511754930015
1746739385746281000,12.138281005859374,-0.006045125383138656,0.010655834048986434,0.014339710193499921
1746739385756361000,12.14836083984375,-0.007458499312400817,0.02970072625875473,0.01796633972544223
1746739385766441200,12.158441162109375,-0.006472995406389236,0.0481757096260786,0.04318999363537877
1746739385776520000,12.16852001953125,0.006757073044776916,0.027137597772479056,0.03710592448133975
1746739385786600200,12.17860009765625,0.039300913774967194,0.015203998872637748,0.014359730068221688
1746739385796680000,12.188679931640625,0.0320025734603405,0.014620646026730537,-0.005286379437707364
1746739385806759000,12.198759033203125,0.007110124266147613,-0.002360299390554428,-0.01915624362975359
1746739385816839000,12.2088388671875,0.003157587248086929,-0.010996025788784027,-0.0097624654058367
1746739385826919200,12.218919189453125,-0.021759411865472793,-0.006766425395011901,0.013294767717830835
1746739385836998000,12.228997802734375,-0.0500537784576416,0.011432079118490219,0.03361030091792345
1746739385847078100,12.239078125,-0.03377367478609085,0.022736147943139075,0.021196444220468402
1746739385857158000,12.249157958984375,-0.024596096596121785,0.021538462591171263,0.009651735040359198
1746739385867237000,12.259237060546875,-0.022215338939428328,0.03817337104976177,0.008440934478491544
1746739385877316900,12.26931689453125,0.0003822773158550262,0.01272211892902851,0.024198621711134908
1746739385887396400,12.279396240234375,-0.0009480945050716399,0.014502572605013846,0.0012228197932243347
1746739385897475600,12.2894755859375,0.01853577364385128,0.004783727145195007,0.007245075757429003
1746739385907555300,12.299555419921875,0.0450824197858572,0.0036287118911743164,0.01282682141251862
1746739385917635300,12.30963525390625,0.056636079457402226,0.014391513445973395,0.008151121219061315
1746739385927714300,12.31971435546875,0.0438362191170454,0.006902034473419189,0.005357362314686179
1746739385937794600,12.329794677734375,0.05924421612918376,0.0053892918229103085,0.007814400077983737
1746739385947874300,12.339874267578125,0.05187105701267719,0.010216273587942123,0.008972557137161493
1746739385957953500,12.34995361328125,0.02013911718726158,0.003922726401686668,0.02884169827662408
1746739385968033300,12.360033203125,0.024589666855335233,0.00003565583527088165,0.021876133580319583
1746739385978113500,12.370113525390625,0.00933013840317726,-0.00013794716596603394,0.028654797402396796
1746739385988192300,12.380192138671875,-0.00255669874548912,-0.0040092356413602825,0.030114713887125253
1746739385998272500,12.3902724609375,-0.05043371768593788,-0.00220423204600811,0.011646415988914667
1746739386008352300,12.400352294921875,-0.06909165640473365,0.006526186898350716,-0.00721325584705919
1746739386018431500,12.410431396484375,-0.07759352729022502,0.02674830619394779,0.010008074197359383
1746739386028511200,12.42051123046875,-0.05216507152318954,0.01599602603316307,0.03303421806301921
1746739386038591500,12.430591552734375,-0.01030044474005699,0.025205168405175206,0.0274781548384577
1746739386048670200,12.440670166015625,0.000879120922088623,0.02276946569085121,0.02803615404739976
1746739386058750500,12.45075048828125,0.01269113926887512,0.0270528420984745,0.020606844296865164
1746739386068830500,12.46083056640625,0.03188216195106506,0.01635141534209251,0.028314130738563835
1746739386078909400,12.470909423828125,0.04481412423849106,0.0029699557214975356,0.016950440681166946
1746739386088989200,12.4809892578125,0.02392798807621002,-0.006368950510025024,-0.012043233286775647
1746739386099069400,12.4910693359375,0.014905308187007903,-0.004206219518184662,-0.017424889792501924
1746739386109148200,12.501148193359375,0.016639000111818313,-0.011149755045771597,0.0036170945186167953
1746739386119228400,12.511228515625,0.010505027401447296,0.00954582698047161,0.02169821973014623
1746739386129308400,12.521308349609376,0.018500702330470083,0.019542320337891578,0.04097713989149779
1746739386139387400,12.531387451171875,-0.010064882418513298,0.024456395864486693,0.02360500319954008
1746739386149467400,12.54146728515625,-0.03703881406188011,0.026266660156846044,0.019414310044050215
1746739386159547400,12.55154736328125,-0.0321375980168581,0.004675006073713303,0.016739939735643566
1746739386169626400,12.56162646484375,-0.05020400058329105,0.002878770306706428,-0.0036054771460592746
1746739386179706400,12.571706298828126,-0.03911854294538498,-0.0022281974434852597,-0.0033808746099472046
1746739386189786400,12.581786376953126,-0.029670331120491025,0.0017921441137790678,0.0002585413383319974
1746739386199865300,12.591865234375,-0.0039759178936481475,0.0043909284353256224,0.008089929083734751
1746739386209945300,12.6019453125,0.03353285176753998,-0.0019277531921863555,0.004054463022574782
1746739386220025300,12.612025390625,0.0649941579580307,0.005057867911458016,0.024474698706157504
1746739386230104300,12.622104248046876,0.05616203220486641,0.007213000118732452,0.01354147248789668
1746739386240184300,12.632184326171876,0.061550154983997345,0.011806173127889633,0.022044402819313108
1746739386250264300,12.642264404296874,0.05951368072032928,0.012334580916166306,0.002212232689373195
1746739386260343300,12.65234326171875,0.00879296278655529,-0.0017675941944122313,0.00045811903104186054
1746739386270423300,12.66242333984375,-0.006311082842946052,0.007619827353954315,0.026375271630473433
1746739386280503300,12.67250341796875,-0.03531213639974594,0.02847498385608196,0.05637593068387359
1746739386290582500,12.68258251953125,-0.057042322170734405,0.020761632999777794,0.04412201378848404
1746739386300662300,12.692662353515624,-0.04488017521202564,0.008421206864714622,0.017846841531619428
1746739386310742300,12.7027421875,-0.06005962416529655,0.005995441022515297,0.004505421660467982
1746739386320821200,12.7128212890625,-0.05632686737775802,-0.001177227085828781,0.02018522135131061
1746739386330901500,12.722901611328124,-0.05227028546333313,-0.007791676789522171,0.03363784651197493
1746739386340981500,12.7329814453125,-0.008844985234737396,0.008041267636418343,0.016923771869949995
1746739386351060500,12.743060546875,0.014898293924331665,0.0136941788315773,0.004525405002571642
1746739386361140500,12.753140380859374,0.07235679568052292,0.005140285497903824,0.015329744144156575
1746739386371220200,12.76322021484375,0.06207797825038433,0.017976386195421218,0.015749869252368806
1746739386381299200,12.77329931640625,0.05074117619991302,0.003170446729660034,0.0036349224362522362
1746739386391379500,12.78337939453125,0.04276595953702926,0.02198211470544338,0.0002070303468033671
1746739386401459500,12.79345947265625,0.02169979063272476,0.010952186647057533,0.025536884577572343
1746739386411538400,12.803538330078124,0.0009562778115272521,0.017069792744517327,0.020484240830503403
1746739386421618400,12.813618408203125,-0.02700315773785114,0.01600654742717743,-0.00775616708472371
1746739386431698400,12.823698486328125,-0.0336363121420145,0.004373977300524711,0.001616458753310144
1746739386441777400,12.83377734375,-0.02871346878707409,0.006014730244874954,0.020174115435406564
1746739386451857400,12.843857421875,-0.020680968979001044,0.020254852521419522,0.030223325360752642
1746739386461937400,12.8539375,0.005863339075446129,0.021834815189242362,0.028642778171040117
1746739386472016400,12.864016357421875,0.013965981510281562,0.011341478225588798,0.02191047424133867
1746739386482096400,12.874096435546875,0.02385316927433014,-0.004228431349992752,0.02315203526765108
1746739386492176400,12.88417626953125,0.007072130343317985,-0.00718260498046875,0.0032540333598852157
1746739386502255400,12.89425537109375,0.006270166310667991,0.00649286915063858,0.006563523234054446
1746739386512335400,12.90433544921875,0.006841244196891784,0.0036789807736873625,0.00993723745085299
1746739386522415400,12.914415283203125,0.008220131334662437,0.014430676412582397,0.009283595847710966
1746739386532494300,12.924494384765625,-0.018276245924830434,0.01217617548406124,0.027984569990634915
1746739386542574300,12.93457421875,-0.03593406769037247,0.03321545638144016,0.02062350317072123
1746739386552654300,12.944654296875,-0.005749357306957244,0.013588380369544028,0.03629234307613224
1746739386562733300,12.9547333984375,-0.005814823758602142,-0.005019873988628387,0.020377565585635603
1746739386572813300,12.964813232421875,-0.0032920272827148436,-0.008521744629740714,-0.02063753169607371
1746739386582893300,12.974893310546875,-0.007311199796199798,-0.006523264288902282,-0.013479440102353692
1746739386592972300,12.98497216796875,0.010957447344064711,0.009229600638151168,-0.003020662995427847
1746739386603052300,12.99505224609375,0.018688333857059477,0.006111760878562927,0.0005672419613227248
1746739386613132500,13.005132568359375,0.005644143366813659,-0.0010410334855318068,0.01934135440569371
1746739386623211300,13.015211181640625,0.02859305727779865,0.005879121166467666,0.0011572802763432264
1746739386633291500,13.02529150390625,0.030843466553092003,-0.0034328970581293103,0.027920199517533183
1746739386643370500,13.03537060546875,-0.002288403198122978,-0.007619242832064628,0.01427245364356786
1746739386653450500,13.045450439453125,0.012269114464521407,0.011645429608225821,0.014865085774473845
1746739386663530200,13.0555302734375,0.04087210861444473,0.026526772397756575,0.02323196863606572
1746739386673609200,13.065609130859375,0.08264087380766869,0.031765257573127745,0.02208276206832379
1746739386683689500,13.075689453125,0.08960486760139465,0.0084440032184124,0.016386230927146972
1746739386693769500,13.08576953125,0.07850128978490829,-0.017732640567421912,0.015679434364661574
1746739386703848400,13.095848388671875,0.048363341152667993,-0.009949147084355354,-0.00021112200003117323
1746739386713928400,13.105928466796875,-0.01899579237103462,-0.015277648630738258,-0.016728979950211942
1746739386724008400,13.116008544921876,-0.06870119578242302,-0.0038929157853126524,-0.01949000562876463
1746739386734087400,13.12608740234375,-0.08185527638792992,0.002591185536980629,0.019635405448824167
1746739386744167400,13.13616748046875,-0.08598433901667595,0.021657705056667326,0.03271923382971435
1746739386754247400,13.146247314453126,-0.08940262302756309,0.019448212313652038,0.029452925510145722
1746739386764326400,13.156326416015625,-0.0860860458254814,0.014477438163757324,0.014376279344223438
1746739386774406400,13.166406494140626,-0.03480067974627018,0.0010106383472681046,-0.01737063885461539
1746739386784486400,13.176486328125,-0.005495674806833267,0.008790624698996543,-0.009871697933971881
1746739386794565400,13.1865654296875,0.020534838506579396,0.001623217287659645,-0.0077072499090805645
1746739386804645400,13.196645263671876,0.058659109717607495,-0.01037935519516468,-0.0023586554227396843
1746739386814725400,13.206725341796876,0.07418634919524192,0.016765256839990614,0.015451726556010544
1746739386824804400,13.216804443359376,0.08361702536344527,0.027907413101196286,0.022547749231569467
1746739386834884400,13.22688427734375,0.07001052481532097,0.01844166561961174,0.013345474991761147
1746739386844964400,13.23696435546875,0.04254501026272774,-0.0033300212055444715,0.03533990118950605
1746739386855043300,13.247043212890626,0.00999766240119934,0.001631400594115257,0.024871223743073642
1746739386865123300,13.257123291015626,-0.02599368843436241,0.00907879399061203,0.0010803425826132298
1746739386875203300,13.267203369140624,-0.05772387469410896,0.008896423161029815,0.00839493991229683
1746739386885282300,13.2772822265625,-0.06581658025681972,0.010791443127393722,0.004458294583112001
1746739386895363000,13.287363037109374,-0.0298369198590517,0.02037058785557747,0.030309323143772778
1746739386905443000,13.297443115234374,-0.01912438718676567,0.004165887507796288,0.00814176886882633
1746739386915522000,13.30752197265625,-0.004520692294836044,0.008317746490240096,-0.004202420125901699
1746739386925602000,13.31760205078125,0.02632920399904251,0.027398879057168958,0.0274849133728072
1746739386935682000,13.32768212890625,0.0481149193495512,0.015969138026237485,0.03167345110382885
1746739386945761000,13.337760986328124,0.053477323165535925,0.01829436610341072,0.013141988308914006
1746739386955841000,13.347841064453124,0.012716273710131645,0.012395955714583396,0.023721578783914444
1746739386965921000,13.357921142578125,-0.001450198808312416,-0.007089666000008582,0.030619229343160984
1746739386976000000,13.368,-0.01889700817167759,-0.009421323817968367,0.016910072138160467
1746739386986080000,13.378080078125,-0.0015291092634201048,-0.007665420061349868,-0.004800057225488126
1746739386996160000,13.388159912109375,-0.00291617970764637,-0.004959668233990669,-0.00994257121309638
1746739387006239000,13.398239013671875,0.03861351603269577,-0.004293897801637649,-0.02840327032674104
1746739387016319000,13.408319091796875,0.05076514159739017,-0.005049684605002403,-0.011498714613914489
1746739387026399000,13.41839892578125,0.0454570983171463,0.0112280809789896,-0.01828600013386458
1746739387036478000,13.42847802734375,0.024766776987910268,-0.002738485053181648,0.007408120832033455
1746739387046558000,13.438557861328125,0.01843640492260456,0.009323124140501023,0.026450967215187846
1746739387056638000,13.448637939453125,-0.005846972462534904,0.00983516531586647,0.01787979395315051
1746739387066717000,13.458717041015625,-0.02176291899681091,0.01905249099433422,0.014645049815624952
1746739387076797000,13.468796875,-0.01605214013457298,0.017390110740065575,0.02115176482852548
1746739387086877200,13.478877197265625,-0.019042554122209548,0.013797639206051825,0.009796185012347995
1746739387096956000,13.488955810546875,-0.005372925209999084,0.03261106074750423,0.020200163192115723
1746739387107036200,13.4990361328125,-0.00514613071680069,0.02685585822165012,0.04278583328127861
1746739387117116000,13.509115966796875,0.02071077959537506,0.012542670708894728,0.03226907890941948
1746739387127195000,13.51919482421875,0.010214520022273063,0.0009042553633451461,-0.0023849223751574752
1746739387137275000,13.52927490234375,0.015855156257748602,-0.009516600885987282,0.006217559340596199
1746739387147355100,13.539355224609375,-0.03913140242695808,0.003688333123922348,0.010041501542925834
1746739387157434000,13.54943408203125,-0.05613806680738925,0.007430442261695862,0.005004311093315482
1746739387167514000,13.55951416015625,-0.038293782559037204,-0.0015554127484560011,0.023995463821850714
1746739387177593900,13.56959375,-0.01371112996637821,0.02194821243584156,-0.00377637673355639
1746739387187674000,13.579674072265625,0.019627076011896134,0.012196049228310584,0.004385338944755494
1746739387197752800,13.5897529296875,0.055604398322105404,0.0005757540613412857,-0.005539404350705444
1746739387207833000,13.5998330078125,0.06163257257044315,-0.01652501834332943,-0.016413338129781185
1746739387217912800,13.609912841796875,0.05199789826273918,-0.010604396122694015,-0.006449577998183667
1746739387227992000,13.619991943359375,0.05046060569286346,-0.0022357962280511855,0.021485088436119258
1746739387238071800,13.63007177734375,0.060735331469774244,0.025075404545664787,0.029565774767473338
1746739387248151000,13.640151123046875,0.050561143457889555,0.024382746106386185,0.044005219008401035
1746739387258231000,13.65023095703125,0.02624503284692764,0.016288286978006362,0.043398814080469306
1746739387268311000,13.66031103515625,-0.013074001106619835,-0.006505728632211685,0.01147387243360281
1746739387278390000,13.67039013671875,-0.05809504609405994,-0.002710428002476692,-0.019121720305643974
1746739387288470000,13.680469970703125,-0.05805296051800251,0.0020639467924833295,0.0020313596971333024
1746739387298550000,13.690550048828126,-0.0706014764457941,0.009813538005948067,0.011849208552017806
1746739387308630000,13.700630126953126,-0.04162906446158886,-0.0012543839752674102,0.006662197835557162
1746739387318709000,13.710708984375,-0.03518354158401489,-0.0016337386816740035,0.009462715274281799
1746739387328789000,13.7207890625,-0.017153963896632193,0.008110825741291046,-0.0005810147583484649
1746739387338869000,13.730868896484376,0.01839724195599556,0.005112228447198867,0.0013193389702588318
1746739387348948000,13.740947998046876,0.04557634078264236,0.0012409399718046187,0.024658202046900987
1746739387359028200,13.7510283203125,0.05263210451304912,0.01203062953352928,0.004714936225302517
1746739387369108000,13.76110791015625,0.06369827292859553,0.02067979993522167,0.029542941881157456
1746739387379187200,13.771187255859376,0.08546060740351677,0.029651041898131367,0.03490669740401208
1746739387389267000,13.781266845703126,0.08156593805253505,0.012243980023264885,0.0288964972037822
1746739387399347000,13.791346923828126,0.04995499425828456,0.011179565662145613,-0.006518551581166684
1746739387409426000,13.801426025390626,-0.010686813709139823,-0.014355273088812827,-0.018214980724267662
1746739387419506200,13.811506103515624,-0.06684826139211654,-0.009135492613911628,-0.013193280104734003
1746739387429586000,13.8215859375,-0.10646423246562481,-0.004545826736092567,-0.006257160698622465
1746739387439665200,13.8316650390625,-0.10614449899196624,-0.0067681789606809616,-0.0006590849632397294
1746739387449745000,13.841744873046874,-0.0941816739976406,0.021825462839007378,0.024446020600944755
1746739387459825200,13.8518251953125,-0.05627309136390686,0.022936638951301574,0.03579272299092263
1746739387469904000,13.86190380859375,-0.026299393382668495,0.027197219005227088,0.02910356408320367
1746739387479984000,13.871984130859374,0.005545359167456626,0.018815759629011154,0.02619439863823354
1746739387490064000,13.88206396484375,0.021265490868687627,0.02314063709080219,0.0003925795141607523
1746739387500143000,13.89214306640625,0.031898528563976285,0.00580839401781559,-0.0011101531989872455
1746739387510222800,13.902222900390624,0.048293783047795295,0.014344751694798468,0.024302410879172384
1746739387520303000,13.91230322265625,0.06926292131841183,0.005949848315119743,0.03525423220004886
1746739387530381800,13.9223818359375,0.06485796435773372,-0.0040916532278060915,-0.000800466195307672
1746739387540462000,13.932462158203125,0.0831581756800413,-0.0008685995280742645,0.011838248766586184
1746739387550541800,13.942541748046875,0.08432429684996605,0.0089145433396101,0.0451681618405506
1746739387560621000,13.95262109375,0.0638350510507822,0.015435469540953635,0.04481708338055759
1746739387570700800,13.96270068359375,0.034540567505359644,0.033318332234025,0.03748221044782549
1746739387580781000,13.972781005859375,-0.03175181356966495,0.026917233020067214,0.021614340838976204
1746739387590859800,13.98285986328125,-0.07678571803867816,-0.0044528877556324,0.015230485020764172
1746739387600940000,13.99293994140625,-0.11776596320271492,-0.014995324558019637,0.001730367456562817
1746739387611020000,14.00302001953125,-0.11736848831772803,-0.0030950434058904645,-0.005334200634807348
1746739387621099000,14.01309912109375,-0.07414952431619166,0.004551671954989433,0.00041698330305516717
1746739387631179000,14.023178955078125,-0.03450082001686096,0.00016658873856067658,0.000273154385574162
1746739387641259000,14.033259033203125,-0.03435118241310119,0.0077402388632297515,-0.007321209733560681
1746739387651338000,14.043337890625,0.0231663560539484,0.0027215339183807373,-0.013433153275214134
1746739387661418000,14.05341796875,0.044942134532332416,0.006289455533027648,0.010811536067351699
1746739387671498000,14.063498046875,0.09188099583983421,0.034601942303776737,0.021569076925143597
1746739387681577000,14.073576904296875,0.10556640684306622,0.005281739795207977,0.018304376040771602
1746739387691657000,14.083656982421875,0.10634966617524623,0.01828910540640354,0.005242321100272238
1746739387701737000,14.093737060546875,0.10287702162861824,0.0015121581286191938,0.03330477863270789
1746739387711816200,14.103816162109375,0.05997311492562293,0.008923895689845085,0.026728359384462236
1746739387721896000,14.11389599609375,0.01593055958151817,0.005171849679946899,0.019820662355236707
1746739387731976000,14.123975830078125,-0.03788578628003597,0.0028998130947351453,0.007072824463061988
1746739387742055000,14.134054931640625,-0.08111819428503513,0.0008493103057146072,0.01258574266564101
1746739387752135000,14.144135009765625,-0.11180793158113955,0.013541618618369103,0.0037323183961212635
1746739387762215000,14.15421484375,-0.11237316424846648,0.007827917146682739,-0.002789776849001646
1746739387772294100,14.164294189453125,-0.11129296779632568,0.00859773247539997,0.003598791676945984
1746739387782374000,14.174373779296875,-0.07325403678119183,0.011447861209511757,0.006766498460248112
1746739387792454000,14.184453857421875,-0.016783961540460586,0.008775427129864692,0.023982385144568977
1746739387802532900,14.194532958984375,0.044427755269408224,0.02628302676975727,0.022085209753736852
1746739387812613000,14.204613037109375,0.06581891834437847,0.020393384209275243,0.02054167010616511
1746739387822693000,14.214693115234375,0.07794774755537509,0.007812135055661201,0.01583732834011316
1746739387832772000,14.224772216796875,0.07111644023060798,-0.01149345391690731,-0.00832121708896011
1746739387842852000,14.23485205078125,0.07462824774384498,-0.007288403442502022,-0.005622187263332307
1746739387852932000,14.24493212890625,0.05586977126002311,0.0066582888454198835,-0.018358115522004663
1746739387863010800,14.2550107421875,0.03980360260009765,-0.01290858141183853,-0.004242496407963335
1746739387873091000,14.265091064453125,0.02462298460304737,0.019032617250084875,0.020411029463820157
1746739387883171000,14.275171142578126,0.00220247848033905,0.0338280353218317,0.030595665804482995
1746739387893250000,14.28525,-0.033197920724749565,0.005903671085834503,0.026677944371476768
1746739387903329800,14.295329833984376,-0.04052139548063278,0.0023906945288181304,0.012936821125634013
1746739387913410000,14.30541015625,-0.03932137204110622,0.0237982242166996,0.02194269601050764
1746739387923488800,14.31548876953125,-0.05824526821970939,0.019784312400221823,0.00329882234968245
1746739387933569000,14.325569091796876,-0.04192658610343933,0.024675007051229474,-0.00033792671747505664
1746739387943648800,14.335648681640626,-0.027466099074482917,0.024351766446232794,0.0022795623045414686
1746739387953728000,14.34572802734375,-0.015248422536253928,-0.008173954105377197,-0.010365290137194096
1746739387963807700,14.355807861328126,0.022753099077939987,0.017360884645581245,0.014153138112835585
1746739387973888000,14.365887939453126,0.04052957878708839,0.01617547425329685,0.04220569530576467
1746739387983966700,14.375966796875,0.05489128161668777,0.015327917513251304,0.06044621233008802
1746739387994047000,14.386046875,0.0763923348069191,-0.0047439796566963194,0.00902377586774528
1746739388004126700,14.396126708984376,0.062463178175687785,-0.009371639457345008,-0.02483874624557793
1746739388014206000,14.4062060546875,0.0576437951952219,-0.010243161594867706,-0.009782594878412782
1746739388024285700,14.41628564453125,0.032983401191234586,0.0025818331867456436,-0.017262721500732003
1746739388034366000,14.426365966796874,-0.0043885903477668756,0.002357376781105995,0.010778291384875774
1746739388044444700,14.436444580078126,-0.01567395447194576,0.0307955357581377,0.006562208059802651
1746739388054525000,14.44652490234375,-0.02328618304133415,0.022884616503119466,0.021357333870604633
1746739388064604700,14.456604736328124,-0.06680734485983848,0.009231938725709914,0.029949403790198264
1746739388074684000,14.466683837890624,-0.06765139446854591,0.015087679016590118,0.024593356649763882
1746739388084763600,14.476763671875,-0.06712532476782798,0.006032850423455238,-0.00754701784607023
1746739388094844000,14.486843994140624,-0.05818097081184387,-0.00997018987238407,0.0066512380501255386
1746739388104923000,14.4969228515625,-0.026555998492240905,0.021503975799679755,0.022275873487628994
1746739388115003000,14.5070029296875,0.0076256725728511806,-0.007295417705178261,0.021810776726529
1746739388125083000,14.517082763671874,0.023498949009180068,0.007073299387097358,0.025360980021394787
1746739388135161900,14.527161865234374,0.03920797479450702,0.020188217025995252,0.005777998879551887
1746739388145241900,14.537241943359374,0.07084405303001404,0.004739888003468513,-0.00829177179876715
1746739388155321900,14.54732177734375,0.08079962985515594,0.022379005068540573,0.025747129794768987
1746739388165401000,14.557401123046875,0.06213701496124267,0.015710779350996018,0.027202552767470477
1746739388175480800,14.567480712890625,0.029586744490265843,-0.00113806411921978,0.030025208972766993
1746739388185560800,14.577560791015625,0.017222352957725524,0.029778467670083044,0.03851253987625241
1746739388195639800,14.587639892578125,-0.009625906479358673,0.02138531785607338,0.016300269676744937
1746739388205720000,14.597719970703125,-0.024238953721523283,-0.016157938596606254,0.01471727480161935
1746739388215799800,14.6077998046875,-0.02536883453428745,-0.009293313524127007,-0.01383176067136228
1746739388225879000,14.617879150390625,-0.03572597789764404,0.0011620295166969298,-0.00815992558002472
1746739388235958800,14.627958740234375,-0.07046762093305588,-0.016736030745506284,-0.01339369804766029
1746739388246039000,14.6380390625,-0.04489361921548843,-0.003551555001735687,-0.0032740167019888757
1746739388256117800,14.64811767578125,-0.026193010398745536,0.013652677777409552,0.017592830237932504
1746739388266198000,14.658197998046875,0.007802782705426216,0.018287936362624168,0.026339250469021497
1746739388276277800,14.66827783203125,0.057062780436873434,0.024345336705446242,0.014896065434627234
1746739388286357000,14.67835693359375,0.0744663351804018,0.0014198036700487136,0.017585377583838997
1746739388296436700,14.688436767578125,0.08659048821628093,0.005558803170919418,-0.0038616073315963146
1746739388306517000,14.69851708984375,0.08377484627366065,0.00883037218749523,0.0006389554906636476
1746739388316595700,14.708595703125,0.06346271060705184,0.015881459742784498,0.03180566264875233
1746739388326676000,14.718676025390625,0.038238837501406664,0.005130933147668838,0.03724847475718707
1746739388336756000,14.728755859375,0.016194178953766823,0.017668927681446074,0.03738791976049542
1746739388346835000,14.7388349609375,-0.02849719568789005,0.016868717214465142,0.02348532234262675
1746739388356914700,14.748914794921875,-0.08601356511116028,0.011574117937684059,-0.00005691781900823116
1746739388366995000,14.758994873046875,-0.09862754749059677,-0.000571077886223793,-0.014976656390167773
1746739388377073700,14.76907373046875,-0.1247206046462059,-0.006565934386849403,-0.008403853871114551
1746739388387154000,14.77915380859375,-0.14413316112458704,0.017909166178107262,0.013733560993894934
1746739388397234000,14.78923388671875,-0.10485796631276607,0.030039748954772946,0.03441105937417596
1746739388407313000,14.79931298828125,-0.049772038906812664,0.031042788517475127,0.043794791128113866
1746739388417393000,14.809392822265625,0.03137830408215522,0.029518939951062202,0.019708032293617724
1746739388427472000,14.819471923828125,0.09432371281683444,0.011583470287919043,0.005031820154748856
1746739388437551900,14.8295517578125,0.10108955368995666,0.003542202651500702,-0.020498013627529142
1746739388447632000,14.8396318359375,0.1190863981515169,0.0018821604847908018,-0.012994615727476774
1746739388457711000,14.849711181640625,0.10652443822026252,-0.00011982698738574981,0.0333075551116839
1746739388467790800,14.859790771484375,0.0946048678457737,0.001644260075688362,0.03839278595410287
1746739388477870800,14.869870849609375,0.05712883141040802,0.011807926693558693,0.02551748575735837
1746739388487949800,14.87994970703125,0.03725742524862289,0.008123100700974464,0.027085429193824527
1746739388498029800,14.89002978515625,0.014042553877830504,0.010763386076688766,0.029623678967170417
1746739388508109800,14.90010986328125,-0.03471533955037594,-0.007080313649773597,0
1746739388518189000,14.91018896484375,-0.09194529324769973,-0.013580197063088417,-0.040009427370503545
1746739388528268800,14.920268798828126,-0.09985796606838702,-0.013873627051711081,-0.013155943769030272
1746739388538348800,14.930348876953126,-0.10878010819256305,0.014444704937934875,0.034364882144890724
1746739388548428800,14.9404287109375,-0.07573065602779389,0.029781390279531476,0.06044621233008802
1746739388558508000,14.950508056640626,-0.019271686702966688,0.024139585000276565,0.04331888071205467
1746739388568587800,14.960587890625,0.029059505745768547,0.019499650239944457,0.04604085302185267
1746739388578667000,14.9706669921875,0.041566520619392394,0.019164719197154043,0.022784005672857165
1746739388588746800,14.980746826171876,0.06813713215887546,-0.0011649521261453627,0.0137009373659268
1746739388598827000,14.990826904296876,0.059171735414862627,-0.004026186776161194,0.011197941569052636
1746739388608905700,15.00090576171875,0.02905366052687168,-0.005795534536242485,-0.013480463015660643
1746739388618986000,15.010986083984376,0.01641337466239929,-0.012169161221385002,-0.018441300293430683
1746739388629066000,15.02106591796875,0.00857552064359188,0.0018371522992849348,-0.0006002674480900168
1746739388639145000,15.03114501953125,0.017128244933485984,0.01936053403019905,0.038417847330123184
1746739388649224700,15.041224609375,0.030678046858310697,0.035194062978029246,0.05017729523945599
1746739388659305000,15.051304931640624,0.01343406659066677,0.018237082958221434,0.016253434860333798
1746739388669383700,15.0613837890625,-0.0054489130556583405,-0.009084639209508895,0.011001432616263627
1746739388679464000,15.0714638671875,-0.03766132987439632,0.0016834230422973632,-0.004165558714233339
1746739388689544000,15.0815439453125,-0.07542612012326717,0.014060674056410788,0.003980374873057008
1746739388699623000,15.091622802734374,-0.0845744722187519,0.010457096606492996,0.01076455512046814
1746739388709703000,15.101702880859374,-0.06669044048190116,0.015574585750699043,0.03231405056230724
1746739388719783000,15.111782958984374,-0.03456277933716774,0.015109890848398208,0.008052044758759438
1746739388729862000,15.12186181640625,0.007304185533523559,0.017043489259481428,0.03086330376472324
1746739388739942000,15.13194189453125,0.050557051804661746,0.0076543141454458235,0.024011063249781726
1746739388750022000,15.14202197265625,0.07737316253781318,0.016751812836527824,0.02499996468927711
1746739388760100900,15.152100830078124,0.10426467659473418,0.0007031798332929611,0.0105914635758847
1746739388770180900,15.162180908203124,0.08520107968449592,0.0022235212683677672,0.005584047210030257
1746739388780260900,15.1722607421875,0.04188683861494064,0.0122737906396389,0.007955744777433573
1746739388790339800,15.18233984375,0.012298925080895423,-0.00023380875587463378,-0.0007270356329157948
1746739388800419800,15.192419921875,-0.022811551266908644,-0.00578267505466938,0.023319683452136815
1746739388810499800,15.202499755859375,-0.04554302303493023,-0.0031172552376985546,0.017224654512666165
1746739388820578800,15.212578857421875,-0.0507815082103014,0.005966214928030967,0.018759316734038294
1746739388830658800,15.222658935546875,-0.042024201259016986,0.011734276935458183,0.031200426764599977
1746739388840738800,15.23273876953125,-0.009729951375722884,0.05126549233496189,0.04950593531653285
1746739388850817800,15.24281787109375,-0.04068798421919346,-0.024426585248112677,-0.030460385519638655
1746739388860897800,15.252897705078125,-0.009906476986408234,-0.002055178964138031,-0.052102308485284445
1746739388870977800,15.262977783203125,-0.009387421548366547,0.006140402451157569,0.011389993542432784
1746739388881056800,15.273056884765625,0.00500233833193779,0.0000017535656690597534,0.038077728655561804
1746739388891136800,15.28313671875,0.0020458266139030457,0.016915478965640066,0.013589585945941507
1746739388901217000,15.293217041015625,0.022252163818478582,0.014637597161531447,0.035581856719218194
1746739388911296000,15.3032958984375,0.04927870243191719,0.027137597772479056,0.031992819251306356
1746739388921376000,15.3133759765625,0.039344168394804,0.009867898541688918,0.02030903039406985
1746739388931455700,15.323455810546875,0.01470890883207321,0.009370470413565635,0.017007614228501916
1746739388941534700,15.33353466796875,0.0018897592693567274,-0.0008376198679208755,0.0011475260673090815
1746739388951615000,15.343614990234375,-0.0051554830670356745,-0.00034311434924602505,0.017265497979708014
1746739388961695000,15.353695068359375,0.005877952122688293,0.017116554495692254,0.014699666079692541
1746739388971774000,15.36377392578125,0.03211012548804283,0.015959201154112816,0.013519224123470484
1746739388981854000,15.37385400390625,-0.014090484672784804,0.00008592471778392792,0.002170841233059764
1746739388991933700,15.38393359375,-0.05144494055509567,0.016325111857056616,-0.004468158390000462
1746739389002013000,15.394012939453125,-0.05049275439679622,-0.01657762531340122,-0.0021955738155171275
1746739389012093000,15.404093017578125,-0.040754619714617725,0.007864742025732993,0.025174225277639923
1746739389022173000,15.4141728515625,-0.030429040533304214,0.02840308766365051,0.02930756222270429
1746739389032252000,15.424251953125,-0.04279401658773422,0.022490064227581024,0.006196406954713165
1746739389042332000,15.434331787109375,-0.051709144449234,0.004733458262681961,-0.008619615513645111
1746739389052412000,15.444411865234375,-0.010861585754156113,0.0094809450507164,0.03465195545796305
1746739389062491000,15.454490966796875,-0.011627309429645538,0.00827273830473423,0.03601290508024394
1746739389072571000,15.46457080078125,0.012762450939416884,0.0072176762938499445,0.024310849913954734
1746739389082651000,15.47465087890625,0.029068273574113845,0.007113631397485732,-0.005008037420362234
1746739389092729900,15.484729736328125,0.06158405725359916,0.0047714521855115885,0.007113156473450362
1746739389102809900,15.494809814453125,0.06875263370871544,0.0027139351338148114,0.02245163191333413
1746739389112889900,15.504889892578126,0.08334756077229977,0.01055062010884285,0.001598448172584176
1746739389122968800,15.51496875,0.09207622615098952,0.002292494851350784,0.010706723986007272
1746739389133048800,15.525048828125,0.10064882418513298,0.035493922707438466,0.026522717277146873
1746739389143128800,15.53512890625,0.06978314580023288,0.0462719218313694,0.059989554603770374
1746739389153207800,15.545207763671876,-0.003099135059118271,-0.029061259311437604,0.06677190822027623
1746739389163287800,15.555287841796876,-0.05801730468273163,0.029587329012155533,0.023743936746194957
1746739389173368000,15.5653681640625,-0.08940963729023933,-0.009747487032413482,-0.0045506125090643765
1746739389183446800,15.57544677734375,-0.10953706403970717,-0.014842179822921752,-0.019606033223867416
1746739389193527000,15.585527099609376,-0.11839900040924549,-0.0003635726153850555,-0.019045988188311457
1746739389203606800,15.595606689453126,-0.11949790156185626,0.001620294678211212,-0.017168905737437307
1746739389213686000,15.60568603515625,-0.07667056722640991,0.013988193342089653,0.0017890753738582133
1746739389223765800,15.615765869140626,0.00023614684343338012,0.02572013218998909,0.01689173276387155
1746739389233846000,15.625845947265624,0.060526072633266446,0.012267945420742034,0.021544673136249182
1746739389243924700,15.6359248046875,0.13398235398828984,0.010056114590168,0.02870652758963406
1746739389254005000,15.6460048828125,0.1528589038938284,0.020393968731164933,0.0353935676055029
1746739389264084700,15.656084716796874,0.1322100836187601,0.013637480208277701,0.03305675868839025
1746739389274164000,15.6661640625,0.09426526062786579,0.008346972584724426,0.03708718324825167
1746739389284243700,15.67624365234375,0.042483050942420955,0.010565233156085013,0.01876698858384043
1746739389294324000,15.686323974609374,-0.04259937079846859,-0.015050269615650176,0.009958828228153287
1746739389304403000,15.69640283203125,-0.08659867152273655,-0.020966800183057785,-0.01600048301257193
1746739389314483000,15.70648291015625,-0.0848836842983961,-0.01419569861292839,0.018050876203738152
1746739389324562000,15.71656201171875,-0.10218436318933963,0.0007294833183288574,0.01785502483807504
1746739389334642000,15.726641845703124,-0.08274141157269477,0.006819616886973381,0.03117642483450472
1746739389344722000,15.736721923828124,-0.058819853237271305,0.022647300615906713,0.03539901096560061
1746739389354801000,15.74680078125,-0.020289339312911034,0.021335633495450017,0.027985848632268606
1746739389364881000,15.756880859375,0.03275660669803619,0.01825637218058109,0.005296425907686353
1746739389374961000,15.7669609375,0.0677741440653801,-0.0035293431699275966,0.007121266714669764
1746739389385040000,15.777039794921874,0.07263853523135184,-0.002991583031415939,-0.0005822568673640489
1746739389395119900,15.787119873046874,0.09380933355391025,-0.006435001483559608,-0.004592771150358021
1746739389405200000,15.797199951171875,0.08181377533376216,0.009426584514975547,0.023424933924898503
1746739389415278800,15.80727880859375,0.06036766720116138,0.02149286988377571,0.034170382486097516
1746739389425358800,15.81735888671875,0.04454349060356617,0.034710078853368756,0.03955211205706
1746739389435438800,15.82743896484375,0.0037257425248622893,0.03234861041903496,0.03996840124037117
1746739389445517800,15.837517822265625,-0.04681728075444698,0.025255437287688254,0.028642449377477168
1746739389455597800,15.847597900390625,-0.10045943909287453,0.01169043779373169,-0.0020389219490811227
1746739389465678000,15.857677978515625,-0.1293523561000824,-0.01433773743212223,-0.01965845753084868
1746739389475756800,15.8677568359375,-0.13500526729524134,-0.007004910326004028,-0.0036319998268038033
1746739389485837000,15.877837158203125,-0.10645955629050731,-0.005815408280491829,0.008987462445348501
1746739389495916800,15.887916748046875,-0.06336684901714325,0.005362403815984726,0.006665193510241806
1746739389505996000,15.89799609375,0.029573300486803053,0.018853753551840782,0.01733264493178576
1746739389516075800,15.90807568359375,0.128049456807971,0.006757657566666603,0.029971213763207195
1746739389526156000,15.918156005859375,0.15405600472390651,0.01881985128223896,0.00836111070793122
1746739389536234800,15.92823486328125,0.1643254698038101,0.016987375158071517,-0.011706292949989438
1746739389546315000,15.93831494140625,0.15289455972909927,-0.0015068974316120147,0.019350925951637326
1746739389556394800,15.948394775390625,0.06882803703248501,0.015832359904050824,0.023780980820953843
1746739389566474000,15.958473876953125,0.018277999490499495,0.0023240590333938596,0.0038825405217707155
1746739389576553700,15.9685537109375,-0.05374971036612987,0.006613865181803703,0.011966660919226706
1746739389586634000,15.978634033203125,-0.09407061483860016,0.007338672325015068,0.01240563685838133
1746739389596712700,15.988712646484375,-0.11897066281735896,0.005785597664117813,0.010417422183230518
1746739389606793000,15.99879296875,-0.1256131695717573,-0.0007885200291872024,0.009858034734800458
1746739389616872700,16.008872802734373,-0.10819149464964865,-0.0021457798570394516,0.030631942694261668
1746739389626952000,16.018951904296873,-0.04467909968197346,0.0036620296388864514,0.007931450586393475
1746739389637031700,16.02903173828125,-0.005627192232012748,0.008356909456849098,0.005492569534294307
1746739389647112000,16.03911181640625,0.03793488611876964,0.030924715095758438,0.006016228082217276
1746739389657191000,16.04919091796875,0.08388765899837017,0.012135843473672867,0.0331927696255967
1746739389667271000,16.05927099609375,0.08836918832659721,0.0031558336824178694,0.02260576302912086
1746739389677350700,16.0693505859375,0.0730593909919262,0.01115618478655815,0.01705963667668402
1746739389687430000,16.079429931640625,0.048714054286479944,0.0041249709755182265,0.00003572890050709247
1746739389697510000,16.089510009765625,0.022441548910737037,0.011123451560735702,-0.015052863431535661
1746739389707590000,16.09958984375,0.000034486791491508485,0.00005377601385116577,0.02575027159992605
1746739389717668900,16.1096689453125,0.0028448680371046067,0.002187280911207199,0.021713599962368605
1746739389727748900,16.119748779296874,-0.019175825113058088,0.013420622587203978,-0.0035890009352937337
1746739389737828900,16.129828857421874,-0.005918868654966354,0.007945406046509743,0.017638276814855636
1746739389747907800,16.139907958984374,-0.0030330840855836865,0.0056903205960989,0.020741320864111183
1746739389757988000,16.149988037109374,0.03117079881131649,0.01376432145833969,0.046046223316714166
1746739389768067800,16.16006787109375,0.0335100554138422,0.015395722052454947,0.030779242210462687
1746739389778147000,16.17014697265625,0.01167991639971733,0.0012298340559005736,0.010512443522922695
1746739389788226800,16.180226806640626,0.0035386955201625824,0.004349427381157875,0.0014670403452590108
1746739389798306800,16.190306884765626,-0.022574819901585576,0.014321955341100692,0.02272376338560134
1746739389808385800,16.2003857421875,-0.01756020660996437,0.028320670077204704,0.03243690975699574
1746739389818466000,16.210466064453126,-0.0416097752392292,0.005936404311656951,0.025380305776372552
1746739389828545800,16.2205458984375,-0.04943710786402225,0.0035077158600091934,0.012245149067044258
1746739389838625000,16.230625,-0.010541267758607864,-0.007640285620093345,0.014854673978313802
1746739389848704800,16.240704833984374,0.017778233274817465,-0.002336918514966965,0.015884382352232933
1746739389858784000,16.250783935546874,0.026027006182074545,-0.0002829085946083069,0.01475103094074875
1746739389868863700,16.26086376953125,0.009112111738324165,-0.004463409149646759,-0.002090432940609753
1746739389878944000,16.270944091796874,0.01743161179423332,0.004153612548112869,0.00578402676153928
1746739389889022700,16.281022705078126,0.008515314888954162,0.003209609696269035,0.00649374593347311
1746739389899102700,16.291102783203126,-0.005330255112051963,-0.005824176108837127,-0.0053955754332244395
1746739389909182700,16.3011826171875,0.012566051584482192,0.015227379748225212,-0.014949220393970607
1746739389919261700,16.31126171875,0.023138299003243445,0.004439443752169609,0.005290617221407592
1746739389929341700,16.321341796875,0.04586918624937534,0.01818798311948776,0.041391712041758
1746739389939421700,16.331421630859374,0.03874444893598556,0.01946691701412201,0.04072795090340078
1746739389949500700,16.341500732421874,0.0338671982884407,0.020617256093025206,0.028006781822443007
1746739389959580700,16.35158056640625,0.01180149695277214,0.014989479339122772,0.0162304923761636
1746739389969660700,16.36166064453125,-0.03366378467082977,-0.009506079491972923,0.010964425074122845
1746739389979739600,16.37173974609375,-0.07682078935205935,-0.004379822519421577,-0.009461290502175689
1746739389989819600,16.381819580078126,-0.07756663928329945,-0.00818856715261936,-0.016762882219813764
1746739389999900000,16.39189990234375,-0.07492109321057797,0.0033919805258512494,0.04582282635699957
1746739390009979000,16.401978759765626,-0.07340893508195877,-0.007053425642848015,0.016149864888004958
1746739390020058600,16.41205859375,-0.06889993322491646,0.006555412992835044,-0.011947700490429997
1746739390030138600,16.422138671875,-0.010876198801398276,0.037650808480381964,0.00023410101681947706
1746739390040217600,16.432217529296874,0.07226794835329055,0.0164957922488451,0.015262925985641777
1746739390050297900,16.4422978515625,0.11823650332391261,-0.0001432078629732132,0.03753014124277979
1746739390060377900,16.4523779296875,0.12348492537140845,0.012408230674266815,0.027865619786083696
1746739390070456800,16.462456787109375,0.11666764657199383,0.014943302109837532,0.020579627496376634
1746739390080536800,16.472536865234375,0.07122574582397938,0.0028588965624570845,0.010295805097557604
1746739390090616600,16.482616455078126,0.01864507923722267,-0.012716273710131645,0.029192959399707615
1746739390100695800,16.49269580078125,-0.0016805004328489302,-0.004320785808563233,0.016372202401794492
1746739390110775800,16.50277587890625,-0.03236322346627712,-0.004003974944353103,0.022458974969573317
1746739390120855800,16.512855712890627,-0.050769817772507664,-0.007528641939163207,0.015835209448263048
1746739390130934800,16.522934814453127,-0.07861585607528686,0.00535305146574974,0.006741583214700222
1746739390141014800,16.533014892578127,-0.08393149814009666,0.007456161224842071,0.002664798762463033
1746739390151094800,16.5430947265625,-0.04894610947668552,0.012918518283963202,0.024909582992084324
1746739390161173800,16.553173828125,-0.038817514172196387,0.022587094861268996,0.026070881856419145
1746739390171253800,16.563253662109375,0.004473930543661117,0.0006236848562955855,0.014586634159274399
1746739390181333800,16.573333740234375,0.029665654945373533,-0.0004898293435573578,-0.006531922519393265
1746739390191412700,16.583412841796875,0.06402209805548191,0.006193009421229362,0.0068901613725349305
1746739390201492700,16.59349267578125,0.0663058250784874,0.006374211207032203,-0.0024042846627533435
1746739390211572700,16.60357275390625,0.07617255457639693,0.00817687671482563,-0.006997421139292419
1746739390221651700,16.613651611328127,0.057716275909543036,0.010371756410598754,0.03552201629076153
1746739390231731700,16.623731689453123,0.05351590161025524,0.004020341557264328,0.02941368947830051
1746739390241811700,16.633811767578123,0.0162649061024189,0.022012509843707083,0.0394508071070537
1746739390251890700,16.643890625,-0.02532499539256096,0.012258593070507048,0.03699731300771236
1746739390261970700,16.653970703125,-0.05415770664513111,0.015128011026978493,0.008431691726110874
1746739390272049700,16.664049560546875,-0.08621464064121245,-0.0026677579045295712,-0.006238894389569759
1746739390282129700,16.674129638671875,-0.10276830055713652,-0.00807750799357891,-0.00352119639609009
1746739390292210000,16.6842099609375,-0.1135574055969715,0.012999182304739952,0.021276998643390832
1746739390302289000,16.694288818359375,-0.09176175337433815,0.02524257780611515,0.01948554864935577
1746739390312368600,16.70436865234375,-0.03234276520013809,0.015117489632964134,0.03434858859721571
1746739390322448600,16.71444873046875,0.018993454283475875,0.00954407341480255,0.012021204118058085
1746739390332527600,16.724527587890623,0.05913491053581237,-0.0033048867642879484,0.008440240358747542
1746739390342607600,16.734607666015624,0.07889175040721892,0.0032283143967390057,0.002784187358431518
1746739390352687900,16.74468798828125,0.061897360986471174,0.005253682744503021,0.010196290245838463
1746739390362766800,16.754766845703124,0.04322247113287449,-0.00926876360476017,0.00196633163690567
1746739390372846800,16.764846923828124,0.03722936819791794,0.0046925417304039,0.005991385901905596
1746739390382926600,16.774926513671875,0.013912790018320083,-0.006518588113784789,-0.004692833991348743
1746739390393005800,16.785005859375,0.0066524436265230176,0.004984802675247192,-0.0022278321173042057
1746739390403085800,16.7950859375,0.022939561560750006,0.02495323947072029,0.0071831529697403305
1746739390413165800,16.805165771484376,0.0028442835152149197,0.024760931769013405,0.03636091480031609
1746739390423244800,16.815244873046876,-0.0005810147583484649,0.024063597154617308,0.037066542319022115
1746739390433324800,16.82532470703125,-0.010656418570876122,0.009041969111561774,0.028545747537352142
1746739390443404800,16.83540478515625,-0.020094109001755713,0.012793430599570273,0.02917779836319387
1746739390453483800,16.84548388671875,-0.03442892382442951,0.0010357727885246277,0.0004121975300833583
1746739390463563800,16.855563720703124,-0.03515840714275837,0.0063292030215263365,-0.014841339572705328
1746739390473643800,16.865643798828124,-0.009863806888461113,-0.003029576954245567,-0.005692037629149854
1746739390483722800,16.87572265625,-0.013933248284459113,0.004718845215439796,0.002235942358523607
1746739390493802800,16.885802734375,0.015817746856808663,0.01759118627011776,0.028277123196423053
1746739390503882800,16.8958828125,0.029033786782622334,0.020263620349764824,0.03547777529023587
1746739390513961700,16.905961669921876,0.04474807326495647,0.012374328404664993,0.017743381157144904
1746739390524041700,16.916041748046876,0.03371697616279125,-0.0030050270348787305,-0.013349237851426004
1746739390534121700,16.926121826171876,0.031574703437089915,-0.0015326163947582245,-0.009340988590754568
1746739390544200700,16.93620068359375,0.011930676290392874,-0.01726736114323139,-0.0013630685141310095
1746739390554280700,16.94628076171875,-0.018322423154115676,-0.00717909784913063,-0.0001520852891728282
1746739390564361000,16.95636083984375,-0.019678513938188553,0.005266542226076126,0.02091587371341884
1746739390574439700,16.966439697265624,-0.00807750799357891,0.009521861582994461,0.027556663434766232
1746739390584520000,16.97652001953125,0.005628945797681808,0.021979776617884635,0.04378638862594962
1746739390594599700,16.986599609375,0.0008586626559495925,0.03305412833988666,0.02700611687991768
1746739390604678700,16.9966787109375,0.029567455267906186,0.01859071870148182,0.0465149733396247
1746739390614758700,17.006758544921876,0.021776363000273705,0.010849310794472693,0.020514489838294684
1746739390624839000,17.0168388671875,0.008937339693307875,0.004527122035622597,-0.001364712481945753
1746739390634917600,17.026917724609376,-0.013974164816737173,-0.015239070186018944,-0.006153736856766044
1746739390644998000,17.036997802734376,-0.03898877908587456,-0.010786182430386542,-0.008998166502453386
1746739390655076900,17.047076904296876,-0.03695815004110336,0.011903788283467292,-0.015061375531554221
1746739390665156900,17.057156982421876,-0.005815992802381515,0.02253331884741783,0.0006055281450971961
1746739390675236600,17.067236572265625,0.027771219500899315,0.025243162328004835,0.03373940719030797
1746739390685315800,17.07731591796875,0.053719899749755856,0.02516892804801464,0.04120459197182208
1746739390695395600,17.0873955078125,0.0724789607554674,0.02265489940047264,0.029970154317282137
1746739390705475800,17.097475830078125,0.05659750101268291,-0.0008738602250814438,0.02459606006350368
1746739390715554800,17.107554931640625,0.03554652967751026,-0.00784311471581459,-0.0010246668726205826
1746739390725634800,17.117634765625,0.02770341496169567,-0.004957914668321609,0.0018492811284959315
1746739390735714600,17.127714599609376,0.019929273828864096,-0.013660276561975479,0.012883154709637164
1746739390745793800,17.137793701171876,0.015955694022774695,0.001939443629980087,0.01510740663036704
1746739390755873800,17.147873779296877,-0.004561608827114105,-0.000630114597082138,0.014411314124986528
1746739390765953800,17.157953857421877,-0.006907295170426368,0.013199088791012763,0.010199724311940371
1746739390776032800,17.16803271484375,-0.00903261676132679,0.023632220000028608,0.02808963780030608
1746739390786112800,17.17811279296875,-0.044917000091075895,0.015060791009664535,-0.002715323373302817
1746739390796192800,17.18819287109375,-0.07106207969486714,0.00044131402671337126,-0.030114896550215778
1746739390806271700,17.198271728515625,-0.057815060108900064,0.0013145897299051284,0.005670008460432291
1746739390816351700,17.208351806640625,-0.02496492990851402,0.013736264407634735,0.026427878600545227
1746739390826431700,17.218431640625,0.014443535894155502,0.012877601751685142,0.04115527293737978
1746739390836510700,17.2285107421875,0.029355858343839643,0.01604746395945549,0.02652377672307193
1746739390846590700,17.2385908203125,0.02166939549446106,0.015024550652503967,-0.008102532836981117
1746739390856671000,17.2486708984375,0.02437280923426151,0.018584288960695267,0.013383468914590775
1746739390866749700,17.258749755859377,0.029338322687149046,0.006909633257985114,0.02209247974473983
1746739390876830000,17.268829833984373,0.029001638078689572,-0.0013829787909984588,0.006635455959104001
1746739390886909700,17.27890966796875,0.0342418768197298,-0.0027899229794740676,0.017480200176313517
1746739390896988700,17.28898876953125,0.033794717574119566,0.012855974441766739,0.026596111306920647
1746739390907068700,17.299068603515625,0.025308628779649733,0.028316578423976897,0.023891199729777872
1746739390917149000,17.30914892578125,0.008906360033154486,0.03032850276827812,0.03379533862862736
1746739390927227600,17.3192275390625,0.00963818143904209,0.02359948677420616,0.02265712789017707
1746739390937308000,17.329307861328125,-0.020016952112317084,0.015465864679217338,0.02902984125986695
1746739390947387600,17.3393876953125,-0.048016135150194164,0.01487666661441326,-0.008017448369413614
1746739390957467000,17.349466796875,-0.07395604757070541,-0.008491934013366698,-0.01749601879995316
1746739390967546600,17.359546630859374,-0.043787703800201416,-0.020057868644595144,-0.0019153321020305156
1746739390977627000,17.369626953125,-0.02688859144747257,-0.012101356682181357,0.0024469912933185694
1746739390987705600,17.37970556640625,-0.002333995905518532,0.0007937807261943817,0.01089614561088383
1746739390997785900,17.389785888671874,0.008578443253040312,0.011638999867439269,0.017742723570019006
1746739391007865600,17.399865478515625,0.03072539313137531,0.004724105912446976,0.029994886899739504
1746739391017944800,17.40994482421875,0.07877776863873004,0.009864391410350799,0.05096263693086803
1746739391028024600,17.420024658203126,0.024803017345070837,0.03755377784669399,0.0932621114673093
1746739391038104800,17.430104736328126,-0.035355391019582745,0.019489128845930098,-0.0031135289106518026
1746739391048183600,17.44018359375,0.006838906109333038,-0.006954641443490982,-0.02929404515400529
1746739391058263800,17.450263916015626,0.02557224815189838,-0.015048516049981116,0.010689992046914993
1746739391068343600,17.460343505859374,-0.0252881705135107,0.0035948096215724945,-0.017421528791636227
1746739391078422800,17.4704228515625,-0.02553893040418625,-0.010527823755145072,-0.0019339637372642754
1746739391088502500,17.48050244140625,-0.005071896436810493,0.02148410205543041,0.050710707996413106
1746739391098582800,17.490582763671874,-0.014649287599325178,0.014107435807585715,0.01889762922618538
1746739391108661800,17.500661865234374,-0.0030757541835308073,0.012816811475157737,-0.005644070301577449
1746739391118741800,17.51074169921875,0.003976502415537834,0.007281389179825782,0.011530972915701567
1746739391128821800,17.52082177734375,-0.000029810616374015806,0.00020867431461811065,0.029327728227898475
1746739391138900700,17.530900634765626,0.004551671954989433,0.0065080667197704315,0.0022901932964101432
1746739391148980700,17.540980712890626,0.00708323625922203,0.017588848182559014,0.005387793985567987
1746739391159059700,17.551059814453126,0.02237958959043026,-0.0028133038550615308,0.010884637836180627
1746739391169140000,17.561139892578126,0.005742927566170692,-0.0008779518783092498,0.010503748759813606
1746739391179219700,17.5712197265625,-0.00003039513826370239,0.01428980663716793,0.0022535510804504153
1746739391189298700,17.581298583984374,-0.010225625938177108,0.010868015494942665,0.011417064212448895
1746739391199378700,17.591378662109374,0.007903320470452307,0.011136311042308807,0.03248783622663468
1746739391209459000,17.601458984375,0.013853168785572051,0.004731704697012901,0.036366942682303484
1746739391219537700,17.61153759765625,0.021944120782613753,0.01912964788377285,0.0489844687256962
1746739391229618000,17.621617919921874,-0.024549919366836547,0.026425065588951108,0.02908540737200528
1746739391239697700,17.63169775390625,-0.01394727680981159,0.0030523733079433437,-0.024771891554445025
1746739391249777000,17.64177685546875,0.00594692570567131,-0.007120061138272285,-0.0025290435535833236
1746739391259856600,17.651856689453126,0.021498715102672577,-0.0013847323566675185,0.0214374499021098
1746739391269937000,17.66193701171875,0.05241641593575477,0.013575520887970923,-0.004460669203288853
1746739391280015600,17.672015625,0.00827449187040329,-0.0040653497427701945,-0.0034436741804704067
1746739391290095900,17.682095947265626,-0.04539221638739109,0.010978490132093429,0.011163052918761967
1746739391300175600,17.692175537109375,-0.021336218017339707,0.008752630776166915,0.0018452625405043362
1746739391310254800,17.7022548828125,-0.03790858263373375,0.006928922480344772,0.03049658934418112
1746739391320334600,17.71233447265625,-0.0317453838288784,0.03336801659464836,0.017727927859686313
1746739391330414800,17.722414794921875,-0.033095044872164726,0.011008885270357132,0.012963563002087175
1746739391340493600,17.73249365234375,-0.025225626671314238,0.0036538463324308395,0.03632814504187554
1746739391350573800,17.74257373046875,-0.014130232161283493,0.01205985562801361,0.036054698395356535
1746739391360653600,17.752653564453126,-0.02798690807819366,0.003654430854320526,0.008707622590661048
1746739391370732800,17.76273291015625,-0.018823358413577077,-0.012371990317106247,-0.018192732359841465
1746739391380812500,17.7728125,-0.020236147820949554,-0.0066261401414871215,-0.0007374108964577317
1746739391390892800,17.782892822265627,-0.032545009773969645,0.010599719947576523,-0.010627302074246107
1746739391400971800,17.7929716796875,-0.004167641073465347,-0.0013099135547876358,-0.0032804099101573225
1746739391411051800,17.8030517578125,0.03351473158895969,0.010735913547873496,0.019764219460263847
1746739391421131800,17.8131318359375,0.06872399213612079,0.030740006178617475,0.03922576617952436
1746739391431210800,17.823210693359375,0.08152092986702919,0.043322424376010894,0.04779913139864802
1746739391441290800,17.833290771484375,0.03948094651699066,0.03234101163446903,0.015352759693562984
1746739391451370800,17.843370849609375,0.03321253377199173,0.004624152669310569,-0.007029277582280337
1746739391461450000,17.853449951171875,0.007143442013859748,-0.012000818917155265,-0.008665463949367404
1746739391471529700,17.86352978515625,-0.027802783682942388,-0.00708498982489109,-0.006434490026906132
1746739391481609700,17.873609619140623,-0.03667056527137756,-0.0009323124140501022,-0.018077581547573208
1746739391491688700,17.883688720703127,-0.054153030470013616,0.0109492640376091,0.025619667490199206
1746739391501768700,17.893768798828123,-0.05716156463623046,0.023407179072499274,0.04313698480650782
1746739391511848700,17.9038486328125,-0.048207273808121676,0.015916531056165695,0.012384046081081032
1746739391521928000,17.913927978515623,-0.06161036073863506,0.005037994167208671,0.02145999052748084
1746739391532007700,17.924007568359375,-0.031248540222644804,0.02223579720556736,0.037359497383609414
1746739391542087700,17.934087646484375,0.024051906716823578,0.018888824865221976,0.02098426277451217
1746739391552166700,17.944166748046875,0.046915480431914326,-0.006873977422714233,0.018105017543770374
1746739391562247000,17.954246826171875,0.07426818225979805,0.004400865307450294,-0.0020213132271543143
1746739391572326700,17.96432666015625,0.09474982927441597,-0.012988076388835906,-0.004647350881807506
1746739391582406000,17.974406005859375,0.07843173168003559,0.005441898792982101,0.012134784027747808
1746739391592485600,17.984485595703124,0.05751461585760116,-0.001000116953253746,-0.0037921588245779275
1746739391602564900,17.99456494140625,0.00874678555727005,0.010491583397984503,-0.014341975215822457
1746739391612644600,18.00464453125,-0.047232291296124454,-0.0005079495221376419,-0.008917027557641267
1746739391622724900,18.014724853515624,-0.08935527675449847,-0.004689619120955467,0.037194296884536744
1746739391632803600,18.024803466796875,-0.10558803415298461,0.003921557357907295,0.024569354719668625
1746739391642883800,18.0348837890625,-0.0791150377690792,0.011842413485050201,0.01445223065726459
1746739391652963600,18.044963623046876,-0.04449263719916344,0.024620646515488624,0.006728650667890906
1746739391663042800,18.055042724609375,0.012084405547380446,0.01310205815732479,0.02055255682636052
1746739391673122600,18.06512255859375,0.06380874756574631,0.0213408941924572,0.045449609130434686
1746739391683202800,18.075202880859376,0.10068389549851417,0.02136076793670654,0.03688373309802264
1746739391693281500,18.085281494140624,0.10121581041812897,0.006592822393774986,0.024020561730489134
1746739391703361800,18.09536181640625,0.06292378142476081,0.01675239735841751,-0.005589088711328804
1746739391713441800,18.10544189453125,0.021206454157829284,-0.013494272345304488,0.005359152412973344
1746739391723520800,18.115520751953124,0.007309446230530738,0.005488660544157028,-0.0009403495900332927
1746739391733600800,18.125600830078124,-0.0040665187865495675,0.008017302238941192,0.01470255215652287
1746739391743680800,18.1356806640625,0.0015291092634201048,0.008701777371764183,0.02251461414694786
1746739391753759700,18.145759765625,0.022059856116771696,0.02278992395699024,0.03231821528077125
1746739391763839700,18.15583984375,0.04947685535252094,0.015374094742536544,0.008118022667057813
1746739391773919700,18.165919677734376,0.034760347735881804,0.00035948096215724946,0.0005017755096778274
1746739391783998700,18.175998779296876,-0.05211655620634555,-0.009630582654476165,-0.009760857970640063
1746739391794078700,18.18607861328125,-0.11051029298603535,-0.016526771908998487,-0.024800788855366407
1746739391804158700,18.19615869140625,-0.13787293168604373,-0.024048399585485457,-0.021762115279212593
1746739391814238000,18.206238037109376,-0.13096914364695547,0.00544715948998928,0.00749908705111593
1746739391824317700,18.216317626953124,-0.11413315965831279,0.028064064967632293,0.006392952440120279
1746739391834397700,18.226397705078124,-0.07789923223853111,0.03936988735795021,0.028736995793133973
1746739391844476700,18.2364765625,-0.007225859600305556,0.025695582270622252,0.02789663597885519
1746739391854556700,18.246556640625,0.04628010513782501,0.0219072959035635,0.013862557668425143
1746739391864636700,18.25663671875,0.09097849404215812,-0.005614332750439643,-0.000934869697317481
1746739391874716000,18.2667158203125,0.09515548746585846,-0.022009002712368962,-0.01885605510678142
1746739391884795600,18.276795654296876,0.11542027685940265,-0.009366963282227516,-0.0257715335836634
1746739391894875600,18.286875732421876,0.1220844109237194,-0.015015782824158668,0.02762658686581999
1746739391904954600,18.29695458984375,0.10456979702115059,0.01904606125354767,0.060141859088651835
1746739391915034600,18.30703466796875,0.0963210241138935,0.03839724293351173,0.045907289770059284
1746739391925114600,18.317114501953125,0.05705518165230751,0.03550853575468063,0.05487823947202414
1746739391935193600,18.327193603515624,-0.03463759813904762,0.012516367223858833,0.01446552853025496
1746739391945273600,18.337273681640625,-0.09031915335059165,0.0055909518748521805,-0.015208784645609557
1746739391955353900,18.347353759765625,-0.13269757487475872,-0.01258358724117279,-0.01759239184651524
1746739391965432600,18.3574326171875,-0.17745207788050174,-0.019569208344817162,-0.025087606440111994
1746739391975512600,18.3675126953125,-0.15764613817036152,-0.004018587991595268,-0.025304683256894347
1746739391985591600,18.377591552734376,-0.13913900609910487,0.019498481196165082,-0.01417220813948661
1746739391995671600,18.387671630859376,-0.07050152320265769,0.022822072660923003,0.008495660340413451
1746739392005751600,18.39775146484375,0.026315759995579717,0.033524668461084366,0.03462214484158903
1746739392015830500,18.40783056640625,0.08066869695186614,0.02683423091173172,0.014617796482518314
1746739392025910500,18.41791064453125,0.1439735866487026,0.024216157367825508,0.012251761470921337
1746739392035990800,18.42799072265625,0.18485387856960295,0.02698971373438835,0.022220380440726877
1746739392046069500,18.438069580078125,0.18423662345409392,0.01679331389069557,0.03484934119358658
1746739392056149800,18.448149658203125,0.1459784967303276,0.012260346636176108,0.008685958748124539
1746739392066229500,18.4582294921875,0.05205050523281097,0.0005506196200847625,0.01684394809938967
1746739392076308700,18.468308837890625,-0.02279693821966648,0.01861585314273834,0.03221190536208451
1746739392086388500,18.478388427734377,-0.08655833951234818,0.004211480215191841,0.02426343057565391
1746739392096468700,18.48846875,-0.13427286136746405,-0.0049801265001296995,0.02176207874659449
1746739392106547700,18.498547607421877,-0.14155951124429703,0.01677986988723278,0.02383651040047407
1746739392116627700,18.508627685546877,-0.13070610879659653,0.016109423279762267,0.0012801760036498307
1746739392126707500,18.51870751953125,-0.1039630632996559,-0.006781622964143753,-0.0030105434602126476
1746739392136786700,18.52878662109375,-0.029636428850889206,0.004782558101415634,0.02710899273250252
1746739392146866400,18.538866455078125,0.026067922714352605,0.0190489838629961,0.02057549931053072
1746739392156946700,18.54894677734375,0.09332827203869819,0.021110008046030998,0.019079379001259802
1746739392167025700,18.559025634765625,0.10784428864717482,0.023066402810811994,0.029445801649615168
1746739392177105700,18.569105712890625,0.09609949031770229,0.00933539910018444,0.02962970684915781
1746739392187185400,18.579185302734373,0.0940033948212862,0.012196049228310584,0.019258023503795265
1746739392197264600,18.5892646484375,0.040208676269650453,0.006750058782100677,-0.006816219353489577
1746739392207344600,18.5993447265625,0.00818856715261936,-0.0016734861701726913,-0.0026511355632916093
1746739392217424600,18.609424560546874,-0.05467267042994499,0.0015197569131851195,0.001528232480585575
1746739392227503600,18.619503662109373,-0.05777940427362919,0.005666939720511436,0.006453085129521786
1746739392237583600,18.62958349609375,-0.04786299041509628,0.0006412205129861831,0.02271634726412594
1746739392247663600,18.63966357421875,-0.03353635889887809,0.013058219015598296,0.0300981646111235
1746739392257742600,18.64974267578125,-0.003418284010887146,-0.006321019715070724,0.024856135771796104
1746739392267822600,18.659822509765625,0.0017880524605512619,-0.0019546411991119383,0.006289382467791438
1746739392277901600,18.669901611328125,0.014304419684410095,0.00782441001534462,0.005049319278821349
1746739392287981600,18.679981689453125,0.025090017592906952,0.00797813927233219,0.03085110187027603
1746739392298061600,18.6900615234375,0.024767946031689643,0.02034253080487251,0.03241820505652576
1746739392308140500,18.700140625,0.04403320299386978,-0.0006155015498399734,0.031816805097274484
1746739392318220500,18.710220458984374,0.031766426616907116,-0.003327683117985725,0.006758022892847657
1746739392328300800,18.72030078125,0.024348259314894673,0.02443476855456829,0.00042260932624340057
1746739392338379500,18.730379638671874,-0.015710779350996018,0.005617255359888077,-0.005323715773411094
1746739392348459800,18.740459716796874,-0.04105740205347538,-0.005521978291869163,-0.004817081425525248
1746739392358539500,18.75053955078125,-0.05002864401638508,-0.004655716851353645,-0.005367847176082432
1746739392368618800,18.76061865234375,-0.04509586378931999,0.00021627309918403624,0.00986994436830282
1746739392378698500,18.770698486328126,-0.04036123648285866,0.014095745369791983,0.019228651278838514
1746739392388778800,18.78077880859375,-0.03199965085089206,0.021955811220407486,0.022112974543496967
1746739392398857500,18.790857421875,-0.004701894080638885,0.021793314135074616,0.026466712773591278
1746739392408937700,18.800937744140626,0.003923895445466041,0.011762918508052824,0.019124204523675144
1746739392419017500,18.811017578125,-0.0014268179327249525,0.010785597908496857,0.0215353207860142
1746739392429096700,18.8210966796875,0.0024888942062854767,0.006978022319078445,0.011123524625971912
1746739392439176400,18.831176513671874,0.005063128608465194,0.002269113975763321,0.014201397701352834
1746739392449256700,18.841256591796874,-0.014160042777657507,0.0036228666722774505,0.0005116758491843939
1746739392459335700,18.851335693359374,-0.02455108841061592,0.009908230552077292,0.033175708892941476
1746739392469415700,18.861415771484374,0.008505962538719177,0.020357728374004364,0.025000804939493537
1746739392479495400,18.871495361328126,0.023220132067799566,0.01532499490380287,0.027984643055871127
1746739392489574700,18.88157470703125,0.01645136858522892,0.0162257431358099,0.0305666954383254
1746739392499654700,18.891654541015626,0.03874795606732368,0.022234628161787985,0.019109554943814874
1746739392509734700,18.901734619140626,0.061734863901138304,0.018627543580532074,0.004817848610505462
1746739392519813600,18.911813720703126,0.038760231027007104,0.01191957037448883,0.026601372003927825
1746739392529893600,18.9218935546875,0.03250058611035347,0.006497545325756073,0.018938180432282386
1746739392539973600,18.9319736328125,0.03307692469358444,0.015542437046766281,0.02745864642038941
1746739392550052600,18.942052490234374,0.00859948604106903,0.02222059963643551,0.03780775260776281
1746739392560132600,18.952132568359374,-0.015505612167716025,-0.016261398971080778,0.013023878354579209
1746739392570211600,18.962211669921874,-0.06639233431816101,0.0044447044491767885,0.006868351399526
1746739392580291600,18.97229150390625,-0.0791980398774147,0.0010427870512008666,0.0066312181754037735
1746739392590371600,18.98237158203125,-0.10954758543372153,0.01208732815682888,0.019549517263658344
1746739392600450600,18.992450439453126,-0.09424597140550613,0.004470423412322998,0.014705328635498881
1746739392610530600,19.002530517578126,-0.0819125595331192,0.0018956044882535933,-0.005025974935851991
1746739392620610800,19.01261083984375,-0.01410159058868885,0.010890227326750756,0.003770202721096575
1746739392630689500,19.022689453125,0.027438626545667647,0.005226794737577438,-0.0031057474629953502
1746739392640769800,19.032769775390626,0.10068623358607291,0.004793079495429993,0.004688705805502832
1746739392650849500,19.042849609375,0.12941899159550665,0.009793664261698722,0.01148366317525506
1746739392660928800,19.0529287109375,0.13463234232962132,0.013888240098953246,0.01826634558532387
1746739392671008500,19.063008544921875,0.1288163495272398,0.011149755045771597,0.02938902996107936
1746739392681088800,19.0730888671875,0.09435527699887752,0.016004793861508368,0.020731749318167566
1746739392691167500,19.08316748046875,0.03096680067181587,-0.010544774889945983,-0.002186404128372669
1746739392701247700,19.093247802734375,-0.027815643164515493,0.01073708259165287,0.014246296289004385
1746739392711327500,19.103327392578127,-0.08046879046559334,0.0007797522008419036,0.026186909451521932
1746739392721406700,19.11340673828125,-0.11663432882428168,-0.003191489517688751,0.0020722031641751525
1746739392731486500,19.123486572265627,-0.1444575707733631,0.004261749097704887,0.006062587974593043
1746739392741566700,19.133566650390627,-0.09897709158062934,-0.014186930784583092,0.0030018121644854543
1746739392751645400,19.1436455078125,-0.07221767947077751,0.0008463876962661743,0.006529511366598308
1746739392761725700,19.1537255859375,-0.029223756396770474,0.010279401952028274,0.04239000236410648
1746739392771805400,19.163805419921875,0.00014905308187007903,0.030191724646091458,0.029779198322445154
1746739392781884700,19.173884765625,0.03269873903095722,0.006767594438791275,-0.02803790761306882
1746739392791964400,19.18396435546875,0.10957213535308838,0.008255787169933318,0.0027367680201306937
1746739392802043600,19.194043701171875,0.10016367101669311,0.005580430480837822,0.0432245900247246
1746739392812123600,19.20412353515625,0.0919072993248701,0.01964461166858673,0.02235536846462637
1746739392822203600,19.21420361328125,0.10157646042406558,-0.0023906945288181304,0.007123458671756088
1746739392832282600,19.22428271484375,0.0727367349088192,-0.02107318316698074,0.017289061518386006
1746739392842362600,19.234362548828123,0.011433248162269592,-0.011364859101176262,-0.00958166547883302
1746739392852442600,19.244442626953123,-0.01952303111553192,-0.00826747760772705,-0.0046070919366553425
1746739392862521600,19.254521484375,-0.06708440823554992,0.009397942942380905,0.0056987596308812494
1746739392872601600,19.2646015625,-0.08448211776018143,0.009230185160040856,0.005933481702208519
1746739392882681600,19.274681640625,-0.07130056462585925,0.0049479777961969375,0.018186667945235966
1746739392892760800,19.2847607421875,-0.04665770627856254,0.007138181316852569,0.025131153320893645
1746739392902840800,19.2948408203125,0.0019616554617881772,0.012752514067292213,-0.0011084361659362912
1746739392912920800,19.3049208984375,0.053743280625343316,0.0010258359163999556,0.015356522553227841
1746739392922999800,19.314999755859375,0.08675941504240035,0.01265022273659706,0.010668145541287958
1746739392933080000,19.325080078125,0.09219137696325778,0.016657704812288284,0.010344064686074851
1746739392943159800,19.335159912109376,0.11892390106618404,0.0028998130947351453,0.026286899227276443
1746739392953239000,19.345239013671875,0.08891980794668197,0.017184359034895895,0.0331205081069842
1746739392963318800,19.35531884765625,0.043968905586004255,0.01334346569776535,0.007553447586856782
1746739392973399000,19.36539892578125,0.006935936743021011,0.0062134676873683925,-0.009419570252299309
1746739392983477800,19.375477783203124,0.007089666000008582,0.01475683962702751,0.036748562411032616
1746739392993558000,19.38555810546875,-0.05428220980763435,0.05955518177449703,0.039044820122048254
1746739393003637800,19.3956376953125,-0.14057225377261637,-0.016236849051713943,-0.033116452986374494
1746739393013717000,19.405717041015624,-0.13200316286981106,0.003053542351722717,-0.01339044664464891
1746739393023796700,19.415796630859376,-0.10215455257296562,0.007001403194665908,0.04400755709595978
1746739393033877000,19.425876953125,-0.05777531262040138,0.00504851556122303,0.051074426742270584
1746739393043955700,19.435955810546876,-0.01348199738562107,0.011575286981463432,0.008424531332962214
1746739393054036000,19.446035888671876,0.051638417300581926,-0.0022089082211256025,-0.023396840341575444
1746739393064114700,19.45611474609375,0.10275310298800468,-0.007138181316852569,-0.022721973287314175
1746739393074195000,19.46619482421875,0.09776303961575031,0.004492050722241401,0.018936828725412486
1746739393084274700,19.476274658203124,0.08797171344161032,0.016513327905535696,0.05088727013971656
1746739393094354000,19.48635400390625,0.05175941333174705,0.0337409415602684,0.04374664113745093
1746739393104433700,19.49643359375,0.022523381975293157,0.01272211892902851,0.042177017200551926
1746739393114514000,19.506513916015624,-0.009931611427664756,0.011953472644090652,0.05292133325058967
1746739393124593000,19.516593017578124,-0.03238017460107803,0.006506313154101371,-0.00814757755510509
1746739393134673000,19.5266728515625,-0.04239245004951954,0.0012830255478620527,-0.021230784881487486
1746739393144753000,19.5367529296875,-0.03771861301958561,-0.011528525230288505,-0.004962700441293418
1746739393154832000,19.546831787109376,-0.03480477139949798,-0.02574409758746624,0.008949906913936137
1746739393164911900,19.556911865234376,-0.008995791882276534,-0.004344166684150695,0.021389409509301183
1746739393174992000,19.566991943359376,0.028126608809828757,0.011018237620592116,-0.003002140958048403
1746739393185070800,19.57707080078125,0.07449088509976863,0.01213175182044506,0.01639872508253902
1746739393195150800,19.58715087890625,0.10137363132834434,0.029112697237730023,0.01715750756058842
1746739393205230800,19.59723095703125,0.11312485939860344,0.013299626556038856,0.029950463236123322
1746739393215309800,19.607309814453124,0.07853869918584823,0.01214227321445942,0.04165777909941971
1746739393225390000,19.61739013671875,0.025440146204829213,-0.004188099339604377,0.01771331481244415
1746739393235469800,19.6274697265625,-0.005754033482074737,-0.007311784318089484,0.022177819940634072
1746739393245549000,19.637549072265625,-0.06223112298548221,-0.006471826362609863,0.0005299056256189942
1746739393255628800,19.64762890625,-0.08272446043789386,-0.015535422784090041,-0.011248137386329472
1746739393265708800,19.657708740234376,-0.10316577544212341,-0.0104220252931118,0.0015469371810555457
1746739393275787800,19.667787841796876,-0.09188684105873107,0.0037491234004497524,0.011398249914124607
1746739393285868000,19.677867919921876,-0.06152677410840988,0.005845218896865845,0.01140953849311918
1746739393295947800,19.68794775390625,-0.03507598955631256,0.014072949016094207,0.004680412901192903
1746739393306027000,19.698027099609376,-0.012384849798679352,0.01664484533071518,0.0026668080564588308
1746739393316106800,19.708106689453125,0.02329495086967945,-0.0022439795345067974,0.0010074234768748284
1746739393326187000,19.71818701171875,0.05777239001095295,0.017706921604275703,0.03663260788116604
1746739393336265700,19.728265625,0.0681090751081705,0.012501169654726982,0.04596161377318203
1746739393346346000,19.738345947265625,0.07982756995260715,0.022594693645834923,0.030131409293599424
1746739393356424700,19.7484248046875,0.06896539967656135,0.015197569131851196,-0.0021386925291270015
1746739393366505000,19.7585048828125,0.06511924564242362,-0.0035410336077213284,0.010875577746890484
1746739393376584700,19.768584716796877,0.019811200407147407,-0.002377250525355339,0.014774009957537054
1746739393386664000,19.778663818359377,-0.02025368347764015,-0.005318564674258232,-0.003359429963119328
1746739393396743700,19.78874365234375,-0.04654898520708084,0.0012678279787302017,0.017589615367539228
1746739393406824000,19.798823974609373,-0.03709668172895908,0.012466682863235472,0.03341813934668898
1746739393416902700,19.808902587890625,-0.06073416242599487,0.019314941322803498,0.04655161555558443
1746739393426983000,19.81898291015625,-0.06295768369436264,0.02357376781105995,0.02492927407324314
1746739393437063000,19.82906298828125,-0.05103577523231506,0.038677228918671605,0.04325772510934621
1746739393447142000,19.839141845703125,-0.027684125739336013,0.022696984976530075,0.04076992688160389
1746739393457222000,19.849221923828125,-0.033460955575108524,0.015495675295591354,0.006934438905678689
1746739393467302000,19.859302001953125,-0.0040057285100221635,0.01033317796587944,-0.0018691914053633807
1746739393477380900,19.869380859375,0.010734744504094123,0.0013198504269123076,0.022775420507602392
1746739393487460900,19.8794609375,0.014460487028956413,-0.008819266271591186,0.0016709288869053123
1746739393497540900,19.889540771484373,0.0199988319337368,-0.012962357425689696,-0.012618731619790196
1746739393507619800,19.899619873046873,0.028825112468004226,0.008093874606490135,0.006736212919838726
1746739393517699800,19.909699951171874,0.041699791610240934,0.023930326163768768,0.019604133527725935
1746739393527779800,19.91977978515625,0.046938276785612104,0.006913724911212921,0.021912593133188784
1746739393537859000,19.929859130859374,0.05392331336736679,0.017409984484314918,0.02211597021818161
1746739393547938800,19.939938720703125,0.07498246800899505,0.01750876868367195,0.020639066066034138
1746739393558018800,19.950018798828125,0.07111410214304924,0.011752981635928153,0.029148462670855222
1746739393568097800,19.960097900390625,0.06563128681778907,0.010039747977256774,0.034238990742899475
1746739393578178000,19.970177978515625,0.022467852395772932,-0.007260346391797065,0.02363039336912334
1746739393588257800,19.9802578125,-0.005078326177597046,-0.0019219079732894896,0.021246092048473653
1746739393598337000,19.9903369140625,-0.03990764749646187,0.0058341129809617994,0.0015488003445789217
1746739393608416800,20.000416748046874,-0.06531330690979957,-0.00846270791888237,0.01713496693521738
1746739393618496800,20.010496826171874,-0.06576046615540981,0.009685527712106705,0.03667224577181041
1746739393628575700,20.02057568359375,-0.07152151390016079,0.0073345806717872615,0.04154975214768201
1746739393638656000,20.030656005859374,-0.08171499113440513,-0.002757774275541305,-0.014807473835721612
1746739393648735700,20.04073583984375,-0.039383331361413,-0.008230068206787108,-0.006769494134932756
1746739393658815000,20.05081494140625,0.012250994285941123,0.0009767360776662827,0.008988960282690823
1746739393668894700,20.060894775390626,0.0665448945313692,-0.000301028773188591,-0.002090067614428699
1746739393678974000,20.070973876953126,0.11392331629991531,0.004875497081875801,0.02362447508499026
1746739393689053700,20.0810537109375,0.12858254077136516,0.022834932142496107,0.023221995231322942
1746739393699134000,20.091134033203126,0.12191314601004123,0.02120002441704273,0.021398323468118905
1746739393709212700,20.101212646484374,0.08026654589176177,0.011658289089798927,0.05415288433954119
1746739393719293000,20.11129296875,0.041215807485580444,-0.0058913961261510845,0.03034205636959523
1746739393729373000,20.121373046875,-0.04747077622711658,-0.006406944432854652,-0.004458988702856004
1746739393739452000,20.131451904296874,-0.10153028319478034,-0.019553426253795622,-0.021281857481598852
1746739393749532000,20.141531982421874,-0.15553893675804137,-0.009413725033402442,-0.01539911958593875
1746739393759612000,20.15161181640625,-0.17146365112066267,0.009338321709632873,0.01870448127426207
1746739393769691000,20.16169091796875,-0.17190788775682447,0.026839491608738896,0.014167678094841539
1746739393779771000,20.17177099609375,-0.1429249543786049,0.018876549905538557,0.014667298180051146
1746739393789851000,20.181850830078126,-0.07967617878317833,0.006131634622812271,0.020671580096147953
1746739393799929900,20.191929931640626,-0.008249357429146766,0.001561257967352867,0.0033577494626864787
1746739393810009900,20.202009765625,0.04647007475197315,-0.0010556465327739716,0.0002436360301449895
1746739393820089900,20.21208984375,0.10815642333626746,-0.0019967267751693726,0.00967171838246286
1746739393830169000,20.222169189453126,0.15202712924480438,-0.0026338556349277493,-0.003422046870552003
1746739393840248800,20.232248779296874,0.17604045751690864,0.013306056296825408,0.0019267668114975093
1746739393850328800,20.242328857421874,0.19281448218524455,0.01884557024538517,0.044879408027045424
1746739393860407800,20.25240771484375,0.15561024842858315,0.03404956911802292,0.06334255482610315
1746739393870487800,20.26248779296875,0.09112228642702103,0.03405599885880947,0.059741278931126
1746739393880567800,20.27256787109375,-0.029432430711388586,0.0059451721400022505,0.04719667199347168
1746739393890647000,20.28264697265625,-0.12592004356384276,-0.006311082842946052,-0.015897387964278458
1746739393900727000,20.29272705078125,-0.17711831588149068,-0.01660509784221649,-0.02784567297659814
1746739393910807000,20.30280712890625,-0.20082769277095794,-0.01462532220184803,-0.021786628665961323
1746739393920886000,20.312885986328126,-0.18321663275659084,-0.011478256347775459,-0.01758775220401585
1746739393930966000,20.322966064453126,-0.12787526928484438,-0.010520224970579146,-0.002270465682633221
1746739393941046000,20.3330458984375,-0.042570729225873946,0.026819033342599868,0.01014711734186858
1746739393951125200,20.343125244140627,0.050985506349802014,0.03448503792583942,0.035588067264296114
1746739393961205000,20.353205078125,0.13072598254084586,0.016895605221390723,0.03571260695941746
1746739393971284200,20.3632841796875,0.1741951219111681,0.00433306076824665,0.01979556444659829
1746739393981364000,20.373364013671875,0.17992343643009662,-0.009243629163503646,-0.01090126017741859
1746739393991444200,20.3834443359375,0.19556465767621992,-0.01013970122039318,0.0070913465004414315
1746739394001523000,20.39352294921875,0.1497515855282545,0.01548573842346668,0.04068045849986374
1746739394011603200,20.403603271484375,0.06838029326498508,0.011571779850125313,0.018597732964158058
1746739394021683000,20.413682861328127,-0.021187164935469627,0.02417816344499588,0.01339808196183294
1746739394031762200,20.42376220703125,-0.13100187687277792,0.02006722099483013,0.04355787709970027
1746739394041842000,20.433842041015627,-0.18668109399676322,0.031226328390836715,0.029933329438231883
1746739394051922200,20.443922119140623,-0.2154863327205181,0.018151742762327193,0.027942520947195588
1746739394062001000,20.4540009765625,-0.2102618760704994,-0.013869535398483275,-0.010404453103803097
1746739394072081200,20.4640810546875,-0.1775625525176525,-0.008570259946584701,-0.011791413950175047
1746739394082161000,20.474160888671875,-0.13210896133184433,0.012469020950794218,-0.01771338787768036
1746739394092240100,20.484240234375,-0.07010287927389144,0.0022831425011157988,0.006044029404595494
1746739394102319900,20.49431982421875,0.0264952082157135,0.022102526214718816,0.03245652777291834
1746739394112400100,20.504400146484375,0.11332768849432467,0.05082885448336601,0.0625611221248284
1746739394122478800,20.514478759765623,0.18338322149515152,0.02967617633938789,0.05834017996154725
1746739394132559000,20.52455908203125,0.2197036581546068,0.013873627051711081,0.04126980269514024
1746739394142638800,20.534638916015624,0.21699206110835073,0.013458616510033607,0.004509988237731158
1746739394152718000,20.544718017578123,0.13862404231429099,0.02367489009797573,0.015091441876254975
1746739394162797800,20.5547978515625,0.040052608925104136,-0.002217091527581215,0.016111322975903748
1746739394172878000,20.564878173828124,-0.05902677398622035,0.0012754267632961273,0.009145319888181984
1746739394182957000,20.57495703125,-0.16328268275260924,0.024873159971833227,0.03804916014820337
1746739394193037000,20.585037109375,-0.20503332776725292,0.00827449187040329,0.010847045772150158
1746739394203116000,20.595115966796875,-0.1824029782861471,0.0601227525293827,0.030983897937089205
1746739394213196000,20.605196044921875,-0.07584639136195183,-0.04933130940198898,0.10025102050658315
1746739394223276000,20.615276123046876,-0.12712298961281776,0.06473229215145111,-0.06643631959035992
1746739394233355000,20.62535498046875,-0.06150280871093273,-0.06007657530009746,-0.14685688700005411
1746739394243435300,20.635435302734376,0.08298340363502502,-0.1085515601336956,-0.13317359488867223
1746739394253515000,20.645514892578124,0.24241642522215842,0.04524667043685913,0.16865147977676243
1746739394263594200,20.65559423828125,0.1751052224934101,0.0943476782143116,0.08486804833784699
1746739394273674000,20.665674072265624,0.06781506059765816,-0.014739303970336914,0.01158412787504494
1746739394283754000,20.67575390625,0.08675999956429004,0.018145897543430326,0.053528761091828345
1746739394293833000,20.6858330078125,0.07870645696818829,0.04601999289691448,0.07844681965131312
1746739394303913200,20.695913330078124,0.006787468183040619,-0.004689619120955467,0.016143252484127877
1746739394313993000,20.705992919921876,-0.06566402004361152,-0.019808277797698972,-0.04108692040890455
1746739394324072200,20.716072265625,-0.10895721832513809,-0.015767477974295615,-0.04337123195379972
1746739394334152000,20.72615185546875,-0.10793196693062782,-0.004382160606980323,-0.015119571992196141
1746739394344232200,20.736232177734376,-0.11809972520172596,0.01590484061837196,0.00847998784724623
1746739394354311000,20.746310791015624,-0.058085693743824954,0.019542904859781263,0.02089515971895307
1746739394364391200,20.75639111328125,-0.03850128782987594,0.02097790609896183,0.046025143996067344
1746739394374471000,20.766470947265624,0.00917114844918251,0.03537234215438366,0.051632097157649694
1746739394384550100,20.776550048828124,0.030638299369812008,0.004219078999757766,0.004530921427905559
1746739394394630000,20.7866298828125,0.06708791536688805,-0.02016132901906967,-0.02770915058273822
1746739394404709000,20.796709228515624,0.06036123746037483,-0.017646715849637985,-0.039181707842089235
1746739394414788900,20.806788818359376,0.035657004314661025,-0.015277648630738258,-0.03815126881580799
1746739394424869000,20.816869140625,0.010635375782847404,-0.00016191256344318388,-0.0029813904309645292
1746739394434947800,20.82694775390625,0.017950082710385323,0.011093056422471999,0.0697137338258326
1746739394445028000,20.837028076171876,0.027650807991623876,0.02031213566660881,0.05819339190199971
1746739394455107800,20.84710791015625,0.04246726885139942,0.03296586553454399,0.03215765442419797
1746739394465187000,20.85718701171875,0.03737374510467052,0.031142741760611534,0.054167680049873886
1746739394475266800,20.867266845703124,0.010199906975030898,0.024309096348285673,0.02568794695343822
1746739394485347000,20.87734716796875,-0.025467034211754797,0.010702595800161361,0.026139088254421947
1746739394495426000,20.887426025390624,-0.041054479444026945,0.01573240666091442,0.016351561472564936
1746739394505506000,20.897506103515624,-0.02999941694438457,0.020876199290156362,0.0347218788890168
1746739394515586000,20.9075859375,-0.05059738381505012,0.006589315262436867,0.02556607413943857
1746739394525665000,20.9176650390625,-0.06940203752815723,-0.0067155719906091685,0.025706468990817664
1746739394535745000,20.9277451171875,-0.048127194309234615,-0.009435936865210532,-0.0049973698958754535
1746739394545825000,20.937824951171876,-0.04252981269359588,-0.02931377276778221,-0.020770145099796352
1746739394555904300,20.947904296875,-0.03520399985015392,-0.005894903257489204,-0.02366214021425694
1746739394565984000,20.95798388671875,0.03691080376803875,0.009230769681930541,-0.028749416883289813
1746739394576063200,20.968063232421876,0.0570294626891613,0.0040068975538015365,0.015242540784738957
1746739394586143000,20.97814306640625,0.07280044779479503,0.031354338684678074,0.0420877314819023
1746739394596223200,20.98822314453125,0.08176175288558006,0.01992518217563629,0.0593099017765373
1746739394606302000,20.998302001953125,0.05739011269509792,0.02466916183233261,0.031705088351108135
1746739394616382200,21.00838232421875,0.02542553315758705,0.004693126252293587,0.0012878113208338617
1746739394626462000,21.0184619140625,0.019908815562725064,0.000765139153599739,0.007995894124731421
1746739394636541200,21.028541259765625,-0.007304185533523559,-0.034657471883296966,-0.020492716397903857
1746739394646621000,21.038620849609377,-0.027991584253311157,-0.0163607676923275,-0.03689286625254899
1746739394656701200,21.048701171875,-0.04034428534805774,0.037864743492007254,0.03436097315475344
1746739394666780000,21.05877978515625,-0.05044014742672443,0.016328618988394737,0.046597975447960197
1746739394676860200,21.068860107421877,-0.052910921454429626,0.013600655329227447,0.036960816922225054
1746739394686940000,21.07893994140625,-0.056904375004768366,0.02777355758845806,0.024485256632789967
1746739394697019100,21.08901904296875,-0.03318272315561771,0.0019569792866706848,0.030712606715038417
1746739394707099000,21.099098876953125,-0.01671498795747757,0.010906009417772292,0.02495141283981502
1746739394717179100,21.10917919921875,-0.010208674803376198,0.02053425398468971,0.022139387626387178
1746739394727257900,21.1192578125,-0.008695932152867316,0.022443886998295783,0.01568915204107761
1746739394737338000,21.129338134765625,0.03130406980216503,0.019286299750208853,0.026714184728637336
1746739394747417900,21.13941796875,0.05490180301070213,0.0062456163913011545,0.022385727070271966
1746739394757497000,21.1494970703125,0.06311024390757083,0.011367781710624695,0.009479008821956812
1746739394767576800,21.159576904296873,0.06105331137776374,-0.00400631303191185,-0.0045446942249312994
1746739394777656000,21.169656005859373,0.06131050100922584,-0.010458265650272369,-0.012094598147831856
1746739394787736000,21.179736083984373,0.04764963992536068,0.0016664719074964522,0.003840235750004649
1746739394797816000,21.189816162109373,0.014537643918395042,-0.013445172506570815,-0.00147540631480515
1746739394807895000,21.19989501953125,-0.013652677777409552,0.028729250878095625,0.015067257283069192
1746739394817975000,21.20997509765625,-0.04056932627558708,0.033712884509563446,0.009257182764820755
1746739394828055000,21.220054931640625,-0.026747721672058102,0.006436170527338981,0.044976877052150664
1746739394838134000,21.230134033203125,-0.0285123932570219,0.011788052949309348,0.030198117854259906
1746739394848214300,21.24021435546875,-0.016951719322800634,-0.012791092512011527,0.008286620699614286
1746739394858294000,21.2502939453125,0.009639350482821465,0.006271335354447364,0.010557451708428561
1746739394868373200,21.260373291015625,-0.0009048398852348328,0.005443652358651161,-0.00004968436062335968
1746739394878453000,21.270452880859374,-0.00016483517289161682,0.0006581716477870941,-0.00955649450495839
1746739394888533000,21.280532958984374,-0.0211316353559494,-0.0016015899777412413,-0.00044668432157486676
1746739394898611200,21.290611083984373,-0.03205167329907417,0.021080781951546668,0.0008742986164987087
1746739394908691200,21.300691162109374,-0.03376899861097336,-0.003479658809304237,0.010689407525025308
1746739394918771200,21.310771240234374,-0.03352583750486374,0.007356792503595352,0.022547676166333255
1746739394928850200,21.32085009765625,-0.034469255834817886,0.021442601001262662,0.02418817338235676
1746739394938930200,21.33093017578125,-0.01139934589266777,0.006321019715070724,0.023359796266816554
1746739394949010200,21.34101025390625,0.029600188493728637,0.010759878945350645,0.02244717493392527
1746739394959089200,21.351089111328125,0.07658405798673629,0.0014718261182308195,0.02825436337534338
1746739394969169200,21.361169189453125,0.08153086673915386,0.0003495440900325775,0.020555004511773584
1746739394979248400,21.371248291015625,0.06292728855609893,0.008902268379926682,0.043023916353471574
1746739394989328100,21.381328125,0.03810089033544063,0.014859130957722663,0.04817746319174766
1746739394999408000,21.391408203125,0.02796002007126808,0.015257774886488914,0.026032668737880883
1746739395009487000,21.401487060546874,0.006148585757613182,0.003215454915165901,0.0004580459658056497
1746739395019567400,21.4115673828125,-0.025106384205818174,-0.00513736288845539,-0.00787161015793681
1746739395029647400,21.4216474609375,-0.0498141244828701,0.001602174499630928,-0.00741389298569411
1746739395039726300,21.431726318359374,-0.0539186371922493,-0.002591185536980629,0.00889273336660117
1746739395049806300,21.441806396484374,-0.04204232143759727,0.006520926201343536,0.024190511469915507
1746739395059886300,21.45188623046875,-0.03872457519173622,0.018450433447957038,0.018483422402106223
1746739395069965300,21.46196533203125,-0.026287118422985076,0.023794132563471793,-0.00485368710886687
1746739395080045300,21.47204541015625,-0.010176526099443434,0.026695699223875997,0.014688925489969551
1746739395090125300,21.482125244140626,0.029801848545670508,0.016565350353717805,0.04728895338680595
1746739395100204300,21.492204345703126,0.04919862293303012,0.0266390006005764,0.0459593487508595
1746739395110284300,21.5022841796875,0.07441606629788876,0.026629063728451727,0.030544483606517313
1746739395120364300,21.5123642578125,0.04058978454172611,-0.0008089782953262329,0.017052110957354306
1746739395130443300,21.522443359375,0.010888473761081695,-0.00021335048973560332,0.018760631908290085
1746739395140523300,21.532523193359374,-0.01729834080338478,-0.0022498247534036633,0.01636832994427532
1746739395150602200,21.542602294921874,-0.036519174101948736,-0.006562427255511283,0.004955905374325812
1746739395160682200,21.55268212890625,-0.03006196078658104,-0.017457915279269216,0.017914646070823072
1746739395170762200,21.56276220703125,-0.04325754244625568,0.00861994430720806,0.015318967021815478
1746739395180841200,21.57284130859375,-0.015387538745999336,0.0023094459861516953,0.03923709129113704
1746739395190921200,21.582921142578126,0.014756255105137825,0.014963175854086875,0.004249912529438734
1746739395201001200,21.593001220703126,0.013376783445477484,-0.011476502782106398,-0.01807517039477825
1746739395211080200,21.603080078125,0.028018472260236738,-0.007066869646310806,0.00437478101812303
1746739395221160200,21.61316015625,0.05608195270597934,0.01243453415930271,0.01151877102125436
1746739395231240200,21.623240234375,0.06183540166616439,0.01583177538216114,-0.004595474564097822
1746739395241319200,21.633319091796874,0.05162029712200165,0.019061843344569205,0.024759580062143502
1746739395251399200,21.643399169921874,0.03571311841607094,0.025496844828128813,0.04439158797748387
1746739395261479200,21.653479248046875,0.015530162087082862,0.03428045526444912,0.049051031155884266
1746739395271558400,21.663558349609374,0.0003542202651500702,0.03142448131144047,0.05281195459198206
1746739395281638100,21.67363818359375,-0.05640519331097602,0.01593991193175316,0.03317011940237134
1746739395291718100,21.68371826171875,-0.07295534609556198,-0.00931143370270729,-0.0008448898589238524
1746739395301797000,21.693797119140626,-0.09263619812130927,0.005603811356425285,0.003244498346559703
1746739395311877400,21.70387744140625,-0.0852279676914215,-0.0009720599025487899,0.004357281894050539
1746739395321956000,21.7139560546875,-0.0701397041529417,0.006567103430628776,0.0029589228708297014
1746739395332036400,21.724036376953126,-0.046965164792537685,0.013953122028708458,0.02514591249860823
1746739395342116400,21.734116455078127,-0.006787468183040619,0.002117138284444809,0.005171265158057213
1746739395352195300,21.7441953125,0.031903789260983466,0.020419103172421453,0.015094802877120672
1746739395362275300,21.754275390625,0.07610708812475205,0.01892740330994129,0.018358005924150347
1746739395372355300,21.764355224609375,0.09039923284947872,0.0022609306693077086,0.011751556863822041
1746739395382434000,21.77443408203125,0.06968611516654491,0.015408581534028052,0.009542867838405073
1746739395392514300,21.784514404296875,0.0467032989859581,0.014997078123688697,0.036768618818372484
1746739395402594300,21.79459423828125,0.012501754176616668,0.019515432330965993,0.048841041667014355
1746739395412673300,21.80467333984375,-0.010790858605504034,-0.0006692775636911391,0.047215413226559755
1746739395422753300,21.814753173828127,-0.037710429713129996,0.0048895256072282785,0.007797960399836302
1746739395432833300,21.824833251953127,-0.037301848912239075,-0.008557984986901282,-0.017586729290708897
1746739395442912300,21.834912353515627,-0.03721300158500671,-0.014528876090049743,-0.010411576964333653
1746739395452992300,21.8449921875,-0.01175356615781784,-0.0069838675379753105,0.00034468525182455775
1746739395463071200,21.8550712890625,-0.0296060337126255,0.014074702581763267,0.02220076242480427
1746739395473151200,21.865151123046875,-0.030790275061130523,0.016636662024259567,0.031066205925680695
1746739395483231200,21.875231201171875,-0.038816345128417015,0.022920856860280035,0.03763086167089641
1746739395493310200,21.885310302734375,-0.014451134678721427,0.01329202777147293,0.02547638656198978
1746739395503390200,21.89539013671875,0.00034662148058414456,0.019854455026984213,0.023316578179597855
1746739395513470200,21.90547021484375,0.012258008548617362,0.01001636710166931,0.016401428496278823
1746739395523549400,21.915549560546875,0.028574937099218368,0.014233692535758017,0.020503347389772532
1746739395533629200,21.925629150390623,0.042289574196934694,-0.003605331015586853,0.037280294667556876
1746739395543709200,21.935709228515623,0.03525602229833603,0.007854805153608322,0.013127265663817524
1746739395553788200,21.9457880859375,0.01775192978978157,0.008100304347276687,-0.006827873258665204
1746739395563868200,21.9558681640625,-0.014576806885004043,-0.0015898995399475098,-0.007155570843070745
1746739395573948200,21.9659482421875,-0.06798048029243946,-0.003927402576804161,-0.0036763869578018784
1746739395584027400,21.97602734375,-0.07299626262784004,-0.0036982699960470197,0.000727583622187376
1746739395594107100,21.986107177734375,-0.039867315486073494,0.010271218645572662,0.02058602070454508
1746739395604186400,21.996186279296875,-0.03963935194909572,0.014195114091038703,-0.0028274419782683253
1746739395614266000,22.00626611328125,-0.012179098093509673,0.0012140519648790359,0.020345526479557157
1746739395624346400,22.016346435546875,0.03609656477570534,0.01656768844127655,0.015927015917561946
1746739395634425000,22.026425048828123,0.05021159936785698,0.02246142265498638,0.02043130506686866
1746739395644505300,22.03650537109375,0.05004851776063442,0.006459551402926445,0.012915814870223401
1746739395654585300,22.04658544921875,0.03591887012124061,0.01941664813160896,0.012028474109061061
1746739395664664300,22.056664306640624,0.007956511962413787,0.019419570741057393,0.029501075500808653
1746739395674744000,22.066744140625,-0.0011596914291381836,-0.015907178705930707,0.003285487944073975
1746739395684824300,22.07682421875,-0.03452887706756592,-0.012950666987895964,0.006612659605406224
1746739395694903000,22.086903076171875,-0.025543022057414055,0.004191021949052811,-0.0013225903732702136
1746739395704983300,22.0969833984375,-0.01416997964978218,0.030597382837533948,0.014597009422816335
1746739395715063300,22.107063232421876,-0.018299626800417898,0.017587094616889953,0.028283406806737185
1746739395725142300,22.117142333984376,-0.015134440767765045,0.026908465191721916,0.03620316695533693
1746739395735222300,22.12722216796875,-0.02476326985657215,0.017607552883028982,0.04046929996721446
1746739395745302300,22.13730224609375,-0.02215864031612873,0.005327917024493217,0.009322612683847546
1746739395755381200,22.14738134765625,-0.02084288154244423,-0.003565583527088165,-0.009982647495158016
1746739395765461200,22.157461181640624,0.02857610614299774,0.0062122986435890195,-0.00179499365799129
1746739395775540200,22.167540283203124,0.0697778851032257,0.0060369420766830445,0.018861133140698073
1746739395785620200,22.1776201171875,0.06306055954694748,-0.012628595426678657,0.02832951097078621
1746739395795700200,22.1877001953125,0.05472936905324459,-0.004024433210492134,0.010569763200730085
1746739395805779200,22.197779296875,0.04589022903740406,0.0024421324551105496,-0.0006927315045148134
1746739395815859200,22.207859130859376,0.02239128002822399,0.007372574594616889,0.0063636898130178445
1746739395825939200,22.217939208984376,-0.022833763098716736,0.013325345519185065,0.004015811512619257
1746739395836018400,22.228018310546876,-0.05872457616925239,-0.010461772781610488,0.007466974879801273
1746739395846098200,22.23809814453125,-0.05174772289395332,-0.00253448691368103,0.006997932595945894
1746739395856178200,22.24817822265625,-0.06996200949847697,0.01748831041753292,0.016126812805980443
1746739395866257200,22.258257080078124,-0.06093582247793674,0.02997954320013523,0.01193374503031373
1746739395876337400,22.26833740234375,-0.02848375168442726,0.014108020329475402,0.011667385711707175
1746739395886417200,22.278417236328124,0.005260112485289573,0.01177753155529499,0.0432016110079363
1746739395896497000,22.288496826171876,0.02599894913136959,0.015617255848646164,0.03439907667543739
1746739395906577000,22.298576904296876,0.035683892321586606,-0.0009825812965631483,0.012906097193807363
1746739395916656000,22.30865625,0.08139233505129814,0.0018447510838508604,0.018321071447245776
1746739395926736000,22.31873583984375,0.06400280883312225,0.02591886963248253,0.04741455252785235
1746739395936815900,22.32881591796875,0.023940847557783126,0.013081015369296073,0.03459657200891524
1746739395946894800,22.338894775390624,-0.00737082102894783,0.01572539239823818,0.0021797917244955898
1746739395956975000,22.34897509765625,0.02341828498840332,0.013612345767021179,0.009623130000382661
1746739395967054800,22.359054931640625,-0.014391513445973395,0.003260463100671768,0.040038068943098186
1746739395977134000,22.369134033203125,-0.04528524888157844,0.025422610548138616,0.02311064381133765
1746739395987213800,22.3792138671875,-0.04960252755880355,0.007076221996545791,0.009527633736655116
1746739395997293800,22.3892939453125,-0.018051789519190786,0.004174655336141586,0.0028786607088521123
1746739396007372800,22.399372802734376,-0.010128595304489136,0.013669044390320777,-0.005886208494380116
1746739396017453000,22.409453125,0.005912438914179801,-0.0023211364239454266,-0.0026238822301849723
1746739396027532800,22.41953271484375,0.004071779483556747,-0.013733341798186301,0.0035515915343537923
1746739396037612000,22.429612060546877,0.008058218771219252,0.002547346395254135,0.006781257637962699
1746739396047691800,22.43969189453125,0.037976971694827076,0.012258593070507048,0.0273998289052397
1746739396057771000,22.44977099609375,0.042134091374278065,0.015770985105633736,0.019974135883897542
1746739396067850800,22.459850830078125,0.05629822580516338,0.02682838569283485,0.03387348189875483
1746739396077931000,22.469930908203125,0.061033437633514404,0.010883213064074516,0.036509931349568064
1746739396088009700,22.480009765625,0.05316869560778141,0.018071663263440133,0.038415436177328226
1746739396098090000,22.490090087890625,0.03509527877867222,0.005863923597335815,0.022489516238309443
1746739396108170000,22.500169921875,0.00910100582242012,-0.01507189692556858,0.008087737126648425
1746739396118249000,22.5102490234375,-0.0185305129468441,-0.003782441148161888,0.016922237499989567
1746739396128328700,22.52032861328125,-0.04949205292165279,-5.845218896865844e-7,0.02295194611828774
1746739396138409000,22.530408935546873,-0.07176759761571884,-0.00348433498442173,-0.006743592508696019
1746739396148487700,22.54048779296875,-0.07433364871144295,-0.001169043779373169,-0.03531476674824953
1746739396158568000,22.55056787109375,-0.04524667043685913,-0.00853811124265194,-0.015972024103067816
1746739396168648000,22.56064794921875,-0.015032733958959578,0.005877367600798607,0.020245792432129383
1746739396178727000,22.570726806640625,-0.0006043956339359284,0.021135727009177208,0.0205652336448431
1746739396188807000,22.580806884765625,0.025193477967381476,0.035544191589951514,0.04344082659129053
1746739396198886000,22.590885986328125,0.03359481108784675,0.021630817049741742,0.03167162447292358
1746739396208966100,22.600966064453125,0.039024434921145434,0.010723054066300391,0.03124437550418079
1746739396219046000,22.6110458984375,0.04365677089691162,0.015292846199870109,-0.0050456660170108076
1746739396229125000,22.621125,0.06358195307254791,-0.0051221653193235395,0.007852394000813365
1746739396239204900,22.631204833984373,0.026398762103915212,-0.01258358724117279,0.003976027491502464
1746739396249284900,22.641284912109374,-0.011709727016091347,0.008957797959446907,-0.0166341778062284
1746739396259363800,22.65136376953125,-0.03396890509724617,0.00623275690972805,0.009057860800437629
1746739396269444000,22.661444091796874,-0.04984276605546474,0.011597498813271523,0.031155126318149266
1746739396279523800,22.67152392578125,-0.06253565889000892,0.018823358413577077,0.039364005606435236
1746739396289603000,22.68160302734375,-0.08288169682621956,0.025263620594143867,0.028689503389596936
1746739396299682800,22.691682861328125,-0.05022036719620228,0.02624035667181015,0.022553265656903385
1746739396309762000,22.701761962890625,-0.0251139829903841,-0.010164835661649703,0.005131335006467998
1746739396319841800,22.711841796875,-0.04413432528078556,0.0004939209967851639,-0.016288579238951204
1746739396329922000,22.721922119140626,-0.025980244430899618,-0.019005729243159294,-0.00006732961516827345
1746739396340000800,22.732000732421874,-0.007509937238693237,-0.003351648515462875,-0.0026307138297706843
1746739396350081000,22.7420810546875,0.03253507290184498,0.018168693897128104,-0.006038439914025366
1746739396360160800,22.752160888671874,0.059526540201902386,0.02967792990505695,0.040860929633304476
1746739396370240000,22.762239990234374,0.09839432325661182,0.029728783309459685,0.04115530946999788
1746739396380319700,22.77231982421875,0.11662614551782607,0.019852701461315153,0.035405732967332
1746739396390400000,22.78239990234375,0.09116028034985064,0.010491583397984503,0.02217416667882353
1746739396400478700,22.792478759765626,0.04076397206485271,-0.01778933919072151,-0.009094904875196517
1746739396410559000,22.80255908203125,0.010328501790761948,-0.008923895689845085,-0.013011566862277685
1746739396420638700,22.812638671875,-0.054928691017627713,-0.015130933636426924,-0.009740472769737243
1746739396430718000,22.822718017578126,-0.0868225434064865,-0.01034019222855568,0.014101554056070744
1746739396440797700,22.832797607421874,-0.059843351066112514,0.017396540480852127,0.030001426238380372
1746739396450877000,22.842876953125,-0.05723989056944847,0.04463818314969539,0.04035327237211168
1746739396460957000,22.85295703125,-0.04486614668667316,0.03890928410887718,0.021976927073672412
1746739396471037000,22.863036865234374,-0.013116671204566955,0.036112931388616556,0.03177022600919008
1746739396481116000,22.873115966796874,0.018307225584983825,0.004326046505570411,0.01623020011521876
1746739396491196000,22.88319580078125,0.022494740402698516,0.0019072949260473251,-0.012543912817910313
1746739396501276000,22.89327587890625,0.030285248148441312,0.00036240357160568235,-0.023784707148000597
1746739396511355000,22.90335498046875,0.02089373494684696,-0.00852583628296852,-0.042069063314050435
1746739396521435100,22.91343505859375,0.040084173107147215,-0.008553893333673476,0.015266177388653159
1746739396531515000,22.923514892578126,0.049099254211783405,0.009130231916904449,0.04361351627707481
1746739396541594000,22.933593994140626,0.03780336869359016,0.010368249279260635,0.017461276280134917
1746739396551673900,22.943673828125,0.04824351416528225,0.009196867412328719,0.01146422782242298
1746739396561752800,22.9537529296875,0.008957797959446907,0.025126842471957206,0.027353469012863934
1746739396571832800,22.963832763671874,-0.014634674552083015,0.024423662638664245,0.03372278484907001
1746739396581913000,22.9739130859375,-0.04409399327039718,0.009932195949554443,0.03788761291094124
1746739396591991800,22.98399169921875,-0.03445230470001697,0.020812486404180524,0.028366737708635625
1746739396602072000,22.994072021484374,-0.03971767788231373,0.0016588731229305266,0.041958698274753986
1746739396612151800,23.00415185546875,-0.04255786974430084,0.016133388677239416,0.05011785666979849
1746739396622231000,23.01423095703125,-0.022544424763321875,0.023482582396268843,0.030740956026688217
1746739396632310800,23.024310791015626,0.018825696501135827,0.008149988707900046,0.013421280174329876
1746739396642391000,23.03439111328125,0.019498481196165082,-0.00552080924808979,0.00804861069265753
1746739396652469800,23.0444697265625,-0.00234627086520195,-0.004190437427163123,0.00198320970647037
1746739396662550000,23.054550048828126,-0.009242460119724273,0.0010375263541936874,-0.013016206504777073
1746739396672629800,23.064629638671875,-0.016100070929527283,-0.011150339567661285,0.004101151708513498
1746739396682709000,23.074708984375,-0.024647534522414204,-0.0028220716834068296,0.008482654728367924
1746739396692788700,23.084788818359375,-0.014189853394031523,0.014034370571374893,0.004490699015371501
1746739396702868000,23.094867919921874,0.0026350246787071228,0.01633621777296066,0.028175672115944326
1746739396712948000,23.104947998046875,0.009010989451408385,0.037325229787826535,0.02820420409068465
1746739396723028000,23.115028076171875,0.004791325929760932,0.019948563051223753,0.041055648487806316
1746739396733107000,23.12510693359375,-0.005392798954248428,0.007504092019796371,0.03598075637631118
1746739396743187000,23.13518701171875,-0.01105856963098049,-0.004963175365328788,0.00042889293655753134
1746739396753266700,23.1452666015625,-0.01820902590751648,0.011391162586212157,0.003925064489245415
1746739396763346000,23.155345947265626,-0.012701076140999794,0.003737432962656021,0.009027392596937715
1746739396773426000,23.165426025390627,-0.008993453794717788,0.01649403868317604,0.008195069958642125
1746739396783506000,23.175505859375,0.007968786922097206,0.016657120290398595,0.007526303851604461
1746739396793585000,23.1855849609375,0.03185644298791885,0.008777765217423439,0.02618581347297877
1746739396803665000,23.195664794921875,0.03529167813360691,0.03377250574231148,0.0367727470042184
1746739396813743900,23.205743896484375,0.03340834860503673,0.01640343779027462,0.034222587597370145
1746739396823824000,23.215823974609375,0.02683773804306984,0.004017418947815895,0.004360789025388658
1746739396833904000,23.225904052734375,-0.004051905739307403,-0.01535246743261814,-0.022202223729528486
1746739396843982800,23.23598291015625,-0.036464813566207885,-0.002021276694536209,-0.013748283638991415
1746739396854062800,23.246062744140627,-0.04900397714376449,0.015937573844194412,-0.002050027864985168
1746739396864142800,23.256142822265623,-0.04806523498892784,0.01500526143014431,0.026762846175953744
1746739396874221800,23.266221923828127,-0.02451835518479347,0.009971358916163443,0.013403781050257383
1746739396884301800,23.2763017578125,-0.020688567763566968,0.009841010534763335,0.04762761075664312
1746739396894382000,23.286382080078123,0.012149871999025345,0.03177285635769367,0.029718371513299643
1746739396904460500,23.29646044921875,0.04068973778486252,0.008258709779381751,-0.0005344356702640653
1746739396914540800,23.306540771484375,0.05799684641659259,-0.014914660537242889,0.02412281652856618
1746739396924620500,23.31662060546875,0.000014613047242164611,-0.0032709844946861265,0.001565166957490146
1746739396934699800,23.32669970703125,-0.022042904981970785,-0.02204056689441204,-0.015097688953951
1746739396944779500,23.336779541015623,-0.010913608202338217,0.010552373674511908,0.009065313454531133
1746739396954858800,23.346858642578123,0.018639234018325804,0.016951719322800634,0.009141410898044705
1746739396964938800,23.356938720703123,0.037572482547163964,0.013968319597840308,0.02455357262864709
1746739396975018800,23.367018798828123,0.02988017447888851,0.00756254420876503,0.03410502563230693
1746739396985097700,23.37709765625,0.03469254319667816,0.01637888787090778,0.025254962363652884
1746739396995177700,23.387177734375,0.031524434554576874,0.022128245177865026,0.006265965059585869
1746739397005257700,23.3972578125,0.03939443727731704,-0.0016729016482830046,-0.0014193287460133432
1746739397015336700,23.407336669921875,0.02933715364336967,-0.005287585014104843,-0.008663856514170766
1746739397025416700,23.417416748046875,0.02329495086967945,-0.018322423154115676,0.008975041355192661
1746739397035496700,23.42749658203125,0.01343406659066677,-0.0000011690437793731689,-0.0031935718769207596
1746739397045575700,23.43757568359375,0.02280161439478397,-0.0035842882275581357,0.0022038301872089505
1746739397055655700,23.44765576171875,0.023870704931020736,0.018601240095496175,0.013481924320384859
1746739397065734700,23.457734619140624,-0.004863806644082069,0.01775309883356094,0.004709237136878073
1746739397075814700,23.467814697265624,-0.01642740318775177,-0.0017459668844938276,0.013758403174206613
1746739397085894700,23.477894775390624,0.004057166436314583,0.011933598899841307,0.03946914648134261
1746739397095973600,23.4879736328125,0.015561726269125938,0.008106149566173552,0.02203936131801456
1746739397106053600,23.4980537109375,-0.002452069327235222,-0.005295183798670769,0.03185870801024139
1746739397116133600,23.508133544921876,-0.0187613990932703,-0.006733107647299766,0.033443602581508455
1746739397126212600,23.518212646484375,-0.020835282757878302,-0.010775661036372184,0.007605506567656993
1746739397136292600,23.528292724609376,-0.04689677573144436,-0.014548749834299086,0.014467062900215386
1746739397146372600,23.53837255859375,-0.06796177559196949,-0.0043517654687166216,-0.0006867401551455259
1746739397156451600,23.54845166015625,-0.07238952890634537,0.013987608820199966,0.01826397096514702
1746739397166531600,23.558531494140624,-0.042754853621125216,0.017075053441524504,0.002575841837376356
1746739397176610800,23.56861083984375,-0.0039034371793270108,0.017853052076697348,-0.004296272421814501
1746739397186690600,23.578690673828124,0.026603929287195204,0.016128712502121924,0.022178660190850494
1746739397196770600,23.5887705078125,0.055007016950845714,0.01582300755381584,0.026369682139903306
1746739397206849500,23.598849609375,0.0906090762078762,0.0034878421157598493,0.0009295359350740909
1746739397216929800,23.6089296875,0.10090250668525695,0.006953472399711609,0.0011861045120283961
1746739397227009800,23.619009765625,0.061867550370097155,0.015195815566182136,-0.00015186609346419573
1746739397237088800,23.6290888671875,0.01864507923722267,0.002034136176109314,0.011810520509444176
1746739397247168800,23.639168701171876,-0.00395662867128849,0.013424129718542099,0.011585625712387262
1746739397257248800,23.649248779296876,-0.038381460842490195,-0.0021603929042816163,0.01077449199259281
1746739397267327500,23.659327392578124,-0.03261749048829078,0.008747954601049423,0.026489107268489895
1746739397277407700,23.66940771484375,-0.048396658900380134,0.010900164198875427,0.02109254545457661
1746739397287486500,23.679486572265624,-0.06543722555041313,0.009801263046264648,-0.006528524985909462
1746739397297566700,23.689566650390624,-0.02803717696070671,0.008420622342824936,0.028651874792948364
1746739397307646700,23.699646728515624,-0.018638064974546432,0.016492869639396668,0.03838836550731212
1746739397317725700,23.7097255859375,-0.019110943183302878,0.010959200909733771,0.02905318560283631
1746739397327805700,23.7198056640625,0.023749124377965926,0.01675765805542469,0.027231157807447014
1746739397337885700,23.7298857421875,0.026909634235501287,0.00509644635617733,0.023275296321138738
1746739397347964700,23.739964599609376,-0.00009235445857048034,-0.007976385706663132,-0.023186814320087432
1746739397358044700,23.750044677734376,0.010525485667586326,0.005198737686872482,-0.027094745011441407
1746739397368124700,23.760124755859376,-0.021835984233021737,-0.007640285620093345,0.0026310060907155275
1746739397378203600,23.77020361328125,-0.05022445884943008,0.017559622088074683,0.010832250061817466
1746739397388283600,23.78028369140625,-0.057577744221687314,0.015696166303753853,0.013497779476642607
1746739397398362600,23.790362548828124,-0.0381155033826828,0.03788169462680816,0.008605915781855582
1746739397408442600,23.800442626953124,-0.004113280537724495,0.03145838358104229,0.014841851029358803
1746739397418522600,23.810522705078125,0.03769230953454971,-0.0039747488498687745,-0.0035036607393994926
1746739397428601900,23.820601806640624,0.055224459093809124,-0.009074702337384223,0.016232392072305084
1746739397438681600,23.830681640625,0.08573767077922821,-0.011505728876590729,0.023386136284470557
1746739397448761600,23.84076171875,0.08559972361326217,0.009755085816979408,0.013254435707442462
1746739397458840600,23.850840576171876,0.096834818854928,0.01165244387090206,0.021173793997243045
1746739397468920800,23.8609208984375,0.06273322728872299,0.011191256099939345,0.01186528290398419
1746739397479000600,23.87100048828125,0.010585106900334358,0.014725275444984436,0.005790273839235306
1746739397489079800,23.881079833984376,-0.005465279668569564,0.013693594309687614,0.024663060885109007
1746739397499159600,23.89115966796875,-0.07164017184376716,0.008533435067534446,0.0197186632854864
1746739397509238800,23.90123876953125,-0.10835749886631965,0.01811959405839443,0.016233634181320667
1746739397519318500,23.911318603515625,-0.09402560665309428,0.022186697366833687,0.01604994817748666
1746739397529398800,23.921398681640625,-0.07601765627563,0.008283844220638275,0.0070925155442208045
1746739397539477500,23.9314775390625,-0.05622282248139381,0.010077157378196715,-0.009845978970825672
1746739397549557800,23.941557861328125,-0.015136778855323791,0.006441431224346161,-0.0064829688111320135
1746739397559637500,23.951637451171877,-0.0004512508988380432,-0.006956979531049728,-0.0015549378244206309
1746739397569716700,23.961716796875,0.04988777424097061,0.013493103301525115,0.009707922207005322
1746739397579796500,23.97179638671875,0.08146598480939865,0.015090601626038551,0.01780508474912494
1746739397589875700,23.981875732421877,0.08707271877527237,0.008757306951284408,-0.003076082977093756
1746739397599955500,23.99195556640625,0.07172434299588203,0.011606266641616821,0.002068769098073244
1746739397610035700,24.00203564453125,0.036383565023541446,0.00722527507841587,0.013565510950610041
1746739397620114700,24.01211474609375,-0.015108137282729148,0.00009995324313640594,0.029392025635764003
1746739397630194700,24.022194580078125,-0.030495676028728484,0.013541034096479415,0.013416457868739962
1746739397640274700,24.032274658203125,-0.043348143339157104,0.017950082710385323,0.05148322673887014
1746739397650353700,24.042353759765625,-0.06769523361027241,0.023762568381428716,0.029703173944167792
1746739397660433700,24.05243359375,-0.06920330008566379,0.0033610008656978605,0.017909312308579683
1746739397670513700,24.062513671875,-0.05793664066195488,-0.0014355857610702514,-0.017091310456581413
1746739397680593000,24.072593017578125,-0.03343289852440357,-0.01767126576900482,-0.032885639905184505
1746739397690672600,24.082672607421873,-0.002778232541680336,-0.0023468553870916366,-0.003947860842943191
1746739397700752000,24.092751953125,0.008107903131842613,0.014508417823910713,0.008538805362395941
1746739397710831600,24.10283154296875,0.016229834789037705,-0.0007265607088804244,0.005467215897329151
1746739397720911600,24.11291162109375,0.007518705067038536,0.009417816686630248,0.025548282754421232
1746739397730990600,24.122990478515625,0.017976386195421218,0.011049801802635192,0.010452164703048765
1746739397741070800,24.13307080078125,0.02458031450510025,0.002954173630475998,0.0246994839053601
1746739397751150600,24.143150634765625,0.04752338319718837,-0.0025479309171438217,0.0350924657670781
1746739397761229800,24.153229736328125,0.06741641666889191,-0.009174071058630943,0.03641728463005274
1746739397771309600,24.1633095703125,0.05514321055114269,0.0069803604066371915,0.015602021746896207
1746739397781389800,24.173389892578125,0.046722003686428065,0.010199906975030898,0.013168839783221482
1746739397791468500,24.183468505859373,0.030197569864988325,0.009257073166966438,0.023707988649979233
1746739397801548800,24.193548828125,-0.0015945757150650024,-0.010869184538722038,0.012201382990553974
1746739397811627500,24.20362744140625,-0.0008107318609952926,-0.03013502602279186,0.005842917341925204
1746739397821707800,24.213707763671874,-0.07146481527686119,0.030516718816757202,-0.0355609600616619
1746739397831787500,24.22378759765625,-0.094721772223711,-0.0007446808874607086,0.001934730922244489
1746739397841866800,24.23386669921875,-0.10757423953413962,-0.014408464580774306,0.013426687001809478
1746739397851946500,24.243946533203125,-0.10028525156974792,0.012898060017824172,-0.024449710395373404
1746739397862026800,24.25402685546875,-0.07554828519821166,0.006992050844430923,-0.0004073386918753385
1746739397872105500,24.26410546875,-0.025671032351255417,0.012776479464769362,0.022009733364731072
1746739397882185700,24.274185791015626,0.029643443113565444,0.01844458822906017,-0.001149791089631617
1746739397892265500,24.284265380859374,0.05394084902405739,0.016747721183300018,0.030019144558161494
1746739397902345000,24.294344970703126,0.0915723682820797,0.00853811124265194,0.020362952538393438
1746739397912424700,24.3044248046875,0.10575988358855247,0.017460253366827962,0.006857318548858165
1746739397922504000,24.31450390625,0.12309388022720813,0.007178513327240944,0.01775576571468264
1746739397932584000,24.324583984375,0.07968670017719268,0.003181552645564079,0.03613148995861411
1746739397942664000,24.334663818359374,0.026698037311434743,0.015048516049981116,-0.0007318579385057092
1746739397952743000,24.344742919921874,-0.013936755415797232,-0.00367255103290081,-0.01545088630579412
1746739397962823000,24.354822998046874,-0.02342296116352081,0.015911270359158514,0.030305158425308763
1746739397972902700,24.364902587890626,-0.12307225291728972,0.0011667056918144225,-0.0016096271537244318
1746739397982982000,24.37498193359375,-0.11142390069961547,0.00327039997279644,-0.019557444841787217
1746739397993062000,24.385061767578126,-0.1092401269197464,0.008311901271343231,0.012698190064169466
1746739398003140900,24.395140869140626,-0.10630816512107849,-0.00002864157259464264,-0.0038408933371305463
1746739398013220900,24.405220947265626,-0.012910919499397277,0.012552607581019401,-0.00023494126703590154
1746739398023300900,24.41530078125,0.034063597643375396,0.03018354133963585,0.03226553524546325
1746739398033379800,24.4253798828125,0.09901099385023117,0.017680618119239808,0.03128317314460873
1746739398043459800,24.4354599609375,0.10617723221778869,0.02284428449273109,0.003167779848538339
1746739398053539800,24.445539794921874,0.1341267308950424,0.009442951127886772,0.017864925177581606
1746739398063618800,24.455618896484374,0.12384908250868319,0.0000935235023498535,0.02762004752717912
1746739398073698800,24.46569873046875,0.06499649604558945,0.014962591332197189,0.018767974964529276
1746739398083778800,24.47577880859375,0.009374562066793442,-0.005460603493452072,0.024425671932660042
1746739398093857800,24.48585791015625,-0.06655424688160419,0.006593991437554359,0.013919694683142006
1746739398103937800,24.495937744140626,-0.11979366963803767,0.003435819667577743,-0.0013079042607918381
1746739398114016800,24.506016845703126,-0.12787293119728566,-0.017041151171922682,-0.023068083311244846
1746739398124096800,24.5160966796875,-0.1326022978067398,-0.023771920731663704,-0.031309586227498944
1746739398134177000,24.526177001953126,-0.08967793283760547,-0.002053425398468971,-0.015161657568253576
1746739398144256000,24.536256103515626,-0.04906593646407127,0.021697452545166016,0.014924159017950295
1746739398154336000,24.5463359375,0.022268530431389807,0.03966097925901413,0.047817836099117994
1746739398164415700,24.556415771484374,0.07320669050812721,0.02594225050806999,0.04402779616639018
1746739398174495000,24.566494873046874,0.11733400152623653,0.01899579237103462,0.02402257102448493
1746739398184574700,24.57657470703125,0.12018822191357612,0.012427519896626472,0.013267295189015567
1746739398194655000,24.586655029296875,0.092569562625885,-0.011638999867439269,-0.002836940458975732
1746739398204734000,24.59673388671875,0.04297521837353706,-0.0019067104041576384,0.009911628085561097
1746739398214814000,24.60681396484375,-0.001651274338364601,0.0016150339812040328,0.013268902624212205
1746739398224893000,24.616892822265626,-0.05157762702405452,0.00663490796983242,-0.007788206190802157
1746739398234973000,24.626972900390626,-0.07343933022022246,0.004290975192189217,0.01850775312576443
1746739398245053000,24.637052978515626,-0.09589315409064292,0.012774141377210616,-0.0036800402196124193
1746739398255132000,24.6471318359375,-0.09535539395213126,0.006126958447694778,0.01378112646266818
1746739398265212000,24.6572119140625,-0.09216273539066314,0.012442717465758323,-0.005215652289055288
1746739398275292000,24.6672919921875,-0.05920972933769226,0.0033154081583023068,0.0002848082907497883
1746739398285371000,24.677370849609375,-0.044372810211777684,0.0039437691897153855,-0.012310944312252103
1746739398295451000,24.687450927734375,0.007198387071490287,0.014698971959948539,-0.013750292932987213
1746739398305529900,24.69752978515625,0.0429822326362133,0.014078794234991072,0.010830350365675985
1746739398315609900,24.70760986328125,0.06762450646162033,0.01749824728965759,0.03610810908302665
1746739398325689900,24.71768994140625,0.08911386921405792,0.0180512049973011,0.05319952913746238
1746739398335768800,24.727768798828127,0.1012707554757595,-0.0018798223972320556,0.043889995130896566
1746739398345848800,24.737848876953127,0.07832651773989201,0.012590601503849028,0.04413209679108113
1746739398355928800,24.7479287109375,0.05389525631666183,0.015550620353221892,0.024440759903937577
1746739398366007800,24.7580078125,0.022017186018824575,0.006928337958455085,0.004021693264134228
1746739398376087800,24.768087890625,-0.023230653461813924,-0.004075871136784553,0.014139913305081426
1746739398386166800,24.778166748046875,-0.05999065058231354,0.006554828470945358,-0.009660575933940709
1746739398396246800,24.788246826171875,-0.1048743329256773,0.0030243162572383877,-0.010998363876342773
1746739398406326800,24.798326904296875,-0.10759528232216835,-0.008326514318585396,-0.0018261925138533114
1746739398416406000,24.808406005859375,-0.07265431732237339,0.011909633502364158,0.005773140041343867
1746739398426485800,24.81848583984375,-0.0275409178763628,0.026025252616405484,0.0008398118250072002
1746739398436565800,24.828565673828123,-0.005525485423207283,0.019418986219167707,-0.00480312596540898
1746739398446644700,24.838644775390627,0.04616904597878456,0.024660978525876998,0.023341383827291427
1746739398456725000,24.84872509765625,0.0628980624616146,0.02502162853181362,0.028092012420482933
1746739398466805000,24.858804931640623,0.08973580050468444,0.016824878072738646,0.030150844646431505
1746739398476884000,24.868884033203123,0.03404664650857448,0.01231996786892414,0.016812310852110386
1746739398486964000,24.8789638671875,0.025001754787564275,-0.007720365118980407,0.02952252014763653
1746739398497043000,24.88904296875,-0.021574118426442145,0.006767594438791275,0.039931941687501964
1746739398507122700,24.899122802734375,-0.025261867028474806,-0.011833061134815215,0.04577325159423053
1746739398517203000,24.909202880859375,-0.04066518786549568,-0.011293547430634498,0.008362645077891648
1746739398527281700,24.91928173828125,-0.010631868651509285,-0.000834112736582756,-0.013360380299948155
1746739398537362000,24.92936181640625,0.011213467931747436,-0.0005617255359888076,-0.009585684066824614
1746739398547442000,24.93944189453125,0.0322726225733757,0.005142039063572883,-0.007314889590628444
1746739398557521000,24.94952099609375,0.0202384859085083,0.005362988337874412,-0.008435016194358467
1746739398567601000,24.959600830078124,0.030936405533552168,0.004257657444477081,0.009777736040204764
1746739398577681000,24.969680908203124,0.015151976424455642,0.012026537880301474,0.022092443212121723
1746739398587759900,24.979759765625,0.01794014583826065,0.023216624936461448,0.03626384763401001
1746739398597840000,24.98983984375,0.0015513210952281952,0.007487725406885147,0.01940503075905144
1746739398607919000,24.999919189453124,-0.02766542103886604,0.008587795603275298,0.0077217533584684125
1746739398617998800,25.009998779296875,-0.027083237236738205,-0.00473871895968914,0.015930523048900067
1746739398628078800,25.020078857421876,-0.05188859266936779,-0.009192775759100914,-0.002507745037227869
1746739398638157800,25.03015771484375,-0.0492389549434185,0.0004629413366317749,0.011050824715942143
1746739398648237800,25.04023779296875,-0.04463993671536445,0.008114332872629165,0.011202033222280442
1746739398658317800,25.05031787109375,-0.042159810337424275,-0.0017255086183547972,0.007724456772208213
1746739398668397000,25.06039697265625,-0.04144143293499946,0.024317864176630972,0.00917823577709496
1746739398678476800,25.070476806640624,0.001959317374229431,0.017570143482089042,0.011081475582532583
1746739398688556000,25.08055615234375,0.016411621096730233,0.012737316498160362,0.023015914732590317
1746739398698635800,25.0906357421875,0.040572248885035515,0.044237785655260084,0.04352496121078729
1746739398708716000,25.100716064453124,0.07008008292019367,0.01810088935792446,0.028491679262556135
1746739398718794800,25.110794677734376,0.06490180349946022,0.013960136291384696,-0.004485438318364322
1746739398728875000,25.120875,0.06776011554002762,-0.007598784565925598,-0.0017162293333560228
1746739398738954800,25.130954833984376,0.044429508835077285,0.006042202773690223,0.015314765770733355
1746739398749034000,25.141033935546876,0.033550387424230575,-0.011336802050471306,0.04611384519282728
1746739398759113700,25.15111376953125,-0.008724573725461959,0.0011754735201597213,0.040571554765291507
1746739398769193000,25.16119287109375,-0.0032820904105901718,0.02102057619690895,0.02449647214654833
1746739398779272700,25.171272705078124,-0.023857260927557945,0.014032617005705832,-0.0009975231373682617
1746739398789353000,25.18135302734375,-0.060245502126216884,0.010496259573101997,-0.0011130758084356785
1746739398799431700,25.191431640625,-0.08296703702211379,0.017151625809073447,-0.03156410897783935
1746739398809512000,25.201511962890624,-0.08841361199021339,0.017396540480852127,-0.011096271292865275
1746739398819591700,25.211591796875,-0.05980652618706226,-0.0040355391263961786,0.013357530755735933
1746739398829671000,25.2216708984375,-0.02158405529856682,0.013280337333679199,0.004362432993203401
1746739398839750700,25.231750732421876,0.027386604097485542,0.015379355439543723,0.0166719890659675
1746739398849831000,25.241830810546876,0.031850597769021986,0.024346505749225616,0.03568608427867293
1746739398859910000,25.251909912109376,0.051311669564247125,0.026926585370302198,0.03918729733265936
1746739398869990000,25.261989990234376,0.04557867887020111,0.011338555616140365,0.012733772834204137
1746739398880068900,25.27206884765625,0.05370704026818275,-0.011354337707161903,0.00958276145737618
1746739398890148900,25.28214892578125,0.041897360008955,-0.013806991556286811,-0.003790186063200235
1746739398900228400,25.292228271484376,0.007572481080889701,-0.014699556481838225,-0.019669015457481145
1746739398910307300,25.302307373046876,-0.017109540233016012,0.009763853645324706,0.005369527676515281
1746739398920387300,25.31238720703125,-0.015842881298065183,0.018444003707170486,0.024190986393950877
1746739398930467300,25.32246728515625,-0.023011457753181457,0.02504559392929077,0.034668541266582906
1746739398940546300,25.33254638671875,-0.05261807598769665,0.006460720446705818,0.017611279210075735
1746739398950626300,25.342626220703124,-0.036380057892203325,0.017584756529331207,0.010126768673583865
1746739398960706300,25.352706298828124,-0.031354338684678074,0.021174305453896522,0.009657945585437118
1746739398970785300,25.362785400390624,-0.02883271125257015,0.0037748423635959624,0.015515695170313119
1746739398980865300,25.372865234375,-0.014969605594873427,0.0021089549779891967,-0.006977072471007704
1746739398990944500,25.382944580078124,-0.009144844964146614,0.0032137013494968414,0.025958142196945845
1746739399001024300,25.393024169921876,-0.020633038184046743,0.002457330024242401,0.01223638123869896
1746739399011104300,25.403104248046876,-0.01756196017563343,0.0064162967830896376,0.00014430384151637552
1746739399021183200,25.413183349609376,-0.04039689231812954,0.00994447090923786,0.02654463684801012
1746739399031263200,25.42326318359375,-0.01551321095228195,0.013777765461802483,0.027553521629609164
1746739399041343200,25.43334326171875,0.029995909813046454,0.01950432641506195,0.02292187977358699
1746739399051422500,25.44342236328125,0.04346680128276348,0.017518121033906934,0.014457820147834718
1746739399061502200,25.453502197265625,0.07493278364837169,0.02380991465449333,0.03367032400947064
1746739399071581400,25.46358154296875,0.08471358842849731,0.016116437542438505,0.02739138987045735
1746739399081661200,25.4736611328125,0.06727846950292588,0.01324409697651863,0.019450952260009945
1746739399091741400,25.483741455078125,0.0641401714771986,0.01927636287808418,0.01577332319319248
1746739399101820200,25.493820068359376,0.004371639212965965,-0.003990530940890312,0.0011857026532292366
1746739399111900400,25.503900390625,-0.014537643918395042,0.003642740416526794,-0.02191668478641659
1746739399121980200,25.513980224609377,-0.024397359153628347,-0.015478139638900755,-0.013190430560521781
1746739399132059400,25.524059326171876,-0.03008183453083038,0.007404138776659965,0.004904394382797181
1746739399142139100,25.53413916015625,-0.04738894316256046,0.028267478585243224,0.037020072828792036
1746739399152218400,25.54421826171875,-0.03371872972846031,-0.012134674429893492,0.009588716274127364
1746739399162298000,25.554298095703125,0.04122983601093292,0.05008475811779499,0.08303137096259743
1746739399172378400,25.56437841796875,-0.07444236978292465,0.07889642658233642,0.13256244072038678
1746739399182457000,25.57445703125,-0.10781155542135239,0.012167407655715941,-0.023670323520712553
1746739399192537300,25.584537353515625,-0.014783143112063407,-0.021431495085358618,-0.04486760799139738
1746739399202617300,25.594617431640625,0.0033750293910503387,-0.031211130821704864,-0.031514241954125465
1746739399212696300,25.6046962890625,0.020453005442023275,-0.033473230534791946,-0.026311449146643278
1746739399222776000,25.614776123046877,0.051266076856851577,-0.006430909830331802,-0.020239618419669567
1746739399232855300,25.624855224609377,0.0563496637314558,0.020355390286445618,0.05610368961375206
1746739399242935300,25.634935302734377,0.03903261822760105,0.035143794095516205,0.0584795884322375
1746739399253015300,25.645015380859373,0.027855975174903867,0.027210078486800193,-0.0013011822590604423
1746739399263094300,25.65509423828125,0.01929506757855415,0.003633388066291809,-0.017961444354616104
1746739399273174300,25.66517431640625,-0.030341946771740912,0.0052151042997837065,-0.009991269193030894
1746739399283254300,25.675254150390625,-0.05009118785858154,0.014725275444984436,0.004353153708204627
1746739399293333200,25.685333251953125,-0.06751929252147675,0.013308978906273842,0.029288236467726526
1746739399303413500,25.69541357421875,-0.08003098357021808,0.02862929763495922,0.02639909089747816
1746739399313492200,25.7054921875,-0.06411211442649364,0.021634324181079863,0.015319332347996532
1746739399323572500,25.715572509765625,-0.04120236348211765,0.01559036784172058,0.009261201352812349
1746739399333652200,25.72565234375,0.009952654215693474,0.013953706550598143,-0.004369885647296905
1746739399343731500,25.7357314453125,0.03737199153900146,0.0015279402196407318,0.0013545198814943432
1746739399353811200,25.745811279296873,0.04827390930354595,0.01153612401485443,0.029894714460894464
1746739399363891500,25.755891357421874,0.06692541828155517,-0.005595043528079986,0.004628719246573746
1746739399373970200,25.76597021484375,0.06733224551677704,-0.0026356092005968093,-0.010571845559962094
1746739399384050400,25.776050537109374,0.03952653922438621,0.002527472651004791,0.002167297569103539
1746739399394130200,25.786130126953125,0.016458382847905156,0.003415361401438713,0.036813371275551614
1746739399404209400,25.79620947265625,-0.0029290391892194748,0.013178630524873733,0.04371193515025079
1746739399414289200,25.8062890625,-0.03599485796689987,0.023581951117515564,0.026490641638450323
1746739399424368400,25.816368408203125,-0.03881342251896858,0.010393383720517157,0.006903824571706354
1746739399434448100,25.8264482421875,-0.06244798060655594,0.018866613033413887,0.010828998658806085
1746739399444528400,25.8365283203125,-0.07342237908542155,0.01968728176653385,0.041016412455961104
1746739399454607400,25.846607421875,-0.04978197577893734,0.0012894552886486053,0.02357442539818585
1746739399464687400,25.856687255859374,-0.01492985810637474,0.0092412910759449,0.007517682153731584
1746739399474767000,25.86676708984375,0.01206336275935173,0.02435761166512966,-0.009426840243302285
1746739399484846300,25.876846435546874,0.032765959048271176,-0.0058317748934030526,0.009978592374548316
1746739399494926300,25.88692626953125,0.03418751628398895,0.004558101695775986,0.0019110577857121825
1746739399505005300,25.89700537109375,0.038763153636455536,0.009120879566669463,0.010401932353153825
1746739399515085300,25.907085205078126,0.02266366722881794,0.019583236870169638,0.024128844410553574
1746739399525165300,25.917165283203126,0.03402092754542827,0.013671382477879523,0.008965798602811992
1746739399535244300,25.927244384765626,0.02596095520853996,0.009375731110572815,0.04185059825778007
1746739399545324300,25.93732421875,0.005883797341585159,0.01650982077419758,0.03890577697753906
1746739399555404300,25.947404296875,0.01948211458325386,0.01617079807817936,0.026300343230739234
1746739399565483300,25.957483154296874,-0.005179448464512825,-0.0038619361251592634,0.005331204960122704
1746739399575563300,25.967563232421874,-0.0007458499312400817,0.00819733498096466,-0.015143537389673292
1746739399585642200,25.977642333984374,-0.009684943190217017,-0.001855272477865219,-0.014668576821684836
1746739399595722200,25.98772216796875,-0.02411152794957161,0.01570844126343727,0.043540560638718306
1746739399605802200,25.99780224609375,-0.026629648250341413,0.024186346751451492,0.03309603125285357
1746739399615881200,26.007881103515626,0.013020225092768668,0.026290041032433507,0.007245002692192792
1746739399625961200,26.017961181640626,0.02373801846206188,0.013689502656459808,-0.003162373021058738
1746739399636041500,26.02804150390625,0.04729834226965904,0.01567746160328388,0.00008950491435825825
1746739399646120200,26.0381201171875,-0.002614566412568092,0.011359598404169082,0.012011194180697201
1746739399656200200,26.0482001953125,-0.03564589839875698,0.01439092892408371,0.009791508837230503
1746739399666279400,26.058279541015626,-0.039867900007963177,0.004292728757858276,0.027150822580233214
1746739399676359200,26.068359130859374,-0.045806057885289186,0.009620645782351493,0.02210592374820262
1746739399686439200,26.078439208984374,-0.03861293151080608,0.0046247371912002564,0.003892988850548863
1746739399696518100,26.08851806640625,-0.02913081741631031,0.0010638298392295837,0.001059592055529356
1746739399706598400,26.098598388671874,-0.004790741407871246,-0.008050035464763641,0.006767411775700748
1746739399716678400,26.108678466796874,0.02008651021718979,0.02049216840863228,0.0057560793086886405
1746739399726757400,26.11875732421875,0.019117957445979116,0.021791560569405555,0.010540244845300912
1746739399736837400,26.12883740234375,-0.013876549661159514,0.01365326229929924,0.025015783312916755
1746739399746916400,26.138916259765626,-0.0391045144200325,0.007428104174137115,0.013720847642794251
1746739399756996400,26.148996337890626,-0.036108839735388754,0.006769932526350021,0.03401610523983836
1746739399767076400,26.159076416015626,-0.038515900877118106,-0.00523848517537117,0.04128602317757904
1746739399777155300,26.1691552734375,0.00495440753698349,0.013320669344067573,0.01636233859490603
1746739399787235300,26.1792353515625,0.008655600142478943,0.019621230792999267,-0.0032004400091245767
1746739399797315300,26.1893154296875,0.016382395002245902,-0.004430091401934623,0.02363970918674022
1746739399807394300,26.199394287109374,0.04569266063868999,0.003547463348507881,0.0071356970988214015
1746739399817474300,26.209474365234374,0.03998597342967987,-0.0024900632500648497,0.017245514637604355
1746739399827553300,26.21955322265625,0.03923018662631511,0.010088263294100761,0.016715572479367256
1746739399837633300,26.22963330078125,0.06344634399414062,0.0011620295166969298,-0.0078037325534969565
1746739399847713300,26.23971337890625,0.03216039437055587,0.02874035679399967,0.008477211368270218
1746739399857792300,26.249792236328126,0.007833177843689918,0.021344985845685005,0.01877940967399627
1746739399867872300,26.259872314453126,-0.05380348637998104,0.01994388687610626,0.03760590989273041
1746739399877952300,26.2699521484375,-0.06306055954694748,0.015180033475160597,0.014757606812007724
1746739399888031200,26.28003125,-0.05241057071685791,0.012142857736349105,0.014328202418796718
1746739399898111200,26.290111328125,-0.06436462788283824,-0.014292729246616363,0.01654832615368068
1746739399908190500,26.3001904296875,-0.06775719293057918,-0.011781623208522796,0.010949008309282362
1746739399918270500,26.3102705078125,-0.0593254646718502,0.006536123770475387,0.0030697263015434144
1746739399928350500,26.3203505859375,-0.03863222073316574,0.02544423785805702,0.013698380082659422
1746739399938429400,26.330429443359375,-0.007851882544159888,0.00838905816078186,0.0189787681709975
1746739399948509400,26.340509521484375,0.009969605350494385,-0.0010585691422224045,0.007152721298858523
1746739399958589400,26.35058935546875,0.03902385039925575,0.00583235941529274,0.012297865634970366
1746739399968668400,26.36066845703125,0.04768646480441093,0.007300093880295753,0.014700835123471916
1746739399978748400,26.37074853515625,0.06380699400007725,0.01946691701412201,-0.0003861132407560944
1746739399988827400,26.380827392578126,0.05611234784424304,0.018228315129876136,0.0062507309578359125
1746739399998907400,26.390907470703127,0.03445230470001697,0.007497662279009818,-0.002706080620922148
1746739400008987400,26.4009873046875,0.040107553982734676,0.01063596030473709,0.007098908752389252
1746739400019066400,26.41106640625,0.01438566822707653,0.00863221926689148,0.013835888857208191
1746739400029146400,26.421146484375,-0.020188217025995252,0.016776947277784348,0.015130385647155343
1746739400039226400,26.431226318359375,-0.05624035813808441,0.00988309611082077,0.005534326316788792
1746739400049305300,26.441305419921875,-0.034683190846443175,0.003237666746973991,0.005646956378407776
1746739400059385300,26.45138525390625,-0.03450432714819908,0.004216156390309334,0.02284242132920772
1746739400069464300,26.46146435546875,-0.01385842948257923,0.010897826111316681,0.013709632129035889
1746739400079544300,26.47154443359375,-0.0018868366599082945,0.020158406409621236,0.02084595028236508
1746739400089624300,26.481624267578123,0.011287702211737633,0.008019640326499938,0.01440214443784207
1746739400099703300,26.491703369140627,0.00715162532031536,0.004357610687613487,-0.004357647220231593
1746739400109783300,26.501783203125,0.005871522381901741,0.01421615687906742,0.00701309363245964
1746739400119863300,26.51186328125,0.00886135184764862,0.02463350599706173,0.04005702937189489
1746739400129942500,26.521942626953123,-0.017749591702222824,0.017165069812536238,0.017538360104337333
1746739400140022300,26.532022216796875,-0.0280418531358242,0.01504442439675331,0.012193820738606155
1746739400150101500,26.5421015625,-0.0014934534281492232,0.01362578977048397,-0.0006864113615825772
1746739400160181200,26.55218115234375,-0.006913724911212921,-0.002932546320557594,-0.004290427202917635
1746739400170261500,26.562261474609375,0.005017535901069641,-0.010385200414061546,0.011744688731618226
1746739400180340200,26.57234033203125,0.00730067840218544,0.013677812218666076,0.02049914613869041
1746739400190420500,26.58242041015625,-0.030866262906789777,0.025507366222143172,0.03146349814757705
1746739400200500500,26.59250048828125,-0.031415713483095166,0.006704466074705123,0.030641916099004445
1746739400210579500,26.602579345703123,-0.05205401236414909,0.003941431102156639,0.036404534746333955
1746739400220659200,26.6126591796875,-0.03308393895626068,-0.0031219314128160475,-0.0012772168615832924
1746739400230738400,26.622738525390623,-0.00945697965323925,0.008128361397981643,-0.008241868242435156
1746739400240818200,26.632818115234375,-0.011796820777654647,-0.011712649625539778,-0.00707742757294327
1746739400250898400,26.6428984375,0.017326397854089737,-0.02522854928076267,0.016831746204942464
1746739400260977200,26.65297705078125,0.08752747680544852,0.07283142745494842,0.05709525793436914
1746739400271057400,26.663057373046875,0.017029460734128952,0.026468904730677603,0.0000716039314866066
1746739400281136400,26.673136474609375,-0.03709375911951065,-0.01599777959883213,-0.08672215177193283
1746739400291216400,26.68321630859375,-0.022031214544177054,-0.0011626140385866165,0.011259608628414571
1746739400301296400,26.69329638671875,0.006246200913190841,0.00045358898639678955,0.08688293182421475
1746739400311375400,26.703375244140624,0.008478490009903908,0.013687749090790747,0.044890404345095156
1746739400321455400,26.713455322265624,-0.015655249771475793,0.009742226335406303,-0.03261745395567268
1746739400331535400,26.723535400390624,-0.0008761983126401901,0.006849427503347397,-0.036206601021438835
1746739400341614600,26.733614501953124,0.019602526092529295,0.011317512828111649,0.006594904753006994
1746739400351694300,26.7436943359375,0.03828150759935379,0.008353986847400664,0.01898640348818153
1746739400361773600,26.753773681640624,0.023362170886993407,0.01445931798517704,0.013571794560924172
1746739400371853300,26.763853271484376,0.018560908085107804,0.026941198417544363,0.005785268870554864
1746739400381933600,26.77393359375,0.017166238856315612,0.013888240098953246,0.0017431173402816056
1746739400392012300,26.78401220703125,0.004114449581503868,0.01220364801287651,0.001146320490911603
1746739400402092500,26.794092529296876,-0.026763503763079642,0.011097732597589493,-0.004290682931244373
1746739400412172300,26.80417236328125,-0.0364162982493639,0.015488661032915114,0.004214110563695431
1746739400422251500,26.81425146484375,-0.03505319320261478,-0.00015489830076694487,-0.011546828071959316
1746739400432331300,26.824331298828124,-0.03312193287909031,-0.0003618190497159958,-0.00041303778029978274
1746739400442410500,26.834410400390624,-0.0046188919723033905,0.006676993545889854,0.0034860520174726842
1746739400452490200,26.844490234375,0.009836334359645843,0.00845920078754425,0.013164930793084204
1746739400462570500,26.854570556640624,0.018363339686393736,0.009321955096721648,-0.011777641153149306
1746739400472649200,26.864649169921876,0.029236031356453893,0.021200608938932417,0.008000752962939442
1746739400482729500,26.8747294921875,-0.0006476502537727355,0.017442717710137366,0.017561010327562687
1746739400492809200,26.884809326171876,-0.009925181686878204,0.007740823385119438,0.03303385273683816
1746739400502888400,26.894888427734376,0.008119009047746657,0.009899462723731994,0.03376892554573715
1746739400512968200,26.90496826171875,-0.0011766425639390945,0.00765139153599739,-0.002622968914732337
1746739400523047400,26.91504736328125,-0.01801028846502304,-0.01025952820777893,-0.011431567661836744
1746739400533127400,26.92512744140625,-0.00960427916944027,0.05621580821871757,0.03905303996112197
1746739400543207400,26.93520751953125,0.060952773612737654,0.008353986847400664,0.0651427726484835
1746739400553286400,26.945286376953124,0.022640286353230475,-0.002895136919617653,-0.000043948739580810067
1746739400563366400,26.955366455078124,0.03453530680835247,0.00883563288450241,0.015019180357642471
1746739400573446400,26.9654462890625,0.023550971457362173,-0.009082885643839836,0.006912227073870599
1746739400583525400,26.975525390625,-0.0001958148330450058,0.0026817864298820495,0.02464336980395019
1746739400593605400,26.98560546875,-0.014649872121214866,0.014894786792993544,0.0016822174658998846
1746739400603684400,26.995684326171876,-0.03453121515512466,0.009559270983934403,-0.026090134546160697
1746739400613764400,27.005764404296876,-0.04182137216329574,0.020620178702473638,-0.0022570582117885348
1746739400623844400,27.01584423828125,-0.04255786974430084,0.004741641569137573,0.052288405641913414
1746739400633923300,27.02592333984375,-0.018918635481595992,0.024193945536017416,0.04268887571282685
1746739400644003300,27.03600341796875,-0.029583237358927726,0.03572597789764404,-0.00464015395604074
1746739400654082300,27.046082275390624,-0.03811842599213123,0.003930909708142281,-0.03239851397536695
1746739400664162300,27.056162353515624,-0.03658054890036583,-0.006582300999760628,-0.015745412272959947
1746739400674242300,27.0662421875,-0.03777414259910583,-0.006591068828105926,0.0031102044424042106
1746739400684321300,27.0763212890625,-0.041430911540985105,0.0014075287103652954,0.012810929723642766
1746739400694401300,27.0864013671875,-0.020045593684911725,0.0009673837274312972,0.022937661864608525
1746739400704481300,27.096481201171876,0.02024842278063297,0.004113280537724495,0.02901566660404205
1746739400714560300,27.106560302734376,0.03947568581998348,0.017338088291883467,0.019311580321937798
1746739400724640300,27.11664013671875,0.03931143516898155,0.017119477105140685,0.01109934003278613
1746739400734719200,27.12671923828125,0.0379325480312109,0.025424948635697362,-0.009645524495281279
1746739400744799500,27.136799560546876,0.014244798451662063,0.01258709437251091,-0.019215170742757616
1746739400754879500,27.14687939453125,-0.011648936739563942,0.0014817629903554916,-0.004622654831968247
1746739400764958500,27.15695849609375,-0.017488894939422607,0.00665887336730957,0.013798552521504462
1746739400775038500,27.16703857421875,-0.00855506237745285,0.017109540233016012,0.029532822345942258
1746739400785118500,27.177118408203125,0.0008282675176858902,0.005973813712596893,0.005213095005787908
1746739400795197400,27.187197509765625,-0.009153612792491913,0.005223872128129005,0.004191679536178708
1746739400805277400,27.19727734375,-0.002114215674996376,0.024876667103171348,0.019185835050418973
1746739400815356200,27.207356201171876,-0.0058902270823717115,0.01825637218058109,0.017060184665955602
1746739400825436400,27.2174365234375,0.0184434191852808,0.009898293679952621,0.044099180902168154
1746739400835516400,27.227516357421877,0.021718495333194733,-0.0032727380603551864,0.03082921883203089
1746739400845595400,27.237595458984377,0.036302316480875015,-0.009012158495187758,0.005803352516517043
1746739400855675400,27.24767529296875,0.03174772191643715,0.00035071313381195067,-0.0017567074742168187
1746739400865754400,27.25775439453125,0.027788170635700223,-0.007193126374483108,-0.029669235141947865
1746739400875834400,27.26783447265625,0.019894202515482903,-0.004042553389072418,-0.018089527713693678
1746739400885914400,27.277914306640625,-0.006880407163500786,0.01707563796341419,0.01879387659076601
1746739400895993300,27.287993408203125,-0.01590484061837196,0.01771276682317257,0.02175641619078815
1746739400906073900,27.298073974609373,-0.048598318952322,0.012473697125911712,0.005907543543353677
1746739400916153900,27.30815380859375,-0.05117255335450172,0.015827099207043647,-0.001545110550150275
1746739400926232800,27.31823291015625,-0.038566169759631154,0.01146598138809204,-0.007099091415479779
1746739400936312800,27.328312744140625,-0.028012627041339874,0.005518471160531044,0.003178264709934592
1746739400946391800,27.338391845703125,-0.03485854741334915,0.0012608137160539626,0.0019288857033476232
1746739400956471800,27.348471923828125,-0.015707272219657897,0.01514554668366909,0.0037005350183695555
1746739400966552000,27.358552001953125,0.01806464900076389,0.02225800903737545,0.016693433712795375
1746739400976631000,27.368631103515625,0.05247136099338531,0.015205167916417121,0.04761811227593571
1746739400986711000,27.3787109375,0.09347674059867858,0.011986790391802787,0.04577182682212442
1746739400996790800,27.388790771484373,0.0914765066921711,0.022362638455629347,0.01667008936982602
1746739401006870000,27.3988701171875,0.0680482848316431,-0.006410451564192772,-0.0009164207251742482
1746739401016950000,27.408949951171873,0.020269465568661688,-0.008183306455612183,-0.015735877259634434
1746739401027028700,27.41902880859375,-0.020000585499405858,-0.02845803272128105,0.008367686579190193
1746739401037109000,27.42910888671875,-0.08594809865951537,0.013677812218666076,0.015132139212824403
1746739401047189000,27.43918896484375,-0.09384498938918114,0.019947394007444382,0.006614157442748546
1746739401057268000,27.44926806640625,-0.13296937755346297,0.014843933388590812,0.017452764180116355
1746739401067348000,27.459347900390625,-0.10861819562911987,0.025664018088579175,-0.007771145458146929
1746739401077427000,27.469427001953125,-0.06875672536194324,0.02003331872522831,-0.0060143649186939
1746739401087507000,27.4795068359375,-0.06080781218409538,0.013563245928287506,-0.008426357963867485
1746739401097587000,27.4895869140625,0.019850947895646093,0.010306874480843543,-0.009389211646653711
1746739401107666000,27.499666015625,0.09813771814703941,-0.01541910292804241,0.02607672707531601
1746739401117746000,27.509745849609374,0.07439853064119815,0.016102993538975714,0.04258205433748662
1746739401127826000,27.519825927734374,0.0921300021648407,0.013066402322053909,0.016668043543212115
1746739401137905000,27.52990478515625,0.08532558284699916,0.010323241093754768,0.028019604771398005
1746739401147985000,27.53998486328125,0.04967559279501438,0.03140636113286018,0.036997824464365836
1746739401158063900,27.55006396484375,0.033868367332220074,0.015947510716319082,0.06466898112427442
1746739401168144000,27.560143798828125,0.04631166931986808,0.01699205133318901,0.01925670832954347
1746739401178223900,27.570223876953126,0.030259529185295102,0.010913608202338217,-0.007125212237425148
1746739401188303000,27.58030322265625,0.015060206487774848,-0.005787351229786872,-0.019542356870509682
1746739401198382800,27.5903828125,-0.011092471900582313,-0.00305646496117115,-0.01732690931074321
1746739401208462800,27.600462890625,-0.04226677784323692,0.017210662519931794,0.002408960837870836
1746739401218541800,27.610541748046874,-0.060224459338188166,0.0019131401449441908,-0.0013957652073353529
1746739401228622000,27.6206220703125,-0.046588148173689836,0.008072247296571732,0.01743734741527587
1746739401238700800,27.63070068359375,-0.037325229787826535,0.012468436428904533,0.018988924238830803
1746739401248781000,27.640781005859374,-0.025147885259985923,0.03953063087761402,0.015827281870134175
1746739401258860800,27.65086083984375,-0.025869185271859167,0.03597966039776802,0.037726723260805006
1746739401268940000,27.66093994140625,0.007039397117495536,0.022467852395772932,0.026844533110037445
1746739401279019800,27.671019775390626,0.03976502415537834,0.015168343037366866,0.01956898914910853
1746739401289099000,27.68109912109375,0.056931847533583636,0.0057113633841276166,0.014441343937069176
1746739401299178800,27.6911787109375,0.09258242210745811,-0.0040355391263961786,0.005278597990050911
1746739401309259000,27.701259033203126,0.07055296112895011,0.0027788170635700223,-0.015118439481034874
1746739401319337700,27.711337646484374,0.05849953524172306,-0.009042553633451461,-0.019109701074287295
1746739401329418000,27.72141796875,0.033467385315895076,-0.00220247848033905,0.00909797361511737
1746739401339497700,27.731497802734374,0.019786065965890883,0.006615618747472763,0.035767332821339363
1746739401349577000,27.741576904296874,-0.012051087799668311,0.020244915649294853,0.010538820073194802
1746739401359656700,27.75165673828125,-0.03001519903540611,0.006802081230282783,0.00682845778055489
1746739401369736000,27.76173583984375,-0.01516600494980812,0.014563362881541251,0.03379939374923706
1746739401379816000,27.77181591796875,-0.03329085970520973,0.005437807139754295,0.012868176336213946
1746739401389896000,27.78189599609375,-0.03837561562359333,0.013497779476642607,0.023122297716513276
1746739401399975000,27.791974853515626,-0.059086395218968385,-0.0002063362270593643,-0.008221702237240969
1746739401410055000,27.802054931640626,-0.079324296605587,-0.03463292196393013,-0.05035027718618512
1746739401420135000,27.812135009765626,-0.03813537712693214,-0.007459083834290504,0.019034042022190986
1746739401430214000,27.8222138671875,-0.06955225965380668,0.04771569089889526,0.12167491680737584
1746739401440294100,27.832294189453126,-0.16011223602294922,0.015594459494948386,0.02468684361949563
1746739401450372900,27.842372802734374,-0.03145546097159385,0.004413140267133712,-0.056693837526626885
1746739401460452900,27.852452880859374,0.0443371543765068,-0.02564472886621952,-0.051675315244868396
1746739401470532900,27.862532958984374,0.10189093320071696,-0.014465163204073905,-0.01649133526943624
1746739401480611800,27.87261181640625,0.11175532461106777,0.030640637457370758,0.01915807026065886
1746739401490691800,27.88269189453125,0.14080723157227037,0.027197803527116773,0.035929756841436025
1746739401500770800,27.892770751953126,0.12260697349309921,0.04269114073514938,0.04793704203199595
1746739401510850800,27.902850830078126,0.09863222366571425,0.015680384212732313,0.028103995119221507
1746739401520931000,27.91293115234375,0.03833879074454307,-0.004618307450413704,0.006344510188512504
1746739401531009800,27.923009765625,-0.01926174983084202,-0.004650456154346466,0.00046579088084399697
1746739401541090000,27.933090087890626,-0.07474281403422355,0.006994973453879356,0.008304448617249726
1746739401551169800,27.943169677734375,-0.11042319922447204,0.03537643380761146,0.007725479685515165
1746739401561249000,27.9532490234375,-0.11528057612776756,0.00827273830473423,0.010181859861686826
1746739401571328800,27.963328857421875,-0.0900771612882614,-0.003338204512000084,0.018649097825214265
1746739401581408000,27.973407958984374,-0.07030746193528174,0.006912555867433548,0.009251812469959259
1746739401591488000,27.983488037109375,-0.02162438730895519,0.0039770869374275205,0.024584771484509108
1746739401601568000,27.993568115234375,0.015251345145702361,0.007642623707652092,0.0015869038652628659
1746739401611647000,28.00364697265625,0.022161562925577163,0.0071831895023584365,-0.0006338043915107846
1746739401621727000,28.01372705078125,0.04406184456646442,0.012312369084358215,0.011818338489718734
1746739401631806000,28.023805908203126,0.06568973900675773,0.011200023928284645,0.027586583648994564
1746739401641886000,28.033885986328126,0.04864917235672474,0.027974633118510246,0.030279439462162553
1746739401651966000,28.043966064453127,-0.0017804536759853363,0.02366495322585106,0.03068710694760084
1746739401662045000,28.054044921875,-0.015416764840483665,0.005139116454124451,0.008245484971627592
1746739401672125000,28.064125,-0.013926234021782875,-0.005896072301268577,-0.004479337371140718
1746739401682205000,28.074204833984375,-0.013869535398483275,0.013670797955989836,0.040128523705527185
1746739401692284000,28.084283935546875,-0.004464578193426132,0.011154431220889091,0.03682568276785314
1746739401702364000,28.094364013671875,0.004230769437551498,0.012962357425689696,0.020729922687262297
1746739401712443000,28.10444287109375,0.004102174621820449,0.019856208592653274,0.01650843253470957
1746739401722523000,28.11452294921875,0.0160644150942564,0.015549451309442519,-0.0009841887317597867
1746739401732603000,28.124602783203127,0.008972995528578758,-0.011163783571124077,-0.0017884908519685268
1746739401742681900,28.134681884765627,-0.0015431377887725828,-0.018437573966383933,0.0020360358722507953
1746739401752761900,28.144761962890627,0.00426291814148426,-0.011851765835285187,-0.03730681734830141
1746739401762841900,28.154841796875,0.02978080575764179,0.04322890087366104,0.1160896640209481
1746739401772920800,28.1649208984375,-0.08473872286975383,0.04819967502355575,0.05636906255166977
1746739401783000800,28.175000732421875,-0.05887947447001934,0.011356675794720649,-0.01472443519476801
1746739401793079800,28.185079833984375,-0.028419454276561736,-0.0010877952367067335,-0.012498320110514759
1746739401803160000,28.19516015625,-0.004327215549349785,-0.02154080067873001,-0.043522586590610444
1746739401813239800,28.20523974609375,0.0024327801048755642,-0.006847673937678336,-0.02660597511380911
1746739401823319000,28.215319091796875,0.007899813339114188,0.003350479471683502,0.0204275056745857
1746739401833398800,28.225398681640623,0.001236263796687126,0.019127309796214104,0.046916357214748856
1746739401843478000,28.23547802734375,0.013411270236968994,0.03162204971015453,0.03861147020608186
1746739401853557800,28.245557861328123,0.008847323322296142,0.01928688427209854,0.007783456950448453
1746739401863638000,28.255637939453123,-0.013441080853343008,-0.0024380408018827436,-0.014706241950951516
1746739401873716700,28.265716796875,-0.02974281183481216,-0.004172901770472527,-0.009345080243982375
1746739401883797000,28.275796875,-0.027769465935230254,-0.019254735568165777,-0.02472114774789661
1746739401893877000,28.285876953125,-0.02491173841655254,0.030142624807357785,0.05982844575792551
1746739401903956000,28.2959560546875,-0.07313187170624733,0.040347207957506175,0.034819968968629836
1746739401914035700,28.30603564453125,0.0037830256700515743,0.006420388436317443,0.00006254384219646453
1746739401924115000,28.316114990234375,0.045722471255064005,0.0017389526218175887,0.022387590233795343
1746739401934194700,28.326194580078123,0.03129179484248161,-0.0008913958817720412,0.020194391038455068
1746739401944275000,28.33627490234375,0.025038579666614533,0.008553893333673476,0.01714347903523594
1746739401954354000,28.34635400390625,0.015275895065069198,0.030126258194446563,0.06602423165813089
1746739401964434000,28.356433837890624,-0.032009003201127054,-0.007724456772208213,0.020253025890514254
1746739401974513000,28.366512939453123,-0.010116904866695404,0.014641104292869567,0.019488909650221466
1746739401984593000,28.376593017578124,-0.03898293386697769,0.008766659301519394,-0.016257563046179712
1746739401994673000,28.3866728515625,0.01757540417909622,-0.01372165136039257,-0.023841332706063985
1746739402004752000,28.396751953125,0.011668225961923599,0.001571194839477539,0.026895386514440178
1746739402014832000,28.40683203125,0.03875263224244117,0.0011427402943372726,0.032006592048332096
1746739402024912000,28.416911865234376,0.05106324776113033,0.021962825483083724,0.036723793295957145
1746739402034991000,28.4269912109375,0.02365560087561607,0.014898293924331665,0.01954907887224108
1746739402045070800,28.43707080078125,0.02812602428793907,0.012668342915177344,0.0021927242713049053
1746739402055150000,28.447150146484375,0.045558805125951764,0.007385434076189994,0.015323898925259708
1746739402065229800,28.457229736328124,0.006458382359147072,0.013731003710627555,0.024486973665840923
1746739402075310000,28.46731005859375,-0.042459085544943806,-0.005519640204310417,-0.0016976342307403682
1746739402085388800,28.477388916015624,-0.0724789607554674,-0.012301263168454169,-0.021279628991894423
1746739402095469000,28.487468994140624,-0.06827741741240025,0.00885609115064144,0.029233072214387354
1746739402105548000,28.497548095703124,-0.09869476750791072,0.014846855998039244,0.03630246261134743
1746739402115628000,28.5076279296875,-0.1007780035227537,0.001426233410835266,0.0036011662971228357
1746739402125707800,28.517707763671876,-0.049373394978046416,-0.010756371814012526,-0.009060527681559323
1746739402135787000,28.527787109375,0.010607903254032134,0.001477086815237999,-0.025156835751421747
1746739402145866800,28.53786669921875,0.07964636816680432,0.008832125753164291,0.020859394285827875
1746739402155947000,28.547947021484376,0.10650865612924099,0.027642624685168263,0.06156085904110223
1746739402166026000,28.55802587890625,0.0880687440752983,0.030759879922866818,0.03925747649203986
1746739402176106000,28.56810595703125,0.08799450979530811,0.0067488897383213035,0.0022250556383281946
1746739402186185000,28.57818505859375,0.04858019877374172,0.006579378390312194,-0.019727759907394646
1746739402196265000,28.588264892578124,0.019288053315877914,-0.004467500802874565,-0.009835201848484576
1746739402206345000,28.598344970703124,-0.0077519293010234825,0.0047784664481878274,0.00027468875553458925
1746739402216424000,28.608423828125,-0.032901568126678465,-0.0018459201276302337,0.014706826472841203
1746739402226504000,28.61850390625,-0.07585925084352493,0.006104162093997001,0.018010215399786828
1746739402236583000,28.6285830078125,-0.0785579884082079,0.04301496586203575,0.02924706420712173
1746739402246663000,28.638662841796876,-0.06018588089346885,-0.003131283763051033,-0.004867277242802083
1746739402256743000,28.648742919921876,-0.046397594037652014,-0.0009194529324769973,-0.0016432371623814105
1746739402266822000,28.65882177734375,-0.03450432714819908,0.0025754034459590913,-0.02146316886525601
1746739402276902000,28.66890185546875,-0.017779986840486525,0.0030500352203845977,0.007626914681866765
1746739402286980900,28.67898095703125,-0.0009375731110572815,0.01376607502400875,0.030262634457834062
1746739402297060900,28.689060791015624,0.006232172387838363,0.029883097088336943,0.02953541616182774
1746739402307140900,28.699140869140624,0.04143909484744072,0.015478139638900755,0.04912431558780372
1746739402317220000,28.70922021484375,0.03447802366316318,0.0014069441884756089,0.01899827658906579
1746739402327299800,28.7192998046875,0.058041270080208776,0.011907295414805412,0.05918952679987997
1746739402337379800,28.7293798828125,0.026992051821947097,0.0020469956576824187,0.016771138591505586
1746739402347458800,28.739458740234376,0.01021510454416275,-0.03237549842596054,-0.052980698755010956
1746739402357538800,28.749538818359376,0.037435704424977304,-0.0022825579792261123,0.0021462182484567162
1746739402367617800,28.75961767578125,0.015637129592895507,0.010494506007432937,0.034659115851111706
1746739402377698000,28.769697998046876,-0.05534603964686394,0.016275427496433258,0.019632921230792997
1746739402387777800,28.77977783203125,-0.056114101409912104,0.023942016601562498,0.021855967575125396
1746739402397857000,28.78985693359375,-0.005772738182544708,0.00014145429730415344,0.007980842686071991
1746739402407936800,28.799936767578124,0.0037613983601331707,0.001443184545636177,-0.008617021697759629
1746739402418016000,28.81001611328125,0.04153261834979057,0.0007557868033647537,0.007805522651784121
1746739402428095700,28.820095703125,0.005445990446209907,0.017647884893417357,0.04592734617739916
1746739402438176000,28.830176025390625,-0.021081366473436353,0.014584990191459654,0.03298537395261228
1746739402448254700,28.840254638671876,-0.02803016269803047,-0.0036392332851886747,-0.021805187235958874
1746739402458335000,28.8503349609375,0.0391349095582962,0.02763502590060234,0.04048519165609032
1746739402468415000,28.8604150390625,-0.02019873842000961,0.006890344035625457,0.04428173439484089
1746739402478494000,28.870493896484376,0.005735913303494453,0.007622749963402748,0.017565394241735338
1746739402488574000,28.880573974609376,-0.010322072049975395,0.004720598781108856,-0.01959587715603411
1746739402498653000,28.89065283203125,0.0002513444125652313,-0.003145312288403511,0.003651325581781566
1746739402508732700,28.900732666015625,-0.023659108006954192,0.006385317122936249,0.007736293340474367
1746739402518813000,28.91081298828125,-0.0418757326990366,0.006900280907750129,-0.011089731954224406
1746739402528892000,28.920891845703125,-0.020041502031683922,0.014044307443499564,-0.005214300582185387
1746739402538972000,28.930971923828125,0.006007715982198715,0.015942250019311904,0.006643602732941508
1746739402549051000,28.94105078125,0.04859773443043232,0.01575812562406063,0.019280125737749038
1746739402559131000,28.951130859375,0.06548457182347774,0.017687632381916046,0.04052537753600627
1746739402569211000,28.9612109375,0.056195934474468225,0.0037912089765071866,0.06453351817633957
1746739402579289900,28.971289794921876,0.024963760864734647,0.015264789149165153,0.02638645061161369
1746739402589370000,28.9813701171875,-0.005018120422959327,-0.004202127864956855,-0.010851539284177123
1746739402599448800,28.99144873046875,-0.033120763835310936,-0.0260550632327795,-0.03218973006289452
1746739402609529000,29.001529052734377,-0.07401917593479156,-0.013211948272585868,-0.00564947712905705
1746739402619608800,29.01160888671875,-0.07525894686281681,0.012439210334420204,0.01503806772120297
1746739402629688000,29.02168798828125,-0.07009703405499458,0.02788286318182945,0.047618075743317605
1746739402639767800,29.031767822265625,-0.07401040810644627,0.02788110961616039,0.023680114262364802
1746739402649848000,29.04184814453125,0.0005728314518928528,0.02784194664955139,0.018699951229617
1746739402659926800,29.0519267578125,-0.03890986863076687,0.027990415209531782,0.04411876238547265
1746739402670007000,29.062007080078125,-0.0017418752312660217,0.004295066845417022,-0.014111198667250573
1746739402680086000,29.0720859375,0.04471475551724434,-0.0010696750581264496,-0.023454196552000938
1746739402690166000,29.082166015625,0.08510989426970482,0.004970189628005027,0.02825597081054002
1746739402700245800,29.092245849609377,0.10421849936544894,-0.006771686092019081,0.022566563529893755
1746739402710325000,29.102324951171877,0.11593290255665778,0.005287000492215156,0.031101606032624837
1746739402720404700,29.11240478515625,0.0675777447104454,0.022207740154862404,0.06448905798010528
1746739402730484000,29.12248388671875,0.010800795477628708,0.007856558719277382,0.03665061846189201
1746739402740564000,29.13256396484375,-0.019636428362131118,-0.01811316431760788,-0.020425605978444217
1746739402750644000,29.14264404296875,-0.059412558433413504,-0.027380758878588676,-0.028352234259247776
1746739402760723000,29.152722900390625,-0.10157353781461716,-0.00789630620777607,-0.02256334865950048
1746739402770803000,29.162802978515625,-0.09081248982548713,-0.003965981021523475,-0.014132752911932766
1746739402780882000,29.1728818359375,-0.06940671370327473,0.01775017622411251,0.02931885080169886
1746739402790962000,29.1829619140625,-0.022754268121719358,0.03695522743165493,0.034614180730842055
1746739402801042000,29.1930419921875,0.012940145593881605,0.03485562480390072,0.02374868598654866
1746739402811121000,29.203120849609373,0.05702361747026443,0.010661679267883301,0.017144648079015314
1746739402821201000,29.213200927734373,0.05822013377845287,-0.001720247921347618,0.01681958084311336
1746739402831279900,29.22327978515625,0.07433774036467075,0.0014466916769742964,0.008588489723019302
1746739402841360000,29.23335986328125,0.06144084939062595,0.004923427876830101,0.015191175923682748
1746739402851439900,29.24343994140625,0.0322118322968483,-0.0033995793104171753,0.0199103864653036
1746739402861518800,29.253518798828125,-0.01907645639181137,0.002035305219888687,0.019983597831986843
1746739402871598800,29.263598876953125,-0.06433247917890549,0.02832476173043251,0.03874525265358388
1746739402881678800,29.273678955078125,-0.06780278563797473,0.019366379249095917,0.04739540943596512
1746739402891758000,29.283758056640625,-0.07062719540894032,0.007428104174137115,0.04753898262511939
1746739402901837000,29.293837158203125,-0.09045476242899894,0.015685644909739494,0.027282011211849748
1746739402911916300,29.303916259765625,-0.06469196014106274,0.007460252878069877,-0.02356357521060854
1746739402921996000,29.31399609375,-0.05418634821772575,0.00013853168785572052,-0.035501886818185446
1746739402932076300,29.324076171875,-0.024642858347296712,0.008061725902557373,0.02126421222705394
1746739402942155000,29.334155029296873,-0.0029898294657468793,0.02030161427259445,0.034854017368704075
1746739402952235300,29.3442353515625,0.05355097292363643,0.04397942698001861,0.028396986716426906
1746739402962314200,29.354314208984373,0.08473872286975383,0.023848493099212643,0.04880819884333759
1746739402972394200,29.364394287109373,0.10187807371914386,0.026528525963425635,0.04187343114409595
1746739402982474000,29.374473876953125,0.10044891769886016,-0.003032499563694,0.014314831480570136
1746739402992553200,29.38455322265625,0.08184826212525367,-0.0036959319084882733,0.004510682357475162
1746739403002633200,29.39463330078125,0.033275662136077876,0.002529226216673851,0.01113645717278123
1746739403012713200,29.404713134765625,-0.03440846555829048,-0.006471241840720177,0.017726430022343993
1746739403022792200,29.414792236328125,-0.06455459749698639,0.0048012628018856045,0.026847967176139353
1746739403032872200,29.4248720703125,-0.10745207445919513,-0.0055681555211544035,0.01658010953143239
1746739403042951200,29.434951171875,-0.11837094335854052,0.007950082221627235,0.004899499011971056
1746739403053031200,29.44503125,-0.08421966743171215,0.013797639206051825,0.010102401417307555
1746739403063111200,29.455111083984374,-0.037113632863759995,0.01794365296959877,0.03999656788893044
1746739403073190100,29.465190185546874,0.033491935235261915,0.028128946897387503,0.035293175970949234
1746739403083270100,29.475270263671874,0.07133972759246826,0.008460369831323623,0.036542737640626724
1746739403093349000,29.48534912109375,0.11212883409857749,0.0028869536131620405,0.014206512267887592
1746739403103429000,29.49542919921875,0.11396657091975211,-0.0014846855998039245,0.006353460679948329
1746739403113509000,29.505509033203126,0.0873369226694107,0.0021603929042816163,0.021974990844912827
1746739403123588000,29.515588134765625,0.04624211121499538,0.0008083937734365463,0.0034174437606707213
1746739403133668000,29.525668212890626,-0.016823124507069586,0.012409984239935874,0.016011150537058712
1746739403143747000,29.5357470703125,-0.02742985871732235,0.0027788170635700223,0.01186528290398419
1746739403153827000,29.5458271484375,-0.044730537608265876,-0.0028752631753683087,0.00010243746116757392
1746739403163907000,29.555906982421874,-0.024784897166490554,0.020184125372767446,0.007604118328168988
1746739403173986300,29.565986328125,-0.04715279631912708,0.024282792863249778,0.015026925272680819
1746739403184066000,29.576066162109374,-0.05533259564340114,0.01938274586200714,0.023792378997802732
1746739403194145300,29.586145263671874,-0.050963879039883614,0.008473813834786414,0.00640807694401592
1746739403204225000,29.59622509765625,-0.05006722246110439,0.02820142761170864,0.020144597079977393
1746739403214305300,29.60630517578125,-0.058114335316419595,0.0296148015409708,0.02207534594684839
1746739403224384000,29.616384033203126,-0.02908230209946632,0.02374327915906906,0.02715794644076377
1746739403234464300,29.62646435546875,0.003896422916650772,0.013209025663137435,0.038552323897369206
1746739403244544300,29.636544189453126,0.013544541227817534,0.026937106764316557,0.033524266602285205
1746739403254623200,29.646623291015626,0.05532499685883522,0.020742343777418137,0.030574732614308594
1746739403264703200,29.656703125,0.08578910870552063,0.008757891473174094,0.02577226423602551
1746739403274782200,29.6667822265625,0.08657529064714908,0.018094459617137907,0.005942212997935712
1746739403284862200,29.6768623046875,0.049208559805154796,-0.005624854144454002,0.0013186083178967237
1746739403294942200,29.686942138671874,0.015143793118000029,0.0026771102547645566,0.009078611327521503
1746739403305021000,29.69702099609375,0.014569792622327804,-0.009389759635925293,0.01568454893119633
1746739403315101200,29.70710107421875,-0.01901157446205616,-0.008673720321059227,0.016613829137943684
1746739403325180200,29.71718017578125,-0.012515782701969146,0.017533903124928474,0.028341128343343732
1746739403335260200,29.72726025390625,-0.0006289455533027648,0.013524667483568191,0.05009418353326618
1746739403345340200,29.737340087890626,-0.008954290828108787,0.028820436292886734,0.025335772514902054
1746739403355419100,29.747419189453126,-0.03671498893499374,0.023107903864979743,0.016446875073201955
1746739403365499100,29.7574990234375,-0.04974047472476959,0.005575169783830642,0.02367616873960942
1746739403375578000,29.767578125,-0.06118950497806072,0.0015203414350748062,0.007007942533306777
1746739403385658400,29.777658447265626,-0.06640227119028567,-0.004948562318086624,0.016707681433856487
1746739403395738000,29.787738037109374,-0.07434241653978824,-0.008325929796695709,0.011042897137813269
1746739403405817300,29.7978173828125,-0.05354688127040863,-0.009033201283216476,-0.014171806280687451
1746739403415897000,29.80789697265625,-0.022284897044301033,0.004015080860257148,-0.009216412363015115
1746739403425977300,29.817977294921874,-0.0016577040791511534,0.010087094250321388,0.009124678958952427
1746739403436056000,29.82805615234375,0.04573065456151962,0.017769465446472166,0.032054815104231235
1746739403446136300,29.83813623046875,0.09905191038250923,0.016520342168211934,0.018194741653837262
1746739403456215000,29.848215087890626,0.1183680207490921,0.01934182932972908,0.02945033169426024
1746739403466295300,29.85829541015625,0.1176093113362789,0.017184359034895895,0.013949943690933286
1746739403476375000,29.868375,0.07896832277476787,0.02007540430128574,0.01434705324973911
1746739403486454300,29.878454345703126,0.03445581183135509,0.010717793369293212,0.003998641182109713
1746739403496534000,29.888533935546874,-0.0156722009062767,0.007059270861744881,0.023847543251141905
1746739403506613200,29.89861328125,-0.0754904175311327,0.010007014751434326,0.02304630987085402
1746739403516693000,29.90869287109375,-0.09506079491972923,0.008497194710373877,0.0004820113632827997
1746739403526773200,29.918773193359375,-0.1030792662024498,0.007017185285687446,0.013553930110670626
1746739403536852200,29.928852294921874,-0.11959434767365455,0.02184358301758766,0.05226981053929776
1746739403546932200,29.93893212890625,-0.09477496371567248,0.010813070437312125,0.010158296323008834
1746739403557011200,29.94901123046875,-0.08980126695632934,-0.0078045362710952755,-0.004335873779840767
1746739403567091200,29.95909130859375,-0.03300269041359424,0.020569909819960593,-0.00534596413783729
1746739403577171200,29.969171142578126,0.031736616000533104,0.028199089524149894,0.0063252574987709516
1746739403587250200,29.979250244140626,0.06512392181754112,0.031683424508571624,0.0314753347158432
1746739403597330200,29.989330078125,0.10387012431919575,0.02034253080487251,0.017937004033103585
1746739403607410200,29.99941015625,0.11379998218119143,0.014448212069272994,0.01792907645497471
1746739403617489200,30.0094892578125,0.10014204370677471,0.0037730887979269025,0.008765526790358125
1746739403627569200,30.019569091796875,0.06493629029095173,-0.000014613047242164611,0.02631199713591486
1746739403637648100,30.029648193359375,-0.005412672698497772,0.018255203136801717,0.0071251391721889375
1746739403647728000,30.03972802734375,-0.06129705700576305,0.006554243949055671,-0.0010309870155528187
1746739403657808100,30.04980810546875,-0.08296995963156223,0.0015524901390075682,0.001986936033517122
1746739403667887000,30.05988720703125,-0.0959551134109497,0.009021510845422744,0.023192111549712718
1746739403677967000,30.069967041015627,-0.06797229698598384,0.026972178077697754,0.012837269741296767
1746739403688046300,30.08004638671875,-0.045319735673069954,0.01729191106259823,0.017795440137945113
1746739403698126000,30.0901259765625,-0.01932137106359005,0.0036363106757402418,0.012936017408035695
1746739403708206000,30.1002060546875,0.011052139890193938,-0.0021972177833318707,0.00305646496117115
1746739403718285000,30.11028515625,0.041622050198912616,-0.0036608605951070784,0.007777538666315377
1746739403728365000,30.120364990234375,0.04209492840766906,0.00992927334010601,0.03700348702017218
1746739403738444000,30.130444091796875,0.056903790482878684,0.009091653472185135,0.04691211943104863
1746739403748524300,30.140524169921875,0.06361351725459098,0.009061842855811119,0.04336860160529613
1746739403758604000,30.15060400390625,0.040083588585257526,0.01519172391295433,0.024854491803981364
1746739403768683300,30.160683349609375,0.004254150313138962,0.01687573147714138,0.004199168722890318
1746739403778763000,30.170762939453127,-0.028826281511783597,-0.0021937106519937513,-0.011131050345301628
1746739403788842200,30.18084228515625,-0.050184711360931396,-0.012999182304739952,-0.008456132047623395
1746739403798922000,30.190921875,-0.04741466212570667,0.01636252125799656,0.017755875312536955
1746739403809002200,30.201002197265623,-0.030206922215223312,0.015995441511273384,0.02279565957803279
1746739403819081000,30.2110810546875,-0.024873744493722913,0.031844168028235434,0.029951632279902694
1746739403829161200,30.2211611328125,0.0016238018095493317,0.026835399955511093,0.010585581824369727
1746739403839241200,30.2312412109375,-0.009457564175128936,0.00013677812218666077,0.013052337264083325
1746739403849320200,30.2413203125,-0.006990297278761863,0.017681202641129493,0.022228271486237645
1746739403859400200,30.251400146484375,-0.013780103549361229,0.026969839990139004,0.019889343677274882
1746739403869479200,30.261479248046875,-0.006941197440028191,0.017975217151641843,0.026908757452666757
1746739403879559200,30.27155908203125,-0.03111585375368595,0.012758943808078765,0.02412080723457038
1746739403889639200,30.28163916015625,-0.02636544435620308,0.006409867042303085,0.012152940738946199
1746739403899718100,30.29171826171875,-0.016042787784337997,0.007345686587691307,0.024828992036543786
1746739403909799400,30.30179931640625,-0.012276128727197647,0.0016693945169448852,0.013185133330896496
1746739403919878100,30.311878173828124,0.010864508363604544,0.00628068770468235,-0.00008716682679951191
1746739403929958400,30.32195849609375,0.05335515809059143,0.01497252820432186,0.018144947695359587
1746739403940038100,30.3320380859375,0.08032616712450981,0.020675123760104178,0.022670389230549336
1746739403950117400,30.342117431640624,0.06521393818855285,0.0017757775008678436,0.021314334979094563
1746739403960197000,30.352197021484375,0.07473521524965762,0.021034604722261426,0.03275025002248585
1746739403970276400,30.3622763671875,0.07387947520315646,0.01767126576900482,0.04484199862610549
1746739403980356000,30.372356201171876,0.01805821925997734,-0.007965864312648773,0.019813976886123418
1746739403990436400,30.382436279296876,-0.056637833023071286,0.00038169279396533964,-0.017401728112623093
1746739404000515300,30.392515380859376,-0.12495265983641148,0.008204349243640899,-0.008722710561938584
1746739404010595300,30.40259521484375,-0.15425591121017931,0.016226327657699584,0.019941548788547515
1746739404020674300,30.41267431640625,-0.12957973511517046,0.022996260184049606,0.036970534598641094
1746739404030754300,30.42275439453125,-0.08015431768894195,0.003050619742274284,0.03898001125752926
1746739404040834300,30.432834228515624,-0.0324251827865839,-0.000993102690577507,0.03901628814730793
1746739404050913300,30.442913330078124,0.032660160586237906,-0.004816460371017456,0.015259528452157974
1746739404060993300,30.4529931640625,0.07181786649823188,0.008439911565184593,-0.01188365881089121
1746739404071072300,30.463072265625,0.10527823755145073,0.0023737433940172192,0.013059314994141459
1746739404081152300,30.47315234375,0.13884674515426157,0.003971241718530655,0.032222645951807495
1746739404091232300,30.483232177734376,0.15387012676298617,0.01722995174229145,0.034723449791595334
1746739404101311200,30.493311279296876,0.12892974677383898,0.025236148065328597,0.03778901137467473
1746739404111391200,30.50339111328125,0.11975158406198023,0.017553776869177817,0.0431348293820396
1746739404121470200,30.51347021484375,0.05474807375371456,0.009994739791750907,0.026743666551448404
1746739404131550200,30.52355029296875,-0.036270752298831935,-0.0002548515439033508,0.009921418827213346
1746739404141630200,30.533630126953124,-0.13118132509291172,-0.0014279869765043258,-0.009015117637254298
1746739404151709400,30.54370947265625,-0.16341069304645062,-0.005319149196147919,-0.01679769780486822
1746739404161789200,30.5537890625,-0.16706044772565365,0.0025917700588703155,0.023352964667230844
1746739404171869200,30.563869140625,-0.1538993528574705,0.009899462723731994,0.031203970428556202
1746739404181948200,30.5739482421875,-0.11471534346044063,0.019254735568165777,0.013503990021720529
1746739404192028200,30.584028076171876,-0.061193012109398835,0.02370528523623943,0.004084127508476376
1746739404202107100,30.594107177734376,0.015326163947582244,0.03439502155482769,0.014091105727292597
1746739404212187400,30.6041875,0.050263037294149396,0.023942601123452187,0.010372779323905706
1746739404222267100,30.61426708984375,0.10553659622669219,0.013777180939912795,0.04055920674037188
1746739404232346400,30.624346435546876,0.11093407135605811,0.025767478463053703,0.01806329729389399
1746739404242426000,30.634426025390624,0.10106500377058983,-0.0006295300751924514,0.015327406056597827
1746739404252505300,30.64450537109375,0.08562135092318057,-0.013298457512259483,0.012782982270792127
1746739404262585000,30.654585205078124,0.05631985311508178,0.0034890111595392223,0.015227745074406265
1746739404272665300,30.664665283203124,0.021769348737597463,-0.0017027122646570204,0.016148111322335897
1746739404282744000,30.674744140625,0.008709376156330108,0.01512508841753006,0.024927666638046502
1746739404292824300,30.68482421875,-0.02817044795155525,0.015205752438306807,0.025215726331807672
1746739404302903300,30.6949033203125,-0.043213703304529186,0.011503390789031983,0.01162530013564974
1746739404312983300,30.7049833984375,-0.03790273741483688,0.03125789257287979,0.012274229031056166
1746739404323063000,30.71506298828125,-0.04584171372056007,0.007981061881780624,0.033797822846658526
1746739404333142300,30.725142333984376,-0.029242461097240446,0.006823708540201187,0.005055566356517374
1746739404343222000,30.735221923828124,-0.04185644347667694,-0.0026239187628030775,-0.0023710765128955244
1746739404353302300,30.74530224609375,-0.07137596794962883,0.005505611678957939,-0.011178542748838663
1746739404363381200,30.75538134765625,-0.06787643539607524,0.0167658413618803,-0.004518171544186771
1746739404373461200,30.765461181640624,-0.0581534982830286,0.012946575334668158,0.016974917535297573
1746739404383540200,30.775540283203124,-0.0257195476680994,0.00784486828148365,0.024739304459095
1746739404393620200,30.7856201171875,0.006901449951529502,0.0081476506203413,0.013146299157850443
1746739404403700200,30.7957001953125,0.053332946258783334,-0.003336450946331024,0.009723119776137172
1746739404413779200,30.805779296875,0.07903846540153026,0.02257423537969589,0.023871873974800107
1746739404423859500,30.815859375,0.06463526151776314,0.02373334228694439,0.032461642339453096
1746739404433938200,30.825938232421876,0.059137833145260804,0.024292729735374448,0.028829971306212246
1746739404444018400,30.836018310546876,0.03926350437402725,0.010511457142233848,0.029123985816724596
1746739404454098200,30.84609814453125,0.017855974686145783,0.013990531429648399,0.01096303683463484
1746739404464177200,30.85617724609375,0.022089082211256026,0.00936111806333065,0.0033640330730006097
1746739404474257200,30.866257080078125,0.009033201283216476,0.0055383449047803875,0.012659903880394995
1746739404484336000,30.876336181640625,-0.007548515683412552,0.0034288054049015043,0.0009389978831633925
1746739404494416100,30.886416015625,-0.009648702833056449,-0.0005050269126892089,-0.003987973657622933
1746739404504496400,30.896496337890625,-0.04585574224591255,0.006583470043540001,-0.0003287570303305983
1746739404514575400,30.906575439453125,-0.06271919876337051,0.0021785130828619,0.006029051031172275
1746739404524655400,30.9166552734375,-0.08124094388186931,0.02361117721199989,0.014275924242287873
1746739404534734300,30.926734375,-0.08364332884848118,0.03171791130006313,0.02012150846533477
1746739404544814300,30.936814453125,-0.0761877521455288,0.02005202342569828,0.04586399861760437
1746739404554894300,30.946894287109377,-0.01867079820036888,0.0015729484051465988,0.03629292759802192
1746739404564973300,30.956973388671877,0.010600304469466209,0.010193477234244346,0.0182152364525944
1746739404575053300,30.96705322265625,0.060845221585035324,0.008859598281979561,0.013993636702187359
1746739404585133300,30.97713330078125,0.08945815260708331,0.00263034850358963,0.022049188592284916
1746739404595212300,30.98721240234375,0.09757014739215374,0.0041238019317388535,0.03329232100993395
1746739404605292300,30.997292236328125,0.09938041168451309,0.012751929545402526,0.04305953565612435
1746739404615371300,31.007371337890625,0.056444940799474715,0.0017968202888965605,0.03490578408855945
1746739404625451300,31.017451171875,0.0025707272708415984,0.010297522130608559,0.0116425800640136
1746739404635531300,31.02753125,-0.04511223040223122,-0.0011544307321310042,0.002992642477340996
1746739404645610200,31.0376103515625,-0.10751228021383284,-0.0010106383472681046,-0.0034777225805446505
1746739404655690200,31.047690185546877,-0.13921791655421256,0.02009644708931446,0.028562114150263367
1746739404665769200,31.057769287109377,-0.13119360005259514,0.00509644635617733,0.02785531758777797
1746739404675849200,31.06784912109375,-0.10598843164741992,0.014032032483816147,0.023924298281781373
1746739404685929200,31.07792919921875,-0.046185412591695785,0.02548749247789383,0.02861998181734234
1746739404696008200,31.08800830078125,0.0032370822250843046,0.014430676412582397,0.027189401024952528
1746739404706088200,31.098088134765625,0.07206628830134869,0.003967734587192536,0.008016936912760139
1746739404716167200,31.108167236328125,0.10299509505033493,0.002201309436559677,0.01489705181531608
1746739404726247400,31.118247314453125,0.12570260142087936,-0.002454407414793968,-0.01698543892931193
1746739404736327200,31.1283271484375,0.12313070510625838,0.008379121288657188,-0.007177782674878835
1746739404746406400,31.138406494140625,0.08704407720267772,0.009978373178839683,0.004780000818148255
1746739404756486100,31.148486083984373,0.026763503763079642,0.011684592574834823,0.02502447807602584
1746739404766565400,31.1585654296875,-0.007700491374731063,0.019878420424461363,0.03861417361982167
1746739404776645000,31.16864501953125,-0.06627776802778243,0.028920389536023137,0.047391208184882995
1746739404786725400,31.178725341796873,-0.09292086028158664,0.01503916369974613,0.017720730933919546
1746739404796804000,31.18880419921875,-0.12344283979535102,0.013283844465017318,0.004255173226445913
1746739404806884400,31.19888427734375,-0.11809504902660846,-0.017157471027970314,0.010037044563516975
1746739404816964000,31.208964111328125,-0.11148644454181193,-0.0015074819535017012,-0.014302921847067773
1746739404827043300,31.219043212890625,-0.08270224860608577,0.01376958215534687,-0.0038557255800813436
1746739404837123000,31.229123046875,-0.046342648980021474,0.005628945797681808,0.0020807883294299244
1746739404847202300,31.239202392578125,-0.00828793587386608,0.04165653699040413,0.030083076639845965
1746739404857282000,31.249281982421873,0.05451777212917804,0.021294716963171957,0.03956478887554258
1746739404867362300,31.2593623046875,0.09318623321950435,0.03285188376605511,0.022509499580413102
1746739404877441300,31.269441162109374,0.11266951684653759,0.025869769793748856,0.026328582944534717
1746739404887521300,31.279521240234374,0.1200625497072935,0.0010053776502609252,0.034773061086982485
1746739404897600300,31.289600341796874,0.08513385966718197,-0.0016717326045036314,0.02773965531885624
1746739404907679500,31.299679443359373,0.05671966608762741,-0.003825695767998695,0.02405497545674443
1746739404917759700,31.309759765625,-0.00017068039178848266,-0.008946692043542861,0.013172346914559601
1746739404927838500,31.31983837890625,-0.031195933252573013,0.009823474878072738,0.006603014994226396
1746739404937918700,31.329918701171874,-0.06440028371810913,0.012924363502860069,0.009488836096227169
1746739404947997700,31.339997802734374,-0.053685412958264345,0.009011573973298072,-0.0007880816377699375
1746739404958077700,31.35007763671875,-0.02879004115462303,0.017068039178848266,0.02712623612824827
1746739404968157700,31.36015771484375,-0.03315758871436119,0.029665070423483847,0.03606722908336669
1746739404978236700,31.370236572265625,-0.044240708264708516,0.019918752434849737,0.030037556997686624
1746739404988316700,31.380316650390625,-0.020073650735616684,-0.006097147831320762,0.00912672478556633
1746739404998395600,31.390395751953125,-0.002537409523129463,-0.005408581045269966,0.0027606238197535275
1746739405008476000,31.400475830078125,0.00862169787287712,0.0017348609685897826,0.009785188694298267
1746739405018555600,31.4105556640625,0.03241992208957672,0.008986439532041549,0.013362316528707742
1746739405028634600,31.420634521484374,0.029201544564962385,0.02757657371163368,0.03867426977660507
1746739405038714600,31.430714599609374,0.006257891350984573,0.011430910074710846,0.04098163340352475
1746739405048794600,31.440794677734374,0.011501637223362922,0.010189970102906227,0.019334559338726104
1746739405058873600,31.45087353515625,-0.005429039311408996,0.01718202094733715,-0.005770692355930805
1746739405068953900,31.460953857421874,-0.041301147681474686,0.009985971963405608,0.017423136226832867
1746739405079032600,31.471032470703125,-0.042327568119764326,0.00962649100124836,0.004419752671010792
1746739405089112800,31.48111279296875,-0.06963409271836281,0.016637246546149252,0.02557831256650388
1746739405099192600,31.491192626953126,-0.06846855607032776,-0.004150689938664436,0.022686573180370033
1746739405109271800,31.501271728515626,-0.05980594166517257,0.01855447834432125,-0.008898249791935086
1746739405119351600,31.5113515625,-0.0014899462968111037,0.0030137948632240293,-0.017500293116271496
1746739405129430800,31.5214306640625,0.028747955578565597,-0.004445288971066475,-0.001842230333201587
1746739405139510500,31.531510498046874,0.06334639075100422,0.017973463585972786,0.041562027107365423
1746739405149590800,31.5415908203125,0.07361117965579032,0.04209083675444126,0.06311013430971651
1746739405159669800,31.551669677734374,0.07277472883164882,0.027993337818980217,0.06449004436079413
1746739405169749800,31.561749755859374,0.06541501371860504,0.019003391155600548,0.04084657231438905
1746739405179828700,31.571828857421874,0.03032850276827812,0.0022626842349767686,0.016433065743558108
1746739405189908700,31.58190869140625,-0.008761398604512215,-0.016211130088567734,-0.014455883919075131
1746739405199988500,31.591988525390626,-0.05910217730998993,-0.01127250464260578,-0.007177490413933992
1746739405210067700,31.602067626953126,-0.07310030752420425,0.0015174188256263732,0.0075809201156720515
1746739405220147700,31.612147705078126,-0.08144435749948024,-0.011333294919133185,0.006234218214452266
1746739405230226700,31.622226806640626,-0.05365443329811096,0.021366028633713723,0.009789828336797654
1746739405240306700,31.632306640625,-0.037000235617160794,0.02255728424489498,0.02865037695560604
1746739405250386700,31.64238671875,-0.008618190741539002,0.03135550772845745,0.04342263334747404
1746739405260465700,31.652465576171874,0.02759060223698616,0.013428805893659591,0.032338162090256806
1746739405270545700,31.662545654296874,0.0659878451704979,0.00821954681277275,0.02171907985508442
1746739405280624600,31.672624755859374,0.07587561745643616,0.021121698483824728,0.009457235381565987
1746739405290704600,31.68270458984375,0.04911386725902557,0.0005213935256004333,0.021215185453556478
1746739405300784600,31.69278466796875,0.030017537122964857,0.006050970602035522,0.02944339049682021
1746739405310863600,31.702863525390626,-0.014777882415056228,0.0004682020336389541,0.013782405104301869
1746739405320943600,31.712943603515626,-0.011601590466499327,-0.0013438158243894577,0.011566884479299187
1746739405331022800,31.72302294921875,-0.023296119913458823,0.004469254368543624,0.013640110556781292
1746739405341102600,31.7331025390625,-0.07057283487319946,0.00044482115805149076,-0.0073365899657830596
1746739405351182600,31.7431826171875,-0.07896890729665756,0.015337854385375976,-0.011770005835965274
1746739405361261600,31.753261474609374,-0.07361117965579032,0.009232523247599602,-0.012684746060706674
1746739405371341800,31.763341796875,-0.05900105502307414,-0.0015045593440532684,0.0010557195980101823
1746739405381420500,31.773420654296874,-0.016662380987405776,0.015271218889951706,0.020463709499128162
1746739405391500800,31.783500732421874,0.017376082214713096,0.037736148676276206,0.04492332023400813
1746739405401580500,31.79358056640625,0.04235445612668991,0.03236497703194618,0.04892144995946437
1746739405411659800,31.80365966796875,0.05157236632704734,0.01990121677815914,0.04222962417062372
1746739405421739500,31.813739501953126,0.037708676147460936,0.01036065049469471,0.01615819432493299
1746739405431819800,31.82381982421875,0.014921674799919127,-0.005083586874604225,-0.006804200122132897
1746739405441898500,31.8338984375,-0.007598784565925598,0.0083481416285038,0.01045253002922982
1746739405451978800,31.843978759765626,-0.0069528878778219215,0.0035737668335437773,0.007882095019333063
1746739405462057500,31.854057373046874,0.014905308187007903,0.015741759011149405,0.039172793883271516
1746739405472137700,31.8641376953125,0.0007628010660409927,0.018393150302767752,0.031671770603395995
1746739405482216700,31.874216796875,-0.011229250022768974,0.02113689605295658,0.018923530852422116
1746739405492296700,31.884296630859374,0.015384031614661215,0.015091770669817924,0.02709894626252353
1746739405502376400,31.89437646484375,0.023246435552835464,0.02453063014447689,0.05326470332816243
1746739405512455700,31.90445556640625,-0.00933364553451538,0.029220833787322043,0.03926021643839776
1746739405522535700,31.91453564453125,-0.0024620061993598937,0.005984919628500938,0.025992848184145986
1746739405532615700,31.92461572265625,0.0009498480707406997,0.008771919998526573,0.006583616174012422
1746739405542694700,31.934694580078126,-0.030770985838770866,-0.010676292315125464,0.0033538770051673053
1746739405552774700,31.944774658203126,-0.04662964922785759,-0.0018728081345558165,0.002831058707460761
1746739405562853600,31.954853515625,-0.04507891265451908,0.0008434650868177413,-0.002724712256155908
1746739405572933600,31.96493359375,-0.05904430964291096,0.015901333487033844,0.006294387436471879
1746739405583012600,31.9750126953125,-0.038646249258518214,0.023527006059885024,0.008965396744012833
1746739405593092600,31.985092529296875,-0.003587795358896255,0.021613865914940834,0.0285987928988412
1746739405603172900,31.9951728515625,0.01368365743756294,0.022110124999284744,0.017900763675943017
1746739405613251600,32.00525146484375,0.03826572550833225,0.004542319604754447,0.01756356761083007
1746739405623331600,32.01533154296875,0.0346469504892826,0.006555997514724731,0.008902779836580157
1746739405633411600,32.02541162109375,0.03135258511900901,0.004256488400697708,0.0009304127179086208
1746739405643490600,32.03549047851563,0.03369885598421097,0.019532967987656594,0.018063370359130203
1746739405653570600,32.04557055664063,0.046238019561767575,0.029315526333451268,0.03980316420868039
1746739405663649500,32.0556494140625,0.03199205206632614,0.0069265843927860254,0.0533144972866401
1746739405673729500,32.0657294921875,-0.021539631634950637,-0.003022562691569328,0.02492266166936606
1746739405683809800,32.07580981445312,-0.024459318473935125,-0.0031722002953290937,-0.002623151577822864
1746739405693888800,32.085888671875,-0.046313422885537144,-0.0059866731941699974,0.007117357724532485
1746739405703968800,32.09596875,-0.0349216757774353,0.0063923313856124875,0.023982019818387924
1746739405714047700,32.1060478515625,-0.030408582267165182,0.003911035963892936,0.008215382094308733
1746739405724127700,32.11612768554688,0.007715688943862915,0.0008954875349998473,0.006589863251708448
1746739405734207700,32.12620776367187,0.03466331710219383,-0.0009498480707406997,-0.003417041901871562
1746739405744286700,32.13628662109375,0.040700259178876874,0.0035194062978029248,0.006446655388735234
1746739405754366700,32.14636669921875,0.02905366052687168,0.007614566656947135,0.013315152918733655
1746739405764445700,32.15644580078125,0.03518704871535301,0.0070031567603349686,0.028248920015245673
1746739405774525700,32.16652563476563,0.028422376886010167,0.026346739655733108,0.04225808308012783
1746739405784605700,32.17660571289063,0.008227730119228362,0.022779402562975882,0.018051716453954578
1746739405794684700,32.1866845703125,0.010136194089055061,0.0033650925189256664,0.026170542838610707
1746739405804764700,32.1967646484375,-0.023552725023031233,-0.002952420064806938,0.0207137387374416
1746739405814843600,32.20684375,-0.0319067118704319,0.01324409697651863,0.0021122429136186836
1746739405824923600,32.216923583984375,-0.0382633874207735,0.000013444003462791442,-0.022052987984567878
1746739405835003600,32.227003662109375,-0.029932196927070616,0.010952771168947219,0.00750131554082036
1746739405845083000,32.23708276367187,-0.03701601770818233,0.014556348618865012,0.023048099969141183
1746739405855162600,32.24716259765625,-0.01627133584320545,0.0018716390907764435,0.010416910726577043
1746739405865241900,32.257241943359375,0.005128595060110092,0.015483984857797622,0.014988273762725293
1746739405875321600,32.26732153320312,0.011936521509289741,0.016491116073727607,0.028792634970508515
1746739405885401600,32.27740161132812,0.01734276446700096,0.01640343779027462,0.022009806429967284
1746739405895480600,32.28748046875,0.00218026664853096,0.025243746849894524,0.027377434410341083
1746739405905560800,32.29756079101563,-0.012749006935954094,0.0000011690437793731689,0.009069989629648625
1746739405915639600,32.3076396484375,-0.02783843951821327,-0.001183072304725647,0.010623502681963146
1746739405925719800,32.3177197265625,-0.031070845568180083,-0.019321955585479736,0.008032426742836832
1746739405935799600,32.32779956054687,-0.0009954407781362533,-0.00044774376749992365,0.0028937852127477524
1746739405945878800,32.337878662109375,0.024487375524640084,0.0019195698857307434,0.012460728046484291
1746739405955958500,32.34795849609375,-0.018318916022777555,0.009543488892912864,0.0067552098812535405
1746739405966037800,32.35803784179687,-0.013994038560986518,0.00968085153698921,-0.009216302765160798
1746739405976117500,32.36811743164063,-0.016805004328489304,0.020401567515730856,0.009196136759966611
1746739405986197800,32.37819775390625,-0.02297989357113838,0.011422726768255233,0.04654752390235662
1746739405996276700,32.38827685546875,0.00045183542072772977,0.02629705529510975,0.038970951168239114
1746739406006356700,32.398356689453124,0.013375029879808426,0.015157821643352507,0.010979878371581434
1746739406016435700,32.40843579101563,-0.009140753310918808,0.01983458128273487,0.013149879354424774
1746739406026515700,32.418515625,-0.01610591614842415,0.011304068824648857,0.01167235414776951
1746739406036595500,32.428595458984375,0.0052484220474958414,0.016186580169200895,0.007116736670024692
1746739406046674700,32.4386748046875,0.019419570741057393,0.008799977049231529,0.004971029878221452
1746739406056754700,32.44875463867187,0.018552140256762502,0.004941548055410385,-0.013823212038725614
1746739406066833700,32.458833740234375,0.020472294664382933,0.014586743757128715,0.012796682002581656
1746739406076913700,32.46891357421875,-0.0030196400821208952,0.01356909114718437,0.011951901741512118
1746739406086993700,32.47899365234375,-0.012818565040826797,0.01676642588376999,0.025906777335889634
1746739406097072600,32.48907275390625,-0.03922784853875637,-0.00502279659807682,0.003074402476660907
1746739406107152600,32.49915258789063,-0.045862171986699105,-0.0047393034815788266,0.0032444252813234923
1746739406117231600,32.509231689453124,-0.04517009806931019,0.0004769698619842529,0.0068937050364911556
1746739406127311600,32.5193115234375,-0.007722118684649467,0.011864040794968604,0.021163637929409743
1746739406137391600,32.5293916015625,-0.006986790147423744,0.014500819039344786,0.01457293442748487
1746739406147470600,32.539470703125,0.01937397803366184,0.012476619735360146,0.03505695606227964
1746739406157550600,32.549550537109376,0.02207446916401386,0.030396307307481763,0.02692578165270388
1746739406167629800,32.5596298828125,0.03120645464658737,0.007522796720266341,0.009680011286772787
1746739406177709600,32.56970947265625,0.0338847339451313,0.011963409516215323,0.020253939205966888
1746739406187789600,32.57978955078125,0.05977379296123981,-0.000779167678952217,0.013882212216965853
1746739406197868500,32.58986865234375,0.041752983102202414,0.005136778366565704,0.016559943526238203
1746739406207948800,32.59994873046875,0.05824293013215065,0.004371054691076279,-0.012886588775739073
1746739406218027500,32.61002758789063,0.02355506311058998,-0.0064162967830896376,-0.008791720677539706
1746739406228107800,32.62010766601563,0.013152911561727524,-0.002263268756866455,0.01634699489530176
1746739406238187500,32.6301875,-0.0012695815443992614,0.010696166059374809,0.023012444133870304
1746739406248266800,32.640266845703124,-0.01368891813457012,-0.0009568623334169388,0.014693053675815462
1746739406258346500,32.65034643554687,-0.03653028001785278,0.014233692535758017,0.014244067799299955
1746739406268425700,32.66042578125,-0.053254035803675645,0.018752631264925,0.017994871700182557
1746739406278505500,32.67050537109375,-0.03361293126642704,-0.002492401337623596,0.004203625702299177
1746739406288585700,32.680585693359376,-0.04451543355286121,0.004083469921350479,0.014151603742875158
1746739406298664400,32.69066455078125,-0.04304419195652008,0.019824644410610198,0.029574542595818636
1746739406308744700,32.70074462890625,-0.03940378962755203,0.014797171637415885,0.021916940514743327
1746739406318823700,32.71082373046875,-0.01135141509771347,0.003167524120211601,-0.006709763304330408
1746739406328903700,32.720903564453124,0.0034662148058414457,0.004640519282221794,0.008111227600090205
1746739406338983700,32.730983642578124,0.02065115836262703,0.007529810982942581,0.01762830341011286
1746739406349062700,32.74106274414063,0.03620879297852516,-0.004720014259219169,0.006329422217234969
1746739406359142700,32.751142578125,0.019042554122209548,0.008589549168944359,0.016327596075087786
1746739406369221600,32.7612216796875,-0.005173018723726272,0.013832125997543333,0.012696765292063355
1746739406379301600,32.77130151367187,-0.02323299154937267,0.0067787003546953195,0.010713957444392144
1746739406389381600,32.78138159179687,-0.011074351722002029,-0.008657353708148002,-0.004427461053431034
1746739406399460600,32.791460693359376,-0.0003916296660900116,0.005952770924568176,0.016441358647868037
1746739406409540600,32.80154052734375,-0.02486731475293636,0.025339023917913435,0.0199029703438282
1746739406419619600,32.81161962890625,-0.01598433559536934,0.02315115848481655,0.030363829809986052
1746739406429699600,32.82169946289063,-0.007362637722492218,0.013563830450177191,0.01170570842809975
1746739406439779800,32.83177978515625,0.003011456775665283,0.004651625198125839,-0.0023486454853788017
1746739406449858600,32.841858642578124,0.010303951871395111,-0.002481295421719551,-0.004232924862019718
1746739406459938800,32.851938720703124,0.02040098299384117,0.0072153382062911985,0.00457001132927835
1746739406470017800,32.86201782226563,0.03755436236858368,-0.0000011690437793731689,-0.0013210560033097862
1746739406480097800,32.87209790039063,0.010814824002981185,0.010777414602041244,0.00679787997920066
1746739406490176800,32.8821767578125,-0.0014075287103652954,0.011536708536744118,0.022025515455752608
1746739406500256800,32.8922568359375,-0.02201134079992771,0.011059154152870178,0.002102744432911277
1746739406510336500,32.90233642578125,-0.00566109450161457,0.0047393034815788266,0.012865180661529302
1746739406520415500,32.91241552734375,-0.023054712373018264,0.010441314515471457,0.018801475375331937
1746739406530495700,32.922495849609376,-0.025471125864982604,0.01339139649271965,0.004005472781695425
1746739406540575700,32.93257568359375,-0.030040333476662635,0.013392565536499023,0.04312839964125305
1746739406550654700,32.94265478515625,-0.028466216027736663,0.00843348182439804,0.04194437748845666
1746739406560734700,32.95273461914063,-0.011438508859276771,0.005700841990113258,0.018099318455345927
1746739406570813700,32.962813720703124,0.01670095943212509,0.0036935938209295273,0.011588986713252961
1746739406580893700,32.972893798828125,0.025440146204829213,-0.019128478839993475,0.0000030322073027491566
1746739406590973700,32.9829736328125,0.012968202644586563,-0.025544191101193426,-0.0011385390432551502
1746739406601052700,32.993052734375,0.009588497078418731,0.003567337092757225,-0.006602795798517763
1746739406611132700,33.003132568359376,0.0197591779589653,0.0046247371912002564,-0.020928075607866047
1746739406621211600,33.01321166992187,0.03424363038539886,0.011293547430634498,0.0033916151996701955
1746739406631291600,33.02329174804687,0.03820902688503265,0.023282091388106343,0.00978507909644395
1746739406641371000,33.033370849609376,0.06676876641511917,0.02120353154838085,0.02317567187156528
1746739406651450600,33.04345068359375,0.06703413935303687,0.006650690060853958,0.019818908789567647
1746739406661530600,33.053530517578125,0.04446107301712036,0.0045960956186056135,0.013601787840388714
1746739406671609600,33.06360961914063,-0.00042377837002277374,0.007172668108344078,0.012762377874180674
1746739406681689900,33.07368994140625,-0.0483586649775505,0.005851064115762711,0.02937481877263635
1746739406691768600,33.0837685546875,-0.08314356263279915,-0.00253624047935009,0.023722163305804133
1746739406701848800,33.093848876953125,-0.09341595032215118,0.0012438625812530516,0.024128004160337148
1746739406711928600,33.10392846679687,-0.10740765079557894,-0.0009475099831819534,-0.010405402951873838
1746739406722007800,33.1140078125,-0.08498363754153251,0.0320329685986042,-0.014771635337360202
1746739406732087600,33.12408764648438,-0.05776011505126953,-0.002967617633938789,-0.01354950966387987
1746739406742166800,33.13416674804687,-0.03113280488848686,-0.0056266077101230615,0.016201302814297377
1746739406752246500,33.14424658203125,0.003523497951030731,-0.005045592951774597,0.017114691332168877
1746739406762326800,33.15432690429687,0.04492226078808308,0.016727262917160986,0.03055485887005925
1746739406772405500,33.164405517578125,0.09102116414010525,0.015084756407141684,0.04219542964007705
1746739406782485800,33.17448583984375,0.10117255579829215,0.02420680501759052,0.035676403134874995
1746739406792564700,33.18456469726563,0.11317512828111648,0.018121932145953177,0.006675313045457005
1746739406802644700,33.19464477539063,0.10459200885295868,-0.005497428372502326,0.01666091968268156
1746739406812724500,33.20472436523438,0.06576221972107887,0.0038543373405933376,0.015645276366733015
1746739406822803700,33.2148037109375,0.01858019730746746,0.017054010653495787,0.029624300021678207
1746739406832883700,33.2248837890625,-0.02441197220087051,0.009990063616633415,0.017522833741642534
1746739406842962700,33.23496264648438,-0.07726911764144898,0.0008726911813020706,-0.003329765477217734
1746739406853042700,33.24504272460938,-0.07507657603323459,-0.006397592082619667,0.0030653789199888704
1746739406863122700,33.25512280273438,-0.09904957229495048,-0.010328501790761948,0.012545629850961268
1746739406873201700,33.26520166015625,-0.09670739308297634,0.003045359045267105,-0.002805924266204238
1746739406883281700,33.27528173828125,-0.07702128036022186,-0.0025128596037626264,-0.013006269632652402
1746739406893360600,33.285360595703125,-0.04927168816924095,0.006004793372750282,-0.0018951660968363284
1746739406903440600,33.295440673828125,-0.00206043966114521,0.024749825853109357,0.008184877358190715
1746739406913521000,33.30552099609375,0.03093991266489029,0.024841011267900465,0.023727058676630258
1746739406923599600,33.315599609375,0.0630114597082138,0.012154548174142837,0.024337445659935474
1746739406933679900,33.32567993164062,0.06762684454917907,0.01622515861392021,0.01582888930533081
1746739406943758800,33.3357587890625,0.04672667986154556,0.012319383347034453,0.011298406268842518
1746739406953838800,33.3458388671875,0.04236965369582176,0.004043137910962105,0.0008912862839177251
1746739406963918600,33.35591870117187,0.033846155500411985,-0.0012853636354207992,0.004183971153758466
1746739406973997800,33.36599780273438,-0.007507014629244804,0.010484569135308265,0.03085804306771606
1746739406984077600,33.37607763671875,-0.02882102081477642,0.013554478099942207,0.008614099088311195
1746739406994156800,33.38615673828125,-0.029071780705451963,0.0068956047326326365,0.013388254687562584
1746739407004236800,33.39623681640625,-0.04369418029785156,-0.00816810888648033,0.010994345288351177
1746739407014315800,33.406315673828125,-0.03745966982245445,0.0028688334345817563,0.002532185358740389
1746739407024395800,33.416395751953125,-0.029482115072011945,0.011135141998529434,0.005414462796784937
1746739407034475800,33.426475830078125,-0.023652093744277954,0.016133973199129105,0.03208283562231809
1746739407044554800,33.4365546875,-0.008956628915667533,0.010487491744756699,0.0221334693422541
1746739407054634800,33.446634765625,0.011086626681685446,0.012836685219407082,0.006612221213988959
1746739407064713700,33.45671362304687,0.015299860462546347,0.004407295048236846,0.018936353801377117
1746739407074793700,33.46679370117187,0.008318331012129783,-0.009300912308692932,-0.0011972469605505466
1746739407084873700,33.476873779296874,0.028741525837779044,-0.008625789526104927,-0.0218722245901823
1746739407094952700,33.48695263671875,0.033993455016613,-0.007842530193924904,-0.011315649664588272
1746739407105032700,33.49703271484375,0.04408113378882408,0.0016319851160049438,0.015011727703548966
1746739407115112000,33.50711181640625,0.05965396597385406,0.02122223624885082,0.033589769586548204
1746739407125191700,33.51719165039062,0.05256254640817642,-0.00457271474301815,0.04073091004546731
1746739407135271700,33.52727172851562,0.04655892207920551,0.020676292803883552,0.030986784013919532
1746739407145350700,33.5373505859375,0.04573299264907837,0.01192132394015789,0.033513964403979475
1746739407155431000,33.547430908203125,0.039136078602075575,0.008804653224349021,0.021824366860464215
1746739407165509600,33.55750952148438,0.033118425747752187,0.0015256021320819854,0.0416084235323593
1746739407175590000,33.56758984375,-0.0059212067425251005,0.009845102187991141,0.02487195439543575
1746739407185670000,33.577669921875,-0.06506956128180026,0.0055599722146987916,0.014797719626687467
1746739407195748900,33.587748779296874,-0.08207271853089332,-0.017315876460075378,0.005456475307606161
1746739407205828900,33.597828857421874,-0.10824585518538951,-0.011101239728927612,-0.010560666578821837
1746739407215907800,33.60790795898438,-0.11863573177456856,0.009637012395262717,0.01404887402076274
1746739407225987600,33.617987548828125,-0.08740589625239371,0.024291560691595077,0.015195194511674344
1746739407236067800,33.62806787109375,-0.05871873095035553,0.029918752923607825,0.033745690800622105
1746739407246146600,33.638146484375,-0.0385118092238903,0.010668109008669853,0.009296345731429755
1746739407256226800,33.64822680664062,0.014851532173156738,-0.006532616639137268,0.0030933629054576157
1746739407266305800,33.658305908203126,0.059008653807640074,-0.019077040913701056,-0.006607033582217991
1746739407276385800,33.6683857421875,0.08858195429444313,-0.0006318681627511978,-0.014078209713101386
1746739407286465800,33.6784658203125,0.09221884949207305,0.010756956335902214,0.01378963856268674
1746739407296544800,33.68854467773438,0.06287468158602715,0.0078688336789608,0.01744907438568771
1746739407306624800,33.69862475585938,0.04173778553307056,0.0056003042250871654,0.0030390754349529743
1746739407316703700,33.708703857421874,-0.0008890577942132949,0.0038397242933511733,0.016633191425539554
1746739407326784000,33.718783935546874,-0.020783260309696197,0.007288987964391708,0.0038140053302049633
1746739407336862700,33.72886279296875,-0.048860184758901595,0.016194763475656508,0.02574073658660054
1746739407346943000,33.73894287109375,-0.06263970378637314,0.013003273957967758,0.02891585949137807
1746739407357022700,33.749022705078126,-0.06588906097114086,0.018226561564207076,0.039663755737990136
1746739407367102000,33.75910205078125,-0.06074409929811954,0.02533668583035469,0.025203999361395835
1746739407377181700,33.769181640625,-0.05106675489246845,0.019970190361142157,0.02318666818961501
1746739407387260700,33.7792607421875,-0.033357495200634,0.010562310546636582,0.038460371297597884
1746739407397340700,33.789340576171874,-0.04305412882864475,-0.015640636724233627,-0.007970650085620581
1746739407407421000,33.7994208984375,-0.048213119027018546,-0.011999649873375892,0.006975793829374015
1746739407417500000,33.8095,0.0017886369824409484,0.002338087558746338,0.018858721987903115
1746739407427580000,33.81957983398438,0.03917348800301552,-0.005628945797681808,0.010362221397273242
1746739407437659000,33.829658935546874,0.08310498418807982,0.020388123512268066,0.011848331769183278
1746739407447739000,33.83973876953125,0.10616203464865684,-0.012588263416290282,-0.0010999605985358358
1746739407457818600,33.84981860351562,0.1231821430325508,0.00691547847688198,-0.007875409550219774
1746739407467897900,33.85989794921875,0.11332593492865561,0.023247604596614835,0.023022271408140657
1746739407477977900,33.869977783203126,0.07410919230580329,-0.04262333619594574,0.04193239478971809
1746739407488056800,33.88005688476562,0.059088733306527134,0.009659224227070808,0.020698723831400274
1746739407498136800,33.89013671875,0.029817630636692044,-0.006292962664365768,-0.0043489524571225045
1746739407508216800,33.900216796875,-0.0387953023403883,-0.016209376522898673,-0.014924780072458087
1746739407518295800,33.9102958984375,-0.07265022566914558,-0.002915595185756683,-0.0044309316521510475
1746739407528375800,33.920375732421874,-0.11489712976813315,0.017158640071749685,0.015356193759664892
1746739407538454800,33.93045483398438,-0.11905015779435633,0.02864800233542919,0.03831730956509709
1746739407548534800,33.94053466796875,-0.11658230637609958,0.012637363255023955,0.025821291009522972
1746739407558614800,33.95061474609375,-0.09576981997191905,-0.003547463348507881,0.01686276239771396
1746739407568693800,33.96069384765625,-0.04022504288256168,0.011844751572608947,0.003198759508691728
1746739407578773800,33.97077368164062,0.023622867649793624,0.01092880577147007,0.003348908569104969
1746739407588853000,33.98085302734375,0.07655424737036227,0.017006664380431174,0.03269983500950038
1746739407598932700,33.9909326171875,0.12087035895884037,0.013912205496430395,0.03896558087337762
1746739407609012000,34.00101196289062,0.12392214774489402,0.015113397979736327,0.04196443389579654
1746739407619091700,34.011091796875,0.14754501539468765,0.006290040054917335,0.01858878247272223
1746739407629172000,34.021171875,0.08444003218412399,-0.003899345526099205,-0.018222725639306006
1746739407639250700,34.031250732421874,0.02126490634679794,-0.01405892049074173,-0.0002608063606545329
1746739407649331000,34.0413310546875,-0.03078033818900585,0.009745148944854736,-0.006682327308133244
1746739407659409700,34.05140966796875,-0.09103343909978866,-0.004709492865204811,-0.007975472391210495
1746739407669490000,34.06148999023438,-0.10655249527096748,0.005391045388579368,0.022317849465832113
1746739407679569700,34.071569580078126,-0.14387071079611777,0.029526538735628126,0.025889022483490405
1746739407689649000,34.08164892578125,-0.1378963125616312,0.020585107389092444,0.013729542405903338
1746739407699728600,34.09172875976562,-0.10780746376812457,0.002121229937672615,0.006303045666962862
1746739407709807900,34.101807861328126,-0.04273673344254494,-0.010202245062589644,0.011120602016523479
1746739407719887600,34.1118876953125,0.00024900632500648496,0.006930676046013832,-0.0021674436995759603
1746739407729967900,34.1219677734375,0.045157823109626766,0.006366027900576591,0.010201916269026697
1746739407740046800,34.132046875,0.08064823868572711,0.02071194863915443,0.03667096713017672
1746739407750126800,34.142126953125,0.09495441193580627,0.00845920078754425,0.03310494521167129
1746739407760205800,34.152205810546874,0.09992518608570099,0.024349428358674048,0.02914108308199793
1746739407770285800,34.162285888671875,0.08571896607875823,0.00860123960673809,0.035084757384657855
1746739407780365800,34.17236572265625,0.04610708665847778,0.005253682744503021,0.006464337175898253
1746739407790444800,34.18244482421875,-0.00625321517586708,-0.0031909049957990644,0.00634374300353229
1746739407800524800,34.19252490234375,-0.05019990893006324,0.007422258955240249,0.033711605867929754
1746739407810603800,34.20260375976562,-0.0526940638333559,-0.0008943184912204742,0.014381430443376302
1746739407820683800,34.21268383789062,-0.05309270776212215,-0.01196574760377407,-0.027104901079274712
1746739407830762800,34.2227626953125,-0.029405542704463,-0.0041799160331487655,-0.029103673681057988
1746739407840842800,34.2328427734375,0.0027881694138050077,0.006645429363846779,-0.0002110854674130678
1746739407850922800,34.2429228515625,0.01296703360080719,0.0075111062824726104,0.025990802357532084
1746739407861001700,34.25300170898438,0.037818566262722016,0.015019289955496787,0.052732788408547636
1746739407871081700,34.26308178710938,0.03252922768294811,0.026826047605276106,0.04855893679000437
1746739407881160700,34.27316064453125,0.01819324381649494,0.028251696494221684,0.03186188634801656
1746739407891241000,34.283240966796875,-0.005402151304483413,-0.001239186406135559,0.023895327915623783
1746739407901320700,34.29332080078125,-0.036005379360914226,-0.003883563435077667,-0.006105038876831531
1746739407911400200,34.30340014648438,-0.06447919417321682,0.003983516678214073,-0.004710844572074711
1746739407921480200,34.31348022460938,-0.0793330644339323,0.013732757276296614,0.021114976482093335
1746739407931559200,34.32355908203125,-0.03985620957016945,0.006342062503099441,0.02365698911510408
1746739407941639200,34.33363916015625,-0.01779459988772869,-0.0015898995399475098,0.006591799480468034
1746739407951719200,34.34371923828125,0.017981646892428396,0.01420914261639118,0.021735008076578376
1746739407961798100,34.35379809570313,0.042680619341135026,-0.008691840499639511,-0.013027202822826801
1746739407971878100,34.36387817382813,0.06272562850415707,0.007113631397485732,0.004180025631003082
1746739407981957000,34.37395703125,0.08063479468226432,0.008365677285194396,0.005249664156511426
1746739407992037000,34.384037109375,0.07458616216778755,0.00419803621172905,0.0028759572951123115
1746739408002116000,34.3941162109375,0.06676876641511917,0.0029079964011907576,0.02829758146256208
1746739408012196000,34.404196044921875,0.05062660990953445,0.014454641810059546,0.039085919317416846
1746739408022276000,34.414276123046875,0.015828852772712707,0.022046412113308905,0.02143913040254265
1746739408032355000,34.42435498046875,-0.013135960426926612,0.007028291201591492,0.022406148803792894
1746739408042435000,34.43443505859375,-0.029714754784107206,0.0014174655824899672,0.03242817846126854
1746739408052514000,34.44451416015625,-0.041239188361167904,0.008925064733624458,0.014219408282078802
1746739408062594000,34.45459399414062,-0.07157295182645321,-0.0056862289428710935,0.002089921483956277
1746739408072674300,34.46467431640625,-0.06758475897312163,-0.009324877706170081,0.016131671644188463
1746739408082753300,34.47475317382813,-0.050616088515520095,0.004101590099930763,0.009748875271901488
1746739408092833300,34.48483325195313,-0.025340777483582495,0.01673193909227848,0.022060659834370017
1746739408102912300,34.49491235351562,0.004720598781108856,0.01308686058819294,0.03532342497874051
1746739408112992000,34.50499194335937,0.033498949497938156,0.026636662513017655,0.04474843859113752
1746739408123072300,34.515072265625,0.017651976546645163,0.014781974068284034,0.025817382019385694
1746739408133151000,34.52515087890625,0.03933890769779682,0.006870470291376113,0.018201025264151394
1746739408143231200,34.535231201171875,0.03064531363248825,-0.002935468930006027,-0.00158726919144392
1746739408153310000,34.54531005859375,0.03423895421028137,-0.00317453838288784,-0.012397051693126559
1746739408163390200,34.55539013671875,0.015171850168704986,-0.011878069320321082,-0.008608436532504857
1746739408173470200,34.56547021484375,0.001544306832551956,0.009272855257987975,0.011146686305850743
1746739408183549200,34.57554907226562,0.010298691174387932,-0.0004874912559986114,0.011171126627363264
1746739408193629200,34.58562915039062,0.0022287819653749466,0.0010293430477380753,0.01637892440352589
1746739408203708200,34.59570825195313,-0.010369418323040008,0.013923311412334442,0.003668020988255739
1746739408213788200,34.6057880859375,-0.023449849170446395,0.018286767318844793,-0.005281776327826082
1746739408223867100,34.6158671875,-0.005230886390805244,-0.006990297278761863,-0.015445990934967993
1746739408233947400,34.62594750976562,0.017095511707663536,0.01973871969282627,0.01454593682270497
1746739408244027100,34.63602709960937,0.007243395256996154,0.017487725895643232,0.006569076192006468
1746739408254106000,34.646106201171875,0.030606150665879246,0.011114683732390404,0.0254954200560227
1746739408264186000,34.65618603515625,0.02396422843337059,0.0044791912406682965,0.037421712432242925
1746739408274265000,34.66626513671875,-0.005195230555534363,0.008249357429146766,0.03149604871030897
1746739408284345000,34.67634497070313,-0.009393851289153099,0.002765373060107231,0.011951792143657804
1746739408294425300,34.68642529296875,-0.02589431971311569,-0.00329085823893547,-0.001658800057694316
1746739408304504000,34.69650415039062,-0.026534955704212188,0.015130933636426924,-0.00042549540307372806
1746739408314584300,34.706584228515624,-0.02957856118381023,0.012545593318343162,0.009249218654073774
1746739408324663000,34.7166630859375,-0.033175708892941476,0.004555763608217239,0.00011241086591035126
1746739408334743300,34.72674340820313,-0.006014730244874954,0.0021218144595623015,0.015529431434720754
1746739408344823000,34.736822998046875,-0.010397475373744964,0.021356676283478735,0.008610226630792021
1746739408354902300,34.74690234375,0.00819733498096466,0.0039151276171207425,0.016731427635625004
1746739408364982000,34.75698193359375,0.02794949867725372,0.01047697035074234,0.016425430426374076
1746739408375061200,34.767061279296875,0.013160510346293449,0.001762333497405052,0.00129252402856946
1746739408385141200,34.777141357421876,0.014205635485053061,-0.012895137408375739,-0.011356456599012016
1746739408395220200,34.78722021484375,0.00902735606431961,0.001260229194164276,-0.0005855448029935359
1746739408405300200,34.79730029296875,0.0267827929854393,0.011820786175131798,-0.002844064319506287
1746739408415380200,34.80738012695313,0.027139935860037802,0.00819908854663372,0.011765877650119364
1746739408425459200,34.817459228515624,0.0040080665975809095,0.005906593695282936,0.018525069586746393
1746739408435539200,34.827539306640624,-0.003806406545639038,0.013308978906273842,0.01700812568515539
1746739408445618200,34.8376181640625,0.017366145342588422,0.011025251883268356,0.025584413513727484
1746739408455698200,34.8476982421875,0.020230302602052688,0.014216741400957108,0.03586469224859029
1746739408465778200,34.857778076171876,0.010620762735605239,0.012818565040826797,0.039171040317602455
1746739408475857200,34.86785717773437,0.0011596914291381836,-0.0026817864298820495,0.010651523200049995
1746739408485937200,34.87793725585937,-0.04579086031615734,0.015225041660666464,0.0186189584152773
1746739408496016400,34.888016357421876,-0.03776946642398834,0.0033849662631750105,0.012391827528737485
1746739408506096000,34.89809619140625,-0.047372576549649235,-0.008943769434094428,-0.005040916776657104
1746739408516176100,34.908176025390624,-0.04462415462434292,0.02423135493695736,0.01851180824637413
1746739408526255000,34.91825512695313,-0.03324292891025543,0.017777064231038094,0.002597249951586127
1746739408536335000,34.92833520507813,-0.025361820271611213,0.0028729250878095627,-0.024905272143147885
1746739408546414000,34.9384140625,0.03675122929215431,-0.00021568857729434965,-0.006539192510396242
1746739408556494300,34.948494384765624,0.060517304804921145,0.010406243202090262,0.03185560273770243
1746739408566573000,34.958572998046876,0.061923079949617384,0.0039472763210535045,0.031030623155646024
1746739408576653300,34.9686533203125,0.051091304811835284,0.019174656069278716,0.02301525714546442
1746739408586733000,34.978733154296876,0.05673603270053863,0.007379004335403442,0.030154497908242046
1746739408596812300,34.98881225585937,0.04803016367554664,0.0078688336789608,0.010553104326874016
1746739408606892000,34.99889208984375,0.0004383914172649383,0.0023147066831588742,-0.0005670227656140923
1746739408616971300,35.00897119140625,-0.0443809935182333,0.013490765213966369,0.013828143942169845
1746739408627051000,35.019051025390624,-0.09459668453931808,0.0003179799079895019,0.019113208205625412
1746739408637131300,35.02913134765625,-0.12302432212233542,0.011909633502364158,0.007533610375225544
1746739408647210200,35.03921020507813,-0.11748656173944473,0.011022329273819922,0.0349291284315288
1746739408657290200,35.04929028320313,-0.06094459030628204,0.017462591454386712,0.008743972545675932
1746739408667369200,35.059369140625,-0.00585457124710083,0.015510872864723205,-0.002840484122931957
1746739408677449200,35.06944921875,0.0331090733975172,0.01492459740936756,0.0022846038058400154
1746739408687528200,35.079528076171876,0.046070261779427524,0.00031330373287200925,-0.02020567961744964
1746739408697608200,35.089608154296876,0.11871055057644843,0.011460720691084862,0.019722974134422838
1746739408707688200,35.099688232421876,0.14364800795614718,0.007682371196150779,0.04269315002914518
1746739408717767200,35.10976708984375,0.1571761825710535,0.014704817178845404,0.023401479984074828
1746739408727847200,35.11984716796875,0.16441139452159403,0.03901800518035888,0.02211765071861446
1746739408737926100,35.129926025390624,0.14547463886141776,-0.02584989604949951,0.09538169743716716
1746739408748006100,35.140006103515624,0.14268179327249525,0.04057867862582207,0.07247611121125519
1746739408758086100,35.150086181640624,0.023903438156843183,0.03159749979078769,-0.043249724465981125
1746739408768165000,35.1601650390625,-0.031008886247873305,-0.03826104933321476,-0.048197373468615114
1746739408778245000,35.1702451171875,-0.15644319212138652,-0.021080781951546668,-0.03478613976426422
1746739408788324000,35.18032397460937,-0.21745032626986502,-0.034788404786586756,-0.05027162245940417
1746739408798404000,35.19040405273437,-0.2282353396564722,-0.005258358919620514,-0.012320698521286248
1746739408808484000,35.20048413085937,-0.2175608009070158,0.026569442495703696,0.009975779362954199
1746739408818563300,35.210563232421876,-0.1761632071137428,0.026350831308960914,0.022198351272009312
1746739408828643000,35.22064306640625,-0.10104746811389922,0.025486323434114454,0.007508475933969021
1746739408838722300,35.23072241210937,-0.03302899389863014,0.03101823859810829,0.02552084675822407
1746739408848802000,35.24080200195313,0.038810499909520145,0.035808980005979534,0.025176198039017616
1746739408858881300,35.25088134765625,0.08660743935108184,0.010912439158558844,0.03240556477066129
1746739408868961000,35.2609609375,0.11766484091579914,-0.002647299638390541,0.020020276580564676
1746739408879041300,35.271041259765624,0.15961188528537748,-0.003145312288403511,0.002625087806582451
1746739408889120000,35.2811201171875,0.15591303076744079,-0.0024497312396764754,0.003920534444600343
1746739408899200300,35.2912001953125,0.11799509578347206,0.01430325064063072,-0.005215944550000131
1746739408909278700,35.30127880859375,0.10990589735209941,0.00818038384616375,0.005063092075847089
1746739408919358500,35.3113583984375,0.042976387417316436,-0.00852583628296852,0.04206263357326388
1746739408929438500,35.3214384765625,-0.023314240092039105,0.007688216415047645,0.037351277544535696
1746739408939517400,35.33151733398437,-0.11833821013271809,0.004305003717541694,0.015869184783101082
1746739408949597700,35.34159765625,-0.15528116260468958,0.0048334115058183665,0.014397358664870262
1746739408959676400,35.351676513671876,-0.13592296666204928,0.019443536138534546,0.045107371564023196
1746739408969756700,35.361756591796876,-0.12850304579436778,0.026886837881803512,0.04697922985050827
1746739408979836400,35.37183642578125,-0.09750000476539135,0.02338730532824993,0.021248466668650507
1746739408989915600,35.38191552734375,-0.0478226584047079,0.012596446722745895,-0.0123966498343274
1746739408999995400,35.39199536132813,0.03124094143807888,-0.012573065847158432,-0.019653562160022557
1746739409010074600,35.40207470703125,0.09587854104340075,0.009153612792491913,-0.0039202421836555005
1746739409020154400,35.412154296875,0.15337152959108352,-0.002920271360874176,0.018231201206706463
1746739409030234600,35.422234619140625,0.17414134589731692,0.02476326985657215,0.0589352597778663
1746739409040313600,35.43231372070313,0.13850479984879494,0.019176409634947777,0.06457268114294856
1746739409050393600,35.4423935546875,0.08283844220638274,0.009080547556281088,0.026363142801262437
1746739409060472600,35.45247265625,-0.00922609350681305,-0.006000701719522476,-0.002323985968157649
1746739409070552600,35.46255249023437,-0.08407938217818736,-0.0019300912797451017,0.000365216583199799
1746739409080631600,35.472631591796876,-0.17283260138630865,0.0002618658065795898,-0.021003807725198567
1746739409090711600,35.482711669921876,-0.20666063670814036,0.0017956512451171875,-0.014700762058235704
1746739409100791600,35.49279150390625,-0.1749614301085472,0.005434884530305862,-0.005540390731394291
1746739409110870500,35.50287060546875,-0.12570260142087936,0.007202478724718094,-0.017019779590331015
1746739409120950500,35.51295043945313,-0.05075637376904487,0.010782090777158736,-0.02286938240136951
1746739409131029500,35.523029541015624,-0.014707155266404152,0.016489362508058547,0.0008916881427168846
1746739409141109500,35.533109619140625,0.05534136347174644,0.009858546191453934,-0.0033922727867960927
1746739409151189500,35.543189453125,0.1269984864503145,0.022460838133096694,0.043192733581736684
1746739409161268500,35.5532685546875,0.16406418851912022,0.008627543091773986,0.06542268556840718
1746739409171348500,35.563348388671876,0.18819968186616898,0.017048165434598923,0.04469601428415626
1746739409181427500,35.57342749023437,0.16863339613080025,-0.0026268413722515104,0.025379282863065598
1746739409191507500,35.58350756835937,0.12875789733827114,0.005874444991350173,0.026789807248115537
1746739409201586400,35.59358642578125,0.08120411900281906,0.0034738135904073715,0.025949958890490232
1746739409211666700,35.60366674804688,-0.04119242660999298,-0.003511222991347313,0.008265870172530412
1746739409221746400,35.613746337890625,-0.13442951323390007,0.0025046762973070145,-0.01003985757511109
1746739409231825700,35.62382568359375,-0.14536416422426698,-0.003307224851846695,0.004066372656077146
1746739409241905400,35.63390551757813,-0.15799626678228376,0.009101590344309806,0.01901515465863049
1746739409251984600,35.643984619140625,-0.08425707683265209,0.03223638221621513,0.026262678101472554
1746739409262064400,35.654064453125,-0.015078326666355132,0.04053308591842651,0.027883009312301872
1746739409272144600,35.66414453125,0.01279050799012184,0.03286357420384884,0.01833480771165341
1746739409282223400,35.67422338867188,-0.011053893455862999,-0.0027361469656229016,-0.017729681425355373
1746739409292303600,35.6843037109375,-0.02577975342273712,-0.012060440149903297,-0.0361233431847766
1746739409302382600,35.69438256835937,-0.041595162191987035,-0.024955577558279037,-0.007276603406853974
1746739409312462600,35.70446264648437,-0.01927694739997387,0.0008288520395755767,0.025463709743507205
1746739409322542300,35.71454223632813,0.039727614754438395,0.010809563305974006,0.04274645111896097
1746739409332621600,35.72462158203125,0.11191314552128315,0.012112462598085403,0.040062618862465024
1746739409342701300,35.734701416015625,0.1471849499106407,0.025326748958230016,0.06666651161704212
1746739409352780500,35.74478051757813,0.1240057343751192,0.031821956196427345,0.0293454465476796
1746739409362860500,35.75486059570313,0.034625907701253886,0.006910802301764488,0.00419946098383516
1746739409372939500,35.764939453125,-0.059517772373557085,-0.015346037691831588,-0.0192420587496832
1746739409383019500,35.77501953125,-0.13110124559402464,-0.023052958807349203,-0.024527305676229297
1746739409393099500,35.785099609375,-0.13963818779289722,0.002859481084346771,-0.0012082432786002753
1746739409403178500,35.79517846679688,-0.14333002804815767,0.016022914040088654,0.018621661829017103
1746739409413258500,35.80525854492188,-0.11755904245376586,0.03901157543957233,0.04047912724148482
1746739409423337500,35.81533740234375,-0.07272504447102546,0.035299276918172834,0.0600680632000789
1746739409433417500,35.82541748046875,-0.047343934977054594,0.027951252242922782,0.01840381782725453
1746739409443497700,35.83549780273437,-0.03687631697654724,-0.011317512828111649,-0.012567476356588303
1746739409453576400,35.845576416015625,-0.0301899710804224,0.0010667524486780166,-0.006206891816109419
1746739409463656400,35.855656494140625,-0.0015963292807340621,-0.008795300874114035,-0.0060518108522519464
1746739409473735700,35.86573559570313,0.037924364724755286,0.009548749589920044,0.005552994484640658
1746739409483815400,35.8758154296875,0.0834369926214218,0.012025953358411789,0.01851290422491729
1746739409493894700,35.885894775390625,0.1368716456890106,0.014204466441273688,0.03435512793585658
1746739409503974400,35.89597436523437,0.14285188914239405,0.03523731759786606,0.03382485698405653
1746739409514054700,35.9060546875,0.11226678126454352,0.022626842349767685,0.03810870831571519
1746739409524133400,35.91613330078125,0.08219897525906562,0.019571546432375908,0.03651365767661482
1746739409534213600,35.92621362304688,0.04210428075790405,-0.001142155772447586,0.024107326698489487
1746739409544292400,35.93629223632813,0.007380173379182815,0.010433715730905532,-0.0027601488957181572
1746739409554372600,35.94637255859375,-0.009105681997537612,-0.016326865422725677,-0.01667936865482479
1746739409564452600,35.95645263671875,-0.042564884006977076,-0.007301847445964813,-0.02060742881875485
1746739409574531600,35.966531494140625,-0.06269114171266556,0.01374912388920784,0.01485628141351044
1746739409584611600,35.976611572265625,-0.07276420743763447,0.00012917933762073515,0.00295304111931473
1746739409594690600,35.98669067382812,-0.08384089724719523,0.02292319494783878,-0.0019635186253115534
1746739409604770300,35.99677026367188,-0.07474749020934104,0.017545009040832518,0.0059737771799787875
1746739409614849500,36.006849609375,-0.053307227295637125,0.028092706540226935,0.005559351160190999
1746739409624929500,36.01692944335937,-0.007292495095729827,0.02099135010242462,0.01827343291323632
1746739409635009500,36.02700952148437,0.05899345623850822,-0.00360240840613842,0.029057204190827905
1746739409645088500,36.03708862304688,0.1057148754030466,0.01466273160278797,0.023797676227428018
1746739409655168500,36.04716845703125,0.12035773326158523,0.009196282890439033,0.03486662112195044
1746739409665247500,36.05724755859375,0.12146189511120319,0.01187865384221077,0.03614285160284489
1746739409675327500,36.06732739257812,0.11530278795957564,0.01681727928817272,0.02959737548213452
1746739409685407700,36.07740771484375,0.06650339347720145,0.011166706180572509,0.0021002602148801086
1746739409695486500,36.087486572265625,0.01758241844177246,-0.003994038072228432,0.00995985114146024
1746739409705566700,36.097566650390625,-0.042052258309721945,-0.007063947036862373,-0.0103234602894634
1746739409715645400,36.1076455078125,-0.11357143412232398,0.00447509958744049,0.0004920213006436824
1746739409725725700,36.1177255859375,-0.1296089612096548,0.022346271842718122,0.010494140681251882
1746739409735804700,36.1278046875,-0.12650456545352934,0.00677343965768814,-0.00926174934208393
1746739409745884700,36.137884765625,-0.12128887663185596,0.021173136410117147,0.0012906243324279784
1746739409755964400,36.14796435546875,-0.1022293713748455,0.009508417579531669,0.015797544318996368
1746739409766043400,36.15804345703125,-0.08492343178689479,0.009438859474658966,0.004757423660159111
1746739409776123600,36.16812353515625,-0.021645430096983907,0.0009480945050716399,-0.020214739706739784
1746739409786202400,36.17820239257812,0.02042670195698738,0.004875497081875801,0.013163396423123776
1746739409796282600,36.18828271484375,0.03434416815042496,0.012633271601796149,0.025083660917356608
1746739409806362600,36.19836254882812,0.056762920707464214,0.025876784056425094,0.03627418636493385
1746739409816441600,36.208441650390625,0.06332008726596831,0.014065934753417967,0.03418419181574136
1746739409826521600,36.218521484375,0.07150164015591144,0.025097616377472876,0.028677082299441096
1746739409836600600,36.2286005859375,0.0675163699120283,0.028615853631496428,0.029525771550647912
1746739409846680600,36.2386806640625,0.0559486817151308,0.011501052701473235,0.028277159729041157
1746739409856760600,36.24876049804688,0.038649756389856335,0.008208440896868705,0.00836238934956491
1746739409866839600,36.258839599609374,0.004418985486030578,-0.008256371691823005,-0.006923588718101382
1746739409876919600,36.26891943359375,-0.026067922714352605,-0.009820552268624305,-0.016079503065533934
1746739409886998500,36.27899853515625,-0.05573182409405708,-0.004346504771709442,-0.03610540566928685
1746739409897078500,36.28907861328125,-0.07017419094443321,-0.011601005944609642,-0.015922412807680666
1746739409907157500,36.29915747070312,-0.03836860136091709,-0.0018500117808580398,0.032809031005017454
1746739409917237200,36.3092373046875,-0.05316518847644329,0.030690906339883802,0.028160730275139212
1746739409927317500,36.3193173828125,-0.040319735428690905,0.023470891958475112,0.0408664825912565
1746739409937396200,36.329396240234374,0.008862520891427993,0.030666940942406653,0.0442507182020694
1746739409947476500,36.3394765625,0.023554478588700294,0.012404139021039009,0.02912508179526776
1746739409957555200,36.34955517578125,0.04225625644922256,0.019174656069278716,0.04340692432168871
1746739409967635500,36.35963549804688,0.027325813820958136,-0.0009960253000259398,-0.0034605887826532123
1746739409977715200,36.369715087890626,0.0261509248226881,-0.004859130468964576,-0.00012665858697146176
1746739409987794400,36.37979443359375,0.024738135415315627,-0.011757657811045647,-0.008030307850986719
1746739409997874200,36.38987426757812,0.02439209845662117,0.0033639234751462934,0.003604490765370428
1746739410007953400,36.399953369140626,0.02584814248383045,0.0087619831264019,0.013128836566396056
1746739410018033200,36.410033203125,0.029858547168970108,0.023619945040345192,0.031982590118236835
1746739410028112100,36.42011206054688,0.027057518273591992,0.022679449319839475,0.029393961864523588
1746739410038192400,36.4301923828125,-0.031529110729694367,0.022705752804875374,0.006983429146558046
1746739410048272400,36.4402724609375,-0.051285366079211234,0.014224340185523033,-0.002275470651313662
1746739410058351400,36.450351318359374,-0.04851823945343494,-0.002301262679696083,0.0018741233088076113
1746739410068431400,36.460431396484374,-0.03726443951129913,0.006349661287665367,-0.0020366569267585874
1746739410078510300,36.47051025390625,-0.025975568255782126,0.012387772408127783,0.016426088013499974
1746739410088590300,36.48059033203125,-0.06446341208219528,0.015769231539964675,-0.009785590553097426
1746739410098670300,36.49067041015625,-0.10180968465805053,0.01220189444720745,0.006787833509221673
1746739410108749300,36.50074926757812,-0.0963344681173563,0.0076291797041893004,0.006969839012622833
1746739410118829300,36.51082934570312,-0.06326163507699967,0.0011877484798431396,0.0061962242916226385
1746739410128908300,36.520908203125,-0.009041384589672088,0.013577274453639984,-0.0008874503590166568
1746739410138988300,36.53098828125,0.04952303258180618,0.012878770795464515,0.012990889400430023
1746739410149067500,36.54106762695312,0.09359539854228496,0.01950081928372383,0.04454915315937251
1746739410159147300,36.55114721679688,0.13612930288910866,0.031905542826652526,0.07449019098002463
1746739410169227300,36.56122729492188,0.15114683927893638,0.011629647517204285,0.04383512313850224
1746739410179306200,36.57130615234375,0.06174713886082172,0.004609539622068405,0.002394055529683828
1746739410189386200,36.58138623046875,-0.0036935938209295273,-0.019551672688126562,-0.03435666230581701
1746739410199465200,36.59146533203125,-0.03714753513336182,-0.023400164809823036,-0.033172201761603355
1746739410209545500,36.60154541015625,-0.08143675871491432,0.000997194343805313,0.0007497954539954662
1746739410219625200,36.611625244140626,-0.10047989735901355,0.012483049476146698,0.0007925386171787977
1746739410229704400,36.62170434570312,-0.07812427316606044,0.021752397602796552,0.021612916066870092
1746739410239784200,36.6317841796875,-0.04809212299585342,0.020201661029458046,0.03712543289940804
1746739410249863400,36.641863525390626,0.0037140520870685575,0.037761867639422415,0.02168108593225479
1746739410259943200,36.651943115234374,0.015533669218420981,-0.00348258141875267,0.004453106951341033
1746739410270022400,36.6620224609375,-0.005690905117988586,-0.0036339725881814953,-0.034830709558352824
1746739410280102100,36.67210205078125,-0.007377835291624069,-0.006394084951281547,-0.02185505425967276
1746739410290182400,36.68218237304688,0.031077275308966635,0.001194178220629692,0.00619063480105251
1746739410300261400,36.692261474609374,0.05260287841856479,0.009312602746486664,0.04588968104813248
1746739410310341400,36.70234130859375,0.08280161732733249,0.030720716956257818,0.03612085896674543
1746739410320420400,36.71242041015625,0.09302548969984054,0.03227437613904476,0.054634676507115364
1746739410330500400,36.722500244140626,0.08507306939065457,0.0356231020450592,0.04828684185035526
1746739410340579300,36.73257934570312,0.04427461053431034,0.01480477042198181,0.03548077096492052
1746739410350659300,36.74265942382812,-0.009001637101173401,0.0004348842859268188,0.01811681757941842
1746739410360739300,36.7527392578125,-0.07405307820439339,-0.017431027272343635,-0.015751074828766285
1746739410370818300,36.762818359375,-0.12699556384086608,-0.01778407849371433,-0.030448183625191447
1746739410380898300,36.772898193359374,-0.1273959613353014,0.0041559506356716154,-0.02867386742904782
1746739410390977300,36.78297729492188,-0.08551496793925761,0.01801905629336834,-0.003980301807820797
1746739410401057300,36.79305737304688,-0.04236380847692489,0.024498481440544128,0.012527144346199929
1746739410411137300,36.80313720703125,0.006700374421477318,0.0456616809785366,0.04437076438516378
1746739410421216300,36.81321630859375,0.07259878774285317,0.02945873419642448,0.05338504177220165
1746739410431296300,36.82329614257812,0.05083762231171131,0.022488310661911964,0.02793996366392821
1746739410441375200,36.833375244140626,-0.007250409519672393,0.00661094257235527,-0.0039480435060337184
1746739410451455200,36.843455322265626,-0.040354222220182416,-0.0036351416319608688,-0.020711765976063907
1746739410461534200,36.8535341796875,-0.06129296535253524,-0.002908580923080444,-0.013507241424731909
1746739410471614500,36.86361450195312,-0.03839490484595299,0.012172083830833434,0.007103329199180007
1746739410481694200,36.87369409179688,-0.009098667734861373,0.025096447333693504,0.040973048238269985
1746739410491773400,36.8837734375,0.03720306471288204,0.041023499783873554,0.057966012886911625
1746739410501853200,36.893853271484375,0.08884206653535366,0.03598433657288551,0.036258331208676095
1746739410511932400,36.90393237304688,0.09933014280200005,0.0038058220237493514,0.022788937576301394
1746739410522012200,36.91401220703125,0.07572188819944858,-0.0008124854266643523,-0.011467004301398992
1746739410532092400,36.92409252929688,0.0428512997329235,-0.006344985112547874,0.01006199634168297
1746739410542171100,36.93417114257812,-0.021277765828371046,0.002408230185508728,-0.009513459080830216
1746739410552251400,36.94425146484375,-0.05221826301515102,0.003936170405149459,-0.013752704085782169
1746739410562330400,36.954330322265626,-0.06891571531593799,0.002103109759092331,0.0033695860309526323
1746739410572410400,36.964410400390626,-0.059413142955303186,0.03016074498593807,0.04307093383297324
1746739410582489300,36.9744892578125,-0.072505848762393,0.03225567143857479,0.04411847012452781
1746739410592569300,36.9845693359375,-0.06431260543465614,0.02945756515264511,0.018856712693907318
1746739410602649000,36.99464916992188,-0.06708031658232212,0.008852584019303321,0.00012779109813272952
1746739410612728300,37.004728271484375,-0.0388473247885704,0.002710428002476692,0.011661138634011149
1746739410622808300,37.014808349609375,-0.0022317045748233796,-0.01627133584320545,0.008090221344679594
1746739410632887300,37.02488720703125,0.03343465209007263,-0.010768646773695946,-0.0032917715543881055
1746739410642967300,37.03496728515625,0.07505728681087494,0.01986030024588108,0.006204663326404988
1746739410653046300,37.04504638671875,0.10948737967908381,0.013384966751933097,0.015091624539345502
1746739410663126300,37.05512622070312,0.14574234988689422,0.010014613536000251,0.028313875010237095
1746739410673206300,37.06520629882812,0.13313888890147207,0.02581073308289051,0.0336018618831411
1746739410683285200,37.07528515625,0.0639747517824173,0.011241524982452391,0.0042007030928507445
1746739410693365200,37.085365234375,-0.01745382362604141,0.008549801680445671,0.009039813687093555
1746739410703444200,37.0954443359375,-0.0957896937161684,0.009240122032165527,0.012443375052884221
1746739410713524200,37.10552416992188,-0.1547878261297941,0.017766542837023735,-0.0026446327572688458
1746739410723604200,37.11560424804688,-0.1608756216108799,-0.002218260571360588,-0.0076574194179847834
1746739410733683500,37.125683349609375,-0.14501754274368286,0.015743512576818466,0.0023186522059142588
1746739410743763200,37.13576318359375,-0.10255670363306998,0.03891629837155342,0.022739070552587507
1746739410753842400,37.14584252929688,-0.04352642251551151,0.007051087555289268,-0.012594400896131992
1746739410763922200,37.15592211914063,0.008635726398229598,0.009036708414554595,0.008115538449026644
1746739410774001400,37.16600146484375,0.05427344197928905,0.005831190371513366,0.0243916235325858
1746739410784081200,37.1760810546875,0.09522036939561367,0.019400866040587425,0.034897527716867625
1746739410794161400,37.18616137695312,0.10898995155096053,0.007747837647795677,0.017982852468825875
1746739410804240100,37.196240234375,0.12245616684556007,0.01340834762752056,0.021980178476683793
1746739410814320400,37.2063203125,0.08550444654524327,0.017941314882040024,0.011379033757001162
1746739410824399400,37.2163994140625,0.06548515634536743,0.0034708909809589386,0.023081344651617108
1746739410834479400,37.22647924804688,0.01580605641901493,0.002035305219888687,0.02412822335604578
1746739410844558300,37.236558349609375,-0.008047112855315208,0.013967150554060935,0.003443454984761774
1746739410854638300,37.246638427734375,-0.041892683833837506,0.007244564300775528,-0.0025460312210023404
1746739410864718000,37.25671801757812,-0.09128770612180233,0.02419160744845867,0.008289324113354087
1746739410874797300,37.26679736328125,-0.11752280209660529,0.0035100539475679394,0.01516903715711087
1746739410884877300,37.27687719726563,-0.08844108451902866,0.003011456775665283,-0.007061353220976889
1746739410894956300,37.28695629882812,-0.06217968505918979,0.010689151796698569,0.008064392783679068
1746739410905036300,37.29703637695312,-0.020120997008681297,0.01889876173734665,0.011762735844962298
1746739410915116300,37.3071162109375,0.025132103168964384,0.02082709945142269,0.011972323475033044
1746739410925195500,37.31719555664063,0.041295886984467504,0.01539864466190338,0.01817263941988349
1746739410935275300,37.327275146484375,0.0607984598338604,0.011623802298307418,0.022808372929133472
1746739410945354500,37.3373544921875,0.0673468585640192,0.021754151168465612,0.021486476675607262
1746739410955434200,37.34743432617187,0.04956453363597393,0.013605916026234626,0.012268018485978246
1746739410965513500,37.357513427734375,0.02123451120853424,-0.0002986906856298446,0.011828275361843407
1746739410975593200,37.36759326171875,-0.01909340752661228,0.013782441636919975,0.004087744237668812
1746739410985673500,37.377673583984375,-0.017892799565196037,0.025050270104408263,0.032745354651659724
1746739410995752400,37.38775244140625,-0.03453355324268341,0.019423077872395514,0.015119791187904774
1746739411005832400,37.39783251953125,-0.048079848036170006,0.024755671072006224,0.03155292999669909
1746739411015911400,37.40791137695312,-0.02353285127878189,0.01755143878161907,0.010827427756227552
1746739411025991400,37.41799145507812,-0.036486440876126285,0.011771101814508437,-0.009601868016645311
1746739411036071400,37.42807153320312,-0.008608838391304016,0.0028881226569414135,0.004410911777429282
1746739411046150400,37.438150390625,0.02986146977841854,-0.0014922843843698502,0.004130816194415092
1746739411056230400,37.44823046875,0.018336451679468155,0.006449030008912086,0.00022233751378953457
1746739411066309400,37.45830932617187,0.003743278181552887,0.0014385083705186843,0.009312237420305609
1746739411076389400,37.46838940429687,0.0037613983601331707,0.021323943057656287,0.016772344167903065
1746739411086468400,37.47846826171875,0.0016553659915924071,0.00980944635272026,0.025726379267685114
1746739411096548400,37.48854833984375,0.004421323573589325,0.00286824891269207,0.04435070797782391
1746739411106628400,37.49862841796875,-0.020682722544670105,0.013927987587451934,0.029604901201464234
1746739411116707300,37.50870727539063,-0.026777532288432118,0.018041852647066117,0.004865706340223551
1746739411126787300,37.51878735351563,-0.013991115951538085,0.01128653316795826,-0.003960281933099032
1746739411136866300,37.5288662109375,-0.048722237592935556,-0.009753332251310348,0.004239281537570059
1746739411146946300,37.5389462890625,-0.027087328889966008,0.016409283009171483,0.023491313691996037
1746739411157025300,37.549025390625,0.000668108519911766,0.02061491800546646,0.022332864371873436
1746739411167105500,37.55910546875,0.028135376638174055,0.014364040917158125,0.028131577245891094
1746739411177185300,37.569185302734375,0.03472527642250061,0.0249877262622118,0.014888503182679414
1746739411187264500,37.57926440429687,0.04276362144947052,0.00904781433045864,0.03527224278077483
1746739411197344300,37.58934423828125,0.008460954353213309,0.02007598882317543,0.015672237438894808
1746739411207423500,37.599423583984375,-0.008971241962909698,0.014821137034893034,0.014231865904852746
1746739411217503200,37.609503173828124,-0.024380408018827435,0.0063075757116079325,0.00506579548958689
1746739411227582500,37.61958251953125,-0.02976560818850994,0.002709258958697319,0.028761399582028387
1746739411237662200,37.629662109375,-0.01809095248579979,0.005111059403419494,0.025658830456808206
1746739411247742500,37.63974243164063,-0.003953706061840057,0.011926000115275382,0.03097063659671694
1746739411257821400,37.649821533203124,0.0024865561187267303,0.019241876086592672,0.017520349523611367
1746739411267901400,37.6599013671875,-0.014023849177360534,0.0015823007553815841,0.027956111081130802
1746739411277980400,37.66998046875,-0.03733516665995121,0.017215338695049286,0.013304777655191719
1746739411288060400,37.680060302734375,-0.026497546303272244,0.009026771542429923,0.030029812082648277
1746739411298139400,37.69013940429687,0.002140519160032272,-0.001516249781847,0.024229199512489138
1746739411308219400,37.70021948242187,0.01655365991592407,0.004689619120955467,0.01070522614866495
1746739411318299400,37.71029931640625,0.022380174112319944,0.029090485405921934,0.0014517331782728433
1746739411328378400,37.72037841796875,0.018697686207294464,0.020796119791269302,0.003459237075783312
1746739411338458400,37.730458251953124,0.013058803537487984,0.021680501410365104,0.006930018458887934
1746739411348537300,37.74053735351563,-0.0002665419816970825,-0.004913491004705429,0.02020162449683994
1746739411358617300,37.75061743164063,-0.012481295910477638,0.00019639935493469238,0.014415734571777283
1746739411368697300,37.760697265625,0.0004904138654470443,0.0059556935340166085,0.013578480030037463
1746739411378776300,37.7707763671875,-0.0015244330883026121,0.013359832310676573,0.02789561306554824
1746739411388856300,37.78085620117187,0.02130465383529663,0.01042728599011898,0.01577916841208935
1746739411398935300,37.790935302734376,-0.0002566051095724106,0.012566051584482192,-0.0050491366157308214
1746739411409015300,37.801015380859376,-0.017677695509791373,0.01250818391740322,0.015961246980726717
1746739411419094300,37.81109423828125,-0.041406946143507956,0.02063712983727455,0.025863084324635563
1746739411429174500,37.82117456054687,-0.06820026052296162,0.02278700134754181,0.032917167554609474
1746739411439254300,37.83125415039063,-0.07942834150195122,0.005414426264166832,0.019152151976525783
1746739411449333500,37.84133349609375,-0.08387363047301769,0.016780454409122465,0.0029228286441415545
1746739411459413200,37.851413330078124,-0.05939502277672291,0.010845219141244887,0.009228321996517479
1746739411469492500,37.86149243164063,-0.045375849774479865,0.00964168857038021,0.01569872358702123
1746739411479572200,37.871572265625,-0.010950433081388473,0.024146014741063117,0.03645663025975227
1746739411489651500,37.8816513671875,0.029703064346313476,0.028593641799688336,0.054167862712964414
1746739411499731200,37.89173120117187,0.06425649133324622,0.035227380725741386,0.02494472737070173
1746739411509811500,37.9018115234375,0.11218377915620803,0.01111351468861103,0.01152593141440302
1746739411519890400,37.911890380859376,0.13122633327841757,0.0073415949344635,0.014251812714338301
1746739411529970400,37.921970458984376,0.11995675124526023,-0.0020925883650779725,0.0017596300836652517
1746739411540049400,37.93204931640625,0.06431961969733238,0.005185878205299377,-0.009603548517078161
1746739411550129400,37.94212939453125,0.028142390900850293,0.020516133806109428,0.02242050612270832
1746739411560208400,37.95220849609375,-0.04921966572105884,0.015259528452157974,0.028718546820990738
1746739411570288400,37.962288330078124,-0.10349544578790663,0.00386427421271801,-0.005824760630726814
1746739411580368400,37.972368408203124,-0.10891630179286002,0.011266659423708915,-0.01231408611740917
1746739411590447400,37.982447265625,-0.10395955616831778,0.015235563054680823,0.021474201715923843
1746739411600527400,37.99252734375,-0.06579027677178383,0.02128887174427509,0.017650880568102
1746739411610606300,38.0026064453125,-0.03496726848483085,0.021231588599085808,0.02026318195834756
1746739411620686300,38.01268627929687,-0.016063830572366714,0.025018705922365186,0.019863843909837305
1746739411630766300,38.02276635742187,0.03124386404752731,0.015994856989383698,0.02889306313768029
1746739411640845300,38.03284521484375,0.03672375676333904,0.002499415600299835,0.013436404678225516
1746739411650925300,38.04292529296875,0.05573357765972614,0.005336684852838516,0.02195259635001421
1746739411661004300,38.05300439453125,0.0779296273767948,0.011949380990862846,0.040462760628573596
1746739411671084300,38.06308422851563,0.07393968095779418,0.01100070196390152,0.0008438304129987955
1746739411681163300,38.073163330078124,0.052634442600607866,-0.0008797054439783096,0.009669014968723058
1746739411691243500,38.083243408203124,0.03218494428992271,0.010768062251806258,0.013988229874707757
1746739411701323300,38.0933232421875,-0.02624327928125858,0.022650807747244834,0.01718647792674601
1746739411711402500,38.10340258789063,-0.07169160977005958,0.013106734332442282,0.012655373835749923
1746739411721482200,38.113482177734376,-0.06104571259319782,-0.005174187767505645,-0.010896109078265727
1746739411731561500,38.1235615234375,-0.05432195729613304,0.003296703457832336,-0.02378141921237111
1746739411741641200,38.13364111328125,-0.052068040889501566,0.010074819290637969,-0.001215476736985147
1746739411751720400,38.143720458984376,-0.03449965097308159,0.01589490374624729,0.009179770147055387
1746739411761800200,38.15380029296875,-0.011335048484802246,0.017343933510780334,0.008619104056991636
1746739411771880400,38.16388037109375,0.02059796687066555,0.01737549769282341,0.019951997117325662
1746739411781959200,38.17395922851563,0.04196574907004833,0.02642331202328205,0.03483337643947452
1746739411792039400,38.18403930664063,0.05070552036464214,0.017629180192947385,0.04406633807849139
1746739411802118400,38.194118408203124,0.03859422681033611,0.016993220376968383,0.02593183871190995
1746739411812198400,38.204198486328124,0.022664251750707624,0.009874328282475472,0.027090689890831708
1746739411822277400,38.21427734375,-0.022984569746255873,0.020433716219663618,0.03530654690917581
1746739411832357400,38.224357421875,-0.04405190769433975,-0.004058335480093956,-0.004470533010177314
1746739411842437400,38.234437255859376,0.004773205751180649,0.04134790943264961,0.025936880213208495
1746739411852516400,38.24451635742187,-0.0208703540712595,0.015266542714834212,0.014355857610702514
1746739411862596400,38.25459643554687,-0.019871406161785125,0.009189853149652481,-0.03419478627499193
1746739411872675300,38.26467529296875,0.011807926693558693,0.02753390361368656,0.012008929158374666
1746739411882755300,38.27475537109375,0.03316284941136837,-0.01648410181105137,0.0650637891281396
1746739411892834300,38.28483422851563,0.03174889096021652,0.0016179565906524658,0.05034625859819352
1746739411902914300,38.29491430664063,0.014008067086338996,-0.001087210714817047,0.00652710021380335
1746739411912994600,38.30499462890625,-0.0019330138891935347,-0.003446341061592102,-0.015918430752307176
1746739411923073800,38.31507373046875,0.027877017962932585,0.010287585258483885,0.011425832040794193
1746739411933153500,38.325153564453124,0.019996493846178055,0.01882160484790802,0.04506777020599693
1746739411943232800,38.33523266601563,0.030264205360412594,0.03378361165821552,0.03987016503028571
1746739411953312500,38.3453125,-0.004822305589914321,0.004247720572352409,0.008522877140901983
1746739411963391700,38.355391845703124,-0.07131283958554267,-0.004964928930997848,-0.0016754589315503834
1746739411973471700,38.3654716796875,-0.10355448249876499,-0.0030447745233774183,0.006218618786521256
1746739411983551700,38.3755517578125,-0.10234978288412093,0.003514145600795746,0.003522000113688409
1746739411993630700,38.385630615234376,-0.055821840465068814,0.00034019173979759216,-0.002915558653138578
1746739412003710700,38.395710693359376,-0.006582885521650314,-0.0007066869646310806,-0.0022474501332268118
1746739412013789700,38.40578979492187,0.031166122636198997,0.013969488641619681,0.0012199702490121125
1746739412023869700,38.41586962890625,0.04400748403072357,0.004501403072476387,0.019403934780508277
1746739412033948700,38.42594873046875,0.05028232651650905,0.02501169165968895,0.00995546722728759
1746739412044028700,38.436028564453125,0.06721358757317066,-0.00023205519020557403,0.023402174103818833
1746739412054108700,38.446108642578125,0.06676175215244293,0.009458148697018623,0.020920476823300123
1746739412064187600,38.45618774414063,0.04799509236216545,0.020766309174895286,0.0032693039942532777
1746739412074267600,38.466267578125,0.044648704543709755,0.02191898634135723,0.024783326263912022
1746739412084347000,38.476346923828125,0.01693885984122753,0.03129179484248161,0.03395009079892188
1746739412094426600,38.48642651367187,-0.004781973579525947,0.01712707588970661,0.03372716876324266
1746739412104505900,38.496505859375,-0.031547815430164335,0.017636778977513312,0.013153861409798264
1746739412114585600,38.506585693359376,-0.06848609172701835,0.016871639823913574,-0.002515818745829165
1746739412124665900,38.51666577148438,-0.09501111055910587,-0.0000789104551076889,0.007023249700292945
1746739412134744600,38.52674462890625,-0.11164192736446857,0.015039748221635818,0.030589747520349916
1746739412144824800,38.53682495117187,-0.10068564906418323,0.017292495584487914,-0.0025006942419335243
1746739412154903600,38.546903564453125,-0.07801847470402717,0.030064298874139785,0.010245426617190242
1746739412164983800,38.55698388671875,-0.041328035688400266,0.023635142609477043,0.017558599174767733
1746739412175063600,38.5670634765625,0.019026187509298322,0.03909691563546657,0.045514564125426114
1746739412185142800,38.57714282226563,0.048392567247152324,0.02589782684445381,0.03778060887251049
1746739412195222500,38.58722241210938,0.08401566929221153,0.024486791002750394,0.02237199080586433
1746739412205301800,38.5973017578125,0.11390285803377628,0.017140519893169403,0.0382336864022538
1746739412215381500,38.60738159179687,0.14181085565686224,0.007408814951777458,0.04946100019626319
1746739412225460700,38.61746069335938,0.11616086609363556,0.013438158243894577,0.029577647868357596
1746739412235540700,38.62754077148438,0.06909282544851303,-0.004259411010146141,0.00007741261776536703
1746739412245620700,38.63762084960938,0.021119944918155668,0.0016711480826139449,-0.006203092423826456
1746739412255699700,38.64769970703125,-0.03745382460355758,0.010339023184776306,0.022241532826609907
1746739412265779700,38.65777978515625,-0.10089198529124259,0.008953121784329414,0.010446246418915688
1746739412275858700,38.667858642578125,-0.11242577121853828,0.009721768069267273,0.029015995397605
1746739412285938700,38.677938720703125,-0.10862170276045799,0.012546762362122535,0.034148243719525635
1746739412296017700,38.688017578125,-0.10163432809114456,0.014502572605013846,-0.009386033308878541
1746739412306097700,38.69809765625,-0.05477554628252983,0.013064064234495161,-0.0005978197626769542
1746739412316177700,38.708177734375,-0.03633504970669746,0.009179916277527808,0.012262903919443487
1746739412326256600,38.71825659179687,-0.018904022434353827,0.018004443246126173,0.016627309674024583
1746739412336336600,38.72833666992187,0.011277180817723274,0.022508184406161307,0.020274799330905077
1746739412346415900,38.73841577148438,0.03357844447493553,0.03362988240122795,0.016360548496618867
1746739412356495600,38.74849560546875,0.04687339485585689,0.01504617796242237,0.029444230747036636
1746739412366574800,38.75857495117187,0.06397182917296886,0.013693594309687614,0.03448375928420573
1746739412376654600,38.76865454101563,0.07605915732979775,0.012476619735360146,0.02936911968421191
1746739412386734800,38.77873486328125,0.0674076488405466,-0.0005704933643341064,0.02631806155052036
1746739412396813600,38.7888134765625,0.03989654158055782,0.006741875475645065,0.012685622843541204
1746739412406893800,38.798893798828125,0.02146364378929138,0.01487666661441326,0.007433291805908083
1746739412416972500,38.80897265625,0.01828968992829323,0.018799977537989614,0.027413163310848174
1746739412427052800,38.819052734375,-0.012001987960934638,-0.000026888006925582884,0.02825768784359097
1746739412437131500,38.82913159179687,-0.046996144452691076,-0.00014729951620101928,0.037610439937375485
1746739412447211800,38.83921166992187,-0.06680851390361786,0.013012041786313057,0.014270590480044483
1746739412457291500,38.84929150390625,-0.09758943661451339,0.025217443364858625,-0.0183347346464172
1746739412467370800,38.85937084960938,-0.08696516674757003,0.016921324184536932,0.004324804396554828
1746739412477450500,38.869450439453125,-0.06412438938617705,0.017935469663143157,0.02175108242854476
1746739412487529700,38.87952978515625,-0.023684826970100402,0.016628478717803954,0.037252164551615716
1746739412497609700,38.88960961914062,0.008134791138768195,0.010967384216189384,0.07262257047723979
1746739412507688700,38.899688720703125,0.03153554047048092,0.02215630222856998,0.038716355352662504
1746739412517768700,38.909768798828125,0.05430325259566307,0.012341010656952858,0.03760028386954218
1746739412527848700,38.9198486328125,0.07206921091079711,0.020620178702473638,0.02296619383934885
1746739412537927700,38.929927734375,0.07109773553013801,0.022855974930524825,0.017282193386182188
1746739412548007700,38.94000756835938,0.046481180667877195,0.012723287972807883,0.02532291303332895
1746739412558086700,38.95008666992187,0.04608721291422844,0.01787526390850544,0.02582903592456132
1746739412568166700,38.96016674804687,0.004880173256993294,0.02057867764830589,0.026170944697409868
1746739412578245600,38.97024560546875,-0.017098434317111968,0.013746785801649094,0.00856302648819983
1746739412588325600,38.98032568359375,-0.04610884022414684,0.002972293809056282,-0.00574318329449743
1746739412598405600,38.990405517578125,-0.05271101496815681,-0.010671031618118285,0.0045341362982988355
1746739412608484900,39.00048486328125,-0.05408756401836872,0.005128595060110092,-0.006929433936998248
1746739412618564600,39.01056469726562,-0.02817395508289337,0.009644611179828642,0.0018229045782238245
1746739412628643800,39.020643798828125,0.005934066224098205,0.028019056782126427,0.017908252862654624
1746739412638723600,39.0307236328125,0.060576341515779494,0.02057867764830589,0.04412186765801161
1746739412648802800,39.040802734375,0.10165478635728359,0.031284780579805375,0.04624145362786949
1746739412658882600,39.05088256835938,0.09106967945694923,0.019652794975042343,0.037147315937653184
1746739412668962800,39.060962890625,0.03334755832850933,0.01073357546031475,0.01872128627859056
1746739412679041500,39.07104150390625,0.004584989702701568,0.010958616387844086,0.02524327192585915
1746739412689121800,39.081121826171874,-0.044617140361666675,0.0025227964758872986,0.042638972156494856
1746739412699200500,39.091200439453125,-0.07931903590857982,0.014663900646567344,0.047749300907552236
1746739412709280800,39.10128076171875,-0.09151742322444915,0.006439093136787414,0.017417729399353266
1746739412719359700,39.11135986328125,-0.08541618373990058,0.009185761496424675,0.01567746160328388
1746739412729439700,39.12143969726562,-0.06389408776164054,0.02729951033592224,0.005412636165879666
1746739412739519500,39.13151953125,-0.030502105769515037,0.015085925450921057,-0.008543737265840172
1746739412749598700,39.1415986328125,-0.010395721808075905,0.022767712125182152,-0.0037993557503446934
1746739412759678700,39.1516787109375,0.040836452779173846,0.030382278782129287,0.005144632879458368
1746739412769757700,39.1617578125,0.06360591847002506,0.03031973493993282,0.02521773562580347
1746739412779837700,39.17183764648438,0.09187105896770953,0.022173837885260582,0.02546151778642088
1746739412789916700,39.18191674804687,0.07550970675349235,0.02237199080586433,0.03421272379048169
1746739412799996700,39.19199658203125,0.08808861781954765,0.027710429224371908,0.04985142428595572
1746739412810076700,39.20207666015625,0.0707891079723835,0.024968437039852142,0.039442441137507556
1746739412820155600,39.21215576171875,0.04102116169631481,0.03317804698050022,0.018847287278436122
1746739412830235600,39.222235595703125,-0.017638532543182373,0.013510054436326026,0.033692901167459786
1746739412840314600,39.23231469726562,-0.0947089127421379,0.0024228432327508924,-0.00025086948852986096
1746739412850394600,39.24239453125,-0.10322773476243019,-0.0044815293282270425,-0.004490808613225817
1746739412860473600,39.2524736328125,-0.13112345742583273,0.011456629037857055,0.009227774007245898
1746739412870553900,39.262553955078126,-0.14205050963163374,0.02229892556965351,0.023254143935255704
1746739412880633600,39.272633544921874,-0.09301029213070869,0.03597264613509178,0.01914674514904618
1746739412890712800,39.282712890625,-0.042752515533566474,0.011199439406394958,0.02668915988523513
1746739412900792600,39.29279248046875,0.002356207737326622,0.024871990928053856,0.040130752195231614
1746739412910871300,39.30287133789062,0.06128945822119713,0.03257891204357147,0.02673237797245383
1746739412920951300,39.31295141601562,0.09714110832512378,0.015143208596110343,0.024956783134676516
1746739412931030300,39.3230302734375,0.09911679231226443,0.008504208973050117,0.013211984805203974
1746739412941110300,39.3331103515625,0.11798165178000926,0.008107903131842613,0.027724603880196808
1746739412951189200,39.34318920898438,0.08199205451011657,0.020140286231040954,0.0330935470348224
1746739412961269500,39.35326953125,0.06721884827017784,0.0144523037225008,0.021240283362194894
1746739412971349500,39.363349609375,0.04134089516997337,0.012527473139762877,0.020091588251106438
1746739412981428500,39.373428466796874,-0.009021510845422744,0.022034137153625486,0.02240289740078151
1746739412991508500,39.383508544921874,-0.059307929015159605,0.02088379807472229,0.021240429492667315
1746739413001587500,39.39358740234375,-0.07433949393033981,0.006093640699982643,0.017954612755030394
1746739413011667500,39.40366748046875,-0.08137479939460754,0.014783727633953093,0.02185560224894434
1746739413021747500,39.41374755859375,-0.10736264261007308,0.0029617724150419232,0.02840253967437893
1746739413031826200,39.423826171875,-0.10021393989920616,0.017197218516469,0.015359664358384907
1746739413041906400,39.43390649414062,-0.08590601308345794,0.03020341508388519,0.044100349945947526
1746739413051985200,39.443985107421874,-0.050376434540748596,0.017932547053694722,0.01595836090389639
1746739413062065400,39.4540654296875,-0.005278232663869857,0.020792028138041495,0.015165858819335699
1746739413072144400,39.46414428710938,0.029919921967387197,0.017000819161534307,0.010444529385864734
1746739413082224400,39.47422436523438,0.05561608875989914,0.02816226464509964,0.009964527316577732
1746739413092303400,39.484303466796874,0.06971592578291892,0.04173661648929119,0.03148863258883357
1746739413102383400,39.49438330078125,0.07775836246311664,0.0315536606490612,0.035629531785845756
1746739413112463400,39.50446337890625,0.09905424847006797,0.017163316246867177,0.041635457669757306
1746739413122542300,39.514542236328126,0.05248714308440685,0.03747136026024818,0.044555619432777166
1746739413132622600,39.52462255859375,0.04239303457140922,0.015181787040829658,0.011897322010062635
1746739413142701300,39.53470141601562,0.04033201038837433,-0.0009165303230285644,0.0081928780015558
1746739413152781600,39.54478149414062,-0.003200841867923736,-0.011947627425193785,-0.0035852746082469817
1746739413162860300,39.5548603515625,-0.016409867531061172,0.0026297639816999434,-0.008390994389541447
1746739413172940300,39.564940185546874,-0.0253840321034193,0.013509469914436339,0.009477474451996386
1746739413183020300,39.575020263671874,-0.06382745226621628,0.018478490498661994,0.014732362772896884
1746739413193099300,39.58509936523438,-0.06735211926102638,0.012715689188241957,0.037936676217056806
1746739413203179300,39.59517919921875,-0.08085282134711742,0.020013444980978963,0.033604053840227424
1746739413213258200,39.60525830078125,-0.06257365281283855,0.006216390296816826,0.03219802296720445
1746739413223338200,39.61533813476562,-0.04713935231566429,0.02430149756371975,0.017041845291666687
1746739413233417200,39.625417236328126,-0.033060558080673215,0.016489362508058547,0.024499979277886448
1746739413243497500,39.63549755859375,-0.010530161842703818,0.02292845564484596,0.026140366896055638
1746739413253577500,39.645577392578126,-0.01624269427061081,0.00927402430176735,0.012963307273760436
1746739413263656400,39.65565649414062,0.011132219389081,0.007024199548363685,0.02397471329476684
1746739413273736400,39.665736328125,0.041740708142519,0.03425415177941322,0.036282296606153244
1746739413283815400,39.6758154296875,0.05177987159788608,0.03483750462532043,0.0434068512564525
1746739413293895400,39.6858955078125,0.06607376988828181,0.026440263158082962,0.0369199369225651
1746739413303974400,39.69597436523438,0.07937982618510722,0.023738602983951567,0.04033533485662192
1746739413314054400,39.70605444335938,0.06781272251009941,0.03474924181997776,0.04080974743533879
1746739413324134400,39.71613452148438,0.04576104969978332,0.023914544072747228,0.05120225437302142
1746739413334213400,39.72621337890625,0.0033551556468009946,0.01814531302154064,0.028452991219982505
1746739413344293400,39.73629345703125,-0.01805471212863922,0.016168459990620613,0.012465075428038834
1746739413354372400,39.746372314453126,-0.035492169141769406,0.010603227078914642,0.005167831091955304
1746739413364452400,39.756452392578126,-0.07913198890388011,0.021889175724983213,0.013887728642299771
1746739413374531300,39.76653125,-0.0927875892907381,0.01909340752661228,0.007011084338463843
1746739413384611300,39.776611328125,-0.09149988756775855,0.01982756702005863,0.02188818934429437
1746739413394691600,39.78669165039062,-0.06708382371366024,0.014918167668581008,0.005928074874728918
1746739413404770300,39.796770263671874,-0.01757891131043434,0.009476268875598907,0.012598821342922747
1746739413414850600,39.8068505859375,0.032878187251091,0.0031306992411613463,0.024325791754759848
1746739413424929300,39.81692919921875,0.048591304689645766,0.017674188378453255,0.016328363260067997
1746739413435009500,39.82700952148438,0.07706979567706584,0.02344751108288765,0.0067445788893848654
1746739413445088500,39.837088623046874,0.12256605696082115,0.007989245188236236,0.0443385060833767
1746739413455168500,39.84716845703125,0.10261515582203865,0.013639233773946761,0.03786499922033399
1746739413465248300,39.85724829101562,0.0940811362326145,0.019313187757134437,0.03064282941445708
1746739413475327200,39.8673271484375,0.031958734318614006,0.026359014615416527,0.02896042928546667
1746739413485407200,39.8774072265625,-0.011368950754404068,0.025169512569904327,0.039845870839245616
1746739413495486200,39.887486328125,-0.04898351887762546,0.022361469411849973,0.03125307026728987
1746739413505566500,39.89756640625,-0.08344400688409805,0.0199029703438282,0.02541230834983289
1746739413515645200,39.907645263671874,-0.11333645632266998,0.020523732590675352,-0.00720839700885117
1746739413525725400,39.917725341796874,-0.1037152260184288,0.031231589087843892,-0.004066299590840936
1746739413535804200,39.92780419921875,-0.11234160006642341,0.023902853634953498,-0.0004484013546258211
1746739413545884400,39.93788452148438,-0.08878010721504688,0.016642507243156433,0.017006993173994123
1746739413555964400,39.94796435546875,-0.041780455631017684,0.03171849582195282,0.03468088929150253
1746739413566043400,39.95804345703125,-0.031573534393310544,0.012827332869172096,0.013368417475931345
1746739413576123400,39.96812329101562,0.04703764550685882,0.023180969101190566,0.045049503896944225
1746739413586202400,39.978202392578126,0.06414601669609546,0.04128068941533565,0.05863613070081919
1746739413596282400,39.988282470703126,0.07044540910124779,0.05129939460456371,0.05940010081063956
1746739413606361300,39.998361328125,0.08252104682028293,0.0521972202271223,0.05030614578351378
1746739413616441600,40.00844165039062,0.09813596458137035,0.026305823123455047,0.0420100631358102
1746739413626521300,40.01852124023438,0.08284253385961056,-0.005885550907254219,0.008627360428683459
1746739413636600300,40.028600341796874,0.02128770270049572,-0.00274842192530632,-0.005895962703414261
1746739413646680300,40.038680419921874,-0.01056406411230564,-0.004826397243142128,-0.01634578931890428
1746739413656759300,40.04875927734375,-0.02840133409798145,0.021961071917414664,0.017141542806476354
1746739413666839300,40.05883935546875,-0.06458382359147072,0.028112580284476277,0.03761464118845761
1746739413676918300,40.06891821289062,-0.07792787381112574,0.017948913666605948,0.006306297069974243
1746739413686998300,40.07899829101562,-0.06548457182347774,0.020555881294608114,0.007165142389014363
1746739413697078500,40.08907861328125,-0.05398059651255607,0.01912964788377285,0.016131562046334147
1746739413707157200,40.0991572265625,-0.024525953969359398,0.03075111209452152,0.0287918677855283
1746739413717237500,40.109237548828126,0.020093524479866027,0.019447627791762352,0.025485300520807504
1746739413727316500,40.11931640625,0.027943653458356855,0.022242811468243598,0.02042655582651496
1746739413737396500,40.129396484375,0.048743280380964274,0.005113982012867928,0.020695508961006998
1746739413747475500,40.139475341796874,0.050611996862292286,0.026559505623579022,0.04154010753650218
1746739413757555500,40.149555419921874,0.026321605214476584,0.03137304338514805,0.03189315826911479
1746739413767635500,40.159635498046875,-0.012534487402439117,0.013605331504344939,0.039018918495811517
1746739413777714400,40.16971435546875,-0.03621288463175296,0.004088146096467972,-0.0038636166255921122
1746739413787794400,40.17979443359375,-0.0633031361311674,0.007205401334166526,0.02159885100889951
1746739413797873200,40.189873046875,-0.05921615907847881,0.01218318974673748,0.04542988151665777
1746739413807953400,40.19995336914062,-0.052346273308992386,0.024966098952293396,0.008848601963929831
1746739413818032400,40.210032470703126,-0.01386369017958641,0.027696985220909118,0.021629538408108055
1746739413828112400,40.2201123046875,0.029894203004240987,0.021027590459585188,0.033360892734117804
1746739413838192400,40.2301923828125,0.04937456402182579,0.03959025211036205,0.01798577507827431
1746739413848271400,40.24027124023438,0.053341714087128636,0.026305823123455047,0.027178148978576063
1746739413858351400,40.25035131835938,0.0641571226119995,0.03063303867280483,0.011736395827308297
1746739413868430300,40.260430419921875,0.051879824841022486,0.003767828100919723,0.03634359833933413
1746739413878510600,40.270510498046875,0.008033668851852416,0.01591711557805538,0.022243249859660863
1746739413888589300,40.28058935546875,-0.06780804633498191,0.024177578923106194,0.010500826150365173
1746739413898669600,40.29066967773438,-0.11266659423708915,0.01061550203859806,-0.0018744155697524546
1746739413908748300,40.30074829101562,-0.10195347704291344,0.014114450070261955,0.012941972224786876
1746739413918828500,40.31082861328125,-0.0957370867460966,0.0356669411867857,0.05015135708060115
1746739413928908500,40.32090844726562,-0.060144964361190795,0.018074585872888564,0.053121751193515955
1746739413938987500,40.330987548828126,-0.04311959528028965,0.0242687643378973,0.03135558079369366
1746739413949067500,40.34106762695313,-0.030292262411117554,0.021792729613184927,0.0005193111663684248
1746739413959146500,40.351146484375,0.007221183425188064,0.017283727756142616,0.0023550021609291434
1746739413969226500,40.3612265625,0.032598785787820814,0.022103110736608506,0.017129267846792934
1746739413979305500,40.371305419921875,0.07316226684451103,-0.015552958440780638,0.023485505005717278
1746739413989385700,40.3813857421875,0.10451543648540973,0.020762802043557165,0.033295755076035854
1746739413999465500,40.391465576171875,0.11162614527344702,0.01906301238834858,0.030650026340223846
1746739414009544700,40.40154467773438,0.10182955840229987,0.0144523037225008,0.0326648367613554
1746739414019624400,40.41162451171875,0.0634124417245388,0.01847030719220638,0.05093450681492686
1746739414029703700,40.42170361328125,0.026942367461323738,0.03251519915759563,0.042181145386397834
1746739414039783400,40.43178344726562,-0.03322071707844734,0.02348959665894508,0.018342917952872812
1746739414049862700,40.44186254882813,-0.07893442050516605,0.006795066967606544,0.0018177900116890667
1746739414059942400,40.4519423828125,-0.11853636305332182,0.021403438034653662,0.007536679115146398
1746739414070022700,40.46202270507813,-0.12650281188786028,0.011564765587449073,0.004860262980125844
1746739414080101400,40.47210131835938,-0.10403963566720485,0.0021907880425453183,-0.008006050192564725
1746739414090181600,40.482181640625,-0.08031564573049545,-0.0016109423279762267,-0.010236256930045783
1746739414100260600,40.492260498046875,-0.020306290447711945,-0.0017395371437072752,-0.01985544140767306
1746739414110340600,40.502340576171875,0.026693945658206937,0.008066986599564552,0.006164258250780403
1746739414120419600,40.51241967773438,0.059769701308012006,0.008873042285442351,0.028838227677904067
1746739414130499600,40.52249951171875,0.08778583548069,0.03623685002923011,0.06805000186469405
1746739414140578600,40.53257861328125,0.07927402772307396,0.03590601063966751,0.061895497822947794
1746739414150658600,40.54265844726562,0.08129588893949985,0.015801964765787123,0.04196987725589424
1746739414160738600,40.55273852539062,0.06331599561274051,0.035486908444762225,0.02448540276326239
1746739414170817500,40.56281762695313,0.034060675033926964,0.01630582263469696,0.012909750455617904
1746739414180897500,40.5728974609375,-0.0108534024477005,0.014257657933235168,0.010168890782259405
1746739414190976500,40.5829765625,-0.044967853495478625,0.022890461722016333,0.018696224902570245
1746739414201056500,40.59305639648438,-0.0703664986461401,0.026170798566937443,-0.001792692103050649
1746739414211135700,40.6031357421875,-0.08389584230482577,0.01945464205443859,-0.003677154142782092
1746739414221215500,40.613215576171875,-0.08614800514578819,0.01575987918972969,0.016402341811731457
1746739414231295500,40.62329541015625,-0.07438391759395599,0.019248890349268914,0.030067148418352008
1746739414241374500,40.63337451171875,-0.044077042135596274,0.0182429281771183,0.04188548690807074
1746739414251454500,40.64345434570313,-0.015820669466257094,0.03394377065598964,0.044085298507288095
1746739414261533400,40.65353344726562,0.017907997134327888,0.024010405662655828,0.03397946302387863
1746739414271613700,40.66361376953125,0.0229746328741312,0.033546880292892454,0.032875849163532256
1746739414281692400,40.6736923828125,0.07708090159296989,0.0330395152926445,0.03045015638656914
1746739414291772700,40.68377270507813,0.07149404137134552,0.023927403554320333,0.047169382127746934
1746739414301852400,40.693852294921875,0.06428513290584087,0.016311667853593826,0.03560198619179428
1746739414311931600,40.703931640625,0.048103228911757466,0.012916180196404456,0.033015915221348405
1746739414322011400,40.71401147460937,0.011861702707409858,0.015937573844194412,0.030825857831165194
1746739414332090600,40.724090576171875,-0.03502922780513763,0.0047165071278810495,0.012391608333028853
1746739414342170400,40.73417041015625,-0.06371814667284488,-0.0002402384966611862,0.010077011247724295
1746739414352249600,40.74424951171875,-0.09144728059768677,0.0031698622077703472,0.005908347260951996
1746739414362329600,40.75432958984375,-0.07279810970723628,0.028541034829616545,0.02283379963133484
1746739414372409600,40.76440966796875,-0.05837269399166107,0.02267711123228073,0.03512866959162056
1746739414382488600,40.77448852539062,0.003866612300276756,0.016171382600069045,0.0371906436227262
1746739414392568600,40.78456860351562,0.014791910940408706,0.026472411862015724,0.030649405285716056
1746739414402647600,40.7946474609375,0.04956278007030487,0.02630874573290348,0.03847432675771415
1746739414412727600,40.8047275390625,0.050692076361179346,0.004941548055410385,0.017037059518694875
1746739414422806500,40.814806640625,0.0672206018358469,0.0092412910759449,0.028429171952977776
1746739414432886500,40.82488647460937,0.05283902526199817,0.024252397724986077,0.016827033497206864
1746739414442966500,40.83496655273437,0.010046762239933013,0.0034708909809589386,0.01415405142828822
1746739414453045500,40.84504541015625,-0.04854220485091209,0.00036591070294380185,0.007854111033864318
1746739414463125500,40.85512548828125,-0.08055003900825977,0.007842530193924904,0.016438216842710972
1746739414473204700,40.86520483398437,-0.11247487105727196,0.019920506000518798,0.017980697044357657
1746739414483284500,40.87528442382813,-0.09104629858136176,0.027064532536268233,0.02389050561003387
1746739414493363700,40.88536376953125,-0.04797404957413673,0.03529810787439346,0.05358998975977301
1746739414503443500,40.895443359375,-0.01112520512640476,0.044074704048037525,0.028782990359328686
1746739414513522700,40.90552270507813,0.03356558499336242,0.03626256899237632,0.017300240499526262
1746739414523602400,40.9156025390625,0.07375380299687385,0.01957797617316246,0.0164276223834604
1746739414533682700,40.9256826171875,0.08438157999515533,0.021928338691592216,0.03148786540385336
1746739414543761400,40.93576147460937,0.09355214392244815,0.019374562555551526,0.022672435057163237
1746739414553841700,40.94584155273437,0.048019057759642596,0.014557517662644386,0.027227102686837312
1746739414563920400,40.95592041015625,0.018691840988397598,0.024363456884026528,0.027520569208078084
1746739414574000600,40.966000732421875,-0.019097499179840088,0.010820084699988365,0.02252520860619843
1746739414584079600,40.97607958984375,-0.06521744531989097,0.012075053197145462,0.016639876894652843
1746739414594159600,40.98615966796875,-0.13230419164299964,0.016203531304001807,0.006162504685111344
1746739414604239400,40.9962392578125,-0.12118892338871955,0.018074585872888564,0.021719116387702523
1746739414614318600,41.00631860351562,-0.11034078163802623,0.04014320981800556,0.054063598620891565
1746739414624398600,41.016398681640624,-0.09549977085888385,0.04577215561568737,0.06303695947565138
1746739414634477600,41.0264775390625,-0.05369710339605808,0.026066753670573234,0.059739708028547465
1746739414644557600,41.0365576171875,-0.00189443544447422,0.01260755263864994,0.03857040754333138
1746739414654636500,41.04663647460937,0.07769698766469955,0.007667173627018928,0.021174597714841363
1746739414664716500,41.05671655273437,0.10664251164197922,0.008294365614652632,0.006802117762900888
1746739414674795500,41.06679541015625,0.13535948756039143,0.009269932648539543,0.01057337992992252
1746739414684875500,41.07687548828125,0.11880582764446734,0.01673018552660942,0.015184198193624614
1746739414694955500,41.08695556640625,0.10891045657396316,0.02121229937672615,0.044129466442577536
1746739414705034500,41.09703442382813,0.10058569582104682,0.03617839784026146,0.05543379099555313
1746739414715114500,41.10711450195313,0.06512684442698956,0.029686113211512564,0.03778857298325747
1746739414725193500,41.117193359375,0.007077391040325165,0.021809680747985838,0.02834785034507513
1746739414735273500,41.1272734375,-0.04539046282172203,0.01664776794016361,0.033352380634099246
1746739414745352400,41.1373525390625,-0.08026420780420303,0.0035158991664648053,0.04600413774065673
1746739414755432700,41.1474326171875,-0.08885609506070613,0.008434650868177414,0.023630831760540604
1746739414765512400,41.157512451171876,-0.12490882069468498,-0.0003115501672029495,-0.02094005830660462
1746739414775591700,41.167591796875,-0.11894845098555087,0.0017781155884265898,-0.029661892085708675
1746739414785671400,41.17767138671875,-0.09949263988733291,0.0009364040672779082,0.002471723875775933
1746739414795750700,41.187750732421875,-0.05980301905572414,-0.0014244798451662063,0.03456259667407721
1746739414805830400,41.197830322265624,-0.004104512709379196,0.03172375651896,0.028340507288835942
1746739414815909600,41.20790966796875,0.03850713304877281,0.028229484662413595,0.014270955806225538
1746739414825989400,41.2179892578125,0.07655249380469321,0.029523031604290005,0.03911072496511042
1746739414836069600,41.22806958007813,0.08499415893554688,0.03745499364733696,0.02658646669574082
1746739414846148600,41.238148681640624,0.05671732800006866,0.027964696246385572,0.03997636535111815
1746739414856228600,41.248228515625,0.03968085300326347,0.0014449381113052367,0.03996376159787178
1746739414866307600,41.2583076171875,0.012208324187994002,0.02038052472770214,0.030630371791683136
1746739414876387600,41.2683876953125,-0.01830956367254257,0.014621230548620223,0.035839886600896716
1746739414886466600,41.27846655273437,-0.050503860312700266,0.01719604947268963,0.012189656020142138
1746739414896546600,41.28854663085937,-0.07909165689349174,0.0226566529661417,0.014427096216008066
1746739414906625500,41.29862548828125,-0.06975333518385887,0.012913257586956023,0.043604784981347615
1746739414916705800,41.308705810546876,-0.06374737276732921,0.010766893208026885,0.02482610595971346
1746739414926786000,41.3187861328125,-0.04509586378931999,0.02437982349693775,0.008025339414924382
1746739414936864800,41.32886474609375,-0.04169862256646156,0.014172317737340926,-0.0032099019572138783
1746739414946945000,41.33894506835937,-0.011586977419257164,0.036084874337911604,0.02548657916244119
1746739414957023700,41.349023681640624,0.03874970963299274,0.0490647674202919,0.06579473375119269
1746739414967104000,41.35910400390625,0.0841869342058897,0.037412908071279526,0.05875639607962221
1746739414977183000,41.36918286132813,0.07769815670847892,0.026773440635204315,0.06335409913342446
1746739414987263000,41.37926293945313,0.09517302312254905,0.02547872464954853,0.04309212275147438
1746739414997342700,41.3893427734375,0.06269932501912116,-0.002760696884989738,0.028000352081656455
1746739415007422000,41.399421875,0.015990180814266203,0.005669277808070182,0.00750712422709912
1746739415017502000,41.409501953125,-0.01617372068762779,0.00859773247539997,-0.01137275014668703
1746739415027581000,41.419580810546876,-0.06094809743762016,0.01642389605641365,0.021631949560903013
1746739415037661000,41.429660888671876,-0.08885434149503707,0.014939794978499411,0.018045907767675815
1746739415047740000,41.43973999023437,-0.08187105847895144,0.008253449082374572,0.010865202483348548
1746739415057820000,41.44981982421875,-0.06902969708442687,0.00836158563196659,0.01798632306754589
1746739415067899000,41.45989892578125,-0.04445230518877506,0.012878186273574828,0.01859517568089068
1746739415077979000,41.469978759765624,-0.0067798693984746925,0.013467384338378905,0.03146477678921074
1746739415088059000,41.480058837890624,0.03559095334112644,0.02664718390703201,0.044590654213540255
1746739415098137900,41.49013793945313,0.06595920359790325,0.02287058797776699,0.03037866205293685
1746739415108217900,41.5002177734375,0.08649579567015171,0.03919803792238235,0.022237916097417473
1746739415118296800,41.510296875,0.09195230751037597,0.032818566018342966,0.038364765436016024
1746739415128377000,41.520377197265624,0.06739537388086318,0.01748129615485668,0.04046104359552264
1746739415138455800,41.530455810546876,0.04925298346877098,0.011333294919133185,0.031207075701095162
1746739415148536000,41.5405361328125,0.045375849774479865,0.03193243083357811,0.027738413209840655
1746739415158615800,41.55061572265625,0.023221885633468626,0.013631050467491149,0.020015965731628237
1746739415168695000,41.56069506835937,-0.0478752653747797,0.007954758396744728,-0.014641506151668727
1746739415178774800,41.57077490234375,-0.09113982208371162,0.013963058900833129,0.0033545345922932025
1746739415188854000,41.58085400390625,-0.1250689796924591,0.008355740413069725,-0.00583195755649358
1746739415198933800,41.590933837890624,-0.1465191794782877,0.013922142368555069,-0.0198462717205286
1746739415209013000,41.60101293945313,-0.11959960837066173,0.017003157249093053,0.0006681815851479768
1746739415219092700,41.6110927734375,-0.07194470774829387,0.031818449065089224,0.047505372616462406
1746739415229171700,41.62117163085937,-0.02503039636015892,0.04905541507005691,0.05896262270882725
1746739415239252000,41.631251953125,0.029718261915445326,0.04120411704778671,0.06528455573935062
1746739415249332000,41.64133203125,0.06676175215244293,0.045609658530354494,0.05125986631177366
1746739415259411000,41.651410888671876,0.07134557281136512,0.03585515723526478,0.01615026674680412
1746739415269491000,41.661490966796876,0.05321428831517696,0.01383972478210926,0.015232275119051336
1746739415279570000,41.67156982421875,0.04261047671437263,0.017231705307960508,-0.007460399008542299
1746739415289650000,41.68164990234375,0.026062077495455742,-0.002155132207274437,0.006679368166066706
1746739415299729000,41.69172900390625,-0.00025017536878585813,0.0006155015498399734,0.02711472835354507
1746739415309809000,41.701808837890624,-0.010527239233255386,0.024891280150413513,0.041178836476057766
1746739415319889000,41.711888916015624,-0.03164250797629356,0.04473696734905243,0.04878912881668657
1746739415329967900,41.7219677734375,-0.031069676524400708,0.027028292179107665,0.042729244255833326
1746739415340048000,41.7320478515625,-0.001712064614892006,0.020184125372767446,0.021813918531686065
1746739415350127000,41.742127197265624,-0.0006722001731395721,0.005723638343811035,0.016320289551466704
1746739415360206800,41.75220678710937,-0.0068096800148487084,0.011774608945846556,0.026750644281506537
1746739415370286000,41.7622861328125,0.01464227333664894,0.007474865925312042,0.02102086845785379
1746739415380365800,41.77236572265625,0.049517771884799,0.01839899552166462,0.03576846533250064
1746739415390444800,41.78244482421875,0.07124328148066997,0.02775485288798809,0.049046245382912454
1746739415400524800,41.79252490234375,0.06863280672132968,0.03372457494735718,0.040263548262044785
1746739415410605000,41.80260498046875,0.06897767463624477,0.03170271373093128,0.05104940189886838
1746739415420683800,41.812683837890624,0.026968670946359633,0.041653614380955696,0.027504312193021175
1746739415430764000,41.822763916015624,-0.028992285728454588,0.023448095604777335,0.014541224114969373
1746739415440842800,41.8328427734375,-0.07170330020785332,-0.004848609074950218,0.0041685178562998765
1746739415450923000,41.84292309570313,-0.12093348732292651,-0.0157288995295763,-0.014856902468018233
1746739415461002000,41.853001953125,-0.14120879811048506,-0.00018821604847908018,-0.0007412833539769053
1746739415471082000,41.86308203125,-0.0972796400129795,0.010931143859028816,0.006992306572757661
1746739415481161700,41.87316162109375,-0.04978840551972389,0.03510112399756908,0.027276056395098565
1746739415491241000,41.883240966796876,-0.015190554869174956,0.03418342463076114,0.0195829811418429
1746739415501321000,41.893321044921876,0.026591654327511784,0.019569792866706848,0.03251001152582467
1746739415511400000,41.90339990234375,0.04827507834732532,0.031113515666127203,0.04134027411546558
1746739415521480000,41.91347998046875,0.08260814058184623,0.02442950785756111,-0.009667663261853157
1746739415531559000,41.923558837890624,0.08338789278268814,0.02115384718775749,0.012315547422133385
1746739415541639000,41.933638916015624,0.06409107163846492,0.014787234765291214,0.036673305217735465
1746739415551719000,41.943718994140625,0.03874912511110305,0.027978140249848363,0.03219477156419307
1746739415561798000,41.9537978515625,0.028248189362883567,0.04217266981899738,0.03595836188141256
1746739415571878000,41.9638779296875,0.009037877458333968,0.02301905653774738,0.04440616449210792
1746739415581956900,41.97395678710937,-0.016495207726955414,0.025275311031937597,0.03178830965515226
1746739415592036900,41.98403686523437,-0.04382219059169292,0.015043255352973937,0.024006569737754762
1746739415602115800,41.99411572265625,-0.046667058628797525,0.009919920989871024,0.03946333779506385
1746739415612196000,42.004196044921876,-0.039753918239474294,0.025969138514995573,0.018165405961498616
1746739415622274800,42.01427490234375,-0.08136310895681381,0.030285248148441312,0.026977804100885985
1746739415632355000,42.02435498046875,-0.0838473269879818,0.017120646148920057,0.02071406753100455
1746739415642434800,42.03443481445313,-0.06282324365973473,0.017087328401207923,0.02825819930024445
1746739415652514000,42.04451416015625,-0.030196400821208953,0.04527063583433628,0.03213657510355115
1746739415662593800,42.05459375,0.013335866913199424,0.03448269983828067,0.03337316769380122
1746739415672673000,42.06467309570313,0.04194178367257118,0.019241291564702986,0.03241181184835732
1746739415682752800,42.074752685546876,0.07251812372207642,0.01528933906853199,0.004484196209348738
1746739415692831700,42.08483178710937,0.09422434409558772,0.016113514932990073,0.010026377039030194
1746739415702911700,42.09491186523437,0.07848258508443832,0.011640168911218643,0.028976211376488207
1746739415712992000,42.10499194335937,0.016650106027722357,0.010866261929273605,0.01789857171885669
1746739415723071000,42.115071044921876,-0.0026759412109851836,0.008384966507554053,-0.0009669818686321377
1746739415733151000,42.12515087890625,-0.033676644152402874,0.01845394057929516,0.016240465780906377
1746739415743230000,42.13522998046875,-0.025828853261470792,0.011316343784332274,0.019453473010659215
1746739415753310000,42.14531005859375,-0.03533785536289215,0.03170446729660034,0.02422616730518639
1746739415763389000,42.155388916015625,-0.020216274076700208,0.03992401410937309,0.032993374595977364
1746739415773469000,42.165468994140625,0.01276478902697563,0.04409633135795593,0.0533941383941099
1746739415783548000,42.1755478515625,0.028456863677501675,0.030729484784603116,0.03813132200632244
1746739415793628000,42.1856279296875,0.023648002091050148,0.030261282750964163,0.03524897150304168
1746739415803708000,42.1957080078125,0.0032668928414583205,0.007786416092514991,0.029973076926730572
1746739415813787000,42.20578686523437,0.004069441395998001,-0.007434533914923667,0.015025829294137656
1746739415823867000,42.21586694335937,-0.009395604854822158,-0.005274725532531738,0.012637180591933429
1746739415833946000,42.225946044921876,-0.027820903861522674,0.011673486658930778,0.023418138857930898
1746739415844025900,42.23602587890625,-0.047992169752717015,0.01057107837498188,0.018054018008895216
1746739415854104800,42.24610473632813,-0.04939034611284732,0.02477671386003494,0.027454554767161608
1746739415864184800,42.25618481445313,-0.04258534227311611,0.03672258771955967,0.03143661014065146
1746739415874263800,42.266263916015625,-0.03317687793672085,0.02390051554739475,0.030239399712719023
1746739415884343800,42.27634375,-0.007243979778885841,0.010747603985667228,0.01157028201278299
1746739415894424000,42.286424072265625,0.020725392642617226,0.016991466811299323,0.021596659051813183
1746739415904502800,42.296502685546876,0.02924363014101982,0.023554478588700294,0.004258497694693506
1746739415914582500,42.30658251953125,0.02908230209946632,0.022539748588204383,0.021029928547143934
1746739415924661800,42.31666186523437,0.03539396946430206,0.025101708030700682,0.011252082909084856
1746739415934741500,42.32674145507813,0.03421089715957641,0.007507014629244804,0.017006847043521702
1746739415944820700,42.33682080078125,0.01227905133664608,0.024887188497185707,0.029388335841335354
1746739415954900500,42.346900390625,0.009819383224844932,0.027592940324544905,0.014208010105229913
1746739415964980500,42.35698046875,-0.023449849170446395,0.011959902384877204,0.028753289340808987
1746739415975059500,42.3670595703125,-0.03680617434978485,0.007924363258481025,0.024005181498266755
1746739415985139700,42.3771396484375,-0.05167115052640438,0.019244214174151418,0.044971141431108114
1746739415995218400,42.38721850585937,-0.07805529958307743,0.0056529111951589585,0.04346227123811841
1746739416005298700,42.39729858398437,-0.05663023423850536,0.010199906975030898,0.017235468167625365
1746739416015377400,42.40737744140625,-0.029352351212501526,0.02399462357163429,0.017313647970370948
1746739416025457700,42.41745776367188,0.016754735445976256,0.018577274698019026,0.028396767520718274
1746739416035536600,42.42753662109375,0.03980126451253891,0.028242928665876386,0.03151555712837726
1746739416045616600,42.43761669921875,0.08021861509680747,0.01645136858522892,0.022886881525442004
1746739416055696400,42.4476962890625,0.11707330476343632,0.034983050575852395,0.03835325766131282
1746739416065775600,42.457775634765625,0.12093465636670589,0.024846856486797332,0.04110525978319347
1746739416075855600,42.467855712890625,0.10278349812626839,0.008485504272580146,0.0492943018598482
1746739416085934600,42.4779345703125,0.022751345512270926,0.01281622695326805,0.001991356480307877
1746739416096014600,42.4880146484375,-0.06125964760482311,0.008730418944358826,-0.009517696864530443
1746739416106093600,42.49809350585937,-0.13306290105581284,0.005725976431369781,-0.002264766594208777
1746739416116173600,42.50817358398437,-0.17874913195371628,-0.012644377517700195,0.020844671640731394
1746739416126253600,42.51825366210937,-0.14782500137984753,0.01478606572151184,0.02641874544601887
1746739416136332500,42.52833251953125,-0.12442132943868636,0.029020342779159543,0.020449571375921367
1746739416146412500,42.53841259765625,-0.057442135143280025,0.014028525352478026,0.01707373826727271
1746739416156491500,42.54849145507813,0.022388941940665243,0.01620645391345024,0.02581128107216209
1746739416166571500,42.55857153320313,0.0733943220347166,0.01650046842396259,0.01549720966555178
1746739416176650500,42.568650390625,0.12539981908202172,0.03855097219049931,0.026953473377227782
1746739416186730500,42.57873046875,0.15166940184831618,0.028726328268647194,0.021373773548752067
1746739416196809500,42.5888095703125,0.13115852873921394,0.01803425386250019,0.017784297689422964
1746739416206889700,42.5988896484375,0.09570727612972259,0.027892215532064436,0.06431483392436058
1746739416216969500,42.60896948242188,0.01710311049222946,0.04693009347915649,0.06975176428128034
1746739416227048700,42.61904858398437,-0.036600422644615174,0.029625907456874847,0.03669796473495662
1746739416237128400,42.62912841796875,-0.07524199572801589,0.016751812836527824,0.02794847576394677
1746739416247207700,42.63920776367188,-0.08468962303102016,0.012267360898852348,0.01666482867281884
1746739416257287400,42.649287353515625,-0.10311375299394131,0.003178630036115646,0.008449373513273893
1746739416267366700,42.65936669921875,-0.10649404308199882,0.00993102690577507,0.020231910037249324
1746739416277446400,42.6694462890625,-0.08562310448884963,0.01964461166858673,0.023009959915839134
1746739416287525600,42.679525634765625,-0.046047465425729746,0.019485621714591977,0.033183636471070345
1746739416297605600,42.689605712890625,0.00495265397131443,0.028765491235256194,0.05149568436164409
1746739416307685600,42.699685546875,0.044701896035671235,0.05223872128129005,0.055550622308254236
1746739416317764600,42.7097646484375,0.0730459469884634,0.03840601076185703,0.04972049138266593
1746739416327844600,42.7198447265625,0.07207797873914241,0.03047054158747196,0.03192256702668965
1746739416337923600,42.72992358398437,0.05958966856598854,0.02423135493695736,0.049864466430619356
1746739416348003600,42.74000366210937,0.03990355584323406,-0.0029091654449701306,0.04356478176452219
1746739416358082600,42.75008251953125,0.027322306689620015,0.0026437925070524216,-0.008025302882306276
1746739416368162600,42.76016259765625,0.00032207156121730803,0.0079167644739151,0.010456694747693836
1746739416378241500,42.77024145507813,-0.03210369574725628,0.007945406046509743,0.02858874642886221
1746739416388321500,42.78032153320312,-0.0441150360584259,0.025967969471216202,0.023960027182288467
1746739416398401500,42.79040161132812,-0.04488017521202564,0.01685118155777454,0.026838943619467315
1746739416408480800,42.800480712890625,-0.03536474336981773,0.016139818418025968,0.016166925620660185
1746739416418560500,42.810560546875,-0.02486614570915699,0.020419103172421453,0.02685414118859917
1746739416428639700,42.8206396484375,0.009285130217671394,0.015709610307216643,0.005282324317097664
1746739416438719500,42.83071948242188,0.02376724455654621,0.01918283937573433,0.04102324405554682
1746739416448798700,42.840798828125,0.018166940331459044,0.02944412114918232,0.03858100200258195
1746739416458878500,42.85087841796875,0.01937748516499996,0.02829728920161724,0.04642243621796369
1746739416468958700,42.86095874023437,0.028785949501395222,0.01736322273313999,0.043652167787030335
1746739416479037400,42.871037353515625,0.022992753052711486,0.029755671316385266,0.037808337129652494
1746739416489117700,42.88111767578125,0.02661094354987144,0.023305472263693807,0.04585665556136519
1746739416499196400,42.89119653320312,-0.006250877088308334,0.01726560757756233,0.021850158888846633
1746739416509276700,42.90127661132812,-0.009897124636173248,0.013097966504096984,0.014473054249584673
1746739416519355600,42.911355712890625,-0.028788872110843657,0.014098667979240417,0.016799268707446753
1746739416529435600,42.921435546875,-0.03647942661345005,0.01342705232799053,0.02106405001245439
1746739416539514600,42.9315146484375,-0.049318449920415876,0.01753916382193565,0.025399668063968418
1746739416549594600,42.9415947265625,-0.05108721315860748,0.006623802053928375,0.0012523016160354017
1746739416559674600,42.95167456054688,-0.04575286639332771,0.009069441640377044,-0.0005004968680441379
1746739416569753600,42.96175366210937,-0.041972178810834884,0.016934183666110037,0.03493712907489389
1746739416579833600,42.97183349609375,-0.000609071809053421,0.011647767695784569,0.045933410592004655
1746739416589912600,42.98191259765625,0.02296644956767559,0.01388064131438732,0.028977416952885686
1746739416599992600,42.99199267578125,0.054770870107412335,0.02174596786201,0.04924699211940169
1746739416610071300,43.0020712890625,0.09625205053091049,0.03244622557461262,0.055330769012495874
1746739416620151600,43.01215161132812,0.08033435043096541,0.0223690681964159,0.05574464704301208
1746739416630230500,43.02223046875,0.08080196794271469,0.013614099332690238,0.03855217776689678
1746739416640310500,43.032310546875,0.03261106074750423,0.019840426501631734,0.03163282683249563
1746739416650390500,43.042390625,-0.02494447164237499,0.021439093869924545,0.02858947708122432
1746739416660469500,43.05246948242188,-0.08628536778986454,0.029535891085863113,0.014645342076569794
1746739416670549500,43.06254956054688,-0.09458850123286247,0.011287117689847945,0.02776796809788793
1746739416680628500,43.07262841796875,-0.09230477420985699,0.025184710139036177,0.03503529221974313
1746739416690708700,43.082708740234374,-0.067194298350811,0.016231588354706762,0.029960400108247992
1746739416700787500,43.092787353515625,-0.019583821392059324,0.0049719431936740876,0.014488507547043263
1746739416710867700,43.10286767578125,0.002841360905766487,0.01912964788377285,0.00701707568783313
1746739416720946400,43.11294653320312,0.051529696229100225,0.028366262784600256,0.021951938762888312
1746739416731026700,43.12302661132812,0.09038520432412624,0.01490413914322853,0.021752324537560343
1746739416741106400,43.1331064453125,0.07682897265851497,0.017881109127402303,0.049083143327198916
1746739416751185700,43.143185546875,0.07093114679157733,0.022818565529584882,0.05089125219509005
1746739416761265400,43.153265380859374,0.02514963882565498,0.017844868770241735,0.03896967252660542
1746739416771344400,43.16334448242188,-0.00218026664853096,0.004710661908984184,0.030945356024987995
1746739416781424600,43.17342456054688,-0.02820142761170864,0.01085866314470768,0.011528123371489346
1746739416791503400,43.18350341796875,-0.04212473902404308,0.0280506209641695,0.01102521535065025
1746739416801583600,43.19358349609375,-0.07398878079652786,0.012820903128385543,0.033441922081075603
1746739416811662300,43.203662353515625,-0.0773807613223791,0.03188391551673412,0.04726736260950565
1746739416821742600,43.21374267578125,-0.08755261124670505,0.017550854259729385,0.014105280383117496
1746739416831822600,43.223822509765625,-0.06512158372998238,0.020087094739079474,0.018438121955655515
1746739416841901600,43.23390161132812,-0.041059740141034126,0.013222469666600227,0.002896927017904818
1746739416851981600,43.24398168945312,0.00649286915063858,0.005962707796692848,0.02773432155661285
1746739416862060500,43.254060546875,0.026392916885018346,0.023988778352737425,0.03582742897812277
1746739416872140500,43.264140625,0.06572305675446986,0.024596096596121785,0.03997307741548866
1746739416882219500,43.27421948242188,0.08068857069611549,0.021820202142000197,0.0337409415602684
1746739416892299800,43.2842998046875,0.07729016042947769,0.02084931128323078,0.03380973248016089
1746739416902378500,43.29437841796875,0.022837270230054853,0.016205869391560553,0.028083171526901422
1746739416912458500,43.30445849609375,0.025372926187515257,0.010246668726205825,0.023881555118598043
1746739416922539300,43.314539306640626,-0.008375029635429382,0.011226911935210228,0.034708507950790224
1746739416932618200,43.3246181640625,-0.03763385734558105,0.018553893822431562,0.03461531324200332
1746739416942698200,43.3346982421875,-0.07524258024990559,0.024243629896640775,0.02763845996670425
1746739416952777200,43.344777099609374,-0.09221651140451431,0.021311083576083183,-0.0010428235838189721
1746739416962857000,43.35485693359375,-0.09112170190513133,0.010412088420987129,0.01916402507741004
1746739416972936200,43.36493627929688,-0.06640344023406505,0.01250818391740322,0.003472644546627998
1746739416983016000,43.375015869140626,-0.029077041402459144,0.012175006440281867,0.026506935186125336
1746739416993095200,43.38509521484375,0.011738368588685988,0.033574937343597414,0.025999789381586015
1746739417003175000,43.3951748046875,0.08408756548464298,0.035983752050995826,0.05230174004752189
1746739417013255200,43.40525512695312,0.11207330451905727,0.0287391877502203,0.04944430478978902
1746739417023334100,43.415334228515626,0.14100772258043287,0.02487842066884041,0.025678521537967024
1746739417033414100,43.4254140625,0.13322189100980758,0.020741174733638762,0.025287512926384804
1746739417043493000,43.4354931640625,0.08780980087816714,0.012969371688365936,0.029206038076989353
1746739417053573000,43.44557299804688,0.040403906580805775,0.00045300446450710294,0.025680128973163664
1746739417063652000,43.455652099609374,-0.026473580905795095,0.002672434079647064,0.020558182849548755
1746739417073732000,43.465732177734374,-0.09453355617523193,0.006405190867185592,0.009986337289586663
1746739417083811000,43.47581103515625,-0.11358663169145583,0.0018418284744024275,0.01493606865145266
1746739417093891000,43.48589111328125,-0.13381108907461164,0.0134545248568058,0.004360460231825709
1746739417103971000,43.49597119140625,-0.1223193887233734,0.03383154245316982,0.01688033458702266
1746739417114050000,43.50605004882812,-0.08468202424645424,0.012582418197393417,0.004912029699981212
1746739417124130000,43.51613012695312,-0.06093991413116455,0.0336450799703598,0.016675130871124565
1746739417134209300,43.526209228515626,-0.019674422284960746,0.027930209454894064,0.018855178323946894
1746739417144289000,43.5362890625,0.04410159205496311,0.026274843463301657,0.043028592528589066
1746739417154368300,43.5463681640625,0.057791679233312604,0.01884673928916454,0.037149252166412766
1746739417164448000,43.55644799804688,0.058357496422529215,0.026076690542697904,0.021495609830133617
1746739417174527200,43.56652734375,0.050911272069811817,0.023417115944623947,0.012427592961862683
1746739417184607000,43.57660693359375,0.04257423635721207,0.0035562311768531796,0.017064714710600674
1746739417194687200,43.586687255859374,0.013303718209266662,0.012684709528088568,0.00634063773099333
1746739417204766000,43.596765869140626,-0.024241876330971718,0.010888473761081695,0.015144779498688875
1746739417214846200,43.60684619140625,-0.013262801676988602,0.02912029602229595,0.02384662993568927
1746739417224925000,43.61692504882812,-0.023951368951797485,0.04114508033692837,0.04117737517133355
1746739417235005200,43.62700512695312,-0.03366495371460915,0.029288053804636,0.014042152019031345
1746739417245084200,43.637084228515626,-0.02978431288897991,0.009644611179828642,0.022476401028409598
1746739417255164200,43.6471640625,-0.019763269612193105,0.008257540735602378,0.014164682420156895
1746739417265243100,43.6572431640625,-0.010683306577801704,0.029959669455885886,0.02020323193203658
1746739417275323100,43.6673232421875,-0.006759995654225349,0.017763035705685614,0.02934164715539664
1746739417285403100,43.67740307617188,-0.021308160966634748,0.04301613490581512,0.032875739565677936
1746739417295482000,43.687482177734374,-0.016519173124432563,0.023202011889219283,0.04021894193533808
1746739417305562000,43.69756201171875,-0.02089899564385414,0.019127309796214104,0.04338043817356228
1746739417315641000,43.70764111328125,-0.008804653224349021,0.02178045465350151,0.026885961098968982
1746739417325721000,43.71772119140625,-0.017603461229801175,0.023807576566934583,0.04156673981510103
1746739417335800000,43.72780004882812,0.009893617504835129,0.02536591192483902,0.04186692833807319
1746739417345880000,43.73788012695312,0.0433265160292387,0.016830138769745824,0.03161671594791114
1746739417355959300,43.747959228515626,0.05808686278760433,-0.005963292318582535,0.010211743543297052
1746739417366039000,43.7580390625,0.08898293631076812,0.006851181069016456,0.0005616159381344914
1746739417376119000,43.768119140625,0.09027589873075485,0.015697919869422913,-0.0022365999456495046
1746739417386198000,43.77819799804688,0.10000000488758086,0.02335164949297905,0.03411602195035666
1746739417396278000,43.78827807617188,0.02551438048481941,0.0220031574934721,0.04473192584775388
1746739417406357000,43.79835693359375,-0.028224808487296103,0.03487959020137787,0.05247965389769524
1746739417416437200,43.808437255859374,-0.06682897216975689,0.019510171633958816,0.043002106380462646
1746739417426516000,43.818515869140626,-0.11962006663680076,0.015496844339370727,0.027025186906568705
1746739417436596200,43.82859619140625,-0.15401859532296658,0.0021907880425453183,0.006258512405492365
1746739417446675000,43.83867504882812,-0.13855565325319766,0.002661328163743019,0.015030067077837883
1746739417456755200,43.84875512695312,-0.09826163678765297,0.007284311789274215,0.029924890403449533
1746739417466835000,43.8588349609375,-0.03202712337970733,0.0010848726272583008,0.003935037893988192
1746739417476914200,43.8689140625,0.003961304846405982,0.04223170652985572,0.009079013186320662
1746739417486994000,43.878993896484374,0.037108372166752814,0.027017770785093306,0.017263342555239796
1746739417497073200,43.8890732421875,0.06551730504930019,0.017571897047758103,0.01241447775196284
1746739417507153200,43.89915307617188,0.11273907495141029,0.026413959673047063,0.04003054322376847
1746739417517232000,43.909232177734374,0.14597265151143074,0.03308160086870193,0.05624313461706042
1746739417527312100,43.91931201171875,0.12878770795464514,0.031018823119997978,0.025737412118352947
1746739417537391000,43.92939111328125,0.09786065477132797,0.013710545444488525,0.016449907280504703
1746739417547471000,43.93947119140625,0.03722761463224888,0.000050268882513046264,0.027213658683374522
1746739417557551000,43.949551025390626,-0.03836275614202022,0.012511106526851654,0.025208310210332274
1746739417567630000,43.95963012695312,-0.09375614206194877,0.010919453421235084,0.010711692422069609
1746739417577710000,43.9697099609375,-0.16896657360792158,0.016962825238704682,0.022338453862443566
1746739417587789000,43.9797890625,-0.20213351467251778,0.02130640740096569,-0.006140365918539464
1746739417597869000,43.989869140625,-0.19442542451322078,-0.004604278925061225,-0.012741956140659748
1746739417607948000,43.99994799804688,-0.13209142567515372,0.01757715774476528,0.030110220375098286
1746739417618028300,44.0100283203125,-0.06553191809654235,0.025064883151650428,0.04007693964876234
1746739417628107000,44.02010693359375,0.018106734576821326,0.03875380128622055,0.021624898765608667
1746739417638187300,44.030187255859374,0.08724632177650928,0.05513678081035614,0.05207023284658789
1746739417648267000,44.04026708984375,0.1494412044048309,0.04571078081727028,0.05839782843291759
1746739417658346200,44.05034619140625,0.1657856054842472,0.03551145836412906,0.07338906133770942
1746739417668426000,44.060426025390626,0.15632804130911826,0.010410334855318068,0.062438993582502
1746739417678505200,44.07050512695312,0.12184066529572009,0.00832066909968853,0.030023893798515198
1746739417688585000,44.0805849609375,0.07202128011584281,0.0001543137788772583,0.0168758776076138
1746739417698664200,44.090664306640626,0.0029208558827638624,-0.013346388307213783,0.017902224980667233
1746739417708744000,44.100743896484374,-0.087463179397583,-0.01903027916252613,-0.0017219649543985724
1746739417718823200,44.1108232421875,-0.1391162097454071,0.003737432962656021,0.004042736052162945
1746739417728903200,44.12090307617188,-0.1463356396049261,0.016517419558763503,0.017291801464743912
1746739417738983200,44.13098315429688,-0.130789110904932,0.04116495408117771,0.03231511000823229
1746739417749062100,44.141062255859374,-0.06944587666988372,0.03569207562804222,0.04132668398153037
1746739417759142100,44.15114208984375,-0.010177695143222809,0.03174713739454746,0.03188314833175391
1746739417769221000,44.16122119140625,0.04437164116799831,0.028114918372035023,0.02079327024705708
1746739417779301000,44.171301025390626,0.0820779792279005,0.018976503148674963,0.02963354277405888
1746739417789380000,44.18138012695312,0.11200140832662582,0.005786766707897186,0.0182449374711141
1746739417799460000,44.19146020507812,0.10517769978642463,0.01163549273610115,0.0447692256508395
1746739417809539000,44.2015390625,0.07951485074162483,0.013912790018320083,0.03073646251466125
1746739417819619000,44.211619140625,0.05963993744850158,0.0072808046579360955,0.027593963237851855
1746739417829699000,44.221698974609374,0.010010521882772445,0.02198036113977432,0.0065990329388529055
1746739417839778300,44.2317783203125,-0.05391746814846992,0.02154430781006813,-0.00526825925912708
1746739417849858000,44.24185815429688,-0.11791560080647467,0.00831716196835041,0.01028309174645692
1746739417859937300,44.251937255859374,-0.10483516995906829,0.005289338579773903,0.031258148301206524
1746739417870017000,44.26201708984375,-0.0987000282049179,0.029314357289671897,0.025889899266324935
1746739417880096300,44.27209619140625,-0.09898644393086432,0.02381225274205208,0.026174451828747985
1746739417890176000,44.282176025390626,-0.05442600219249725,0.018961305579543113,0.002712108502909541
1746739417900255200,44.29225512695312,0.012661913174390792,0.022013678887486458,0.03058105275724083
1746739417910335000,44.3023349609375,0.05767652842104434,0.008597147953510284,0.037523236577957864
1746739417920414500,44.31241455078125,0.08329670736789703,0.03202770790159702,0.034819274848885834
1746739417930493400,44.32249340820312,0.09402385308742522,0.016271920365095137,0.03948565922472626
1746739417940573400,44.33257348632812,0.0933189196884632,0.006757657566666603,0.029627039968036114
1746739417950652400,44.34265234375,0.046156186497211454,0.0051005380094051355,0.014139146120101212
1746739417960732400,44.352732421875,0.012306523865461348,0.009710662153363227,0.017201894691586492
1746739417970811400,44.36281127929688,-0.019646949756145476,0.03067278616130352,0.031857356303371484
1746739417980891400,44.37289135742188,-0.022025953847169873,0.03353986603021621,0.027789193549007177
1746739417990970400,44.382970458984374,-0.045402737781405446,0.024266426250338553,0.021430800965614616
1746739418001050400,44.39305029296875,-0.043433483535051345,0.0074216744333505625,0.01155523057412356
1746739418011130400,44.40313037109375,-0.021394670206308364,0.01840542526245117,0.004790924070961773
1746739418021209600,44.41320971679688,0.0025087679505348204,0.008659691795706748,0.002535546359606087
1746739418031289300,44.423289306640626,0.013330606216192245,0.021589315995573996,0.028801074005290864
1746739418041368600,44.43336865234375,0.027414661148190498,0.021457214048504827,0.05292264842484146
1746739418051448300,44.4434482421875,0.03468786702156067,0.035382279026508326,0.0437207395112142
1746739418061527600,44.453527587890626,0.03300502850115299,0.027186113089323043,0.04545896148066968
1746739418071607300,44.463607177734374,0.01950432641506195,0.0164303257972002,0.019308182788453997
1746739418081686500,44.4736865234375,-0.015610241585969924,-0.002976385462284088,-0.0012698007401078938
1746739418091766300,44.48376635742188,-0.04042319580316543,0.007342179456353187,0.010021846994385122
1746739418101846500,44.49384643554688,-0.0665279433965683,0.000012859481573104858,0.029722243970818817
1746739418111925200,44.50392529296875,-0.07014204224050044,0.010972060391306876,0.026262130112200972
1746739418122005500,44.514005615234375,-0.0577045854717493,0.005535422295331955,0.006398651528544724
1746739418132084500,44.52408447265625,-0.0346995574593544,0.011221066716313361,-0.008846519604697824
1746739418142164500,44.53416455078125,0.006357844594120979,0.011884499061107634,0.014209434877336025
1746739418152243500,44.54424340820312,0.0317804551422596,0.010867430973052978,0.01198492722827941
1746739418162323500,44.55432348632812,0.04242342970967292,0.016932430100440977,0.013597696187160908
1746739418172402400,44.56440234375,0.06109831956326961,0.03687456341087818,0.01707399399559945
1746739418182482400,44.574482421875,0.061790393480658526,0.015485153901576995,0.024446751253306864
1746739418192562400,44.5845625,0.06790975314378737,0.019813538494706153,0.05513020493909716
1746739418202641400,44.59464135742188,0.012048749712109565,0.027777649241685867,0.046541057628951964
1746739418212721400,44.60472143554688,-0.014954992547631264,0.02962006223797798,0.025000074287131427
1746739418222800400,44.61480029296875,-0.013890578186511992,0.006646013885736465,0.008070091872103512
1746739418232880400,44.62488037109375,-0.03921908071041107,0.01120411558151245,0.006900134777277708
1746739418242959600,44.63495971679688,-0.04744038108885288,0.00175415019094944,0.020550145673565567
1746739418253039400,44.645039306640626,-0.02694353650510311,0.010523732101917265,0.02129475349579006
1746739418263118600,44.65511865234375,-0.009281038564443587,0.0243558580994606,0.029853396069817243
1746739418273198300,44.6651982421875,-0.013429390415549277,0.022570143726468084,0.021758425484783947
1746739418283278600,44.67527856445312,-0.00618657968044281,0.022444471520185468,0.023542386292107403
1746739418293357300,44.685357421875,0.02447217795550823,0.043697102907299994,0.028362353794462978
1746739418303437600,44.6954375,0.029462825849652288,0.027948914155364036,0.032551914438791574
1746739418313516300,44.70551635742188,0.024968437039852142,0.013347557350993156,0.030864217080175876
1746739418323596500,44.71559643554688,0.029078794968128204,0.01245499242544174,0.009407331825233995
1746739418333675300,44.72567529296875,0.027971125987172125,0.016499883902072906,-0.002125321590900421
1746739418343755500,44.735755615234375,0.019043138644099233,0.00022796353697776794,0.002484400694258511
1746739418353834500,44.74583447265625,0.009535305586457252,0.01805295856297016,0.03084434333592653
1746739418363914500,44.75591455078125,-0.00002864157259464264,0.00988134254515171,0.022570837846212086
1746739418373994200,44.765994140625,-0.001993219643831253,0.024182255098223686,0.03999638522583991
1746739418384073500,44.77607348632812,-0.01362052907347679,0.022069208467006683,0.03443257708624005
1746739418394153500,44.78615356445312,-0.010631284129619598,0.028368600872159002,0.03084554891232401
1746739418404232400,44.796232421875,-0.00269873756468296,0.013385551273822783,0.023102643167972562
1746739418414312400,44.8063125,0.0025707272708415984,0.006149754801392555,0.02340034747291356
1746739418424391400,44.81639135742188,0.014867314264178276,0.015647650986909865,0.026669066945277153
1746739418434471400,44.82647143554688,-0.005059621477127075,0.022696400454640386,0.014631240485981106
1746739418444550400,44.83655029296875,-0.0009685527712106704,0.010111059647798537,0.013586151879839598
1746739418454630400,44.84663037109375,0.010886720195412635,0.019275778356194494,0.01224840047005564
1746739418464710400,44.85671044921875,0.017587094616889953,0.019907061997056007,0.026532909877598283
1746739418474789400,44.86678930664063,0.038135961648821826,0.012855389919877051,0.011970642974600196
1746739418484869400,44.87686938476563,0.03895663038194179,0.01980535518825054,0.0032722631363198158
1746739418494948400,44.8869482421875,0.022625088784098624,0.018149989196658133,0.023503113727644083
1746739418505028600,44.89702856445312,0.0305646496117115,0.006270166310667991,0.007338051270507275
1746739418515107300,44.907107421875,0.004565700480341911,0.012116554251313208,0.0023980741176754237
1746739418525187600,44.9171875,-0.03687865506410599,0.005469371321797371,0.022976861363835633
1746739418535266300,44.92726635742188,-0.07954056970477104,0.01248947921693325,0.010739420679211615
1746739418545346600,44.9373466796875,-0.11701602161824702,0.012138766083121299,-0.006731427146866917
1746739418555425300,44.94742529296875,-0.07773322802186011,0.01250292322039604,0.0029605303060263395
1746739418565505500,44.957505615234375,-0.05189093075692653,0.012823825737833977,0.02747618207708001
1746739418575585300,44.96758520507812,-0.029181086298823353,0.023622867649793624,0.006663403411954641
1746739418585664500,44.97766455078125,0.004108019840717315,0.016536124259233474,0.020312172199226916
1746739418595744300,44.987744140625,0.03292261091470718,0.020720131945610044,0.027212453106977043
1746739418605823500,44.99782348632812,0.04169628447890281,0.01763210280239582,0.03286627761758864
1746739418615903500,45.00790356445312,0.0709416681855917,0.01807341682910919,0.004401449829339981
1746739418625982500,45.017982421875,0.06373159067630768,0.004441197317838669,0.010920001410506665
1746739418636062500,45.0280625,0.06344985112547874,0.002946574845910072,0.003897043971158564
1746739418646141400,45.03814135742188,0.05813830071389675,0.017716858476400376,0.037347660815343256
1746739418656221400,45.04822143554688,-0.005358896684646606,0.029424247404932973,0.04418210994526744
1746739418666301400,45.05830151367188,-0.06163958683311939,0.021389409509301183,-0.0028349311649799344
1746739418676380400,45.06838037109375,-0.08735738093554973,0.007090835043787956,-0.010260514588467776
1746739418686460400,45.07846044921875,-0.061547232374548906,0.010498597660660743,0.012961334512382745
1746739418696539400,45.08853930664063,-0.04174246170818805,0.013451602247357367,0.016409904063679277
1746739418706619400,45.09861938476563,-0.012984569257497787,0.031576457002758976,0.02715462197251618
1746739418716698400,45.10869848632812,0.03087152360379696,0.024776129338145256,0.040907983645424244
1746739418726778600,45.11877856445312,0.04945288995504379,0.01923369278013706,0.039081608468480404
1746739418736857300,45.128857421875,0.0653209056943655,0.022884616503119466,0.023492044344358146
1746739418746937600,45.1389375,0.03320785759687424,0.007356207981705666,0.02099606281016022
1746739418757017300,45.149017333984375,0.03332651554048061,-0.009439443996548651,-0.0011122720908373594
1746739418767096600,45.1590966796875,0.005492167675495148,0.008114917394518853,-0.00963007119782269
1746739418777176300,45.16917626953125,-0.0045090018570423124,0.0009229600638151168,0.011614194219745695
1746739418787255600,45.179255615234375,-0.034864392632246013,0.00940904885828495,0.0030254487683996556
1746739418797335300,45.18933520507812,-0.04787351180911064,0.005433715486526489,-0.0018429975181818007
1746739418807414500,45.19941455078125,-0.038728082323074335,0.012491232782602309,-0.001324417004175484
1746739418817494300,45.20949438476563,-0.04479658858180046,0.02561199564039707,0.03003949322644621
1746739418827573200,45.2195732421875,-0.020952771657705305,0.016420973446965217,-0.0012711889795958995
1746739418837653500,45.22965356445312,0.001129296290874481,0.009759177470207214,-0.009957951445318757
1746739418847733500,45.2397333984375,0.02552314831316471,0.010833528703451155,0.017599113848246632
1746739418857812500,45.2498125,0.05471358696222305,0.02320434997677803,0.010405731745436787
1746739418867892500,45.259892578125,0.08006196323037147,0.008372691547870636,0.0440812433866784
1746739418877971500,45.26997143554688,0.05905307747125625,0.011834230178594588,0.05879778753593564
1746739418888051500,45.28005151367187,0.04935118314623833,0.021837153276801108,0.03804335146192461
1746739418898130400,45.29013037109375,0.0362812736928463,0.031928339180350304,0.02615625858493149
1746739418908210400,45.30021044921875,0.0018733926564455032,0.014082301366329193,0.019919921478629112
1746739418918289700,45.31028955078125,-0.025205168405175206,0.0184825821518898,0.002005567668750882
1746739418928369700,45.32036962890625,-0.07716916439831256,0.006335632762312889,-0.002779328520223498
1746739418938448600,45.33044873046875,-0.09832242706418037,0.007400631645321846,-0.015719547179341316
1746739418948528600,45.34052856445312,-0.11083411811292171,0.014429507368803024,0.021349515890330076
1746739418958608600,45.35060864257812,-0.06524316428303718,0.025721885755658147,0.05399221388511359
1746739418968687900,45.36068798828125,-0.008560907596349716,0.01860533174872398,0.02669383606035262
1746739418978767600,45.370767578125,0.025967969471216202,0.017239304092526435,0.01501782865077257
1746739418988846800,45.38084692382812,0.07409282569289206,0.003846738556027412,0.007842274465598166
1746739418998926600,45.39092651367187,0.09237667040228843,0.01843640492260456,0.01623367071393877
1746739419009005600,45.401005615234375,0.09658172087669371,0.019376316121220587,0.02167988035585731
1746739419019085600,45.41108544921875,0.08105506592094898,0.01827390783727169,0.011664170841313899
1746739419029164500,45.42116455078125,0.08313830193579197,0.007683540239930152,0.03809475285559893
1746739419039244500,45.43124462890625,0.051885670059919356,0.014285130462050438,0.035344723495095966
1746739419049324800,45.44132470703125,0.006897358298301696,0.02114391031563282,0.017901421263068915
1746739419059403800,45.45140380859375,0.01194528933763504,0.029281624063849446,0.016060871430300175
1746739419069483800,45.46148388671875,-0.02385784544944763,0.004309095370769501,0.03729399439934641
1746739419079562800,45.47156274414063,-0.047348611152172086,0.019044892209768294,0.028972667712531982
1746739419089642800,45.48164282226563,-0.044860301467776295,0.015835867035388945,0.025021190140396356
1746739419099721700,45.4917216796875,-0.05608253722786903,0.0057446811318397515,0.0011949088729918003
1746739419109801700,45.5018017578125,-0.05448094725012779,-0.0070458268582820885,-0.0008523790456354618
1746739419119880700,45.511880615234375,-0.049616556084156035,-0.004727028521895408,-0.008270327151939273
1746739419129960700,45.521960693359375,-0.03534136249423027,0.005060205999016762,-0.002474938746169209
1746739419140040700,45.532040771484375,-0.013311901515722273,0.011138064607977867,0.021720029703155157
1746739419150119700,45.54211962890625,-0.004207973083853721,0.027765958803892134,0.01414148420765996
1746739419160199700,45.55219970703125,0.019959668967127798,0.02144669265449047,0.022012071452289818
1746739419170278700,45.56227856445312,0.04165653699040413,0.032305355799198146,0.027389197913371025
1746739419180358700,45.57235864257812,0.04238368222117424,0.02527005033493042,0.013790003888867794
1746739419190437600,45.58243774414063,0.045432548397779465,0.015057868400216102,0.03252316326834261
1746739419200517600,45.592517578125,0.04457096313238144,0.011954641687870025,0.012772607007250188
1746739419210596600,45.6025966796875,0.05046294378042221,0.012435118681192398,0.02101228329259902
1746739419220676600,45.61267651367187,0.03662438804209232,0.01573942092359066,0.024837686799652873
1746739419230755600,45.622755615234375,0.010725392153859137,0.026773440635204315,0.022116006750799715
1746739419240835600,45.632835693359375,0.012091419810056686,0.016830723291635513,0.019938516581244764
1746739419250915800,45.642915771484375,-0.011790975558757782,0.015185878694057464,0.014270115556009114
1746739419260994600,45.65299462890625,-0.036384734067320824,0.0027881694138050077,0.010489099179953337
1746739419271074800,45.66307470703125,-0.05890460891127586,0.008436404433846472,0.003635105099342763
1746739419281153800,45.67315380859375,-0.05883446628451347,-0.006763502785563469,0.010838533672131598
1746739419291233800,45.68323388671875,-0.052099020549654956,0.00799216779768467,-0.00023713322412222622
1746739419301312800,45.69331274414063,-0.048752632731199265,0.004435936620831489,0.020554346924647686
1746739419311392500,45.703392578125,-0.018617022186517715,0.028587796580791473,0.031440153804607684
1746739419321471700,45.7134716796875,0.03847147721350193,0.028830957686901092,0.03140197721868753
1746739419331551500,45.72355151367187,0.05667231981456279,0.01761690523326397,0.05302413603793829
1746739419341630700,45.733630615234375,0.04471124838590622,0.02495850016772747,0.02848503032606095
1746739419351710500,45.74371044921875,0.04930909757018089,0.006796236011385917,0.006136091602221131
1746739419361790700,45.753790771484375,0.03968786726593971,0.0033136545926332472,-0.011273856349475682
1746739419371869400,45.76386938476563,0.0030786767929792402,-0.01437690039873123,-0.021164258983917533
1746739419381949700,45.77394970703125,-0.017542670953273772,-0.007810966011881828,-0.006744871150329708
1746739419392028700,45.78402856445312,-0.022665420794487,0.014077625191211699,0.02166658248286694
1746739419402108700,45.794108642578124,-0.020383447337150574,0.014779635980725287,0.04707995027862489
1746739419412187600,45.80418774414063,0.007428104174137115,0.040701428222656245,0.052886444600298996
1746739419422267600,45.814267578125,0.024690789142251014,0.02336333993077278,0.06359824662022293
1746739419432346600,45.8243466796875,0.010717793369293212,0.02381692891716957,0.02203260278366506
1746739419442426600,45.83442651367187,0.003852583774924278,0.025364742881059645,0.002529226216673851
1746739419452507000,45.8445068359375,-0.023242928421497343,0.0013899930536746979,0.0022351021083071828
1746739419462585600,45.854585693359375,-0.05631517693996429,-0.0013970073163509368,-0.005864800380170345
1746739419472665600,45.86466552734375,-0.04252864364981651,0.006838906109333038,-0.0007980550425127148
1746739419482744600,45.87474462890625,-0.02651917361319065,0.010154898789525031,0.026706330215744672
1746739419492824600,45.88482446289063,-0.01416296538710594,0.020108137527108192,0.0232561532292515
1746739419502903800,45.89490380859375,0.0033832126975059506,0.008834463840723037,0.014604754337854683
1746739419512983600,45.904983642578124,0.013873042529821395,0.02996960632801056,0.007639701098203658
1746739419523062800,45.91506274414063,0.041456045982241625,0.02017126589119434,0.014383622400462627
1746739419533142500,45.925142578125,0.0586982726842165,0.016585808619856833,0.013645298188552259
1746739419543222800,45.93522290039063,0.07379179691970347,0.014466332247853278,-0.0004138780305162072
1746739419553301500,45.94530151367187,0.06594692863821983,0.01706394752562046,-0.005367043458484113
1746739419563381800,45.9553818359375,0.017852467554807662,0.014718261182308196,0.012513773407973348
1746739419573460500,45.96546044921875,-0.007883446726202965,0.0009025017976760864,0.024906368121691048
1746739419583540700,45.975540771484376,-0.02888765631020069,0.007423427999019622,0.016206600043922662
1746739419593619700,45.98561962890625,-0.06096914022564888,0.015411504143476485,0.015421039156801998
1746739419603699700,45.99569970703125,-0.06379354999661445,0.020876199290156362,-0.0028939313432201743
1746739419613778700,46.00577880859375,-0.05470306556820869,0.018711130210757255,0.006122355337813496
1746739419623858700,46.015858642578124,-0.04770400046110153,0.016190671822428702,0.016004611198417843
1746739419633938400,46.0259384765625,-0.05448737699091434,0.022039397850632667,0.012401472139917314
1746739419644017700,46.036017578125,-0.029014497560262677,0.014769699108600615,0.014382416824065148
1746739419654097700,46.04609765625,-0.007457330268621444,0.005301613539457321,0.02061389509215951
1746739419664176600,46.0561767578125,0.028001521125435826,0.030178865164518353,0.012381123471632598
1746739419674256600,46.06625659179687,0.05621989987194538,0.01779576893150806,0.026232356028445064
1746739419684335600,46.076335693359376,0.05277881950736046,0.02426175007522106,0.018161935362778603
1746739419694415600,46.08641552734375,0.06990998705029487,0.025785598641633985,0.006453779249265789
1746739419704494600,46.09649462890625,0.05958206978142261,0.014264672195911406,0.02784322529118508
1746739419714574600,46.10657470703125,0.061041620939970016,0.01482347512245178,0.017173837640881536
1746739419724653800,46.11665380859375,0.037783494949340815,0.015871522870659828,0.02753565717935562
1746739419734733600,46.126733642578124,-0.05157528893649578,-0.004503741160035133,-0.000955291430838406
1746739419744813600,46.1368134765625,-0.09018822044730186,-0.0012304185777902603,-0.024838892376050352
1746739419754892500,46.146892578125,-0.09251403304636478,-0.010222703328728676,0.00223042593318969
1746739419764972800,46.15697290039063,-0.08033844208419323,0.03027180414497852,0.02929400862138718
1746739419775051500,46.16705151367187,-0.06326981838345527,0.03007832739949226,0.023422705435194074
1746739419785131800,46.1771318359375,-0.002257423537969589,0.025045009407401085,0.03136109721902758
1746739419795210500,46.18721044921875,0.04582417806386947,0.01803600742816925,0.02853080569654703
1746739419805290800,46.197290771484376,0.07934943104684353,0.015190554869174956,0.016021233539655802
1746739419815369700,46.20736962890625,0.07303601011633873,0.016036358043551444,0.006432809526473284
1746739419825449700,46.21744970703125,0.05881342349648475,0.003591302490234375,-0.007472235576808452
1746739419835529500,46.22752954101563,0.041973932376503945,-0.002480126377940178,0.019279614281095564
1746739419845608700,46.237608642578124,0.015681553256511688,0.012717442753911018,0.02532433780543506
1746739419855688400,46.2476884765625,-0.021132804399728772,0.026573534148931502,0.006485233833454549
1746739419865767700,46.257767578125,-0.03204758164584637,-0.013489596170186996,0.0045612069683149455
1746739419875847700,46.26784765625,-0.0679261197566986,0.0012146364867687224,0.020159794649109244
1746739419885926700,46.2779267578125,-0.10457914937138557,0.0024719430714845655,-0.0034525881392881274
1746739419896006700,46.28800659179687,-0.10052081389129161,0.03254150264263153,-0.015162059427052735
1746739419906085600,46.298085693359376,-0.0305254866451025,0.026803835773468017,-0.025561397964321074
1746739419916165600,46.30816552734375,0.03779986156225204,0.022521628409624097,0.0095572251573205
1746739419926244900,46.31824487304687,0.07284662502408028,0.018671967244148255,0.03357322031054646
1746739419936324900,46.32832495117187,0.093576693841815,0.011447861209511757,0.021284962754137812
1746739419946404900,46.33840478515625,0.10391045632958412,0.024884265887737272,0.024424612486734984
1746739419956483800,46.34848388671875,0.09865092836618423,0.005213350734114647,0.023643800839968025
1746739419966563800,46.358563720703124,0.05640227070152759,0.00985387001633644,0.014983816783316433
1746739419976642800,46.36864282226563,-0.0014086977541446686,0.017006079858541488,0.02157280325219035
1746739419986723000,46.37872314453125,-0.04910802204012871,0.002419336101412773,0.021585151277109978
1746739419996801800,46.3888017578125,-0.07357260121107101,0.008665537014603614,0.03678052845187485
1746739420006882000,46.398882080078124,-0.08018471282720566,0.010269465079903601,0.02792578900810331
1746739420016960800,46.408960693359376,-0.11218144106864929,0.015011106649041175,0.004648994849622249
1746739420027041000,46.419041015625,-0.09019289662241935,0.018664368459582328,-0.0006121040163561701
1746739420037119700,46.42911962890625,-0.042836686685681344,0.01445931798517704,0.0016766279753297566
1746739420047200000,46.43919995117187,0.00007598784565925598,0.014574468797445296,0.0015330913187935947
1746739420057279700,46.44927978515625,0.03984627269804478,0.000990180081129074,0.011313092381320894
1746739420067359000,46.45935888671875,0.06012976679205894,0.00817512314915657,-0.001582921809889376
1746739420077438700,46.469438720703124,0.07678162638545036,0.020874445724487302,0.02078011850453913
1746739420087518000,46.47951806640625,0.07775894698500632,0.016717910566926,0.03865669758729636
1746739420097598000,46.48959790039063,0.0897591813802719,0.020796119791269302,0.04198233487866819
1746739420107677000,46.499677001953124,0.06813187146186828,0.02157821007966995,0.014638108618184924
1746739420117757000,46.5097568359375,0.036218145328760144,0.026083704805374145,0.013238105627149343
1746739420127836000,46.5198359375,0.014941548544168471,0.018888824865221976,0.012624357642978428
1746739420137916000,46.529916015625,-0.029770868885517117,0.0031540801167488095,0.007550159651227295
1746739420147995000,46.53999487304687,-0.10011983187496662,0.0024509002834558484,-0.0028512612452730535
1746739420158075000,46.55007495117187,-0.1075625490963459,0.0030512042641639707,-0.015433789040520786
1746739420168155000,46.56015478515625,-0.11594576203823088,0.017357962036132813,0.011064487915113568
1746739420178233900,46.57023388671875,-0.08214636828899383,0.015301029506325722,0.02272964513711631
1746739420188313900,46.58031396484375,-0.057037645995616906,0.0017266776621341704,0.013835012074373662
1746739420198392800,46.59039282226563,-0.03132335902452469,0.023476737177371976,-0.0011238163981586694
1746739420208473000,46.60047314453125,0.015977321332693098,0.021434417694807053,0.004731120175123215
1746739420218551800,46.6105517578125,0.04408697900772095,0.006019990941882133,0.011485453273542225
1746739420228632000,46.620632080078124,0.07893792763650417,0.0010164835661649703,-0.012075308925472199
1746739420238710800,46.630710693359376,0.09518354451656341,0.01965980923771858,-0.0007180851414799689
1746739420248791000,46.640791015625,0.12273556830883026,0.03342003904283047,-0.0019587328523397443
1746739420258869800,46.65086987304687,0.12819617180228232,0.006241524738073349,0.015724004158750176
1746739420268950000,46.66094995117187,0.09935235463380813,0.019845687198638915,0.04053586239740252
1746739420279029800,46.67102978515625,0.041936522975564,0.023244681987166404,0.025841055155918
1746739420289108700,46.681108642578124,-0.007263853523135185,0.006699789899587631,0.012181180452741682
1746739420299188700,46.691188720703124,-0.06166355223059654,0.016056231787800787,0.021297785703092813
1746739420309267700,46.70126782226563,-0.0947574280589819,0.02926584197282791,0.011407346536032854
1746739420319348000,46.71134790039063,-0.11268880606889724,0.01358662680387497,0.005878609709814191
1746739420329426700,46.7214267578125,-0.11565467013716697,0.01648351728916168,-0.0028222178138792514
1746739420339507000,46.7315068359375,-0.10209200873076915,0.02431494156718254,0.013046309382095932
1746739420349585700,46.741585693359376,-0.0602624532610178,0.012862988704442977,0.0018294073842465876
1746739420359666000,46.751666015625,-0.0070113400667905805,0.025196400576829907,0.021788236101157963
1746739420369745000,46.76174487304687,0.04066986404061317,0.032841946893930433,0.028857553432881832
1746739420379825000,46.77182495117187,0.06558686315417289,0.01006955859363079,0.022253953916765747
1746739420389905000,46.78190478515625,0.08383797463774681,0.008455109134316444,0.00827361508756876
1746739420399983900,46.79198388671875,0.0922515827178955,0.026628479206562042,0.004225874066725373
1746739420410064000,46.80206396484375,0.09539514144062995,0.012266191855072975,0.012523125758208334
1746739420420142800,46.81214282226563,0.06982230876684188,-0.00879120922088623,0.012126929514855146
1746739420430223000,46.82222314453125,0.029430677145719526,0.010400397983193397,0.01608878235053271
1746739420440301800,46.8323017578125,0.017211831563711165,0.005632452929019927,0.017759930433146654
1746739420450381800,46.8423818359375,0.005004676419496536,0.015544775134325027,0.01977287769075483
1746739420460460800,46.852460693359376,-0.009890694895386696,0.009839256969094276,0.010318053461983799
1746739420470540800,46.862540771484376,-0.06029401744306087,0.016244447836279867,0.01620086442288011
1746739420480620000,46.8726201171875,-0.0688940880060196,0.02714753464460373,-0.00182429281771183
1746739420490699800,46.88269970703125,-0.06759761845469474,0.004743395134806633,0.02853230353388935
1746739420500779800,46.89277978515625,-0.08113982159495353,0.021043372550606728,0.024016579675115644
1746739420510858800,46.902858642578124,-0.05810849009752273,0.012536825489997863,-0.015024989043921232
1746739420520938800,46.912938720703124,-0.039892449927330015,0.0013216039925813673,-0.029944691082462668
1746739420531017700,46.92301782226563,-0.039730537363886834,0.011449614775180816,0.012324644044041632
1746739420541098000,46.93309790039063,0.005438391661643982,0.0063601826816797255,0.014462130996771155
1746739420551176700,46.9431767578125,0.02504384036362171,0.009356441888213158,-0.0014429653499275445
1746739420561257000,46.953257080078124,0.046395255950093264,0.015761632755398748,0.021673085288889705
1746739420571335700,46.963335693359376,0.06549217060804367,0.0059486792713403696,0.008687127791903913
1746739420581416000,46.973416015625,0.060711366072297095,0.013034253618121147,0.02519545072875917
1746739420591495000,46.98349487304687,0.058924482655525204,0.014346505260467528,0.0227430891405791
1746739420601575000,46.99357495117187,0.03266951293647289,0.027422844454646107,0.042192726226337254
1746739420611654700,47.00365454101563,0.03901566709280014,0.01779284632205963,0.02066683085579425
1746739420621734000,47.01373388671875,0.023345804274082182,-0.004993570503592491,-0.0009415186338126659
1746739420631814000,47.02381396484375,0.00040741175711154934,0.014938625934720038,-0.011049473009072244
1746739420641892900,47.03389282226563,-0.004935118314623833,0.0043920974791049954,-0.004944982121512294
1746739420651972900,47.04397290039063,-0.024347090271115302,0.015226210704445837,0.0064329191243276
1746739420662051800,47.0540517578125,-0.04248421998620033,0.014816460859775542,0.008438998249731957
1746739420672131800,47.0641318359375,-0.056115854975581164,0.006405190867185592,0.00946549175325781
1746739420682210800,47.0742109375,-0.05005670106709003,0.012989245432615279,0.013793255291879176
1746739420692290800,47.084290771484376,-0.026835399955511093,0.02575578802525997,0.023791794475913047
1746739420702370000,47.0943701171875,-0.03313303879499435,0.014444704937934875,0.03336951443199068
1746739420712449800,47.10444970703125,-0.013587795847654342,0.02940262009501457,0.028275771489553153
1746739420722529800,47.11452978515625,0.03742869016230106,0.013539280530810355,0.016643420558609068
1746739420732608800,47.12460888671875,0.055116322544217104,0.009245967251062392,0.025450631066225467
1746739420742688800,47.134688720703124,0.07097966210842133,0.016678747600317,0.012046448157168923
1746739420752767700,47.14476782226563,0.061677580755949014,-0.011125789648294448,0.027545813247188924
1746739420762848000,47.15484790039063,0.035464696612954136,0.0034270518392324444,0.01099145921152085
1746739420772926700,47.1649267578125,-0.002689385214447975,0.00626022943854332,0.0035183103192597625
1746739420783007000,47.175007080078124,-0.009229600638151168,0.006347323200106621,0.00001004646997898817
1746739420793085700,47.185085693359376,-0.04003974944353103,0.02690554258227348,0.014934607346728444
1746739420803166000,47.195166015625,-0.03488309733271599,0.0313531696408987,0.030036899410560727
1746739420813245000,47.20524487304687,-0.036789807736873625,0.03417465680241585,0.022946795019134877
1746739420823325000,47.21532495117187,-0.011306406912207603,0.014870236873626708,0.01652165734246373
1746739420833404700,47.22540478515625,-0.006622633010149002,0.014110358417034148,0.023108269191160796
1746739420843484000,47.23548388671875,-0.00840951642692089,0.005558803170919418,0.01005801428630948
1746739420853564000,47.24556396484375,-0.04311667267084122,-0.005180617508292198,-0.014110394949652254
1746739420863643000,47.25564282226563,-0.06208206990361213,-0.0007785831570625305,-0.011949563653953372
1746739420873723000,47.26572290039063,-0.062415247380733486,-0.00026420389413833614,0.004325169722735882
1746739420883801900,47.2758017578125,-0.034763270345330236,0.0018757307440042494,0.020822605939395725
1746739420893881900,47.2858818359375,-0.002881692916154861,0.01601297716796398,0.041485454739816484
1746739420903960800,47.2959609375,0.05826397292017936,0.038377369189262385,0.03696362993381917
1746739420914040800,47.306040771484376,0.10821019935011864,0.04065174386203289,0.03325166020598262
1746739420924119600,47.31611962890625,0.12281330972015857,0.034409634602069854,0.041494112970307466
1746739420934199300,47.32619921875,0.09933364993333815,0.024585575202107426,0.02787142847236246
1746739420944279600,47.33627954101563,0.0685316844344139,0.015519640693068503,0.0025482962433248757
1746739420954358300,47.34635815429687,0.009109773650765419,0.015584522622823714,-0.006586831044405698
1746739420964438500,47.3564384765625,-0.03488368185460567,0.00748889445066452,0.015504552721790969
1746739420974517200,47.366517333984376,-0.06423778663277625,0.020122166052460668,0.020720205010846256
1746739420984597500,47.376597412109376,-0.08698504049181938,0.017830255722999573,0.012237732945568859
1746739420994676200,47.38667626953125,-0.10775427227616309,0.02272153489589691,0.017887904194369912
1746739421004756500,47.39675659179687,-0.07784954787790775,0.021918401819467543,0.008261997715011238
1746739421014835500,47.40683544921875,-0.041220483660697936,0.010930559337139129,0.024292912398464976
1746739421024915500,47.41691552734375,-0.015247838014364242,0.00717559071779251,0.023452077660150825
1746739421034994400,47.42699438476563,0.02957388500869274,0.005582768568396568,0.0263264275200665
1746739421045074400,47.43707446289063,0.06923486426770686,0.023151743006706235,0.022893603527173397
1746739421055154400,47.44715454101563,0.0872977597028017,0.02964870381057262,0.00963595294933766
1746739421065233400,47.4572333984375,0.09821545955836772,0.019760347002744674,0.057164889104478055
1746739421075313400,47.4673134765625,0.10541150854229926,0.020267712002992627,0.033640257664769885
1746739421085392400,47.477392333984376,0.07236322542130946,0.01975099465250969,0.01727963610291481
1746739421095472400,47.487472412109376,0.042353871604800225,-0.00040974984467029567,0.01377539084162563
1746739421105551400,47.49755126953125,-0.0034650457620620727,0.007933131086826323,0.02236731463074684
1746739421115631400,47.50763134765625,-0.05206278019249439,0.013278583768010138,0.015942176954075692
1746739421125710600,47.517710693359376,-0.0628548078417778,0.0072165072500705715,0.020018157688714563
1746739421135790300,47.527790283203124,-0.08854337584972381,-0.0029120880544185636,0.008199673068523407
1746739421145869300,47.53786938476563,-0.10335399149060248,0.009369885891675948,0.0002670534383505583
1746739421155949300,47.54794921875,-0.05599778155386448,0.01793137800991535,-0.007188486731983721
1746739421166028300,47.5580283203125,-0.02086860050559044,0.015562895312905311,-0.0013239420801401138
1746739421176108300,47.5681083984375,0.01987199068367481,0.01784779137969017,0.007033040441945195
1746739421186188500,47.5781884765625,0.0633387919664383,0.03666647361814976,0.024004560443758965
1746739421196267300,47.588267333984376,0.09518705164790153,0.023064649245142937,0.03607037088852375
1746739421206347500,47.598347412109376,0.08722001829147338,0.021554244682192802,0.024602161010727285
1746739421216426500,47.60842651367187,0.07922258979678154,0.0064963762819767,0.027515856500342488
1746739421226506500,47.61850659179687,0.043667292290925974,0.02365384730994701,0.027458938681334255
1746739421236585500,47.62858544921875,0.0007575403690338134,0.00892448021173477,0.011071940569207071
1746739421246665500,47.63866552734375,-0.050687400186061854,0.003981763112545013,-0.010112886278703808
1746739421256744400,47.64874438476563,-0.11334288606345654,0.007997428494691849,-0.01639474302716553
1746739421266824400,47.65882446289063,-0.12772738524675367,-0.002415244448184967,-0.022114070522040126
1746739421276903400,47.6689033203125,-0.1049661028623581,-0.01023556281030178,0.007890059130080044
1746739421286983400,47.6789833984375,-0.059305590927600856,0.004349427381157875,0.027782581145130096
1746739421297063400,47.6890634765625,-0.011883330017328261,0.023656769919395446,0.026458310271427032
1746739421307142100,47.69914208984375,0.043183308166265484,0.02372106732726097,0.013584032987989485
1746739421317222400,47.709222412109376,0.08242752331793307,0.023574352332949636,0.018473229801654816
1746739421327301400,47.71930126953125,0.09037877458333969,0.01840367169678211,0.023699001625925302
1746739421337381400,47.72938134765625,0.06658288845419884,0.02573182262778282,0.012110307173617184
1746739421347460400,47.73946044921875,0.030984336328506466,0.024676760616898535,0.02288260720912367
1746739421357540400,47.749540283203125,0.0036029929280281064,0.023145313265919683,0.020969101737998423
1746739421367619300,47.75961938476563,-0.03346037105321884,0.0183867205619812,0.03528466387093067
1746739421377699300,47.76969921875,-0.051770519247651095,0.012169161221385002,0.017918481995724142
1746739421387778300,47.7797783203125,-0.08530980075597762,0.03306640329957008,0.013780359277687965
1746739421397858300,47.7898583984375,-0.07381108614206314,0.02771393635571003,0.013657171289436519
1746739421407938600,47.7999384765625,-0.04311550362706184,0.00255669874548912,-0.004237089580483734
1746739421418017300,47.810017333984376,-0.018777765706181525,0.01952303111553192,-0.003696626028232276
1746739421428097500,47.82009765625,0.02458499068021774,0.0022188450932502744,-0.0016257380383089184
1746739421438176500,47.83017651367187,0.017822656938433646,0.0005249006569385528,-0.01737955281343311
1746739421448256300,47.84025634765625,0.04140110092461109,0.004752162963151931,0.021083302702195942
1746739421458335500,47.85033544921875,0.05161854355633259,0.017626257583498953,0.03408632093183696
1746739421468415200,47.860415283203125,0.05305880549252033,0.025280571728944778,0.045588031220436094
1746739421478494500,47.87049438476563,0.05430325259566307,0.021654197925329206,0.024195954830013213
1746739421488574200,47.88057421875,0.019337737676501272,0.02385784544944763,0.020983203328587115
1746739421498653400,47.8906533203125,0.005083002352714539,0.01042903955578804,0.035345709875784816
1746739421508733200,47.90073315429687,-0.007166238367557525,0.003357493734359741,0.021658179980702696
1746739421518813400,47.9108134765625,-0.021366613155603408,0.011977438041567801,0.007762121901474892
1746739421528892200,47.92089208984375,-0.04747136074900627,-0.0132236387103796,0.0180208098590374
1746739421538972400,47.93097241210938,-0.04817044892907142,-0.0022106617867946625,0.005292480384930968
1746739421549051400,47.94105151367187,-0.03606850772500038,0.013770166677236555,-0.003503003152273595
1746739421559131400,47.95113134765625,-0.020814239969849584,0.008635141876339911,0.012598492549359798
1746739421569210400,47.96121044921875,-0.028507132560014723,0.02105798559784889,0.015038834906183182
1746739421579290400,47.971290283203125,-0.024962591820955275,0.02073299142718315,0.010952003983967005
1746739421589369300,47.98136938476563,-0.023711714977025983,0.007578910821676253,-0.004682202999480068
1746739421599449300,47.99144946289063,-0.02044014596045017,0.003930325186252593,-0.007402239080518484
1746739421609528300,48.0015283203125,-0.008407762861251831,0.013510054436326026,-0.0025040552427992224
1746739421619608300,48.0116083984375,0.011209960800409317,0.024199790754914283,-0.010607537927851081
1746739421629688300,48.02168823242187,0.018653262543678283,0.017649638459086417,0.01948299136608839
1746739421639767300,48.03176733398438,0.0445247859030962,0.02265022322535515,0.03589190904907882
1746739421649847300,48.04184741210938,0.05686112038493156,0.02641629776060581,0.04577533395346254
1746739421659926500,48.05192651367187,0.04424538443982601,0.029288638326525687,0.02965151682216674
1746739421670006300,48.06200634765625,0.02743278132677078,0.010762801554799079,0.014336970247142016
1746739421680085500,48.07208544921875,0.004669160854816437,-0.006355506506562233,0.010724003914371132
1746739421690165200,48.082165283203125,-0.014318448209762573,0.009952654215693474,0.008008826671540736
1746739421700244500,48.09224438476563,-0.03802957866489887,0.006828969237208366,0.014291523670218884
1746739421710324200,48.10232421875,-0.03422551020681858,-0.006768763482570648,0.01768956861067563
1746739421720403500,48.112403564453125,-0.00469429529607296,0.012107201901078224,0.010938340784795582
1746739421730483200,48.12248315429687,0.0002513444125652313,0.02267009696960449,0.013129567218758164
1746739421740562400,48.1325625,0.02798047833740711,0.02907587235867977,0.028270876118727025
1746739421750642200,48.14264208984375,0.05516659142673015,0.027693478089570997,0.04552278396449983
1746739421760722400,48.15272241210938,0.0453004464507103,0.03691138828992843,0.02814593456480652
1746739421770801400,48.16280151367187,0.02882394342422485,0.015203414350748061,-0.01104472376871854
1746739421780881400,48.17288134765625,0.015963292807340622,-0.005198153164982795,-0.022271014649420974
1746739421790960400,48.18296044921875,-0.03156301299929619,0.017092004576325415,-0.014206293072178959
1746739421801040400,48.193040283203125,-0.05508534288406372,0.01994096426665783,0.01600384401343763
1746739421811119400,48.20311938476563,-0.04594634313881397,0.021966332614421845,0.023943770167231558
1746739421821199400,48.21319946289063,-0.03596563187241554,0.029285715717077252,0.03876501679997891
1746739421831278300,48.2232783203125,-0.00123217214345932,0.01633797133862972,0.036203788009844716
1746739421841358300,48.2333583984375,0.01363455759882927,0.026564181798696518,0.01162895339746028
1746739421851437300,48.24343725585938,0.030953941190242765,0.011064414849877358,0.007731471034884452
1746739421861517300,48.25351733398438,0.06316928061842918,0.01320142687857151,0.019809775635041296
1746739421871597300,48.26359741210938,0.05999824936687946,0.017409399962425232,0.030543204964883625
1746739421881676500,48.27367651367187,0.05133388139605522,0.0035059622943401335,0.022622312305122613
1746739421891756300,48.28375634765625,0.017888123390078545,0.006729600515961646,0.012429383060149847
1746739421901835500,48.29383544921875,-0.021402853512763977,0.014423662149906157,0.018610446315258742
1746739421911915300,48.303915283203125,-0.05138531932234764,0.027847791868448254,0.018987061075307426
1746739421921995000,48.3139951171875,-0.06114975748956203,0.018147651109099387,0.0012284823490306734
1746739421932074800,48.32407470703125,-0.07346388013958931,-0.000761047500371933,0.007981463740579783
1746739421942154000,48.33415405273438,-0.05531681355237961,-0.0005149637848138809,-0.008801913277991116
1746739421952233700,48.344233642578125,-0.03788520175814628,-0.004517185163497924,-0.008827924502082168
1746739421962313000,48.35431298828125,-0.016321604725718496,0.002007248169183731,0.020804595358669756
1746739421972392700,48.36439282226563,0.015046762484312057,0.026724340796470642,0.0041375016635283824
1746739421982472000,48.374471923828125,0.04458732974529266,0.008615268132090568,-0.0023901830721646546
1746739421992551700,48.3845517578125,0.05233399834930896,0.02315583465993404,0.010265556089766323
1746739422002632000,48.3946318359375,0.05947159514427185,0.036110593301057814,0.008402465631626546
1746739422012711000,48.4047109375,0.026119360640645024,0.016979191851615904,0.04456069746669382
1746739422022791000,48.414791015625,-0.000090016371011734,0.019407880303263663,0.024762648802064358
1746739422032870000,48.42486987304687,-0.008294365614652632,0.02774783862531185,0.01762622105088085
1746739422042950000,48.43494995117187,-0.006259644916653633,0.011612111860513686,0.002279854565486312
1746739422053028900,48.44502880859375,-0.020551789641380307,0.022722119417786596,0.0036610067255795
1746739422063108900,48.45510888671875,-0.015530162087082862,0.0064472764432430265,0.018917283774726092
1746739422073187800,48.46518774414063,-0.008096797215938568,0.023221885633468626,0.022880817110836504
1746739422083267800,48.47526782226562,0.03104921825826168,0.0213321263641119,0.026096673884801566
1746739422093346800,48.485346923828125,0.04840542672872543,0.019884850165247915,0.025435141236148772
1746739422103426800,48.4954267578125,0.04143675675988197,0.007783493483066559,0.023357494711875915
1746739422113506800,48.5055068359375,0.026668226695060727,0.009620061260461806,0.018060776543244717
1746739422123586000,48.5155859375,0.020901918253302572,-0.0048655602097511285,0.014229235556349158
1746739422133665800,48.52566577148438,0.005219195953011513,0.009832827228307724,0.020281521332636474
1746739422143745000,48.5357451171875,-0.04201309534311294,0.00467032989859581,0.00459317300915718
1746739422153824800,48.54582470703125,-0.03768763335943222,0.01988075851202011,0.015060206487774848
1746739422163904000,48.55590405273438,-0.05060790520906448,0.024326047483086585,0.03131820792537182
1746739422173983700,48.565983642578125,-0.03098550537228584,0.030804888108372685,0.02228325307648629
1746739422184063000,48.57606298828125,0.01892915687561035,0.031437925314903255,0.011365443623065947
1746739422194142700,48.58614282226562,0.015866262173652647,0.029255905100703236,0.011550517866387963
1746739422204222000,48.596221923828125,0.030469957065582275,0.004200374299287796,0.03641264498755335
1746739422214302000,48.606302001953125,0.0413701212644577,0.019203882163763047,0.01872128627859056
1746739422224381000,48.616380859375,-0.0012988076388835907,-0.005606149443984031,0.012123276253044605
1746739422234461000,48.6264609375,-0.03628594986796379,0.007329319974780082,0.01019822647459805
1746739422244541000,48.636541015625,-0.035790275305509565,0.010022212320566177,0.013981909731775521
1746739422254620000,48.64661987304687,-0.04508651143908501,0.009607201778888701,0.0031009982226416466
1746739422264700000,48.65669995117187,-0.025642390778660772,0.023525252494215963,0.014460121702775358
1746739422274779000,48.66677880859375,0.003158171769976616,0.015241992795467375,0.027696583362109957
1746739422284859000,48.67685888671875,0.03360240987241268,0.023026070800423622,0.005640672768093645
1746739422294937900,48.68693774414062,0.06829144593775271,0.013922726890444754,0.012253515036590397
1746739422305017900,48.69701782226562,0.09398585916459559,0.016450784063339233,0.02575337687246501
1746739422315096800,48.707096923828125,0.08190496074855327,0.007571312037110328,0.014608261469192802
1746739422325176800,48.7171767578125,0.039595512807369226,0.013084522500634193,0.01656312186401337
1746739422335255800,48.727255859375,-0.018352818292379378,0.017888123390078545,0.01664203231912106
1746739422345336000,48.73733618164062,-0.02659574598073959,0.02038052472770214,0.02505173140913248
1746739422355414800,48.74741479492187,-0.042161563903093335,0.009770283386111259,0.019661124411970377
1746739422365495000,48.7574951171875,-0.06416296783089637,0.012562544453144073,0.011528707893379031
1746739422375574800,48.76757470703125,-0.057471361237764355,0.015340192472934722,0.024423479975573717
1746739422385654000,48.77765405273438,-0.04707037873268127,0.01720773991048336,0.02015577606111765
1746739422395733800,48.787733642578125,-0.043215456870198246,0.033387305817008016,-0.004135382771678269
1746739422405813000,48.79781298828125,-0.016097732841968537,0.022871172499656676,0.012749006935954094
1746739422415892700,48.80789282226562,0.033981180056929586,0.033897593426704405,0.031439386619627474
1746739422425972000,48.817971923828125,0.05648118115663528,0.03383329601883888,0.013727496579289436
1746739422436052000,48.828052001953125,0.07165946106612682,0.004936287358403206,0.0016008958579972385
1746739422446131000,48.838130859375,0.08574585408568382,-0.0018394903868436813,-0.018910050316341222
1746739422456211000,48.8482109375,0.05526771371364593,-0.009864975932240486,0.005922558449395001
1746739422466289700,48.85828955078125,-0.0035398645639419554,0.0035205753415822982,0.005042231950908899
1746739422476370000,48.86836987304687,-0.021438509348034856,0.015896657311916352,0.014511742292158306
1746739422486448600,48.87844873046875,-0.06159340960383415,0.031309915021061896,0.045915655739605425
1746739422496529000,48.88852880859375,-0.08234510573148728,0.02443827568590641,0.040377822291478516
1746739422506609000,48.89860888671875,-0.01980067901313305,0.019248890349268914,0.006435366809740662
1746739422516688000,48.90868798828125,-0.00625321517586708,0.019210896426439285,-0.009173705732449888
1746739422526767900,48.91876782226562,-0.00819733498096466,0.013004443001747131,-0.013923384477570652
1746739422536846800,48.928846923828125,0.03163783180117607,0.01909866822361946,0.0020748335126787422
1746739422546926800,48.9389267578125,0.04269230977892875,0.02737316009402275,0.025075989067554472
1746739422557005800,48.949005859375,0.033738603472709655,0.000730067840218544,0.011633300779014826
1746739422567086000,48.95908618164062,0.009305588483810424,0.01293956107199192,0.0035072774685919283
1746739422577164800,48.96916479492187,0.005011690682172775,0.014421908584237099,0.0017346417728811502
1746739422587245000,48.9792451171875,-0.016083704316616057,0.020996026277542112,-0.0003314239114522934
1746739422597323800,48.98932373046875,-0.03536357432603836,0.020030980637669563,0.018152948338724672
1746739422607403800,48.99940380859375,-0.03777180451154709,0.026676994523406026,0.015378551721945403
1746739422617483000,49.00948291015625,-0.040111645635962485,0.01915361328125,0.008976466127298771
1746739422627562800,49.01956274414062,-0.043760231271386146,0.0036170214533805846,0.00007233458384871482
1746739422637642800,49.02964282226562,-0.038811084431409834,0.02512099725306034,0.008068301773816346
1746739422647721700,49.0397216796875,0.01600947003662586,0.00790975021123886,0.028274310184828934
1746739422657802000,49.049802001953125,0.031740707653760906,0.023453356301784516,0.04196271686274558
1746739422667880700,49.05988061523438,0.014347674304246901,-0.0063292030215263365,-0.023134828404523432
1746739422677961000,49.0699609375,0.09103694623112678,0.03447451653182507,0.02680745250266045
1746739422688039700,49.08003979492187,0.04960135851502418,0.029748072531819342,0.03340462227798998
1746739422698120000,49.09011987304687,0.08082534881830215,0.0024456395864486695,0.000027107202634215352
1746739422708199000,49.10019897460938,0.0499883120059967,0.04209960458278656,0.04674874556288123
1746739422718279000,49.11027880859375,-0.0037584757506847377,0.0003863689690828323,-0.012016929801739752
1746739422728358000,49.12035791015625,0.005292261189222335,0.02541851889491081,0.01523749928344041
1746739422738438000,49.13043798828125,-0.06072247198820114,0.03549333818554878,0.05394515987299382
1746739422748516900,49.140516845703125,-0.08585925133228302,-0.0016729016482830046,0.016100947712361813
1746739422758596900,49.150596923828125,-0.07074234622120856,0.022713936111330983,0.019082009349763392
1746739422768676900,49.1606767578125,-0.06074819095134735,0.008812252008914946,0.0039303982514888045
1746739422778755800,49.170755859375,-0.013795885640382767,0.0006295300751924514,-0.018563355770520866
1746739422788835800,49.1808359375,0.03898644099831581,0.021378888115286827,0.004925144909881055
1746739422798914800,49.19091479492187,0.07011106258034706,0.002198386827111244,0.012413089512474834
1746739422808994800,49.200994873046874,0.07836392714083194,0.023178046491742134,0.02760276759881526
1746739422819073800,49.21107373046875,0.05843757592141628,0.0372135861068964,0.03344035117849707
1746739422829153800,49.22115380859375,0.036785716083645816,0.005102291575074196,0.0397775548433885
1746739422839233000,49.23123291015625,0.006023498073220252,0.015803133809566498,0.044348552553355694
1746739422849312800,49.24131274414062,-0.0029448212802410125,0.02879354828596115,0.033808892229944466
1746739422859392000,49.25139208984375,-0.031139234629273413,0.007819733840227126,0.005337378972582519
1746739422869471700,49.2614716796875,-0.051337388527393335,0.011243863070011139,0.010239654463529587
1746739422879551000,49.27155102539062,-0.07321487381458282,0.004597849184274673,-0.011058386967889964
1746739422889630700,49.28163061523438,-0.07265607088804245,0.005819499933719634,0.010186024580150842
1746739422899711000,49.2917109375,-0.050155485266447065,0.013192659050226211,0.025759952743723988
1746739422909789700,49.30178979492187,-0.03294248465895652,0.002790507501363754,0.017211648900620637
1746739422919870000,49.311869873046874,-0.021567688685655593,0.020367080724239348,0.013966675630025564
1746739422929948400,49.321948486328125,0.02158697790801525,0.02957856118381023,0.010441204917617141
1746739422940028400,49.3320283203125,0.0314841025441885,0.010426701468229294,0.022234847357496618
1746739422950107400,49.342107421875,0.03899403978288173,0.015414426752924919,0.00918101225607097
1746739422960187400,49.3521875,0.057531566992402076,0.018406009784340857,-0.003060264353454113
1746739422970266400,49.36226635742187,0.07276420743763447,0.017164485290646552,-0.012106544313952326
1746739422980346400,49.37234643554687,0.057389528173208235,0.005720131212472915,0.03677406217847019
1746739422990425300,49.38242529296875,0.050260114684700964,0.023469722914695738,0.0487637021144852
1746739423000505300,49.39250537109375,0.017734394133090973,0.028294951114058494,0.017808482282608746
1746739423010584300,49.40258422851562,-0.016965163326263428,0.021201193460822103,-0.0033686361828818914
1746739423020664600,49.41266455078125,-0.03750292444229126,0.01917407154738903,0.019408757086098193
1746739423030744300,49.42274438476562,-0.062221770635247226,0.021690438282489774,0.021355726435407996
1746739423040823600,49.432823486328125,-0.07198153262734412,0.00917465558052063,0.029915172727033493
1746739423050903300,49.4429033203125,-0.0541360793352127,0.0179553434073925,0.011153262177109718
1746739423060982500,49.452982421875,-0.036868718191981315,0.01052490114569664,0.0200251719513908
1746739423071062300,49.46306225585938,-0.032119477838277816,0.013351064482331275,0.005247179938480257
1746739423081141500,49.4731416015625,-0.010618424648046493,0.02582300804257393,0.00003810352068394422
1746739423091221200,49.48322119140625,0.03497662083506584,0.023978256958723066,0.02412478928994387
1746739423101300500,49.49330053710938,0.07496493235230445,0.0103261637032032,0.008976210398972034
1746739423111380200,49.503380126953125,0.08376900105476379,0.015347206735610961,0.017809359065443276
1746739423121459500,49.51345947265625,0.06841711814403534,0.01466097803711891,0.004736636600457132
1746739423131539500,49.52353955078125,0.06439794563055037,0.012272621595859528,0.02791384284198284
1746739423141618400,49.533618408203125,0.029932196927070616,0.008420622342824936,0.03306698782145977
1746739423151698400,49.543698486328125,-0.027322891211509704,0.019935119047760963,0.017746230701357127
1746739423161778400,49.5537783203125,-0.07661211503744125,0.014411971712112425,0.03462130459137261
1746739423171857400,49.563857421875,-0.08992635464072227,0.016097732841968537,0.01204608283098787
1746739423181937400,49.5739375,-0.05289221675395965,0.01948328362703323,0.0034676761105656624
1746739423192016400,49.58401635742187,-0.01910334439873695,0.011138649129867553,-0.012239778772182762
1746739423202096400,49.594096435546874,-0.011460720691084862,0.007250409519672393,-0.007428725228644907
1746739423212175400,49.60417529296875,0.018722820648550985,0.00002864157259464264,0.012005860418453812
1746739423222255400,49.61425537109375,0.05113572847545147,0.023256956946849823,0.03095174923315644
1746739423232334300,49.62433422851562,0.05645546219348907,0.029335400077700614,0.015165237764827906
1746739423242414600,49.63441455078125,0.044566286957263945,0.015256021320819853,0.013431947698816657
1746739423252493300,49.644493408203125,0.03701543318629265,-0.0073357497155666345,0.013861827016063033
1746739423262573600,49.654573486328125,0.0193757315993309,0.0033610008656978605,0.029567309137433766
1746739423272652300,49.66465234375,0.000751110628247261,0.010522563058137892,0.023043935250677168
1746739423282732500,49.67473266601562,-0.014586159235239027,0.005095277312397957,0.011411182460933924
1746739423292811500,49.6848115234375,-0.0235498024135828,0.02007540430128574,0.033840419879369435
1746739423302891500,49.6948916015625,-0.03857376854419708,0.030767478707432745,0.02242138290554285
1746739423312971300,49.70497119140625,-0.03080605715215206,0.013215455403923987,-0.010802622108533978
1746739423323050500,49.71505053710938,-0.019066519519686697,-0.0069791913628578185,-0.026481398886069655
1746739423333130200,49.725130126953125,-0.0004021510601043701,0.010200491496920585,-0.02525244161300361
1746739423343209500,49.73520947265625,0.012148118433356284,0.014660393515229225,0.008235840360447763
1746739423353289500,49.74528955078125,0.018068740653991697,0.017265023055672644,0.007576755397208035
1746739423363368400,49.755368408203125,0.03810498198866844,0.0073024319678544995,0.018757307440042496
1746739423373448400,49.765448486328125,0.031410452786087985,0.009304419440031051,0.024948197969421743
1746739423383527400,49.77552734375,0.051964580515027045,0.014507833302021026,0.018656039022654294
1746739423393607400,49.785607421875,0.034192192459106444,0.017637363499402998,0.027883009312301872
1746739423403686400,49.79568627929687,0.0064209729582071304,0.023398411244153976,0.01994301009327173
1746739423413766400,49.805766357421874,-0.02753916431069374,0.015810148072242736,0.005532938077300787
1746739423423845600,49.815845703125,-0.08341361174583435,0.00490472317636013,0.006987338136695325
1746739423433925400,49.82592529296875,-0.10413549725711345,0.013515315133333206,0.012034173197485506
1746739423444005400,49.83600537109375,-0.07986147222220898,0.015543606090545654,0.011796382386237382
1746739423454084400,49.84608447265625,-0.05359656563103199,0.027804537248611448,0.013801146337389944
1746739423464164600,49.85616455078125,-0.027865327525138855,0.02910977462828159,0.016428937557712197
1746739423474243300,49.866243408203125,0.017286650365591048,0.025279402685165403,0.029979798928461966
1746739423484323600,49.876323486328126,0.08580664436221122,0.01255436114668846,0.02376691576298326
1746739423494402300,49.88640234375,0.11070727686285972,0.024120295777916908,0.0068386503810063
1746739423504482600,49.89648266601562,0.11321896742284297,0.013296119424700737,0.019820443159528075
1746739423514561500,49.9065615234375,0.10351298144459724,0.022714520633220672,0.03824826291687786
1746739423524641500,49.9166416015625,0.08167816625535487,0.03220540255606174,0.03214881353061646
1746739423534720500,49.92672045898438,0.03223579769432545,0.010789689561724661,0.022860431909933684
1746739423544800500,49.93680053710938,-0.026525603353977203,0.006958733096718787,0.009787965173274278
1746739423554879500,49.94687939453125,-0.08751286375820637,-0.001810264292359352,-0.009248414936475454
1746739423564959500,49.95695947265625,-0.13326046945452688,0.0018324761241674422,0.00046473143491894
1746739423575038500,49.96703857421875,-0.1588841555327177,0.007184943068027496,0.010715564879588782
1746739423585118500,49.977118408203125,-0.16188450639247892,0.014603694891929626,-0.004854929217882454
1746739423595198500,49.987198486328126,-0.10175473960041999,0.015243161839246748,0.010514635480009018
1746739423605277200,49.99727709960938,-0.043785950234532356,0.018199673557281495,0.016088490089587865
1746739423615357400,50.007357421875,0.029058336701989172,0.021038111853599547,-0.0025771935442462563
1746739423625436400,50.0174365234375,0.12200783855617045,0.015781506499648094,0.020779899308830497
1746739423635516400,50.027516357421874,0.16950959444344044,0.013213117316365241,0.03635342561360448
1746739423645595400,50.03759545898438,0.1506885741174221,0.03278524827063083,0.02494783264324069
1746739423655675400,50.04767529296875,0.11111527314186095,0.016778700843453405,0.005196874523349106
1746739423665754400,50.05775439453125,0.058096215137839316,-0.0010474632263183592,0.0034429435281082984
1746739423675834400,50.06783447265625,0.017072130832076073,0.004278700232505798,0.023068850496225056
1746739423685913300,50.077913330078125,-0.012017770051956176,0.012263853767514227,0.003776084472611546
1746739423695993300,50.087993408203126,-0.055955111455917354,0.03369534885287285,0.02349639172591269
1746739423706072300,50.098072265625,-0.0686450816810131,0.03024140900671482,0.04450516788717359
1746739423716152300,50.10815234375,-0.09943477222025394,0.030303952848911284,0.024134506966359912
1746739423726231300,50.118231201171874,-0.08138181365728378,0.014501403561234473,0.024940124260820446
1746739423736311600,50.1283115234375,-0.07777998977303505,0.0033551556468009946,-0.0017000819161534309
1746739423746391300,50.138391357421874,-0.07500117270946502,-0.007951835787296295,-0.009769041277095675
1746739423756470500,50.14847045898438,-0.04020984531342983,-0.0050660512179136275,-0.029049240080080925
1746739423766550300,50.15855029296875,-0.011549568018317222,0.030053777480125426,-0.005348448355868458
1746739423776629500,50.16862939453125,0.05189326884448528,0.028396073400974272,0.027847170813940465
1746739423786709200,50.17870922851562,0.08884849627614021,0.02462473816871643,0.04984890353530645
1746739423796788500,50.18878857421875,0.13150105856657027,0.028173370561003684,0.06070570351649075
1746739423806868200,50.1988681640625,0.1481260301530361,0.020916531300544737,0.03175057146064937
1746739423816947500,50.20894750976562,0.11543196729719638,0.0073977090358734125,0.015308336029946802
1746739423827027200,50.21902709960938,0.0733463912397623,0.011051555368304253,-0.015427578495442866
1746739423837106400,50.2291064453125,0.008185060021281242,-0.0006008885025978088,-0.0020689152285456656
1746739423847186400,50.2391865234375,-0.05746317793130874,0.003967150065302848,-0.007052841120958328
1746739423857265400,50.24926538085938,-0.11868424709141254,0.0065080667197704315,-0.01319521633349359
1746739423867345400,50.25934545898438,-0.1139583876132965,0.02441197220087051,-0.006192351834103465
1746739423877425400,50.26942529296875,-0.07612345473766327,0.04015197764635086,0.022972185188718137
1746739423887504400,50.27950439453125,-0.049773207950592036,0.017224106523394584,0.04097754175029695
1746739423897584400,50.28958447265625,0.0007002572238445281,0.0249789584338665,0.04451945214085281
1746739423907663400,50.299663330078126,0.018505963027477264,0.03760229316353798,0.0376855144675821
1746739423917743400,50.309743408203126,0.03267477363348007,0.02082885301709175,0.019907938779890538
1746739423927822600,50.31982250976562,0.04940145202875137,0.011879822885990142,0.006310498321056366
1746739423937902300,50.32990234375,0.04481880041360855,0.000014613047242164611,0.006620294922590256
1746739423947981600,50.339981689453126,0.025361235749721527,0.019066519519686697,0.005594678201898932
1746739423958061600,50.3500615234375,0.023812837263941764,0.023676059141755103,0.023715697032399473
1746739423968140500,50.360140625,0.0008761983126401901,0.004929857617616653,0.01812262626569718
1746739423978220500,50.37022045898438,0.01339139649271965,0.012826748347282408,-0.010079641596227883
1746739423988299500,50.380299560546874,-0.006585808131098747,0.011140987217426299,0.0016107231322675943
1746739423998379500,50.390379638671874,-0.03385141619741917,0.018055296650528907,-0.010891798229329288
1746739424008459500,50.40045947265625,-0.020403321081399917,0.02134907749891281,0.0068846449472010135
1746739424018538500,50.41053857421875,-0.01817103198468685,0.021353169152140618,0.021497509526275098
1746739424028618500,50.420618408203126,0.0008358663022518157,0.01326630880832672,0.020746398898027835
1746739424038697500,50.43069750976562,0.017687632381916046,0.015095862323045729,0.00679294807575643
1746739424048777500,50.44077758789062,-0.0019511340677738189,0.01512508841753006,0.0022814254680648444
1746739424058856400,50.4508564453125,-0.004007482075691223,0.002227612921595573,0.021654526718892154
1746739424068936700,50.460936767578126,-0.013960720813274383,0.009806523743271827,0.03347312093693763
1746739424079015400,50.47101538085938,-0.007123568269610405,0.02155950537919998,0.02899528140313923
1746739424089095700,50.481095703125,-0.009302081352472305,0.023485505005717278,0.027457258180901407
1746739424099174400,50.49117431640625,-0.025388123756647108,0.0036789807736873625,0.03384531525019556
1746739424109254700,50.501254638671874,-0.016435001972317696,0.006195932030677795,-0.011964980418793856
1746739424119333600,50.51133374023438,-0.014921674799919127,0.018644494715332985,-0.0064574690436944365
1746739424129413600,50.52141357421875,-0.02160568260848522,0.015854571735858917,0.016112492019683122
1746739424139492600,50.53149267578125,-0.01508709449470043,0.01355389357805252,0.011613244371674955
1746739424149572600,50.54157250976562,0.018138883280754088,-0.006987959191203117,0.012918408686108886
1746739424159652400,50.55165234375,0.04009469450116157,0.0068038347959518426,0.0024523250555619595
1746739424169731300,50.5617314453125,0.04243628919124603,0.025751111850142477,0.02256652699727565
1746739424179811600,50.5718115234375,0.05294365468025207,0.020136779099702833,0.023376783934235573
1746739424189890300,50.58189038085938,0.08384498890042305,0.01454465818107128,0.005270487748831511
1746739424199970600,50.59197045898438,0.06932721872627735,0.005032733470201492,-0.003306567264720797
1746739424210049300,50.60204931640625,0.03966916256546974,-0.0021954642176628112,-0.007448160581476986
1746739424220129500,50.612129638671874,0.010092939469218253,-0.00037818566262722014,0.017277919069863854
1746739424230208500,50.62220849609375,-0.006194762986898422,0.020852233892679213,0.018071955524384974
1746739424240288500,50.63228857421875,-0.031107670447230337,0.025686229920387268,0.03717493459694087
1746739424250367500,50.64236743164062,-0.025707272708415982,0.022036475241184232,0.037603717935644085
1746739424260447500,50.65244750976562,-0.03428220883011818,0.017359131079912184,0.021917342373542488
1746739424270526500,50.6625263671875,-0.06070142920017242,0.010967384216189384,0.017959142799675462
1746739424280606500,50.6726064453125,-0.08503156833648681,0.00402326416671276,0.0007770122544839978
1746739424290685400,50.682685546875,-0.09118307670354843,0.0037941315859556196,-0.013288264911808073
1746739424300765400,50.69276538085938,-0.08047755829393863,-0.009932780471444129,-0.005193878848664462
1746739424310845700,50.702845703125,-0.05042670342326164,-0.009807108265161514,-0.017674115313217043
1746739424320924400,50.71292431640625,0.00760696787238121,0.005928221005201339,-0.001505874518305063
1746739424331004400,50.72300439453125,0.059850365328788756,0.010963877084851264,0.018977745257690547
1746739424341083600,50.73308374023438,0.11722878758609294,0.03182078715264797,0.02914703789874911
1746739424351163400,50.743163330078126,0.1502794087946415,0.043186815297603605,0.034827129361778494
1746739424361242600,50.75324267578125,0.13292963006496428,0.03488134376704693,0.02409454028215259
1746739424371322400,50.763322265625,0.10659984154403208,0.02231587670445442,0.005514927496574819
1746739424381401600,50.773401611328126,0.05504734896123409,0.0035398645639419554,0.01376654994804412
1746739424391481300,50.7834814453125,-0.005880874732136726,0.00037467853128910064,0.001919971744529903
1746739424401560600,50.793560546875,-0.06694763011336326,0.010828852528333663,-0.010072883061878382
1746739424411640300,50.80364038085938,-0.1344984868168831,0.010552958196401596,-0.02475220047328621
1746739424421719600,50.813719482421874,-0.14649112242758272,-0.00007306523621082306,-0.004987907947786152
1746739424431799300,50.82379931640625,-0.12854279328286647,0.012215922972559929,0.03715473205912858
1746739424441878500,50.83387841796875,-0.09350596669316291,0.03369710241854191,0.020297449554130435
1746739424451958500,50.84395849609375,-0.0318500132471323,0.0324731135815382,0.03823792418595403
1746739424462038500,50.85403857421875,0.02804886739850044,0.014057751446962356,0.01827653818577528
1746739424472117500,50.86411743164062,0.06368307535946369,0.034688451543450356,0.012864486541785299
1746739424482197500,50.87419750976562,0.10646423246562481,0.016419219881296156,0.04616557538006454
1746739424492276500,50.8842763671875,0.10883329968452453,0.025359482184052467,0.0393759152399376
1746739424502356500,50.8943564453125,0.08871580980718136,0.02543430098593235,0.039669783619977535
1746739424512435500,50.904435546875,0.07741115646064281,0.024192776492238045,0.019530301106534895
1746739424522515500,50.91451538085938,0.022834932142496107,0.012038812839984894,0.017763802890665828
1746739424532594400,50.924594482421874,-0.017303016978502273,0.010507950010895729,-0.008143851228058338
1746739424542674400,50.93467431640625,-0.04641805230379104,0.00625496874153614,-0.016955737910792232
1746739424552753400,50.94475341796875,-0.07247194649279118,-0.0011526771664619444,-0.022147461334988475
1746739424562833700,50.95483374023438,-0.08084113090932368,0.005704349121451378,-0.010464293532259762
1746739424572912400,50.96491235351562,-0.046485272321105,0.0007850128978490829,0.022593962993472813
1746739424582992600,50.97499267578125,-0.03244564105272293,0.027099603849649427,0.013152765431255101
1746739424593072400,50.985072265625,0.020033903247117995,0.019386837515234946,0.02759991805460304
1746739424603151600,50.995151611328126,0.07545709978342056,0.028459201765060425,0.04041746018212288
1746739424613231400,51.0052314453125,0.1138239475786686,0.014475684598088264,0.018946363738738
1746739424623310600,51.015310546875,0.11023790578544139,0.017716273954510687,0.023813166057504713
1746739424633390300,51.02539038085938,0.095758714056015,0.02219604971706867,0.026211276707798242
1746739424643469600,51.035469482421874,0.03763327282369137,0.004309095370769501,0.021049327367357908
1746739424653549300,51.04554931640625,-0.03997545203566551,0.0065653498649597165,0.02367887215334922
1746739424663628500,51.05562866210938,-0.07957739458382129,0.006905541604757309,-0.010422244488820433
1746739424673708500,51.06570849609375,-0.11537702223956585,0.0044815293282270425,-0.0009693564888089895
1746739424683787500,51.07578759765625,-0.12223930922448635,0.007851882544159888,0.00919120485652238
1746739424693867500,51.08586743164062,-0.11210837583243846,0.011933014377951622,-0.0011067921981215477
1746739424703946500,51.095946533203126,-0.0643494303137064,0.0030459435671567913,0.02068714299146086
1746739424714026500,51.106026611328126,-0.015292846199870109,0.027332828083634374,0.015105433868989347
1746739424724105500,51.11610546875,0.027774142110347746,0.02445347325503826,0.023438049134798345
1746739424734185500,51.126185546875,0.08235971877872944,0.011369535276293754,0.029487375769019126
1746739424744264700,51.1362646484375,0.10023848981857299,0.022412322816252706,0.008833842786215245
1746739424754344400,51.146344482421874,0.09643325231671333,0.0011865794360637664,0.0005722834626212716
1746739424764424400,51.156424560546874,0.08647709096968173,0.011620879688858984,-0.00007909311819821595
1746739424774503400,51.16650341796875,0.06977671605944633,0.012081482937932014,-0.00298058671336621
1746739424784583700,51.17658374023438,0.020266542959213256,0.01976093152463436,0.02019168762471527
1746739424794662400,51.18666235351562,0.0011754735201597213,0.01016015948653221,0.027344920380227265
1746739424804742700,51.19674267578125,-0.02128945626616478,0.020662264278531073,0.031138357846438883
1746739424814821400,51.2068212890625,-0.045619010880589485,0.014987141251564026,0.021425065344572065
1746739424824901600,51.216901611328126,-0.051371875318884846,0.014467501291632651,0.012054266137443483
1746739424834980600,51.22698071289062,-0.04805938977003097,0.009624152913689612,0.006168313371390104
1746739424845060600,51.237060546875,-0.05367839869558811,0.008137129226326941,-0.007735197361931205
1746739424855139600,51.2471396484375,-0.0407470209300518,0.011082535028457642,-0.01696688035931438
1746739424865219600,51.257219482421874,-0.04109364241063595,0.026818448820710182,0.0034084932692348955
1746739424875298600,51.26729858398438,-0.03020516864955425,0.015897826355695723,0.0046686493981629605
1746739424885378600,51.27737866210938,0.018663783937692642,0.018527590337395667,0.028956556827947497
1746739424895457500,51.28745751953125,0.04417641085684299,0.03577800034582615,0.03827942524012178
1746739424905537500,51.29753759765625,0.06556172871291636,0.032709260424971576,0.03399170145094395
1746739424915617500,51.30761743164062,0.08594751413762569,0.02607785958647728,0.023949615386128425
1746739424925696300,51.3176962890625,0.05955167464315891,0.013439911809563635,0.006570245235785842
1746739424935776500,51.327776611328126,0.016086042404174803,-0.005349544334411621,-0.006070552085340022
1746739424945855500,51.33785546875,-0.01695464193224907,0.00476268435716629,-0.02279182365313172
1746739424955935500,51.347935546875,-0.019109189617633818,-0.00931669439971447,-0.011601005944609642
1746739424966014500,51.358014404296874,-0.03043254766464233,0.003087444621324539,0.023940116905421017
1746739424976094500,51.368094482421874,-0.034355858588218685,0.015250760623812674,0.004814231881313026
1746739424986173400,51.37817333984375,-0.035818332356214524,0.010272387689352035,-0.01242649698331952
1746739424996253400,51.38825341796875,-0.028724574702978133,0.011547229930758476,0.02920278667397797
1746739425006332400,51.39833251953125,-0.004586158746480941,0.01969897220432758,0.04080700748898089
1746739425016412200,51.408412109375,-0.022808044135570523,0.026356676527857777,0.025486542629823087
1746739425026491400,51.418491455078126,-0.010637129348516464,0.013998130214214324,0.013637516740895807
1746739425036571400,51.4285712890625,-0.006933014133572578,0.02102232976257801,0.02222472782228142
1746739425046650400,51.438650390625,0.005751695394515991,0.003950783452391624,0.0011512523943558335
1746739425056730400,51.44873046875,0.025835283002257344,0.01063245317339897,-0.01940145056247711
1746739425066809300,51.458809326171874,0.05036123697161674,-0.008023147457838059,-0.013962035987526178
1746739425076889300,51.468889404296874,0.059331894412636754,0.0013408932149410247,-0.00287581116463989
1746739425086969300,51.47896923828125,0.04136719865500927,0.012522212442755698,0.02123809140510857
1746739425097048300,51.48904833984375,0.018185645031929015,0.021740707165002822,0.009145319888181984
1746739425107128300,51.49912841796875,-0.01141629702746868,0.028828035077452657,0.007332534845173358
1746739425117207300,51.50920727539062,-0.0008913958817720412,0.012687632137537002,0.012849983092397451
1746739425127287300,51.51928735351562,0.007193126374483108,0.016648352462053297,0.009549918633699417
1746739425137366300,51.5293662109375,0.009731120419502257,0.0346995574593544,0.01668408136256039
1746739425147446300,51.5394462890625,-0.0026280104160308834,0.010319733962416647,0.01909698772318661
1746739425157525200,51.54952514648438,-0.007314122405648231,0.0030716625303030013,0.005044277777522802
1746739425167605500,51.55960546875,-0.0028308395117521284,0.004911152917146683,0.019318302323669195
1746739425177684200,51.569684326171874,-0.011197101318836212,0.006882160729169845,0.037482977632805704
1746739425187764500,51.579764404296874,-0.04683481641113758,0.017371406039595604,0.01912376613225788
1746739425197843200,51.58984326171875,-0.040083004063367844,0.021013561934232712,0.009846344297006726
1746739425207923500,51.59992333984375,-0.03261222979128361,0.014370470657944678,0.01712071921415627
1746739425218002400,51.61000244140625,-0.008285597786307334,0.03834346691966056,0.031956505828909576
1746739425228082400,51.62008251953125,0.016256722795963286,0.030993104156851768,0.03838317787554115
1746739425238161400,51.630161376953126,0.03545709782838821,0.02530745973587036,0.0207853061363101
1746739425248241400,51.640241455078126,0.052502925175428386,0.011669979527592658,0.007529774450324475
1746739425258321400,51.6503212890625,0.045859833899140355,-0.0007154547929763794,-0.014256415824219583
1746739425268400400,51.660400390625,0.026990882778167722,-0.002982230681180954,-0.014955029080249368
1746739425278480400,51.67048046875,-0.008694178587198257,0.0016600421667098998,-0.008925028201006352
1746739425288559400,51.680559326171874,-0.019390344646573066,-0.0028881226569414135,0.0008657499838620424
1746739425298639400,51.690639404296874,-0.04721417111754417,0.0019786065965890884,0.01773775513395667
1746739425308718300,51.70071826171875,-0.05396247633397579,0.017179098337888717,0.03674158468097448
1746739425318798300,51.71079833984375,-0.009399111986160278,0.03344634252786636,0.04117481788806617
1746739425328877600,51.720877685546874,-0.0006213467687368392,0.016841244685649872,0.0282328821958974
1746739425338957300,51.73095727539062,0.025516718572378156,0.025421441504359245,0.02254102722983807
1746739425349036500,51.74103662109375,0.03936988735795021,0.02509177115857601,0.03571260695941746
1746739425359116300,51.7511162109375,0.03953296896517276,0.0026999066084623337,0.004005618912167847
1746739425369195500,51.76119555664062,0.039918168890476224,-0.016474749460816382,-0.007121084051579236
1746739425379275300,51.77127514648438,0.04540799847841263,-0.021920155385136603,-0.040173860684596
1746739425389354500,51.7813544921875,0.05073650002479553,-0.034976036313176154,-0.05483827278781682
1746739425399434200,51.791434326171874,0.03512450487315655,0.027330489996075628,0.0023514584969729184
1746739425409514500,51.801514404296874,0.05354278961718082,0.060762803998589514,0.10400796188730746
1746739425419593200,51.81159326171875,0.05881225445270538,0.06625088002085686,0.10220675768423824
1746739425429673500,51.82167358398438,0.030519056904315948,0.05535071582198143,0.07503755919709801
1746739425439752400,51.83175244140625,0.009474515309929847,0.03029576954245567,0.03253631501086056
1746739425449832400,51.84183251953125,-0.04010696946084499,-0.003261632144451141,-0.024813246478140354
1746739425459911400,51.851911376953126,-0.07822364188730717,-0.02091243964731693,-0.011070333134010433
1746739425469991400,51.861991455078126,-0.10988193195462226,-0.008063479468226432,-0.020503566585481164
1746739425480070400,51.8720703125,-0.1470931799739599,0.00853285054564476,-0.004211589813046157
1746739425490150400,51.882150390625,-0.11705986075997352,-0.0022428104907274244,-0.0033597587566822763
1746739425500229400,51.8922294921875,-0.04613280562162399,0.00580839401781559,-0.020900603079050777
1746739425510309400,51.902309326171874,0.04470949482023716,0.016181903994083403,0.018646394411474466
1746739425520388400,51.91238842773438,0.1209556991547346,0.0318850845605135,0.01769461011197418
1746739425530468400,51.92246826171875,0.15224457138776779,0.04247545215785503,0.03074475541897118
1746739425540548400,51.93254833984375,0.16004852313697338,0.05033434896469116,0.058501179209537804
1746739425550627600,51.942627685546874,0.10577391211390495,0.040566988188028334,0.04971029878221452
1746739425560707300,51.95270727539062,0.03896189107894897,0.019229016605019567,0.029854272852651773
1746739425570786600,51.96278662109375,-0.027235797449946402,0.002109539499878883,0.016845190208405254
1746739425580866300,51.9728662109375,-0.0802963565081358,-0.00416881011724472,-0.013020517353713512
1746739425590945500,51.98294555664062,-0.10278758977949619,-0.0007528641939163207,-0.034623094689659774
1746739425601025300,51.993025390625,-0.11309271069467067,0.00024725275933742524,0.0022734613573178646
1746739425611104500,52.0031044921875,-0.08271627713143825,0.004638181194663048,-0.009518975506164132
1746739425621184300,52.013184326171874,-0.04501870689988136,0.0112847796022892,0.0031289091428741813
1746739425631263200,52.02326318359375,0.037573067069053646,0.022957097217440603,0.02338365206643939
1746739425641343200,52.03334326171875,0.09854571442604064,0.016434417450428007,0.03365096172187477
1746739425651422200,52.04342211914062,0.15807225462794303,0.027257424759864805,0.045862062388844785
1746739425661502500,52.05350244140625,0.17342121492922305,0.026613866159319877,0.040254305509664114
1746739425671581200,52.063581298828126,0.14020751211345195,0.03799392282962799,0.044744785329326985
1746739425681661400,52.073661376953126,0.07540332376956939,0.017514613902568817,0.038956228523142636
1746739425691741400,52.083741455078126,-0.009237199422717094,0.007364975810050964,0.01892557667903602
1746739425701820400,52.0938203125,-0.08787117567658424,0.012456161469221114,-0.004263758391700684
1746739425711900400,52.103900390625,-0.14094342517256736,-0.00684884298145771,-0.0023439327776432037
1746739425721979400,52.1139794921875,-0.14726035323441028,-0.017871172255277634,-0.006734751615114509
1746739425732059400,52.124059326171874,-0.14035013545453548,0.0029576807618141173,-0.019902641550265252
1746739425742138400,52.13413842773438,-0.1012052890241146,0.0124175830245018,-0.002513553723506629
1746739425752218400,52.14421826171875,-0.03831073369383812,0.02431143443584442,-0.0036039793087169524
1746739425762297300,52.15429736328125,0.043811084675788876,0.020844635108113286,-0.00020330401975661514
1746739425772377600,52.164377685546874,0.13364625390172005,0.025121581774950025,0.025602643290162087
1746739425782456300,52.174456298828126,0.17172551692724228,0.02763619494438171,0.046784510996006425
1746739425792536300,52.184536376953126,0.17923253155648708,0.03617547523081303,0.0449919650234282
1746739425802615300,52.194615234375,0.14125263725221157,0.011853519400954245,0.030168599498830734
1746739425812695300,52.2046953125,0.07610065838396549,-0.009843348622322083,0.01393288295827806
1746739425822775300,52.214775390625,0.008425298517942428,-0.018439327532052994,0.008505926006101071
1746739425832854300,52.224854248046874,-0.05224865815341472,0.0014525368958711623,0.011471278617717325
1746739425842934300,52.234934326171874,-0.11515899557471275,0.010866846451163292,0.006627163054794073
1746739425853013200,52.24501318359375,-0.15289572877287863,0.027889292922616004,0.01031359648257494
1746739425863093500,52.25509350585938,-0.12412906849384307,0.00851765297651291,0.03478964689560234
1746739425873172200,52.26517211914062,-0.10963117206394672,0.021000117930769918,0.03545019316356629
1746739425883252500,52.27525244140625,-0.10113631544113158,0.035061961030960084,0.008157039503194392
1746739425893331200,52.285331298828126,-0.059607204222679136,0.01127951890528202,-0.003897043971158564
1746739425903411500,52.295411376953126,-0.00020166005194187164,0.011554828715324402,0.01902447047624737
1746739425913490200,52.305490234375,0.04646832118630409,0.01986906807422638,0.020897205545566976
1746739425923570400,52.3155703125,0.11881927164793014,0.012974632385373115,0.010438136177696287
1746739425933649700,52.325649658203126,0.13472528131008146,0.018206687819957733,0.0062977849699556825
1746739425943729700,52.335729736328126,0.1435954009860754,0.030642975544929504,0.02116509923413396
1746739425953809700,52.3458095703125,0.13470423852205277,0.026387656188011168,0.0411648810159415
1746739425963888600,52.355888671875,0.07201543489694595,0.020431378132104872,0.039592297936975954
1746739425973968400,52.36596850585938,0.0005845218896865845,0.011176058530807494,0.02804324137531221
1746739425984047600,52.376047607421874,-0.03499415649175644,-0.004407879570126534,0.002545665894821286
1746739425994127600,52.386127685546874,-0.06341887146532535,-0.013019640570878982,-0.004730900979414582
1746739426004206600,52.39620654296875,-0.07662088286578655,0.008552724289894103,0.011094663857668637
1746739426014286600,52.40628662109375,-0.08022270675003527,0.015808394506573675,0.0050797874823212625
1746739426024365600,52.41636547851562,-0.0638262832224369,0.01334346569776535,-0.010671506542153656
1746739426034445600,52.42644555664062,-0.03761398360133171,0.003141805157065391,0.0015981193790212272
1746739426044524500,52.436524658203126,-0.011355506750941276,0.022259178081154823,0.006529511366598308
1746739426054604500,52.4466044921875,0.019990064105391503,0.022703999239206313,0.028699330663867293
1746739426064683800,52.45668383789062,0.024601357293128966,0.0063923313856124875,0.029538009977713227
1746739426074763500,52.46676342773438,0.03566577214300632,0.01855272477865219,0.018182466694153843
1746739426084843500,52.47684350585938,0.026667642173171042,0.02070610342025757,0.03224617295786738
1746739426094922500,52.486922607421874,0.03759177176952362,0.03062836249768734,0.021245617124438284
1746739426105002800,52.497002685546875,0.0027530981004238128,0.02150982101857662,0.025024587673880157
1746739426115081500,52.50708154296875,-0.00841126999258995,0.009783142867684363,0.0009925547013059258
1746739426125161700,52.51716162109375,-0.024184008663892746,0.008171031495928764,0.0015940277257934213
1746739426135240400,52.52724047851562,-0.029219664743542668,0.01180500408411026,0.005159720850735902
1746739426145320700,52.53732080078125,-0.035894320201873775,0.005930559092760085,-0.010914265789464115
1746739426155399700,52.547399658203126,-0.042216508960723875,-0.0024088147073984146,-0.0008882540766149759
1746739426165479700,52.557479736328126,-0.03155775230228901,0.014774959805607795,0.010336319771036506
1746739426175558700,52.56755859375,0.007991583275794982,0.013853753307461738,0.022491452467069028
1746739426185638700,52.577638671875,0.027263269978761672,0.03030453737080097,0.04188669248446822
1746739426195717600,52.587717529296874,0.04036006743907928,0.03623626550734043,0.024602307141199705
1746739426205797600,52.597797607421874,0.0497878209978342,0.012194295662641524,0.017846987662091852
1746739426215877600,52.607877685546875,0.015443652847409247,0.008417699733376503,-0.00616173750013113
1746739426225956600,52.61795654296875,0.01475508606135845,-0.005673369461297989,-0.01041676459610462
1746739426236036600,52.62803662109375,0.006411620607972145,0.014975450813770294,0.01800583148561418
1746739426246115600,52.63811547851562,-0.014632336464524269,0.008334113103151321,0.013050912491977214
1746739426256195600,52.64819555664062,-0.01521393574476242,0.014575637841224669,0.0011130027431994676
1746739426266274800,52.65827490234375,-0.013919804280996323,0.02640460732281208,0.013552907197363673
1746739426276354600,52.6683544921875,-0.0198725752055645,0.021991467055678365,0.017049882467649876
1746739426286433800,52.67843383789062,-0.006587561696767806,0.012805705559253693,0.021917525036633013
1746739426296513500,52.68851342773438,0.007817980274558068,0.018413024047017095,0.007223010056093335
1746739426306592800,52.6985927734375,0.031930092746019365,0.013580781584978103,0.014638145150803028
1746739426316672500,52.708672607421875,0.05168459452986717,0.017415829703211785,0.013025778050720692
1746739426326751700,52.71875170898438,0.06823708540201187,0.02543605455160141,0.03341455915011465
1746739426336831500,52.72883154296875,0.0656692807406187,0.01780161415040493,0.045034269795194266
1746739426346911700,52.73891186523438,0.04215571868419647,0.02754267144203186,0.03811301916465163
1746739426356990500,52.74899047851562,-0.00022211831808090208,0.010904255852103233,0.015796192612126468
1746739426367070700,52.75907080078125,-0.06007365269064903,-0.007672434324026108,-0.009655826693587005
1746739426377149700,52.769149658203126,-0.0746715023636818,-0.03076163348853588,-0.006458491957001388
1746739426387229700,52.779229736328126,-0.11294073500335215,-0.0035270050823688506,-0.0071125719515606756
1746739426397308700,52.78930859375,-0.09953121833205222,0.01023731637597084,0.00790649880822748
1746739426407388700,52.799388671875,-0.08800912284255027,-0.006223404559493065,-0.009628061903826892
1746739426417467600,52.809467529296874,-0.04706102638244629,0.006095978787541389,0.011833280330523848
1746739426427547600,52.819547607421875,0.01753448764681816,0.017421674922108648,0.003622501346096396
1746739426437626600,52.82962670898438,0.06323299350440502,0.027557284489274022,0.0032789486054331063
1746739426447706600,52.83970654296875,0.09690496148169041,0.014058335968852042,-0.004921637778542935
1746739426457785600,52.84978564453125,0.10840952131450175,0.004854454293847084,0.006223623755201697
1746739426467865600,52.85986547851562,0.0930319194406271,0.03008943331539631,0.017724201532639563
1746739426477944600,52.869944580078126,0.06943769336342812,0.019616554617881775,0.01835789632629603
1746739426488024800,52.88002490234375,0.05676058261990547,0.019800094491243363,0.01701506688259542
1746739426498104600,52.8901044921875,0.005325578936934471,0.024752748462557792,0.016707389172911643
1746739426508183800,52.90018383789062,-0.04544306979179382,0.009036708414554595,0.02446311786621809
1746739426518263600,52.910263671875,-0.09512801493704319,0.006319850671291351,0.012268164616450666
1746739426528342800,52.9203427734375,-0.10735095217227936,0.004773205751180649,0.013289470488205552
1746739426538422500,52.930422607421875,-0.10653086796104907,-0.007091419565677643,0.0005157675024121999
1746739426548501800,52.94050170898438,-0.11118249315917492,0.007550853770971298,-0.007007650272361934
1746739426558581500,52.95058154296875,-0.06869651960730552,0.01693067653477192,0.005948898467049002
1746739426568660700,52.96066064453125,-0.020501520758867263,0.031872809600830075,0.03576448327712715
1746739426578740500,52.97074047851562,0.024144261175394057,0.03791793498396873,0.04696260750927031
1746739426588819500,52.9808193359375,0.08742927712798118,0.0429559291511774,0.03645440177004784
1746739426598899700,52.990899658203126,0.12781155639886854,0.027041736182570456,0.036922494205832476
1746739426608978400,53.000978515625,0.12620061407089234,0.0044195700079202645,0.023109547832794487
1746739426619058700,53.01105859375,0.08800152405798435,0.005706102687120437,-0.01411927237585187
1746739426629138700,53.021138671875,0.07658581155240535,-0.008824526968598366,-0.013622319171763956
1746739426639217700,53.0312177734375,0.050426118901371955,-0.002203647524118423,-0.00288377527538687
1746739426649297700,53.041297607421875,-0.03601940788626671,-0.019040800556540487,0.002076477480493486
1746739426659376600,53.05137670898438,-0.08390694822072982,0.0004214402824640274,-0.009542904371023177
1746739426669456600,53.06145654296875,-0.1051747771769762,0.029669162076711653,0.016435294233262537
1746739426679535600,53.07153564453125,-0.11786182479262351,0.030351883643865582,0.021573935763351617
1746739426689615600,53.08161572265625,-0.0860170722424984,0.02552314831316471,0.026935389731265604
1746739426699694600,53.091694580078126,-0.060175359499454496,0.030002924075722692,-0.0004040142236277461
1746739426709774800,53.10177490234375,-0.011192425143718718,0.008798223483562469,-0.008781783805415035
1746739426719853600,53.111853515625,0.027423428976535796,0.01371639066338539,-0.009034808718413114
1746739426729933800,53.12193383789062,0.048799979004263874,-0.003866612300276756,0.016977036427147686
1746739426740012500,53.132012451171875,0.06270575475990772,0.007477204012870788,0.019543927773088214
1746739426750092500,53.142092529296875,0.09072890319526195,0.026627310162782667,0.005900310084968805
1746739426760171800,53.152171875,0.06800795282125473,0.028965397721529004,0.03954327116347849
1746739426770251500,53.16225146484375,0.052124154990911484,0.018929741397500036,0.033773455590382216
1746739426780330800,53.172330810546875,0.014188099828362465,-0.0003349310427904129,0.01367236885856837
1746739426790410500,53.18241040039062,-0.016404022312164306,0.01384498547911644,-0.002865070574916899
1746739426800490500,53.19249047851562,-0.04865910922884941,0.00132628016769886,0.014223025011271238
1746739426810569500,53.202569580078126,-0.07556932798624039,0.017933716097474097,-0.00009041822981089353
1746739426820649700,53.21264965820313,-0.055499184381961816,0.022814473876357075,-0.010135207708366215
1746739426830728400,53.222728515625,-0.0420411523938179,0.024160627788305283,0.020555004511773584
1746739426840808700,53.23280859375,0.0014168810606002807,0.010830021572113036,0.03070120853818953
1746739426850887400,53.242887451171875,0.04279284754395485,0.007991583275794982,0.01054535941183567
1746739426860967700,53.2529677734375,0.047860067805647846,0.009948562562465667,0.009852116450667381
1746739426871046700,53.26304663085938,0.0722702864408493,0.012937222984433174,0.019902130093611775
1746739426881126700,53.27312670898438,0.036437925559282304,0.011530278795957565,0.027907413101196286
1746739426891205600,53.28320556640625,0.005492752197384834,0.014808862075209617,0.03450045469067991
1746739426901285600,53.29328564453125,0.017288403931260108,0.009465162959694861,0.02327376195117831
1746739426911364600,53.303364501953126,0.0018868366599082945,0.020234394255280494,0.03172222214899957
1746739426921444600,53.31344458007813,-0.009142506876587866,0.019461071795225143,0.023105821505747734
1746739426931523300,53.3235234375,-0.002393032616376877,0.002565466573834419,0.014366817396134138
1746739426941603000,53.33360302734375,0.011867547926306723,0.02424479894042015,0.011707571591623127
1746739426951683300,53.34368334960938,0.011361351969838143,0.0007113631397485733,-0.004181121609546244
1746739426961762300,53.35376220703125,0.012989829954504966,0.001975099465250969,-0.02618387724421918
1746739426971842300,53.36384228515625,0.008397241467237472,0.015447159978747366,0.006768763482570648
1746739426981921300,53.37392138671875,0.000481061515212059,0.020579846692085266,0.04290993458498269
1746739426992001300,53.38400122070313,0.003982932156324386,0.02839256626963615,0.040984409882500766
1746739427002080300,53.39408032226562,0.023683657926321027,0.024964345386624336,0.012505699699372052
1746739427012160300,53.40416015625,0.01362929690182209,0.018981179323792455,0.017162402931414543
1746739427022239200,53.4142392578125,0.0044482115805149075,0.006546645164489746,0.017242884289100764
1746739427032319200,53.4243193359375,-0.03438800729215145,-0.012667173871397971,0.011234108860976994
1746739427042398200,53.43439819335938,-0.057197804993391034,0.0027390695750713345,-0.011069383285939692
1746739427052478200,53.44447827148438,-0.05918342585265636,-0.026075521498918532,-0.01954294139239937
1746739427062557200,53.45455712890625,-0.04910217682123184,0.0025987843215465544,0.007500256094895303
1746739427072637400,53.464637451171875,-0.026707974183559417,0.03496668396294117,0.016616057627648114
1746739427082716200,53.474716064453126,-0.013681319350004195,0.023587796336412427,0.004312419839017093
1746739427092796400,53.48479638671875,0.022939561560750006,0.021906126859784124,0.022481844388507304
1746739427102875100,53.49487524414062,0.058231239694356916,0.02968319060206413,0.01840710576288402
1746739427112955400,53.50495532226562,0.06576806493997574,0.020399813950061796,0.021112711459770797
1746739427123035100,53.51503515625,0.06486673218607902,0.019758593437075613,0.00824358527548611
1746739427133114400,53.5251142578125,0.06258242064118386,0.011263152292370796,0.02564067374560982
1746739427143194000,53.535194091796875,0.029158874467015265,0.019741057780385016,0.03466035796012729
1746739427153273300,53.5452734375,0.028261633366346357,0.013337620478868484,0.016420096664130687
1746739427163353000,53.55535302734375,-0.012661913174390792,0.02643207985162735,0.007963197431527078
1746739427173432300,53.565432373046875,-0.049665655922889705,0.015159575209021567,0.018590207244828343
1746739427183512300,53.57551220703125,-0.0677647917151451,0.010316811352968216,0.010261208708211778
1746739427193591300,53.58559130859375,-0.07857201693356036,-0.0002513444125652313,0.008360014729388058
1746739427203671300,53.59567138671875,-0.08129764250516891,0.008870704197883605,0.00397621015459299
1746739427213750300,53.60575024414062,-0.04913257195949554,0.022435119169950484,-0.0004772621229290962
1746739427223830300,53.61583032226562,-0.008445172262191773,0.0195849904358387,0.02466185530871153
1746739427233909200,53.6259091796875,0.007969371443986892,0.017404723787307737,0.05092011296339333
1746739427243989200,53.6359892578125,0.027737317231297492,0.043948447319865226,0.033894597752019764
1746739427254068500,53.646068359375,0.07313070266246795,0.025196400576829907,0.026029015476070342
1746739427264148200,53.65614819335938,0.08282266011536121,0.025193477967381476,0.02040781459342688
1746739427274227500,53.6662275390625,0.0899205094218254,-0.006272504398226738,0.008643032921850681
1746739427284307200,53.67630712890625,0.04791910451650619,-0.004202127864956855,-0.011812529803439975
1746739427294387500,53.686387451171875,0.013137713992595671,-0.0025339023917913435,-0.00153710990678519
1746739427304466200,53.696466064453126,-0.019511340677738187,0.005193476989865302,-0.004402874601446092
1746739427314546400,53.70654638671875,-0.034431261911988253,0.015909516793489457,0.01444872352592647
1746739427324625200,53.71662524414062,-0.04611351639926433,0.0197679457873106,0.029142288658395406
1746739427334705400,53.72670532226562,-0.02087503024637699,0.02156827320754528,0.028461247591674326
1746739427344784400,53.73678442382813,-0.0056540802389383315,0.030125673672556877,0.024801227246783672
1746739427354864400,53.74686450195313,0.02898001076877117,0.035313889965415,0.023166794445365665
1746739427364943400,53.756943359375,0.03373392729759216,0.011782207730412483,0.046188042940199375
1746739427375023400,53.7670234375,0.03566811023056507,0.008135375660657883,0.033040757401660084
1746739427385102300,53.777102294921875,0.03704524380266666,0.0035533085674047467,0.021229615837708115
1746739427395182300,53.787182373046875,0.005763385832309722,0.010516717839241027,0.014200593983754515
1746739427405261300,53.79726123046875,-0.022612813824415205,0.014407295536994933,-0.00008417115211486816
1746739427415341300,53.80734130859375,-0.012470189994573593,-0.01368073482811451,-0.02546981069073081
1746739427425420300,53.81742016601562,-0.009084639209508895,-0.000633037206530571,-0.00991780209802091
1746739427435500300,53.82750024414062,-0.04093406793475151,0.007653729623556137,0.00220781224258244
1746739427445579300,53.837579345703126,-0.024821137523651123,0.006108838269114494,0.01500946268122643
1746739427455659300,53.8476591796875,-0.02068155350089073,0.010522563058137892,0.03052318509016186
1746739427465739300,53.8577392578125,-0.03669979136586189,0.021752397602796552,0.013432495688088237
1746739427475818500,53.86781860351562,-0.013816343906521797,0.024777882903814313,0.011180917369015515
1746739427485898200,53.87789819335938,0.020156652843952176,0.019622984358668327,0.008916333437897264
1746739427495977500,53.8879775390625,0.03985854765772819,0.02294949843287468,0.020743293625488875
1746739427506057200,53.89805712890625,0.06524784045815467,0.015543021568655967,0.03898567381333559
1746739427516136200,53.90813623046875,0.04505670082271099,0.023355741146206855,0.023685448024608192
1746739427526216200,53.91821630859375,0.017546178084611893,0.020088848304748535,0.02162270680852234
1746739427536295200,53.92829516601562,-0.009459902262687683,0.008660276317596435,0.013963972216285765
1746739427546375200,53.93837524414062,-0.01921323451399803,0.006897358298301696,0.014978336890600621
1746739427556454100,53.9484541015625,-0.0540314499169588,0.022342180189490315,-0.013062420266680419
1746739427566534400,53.95853442382813,-0.052035892185568804,0.01395253750681877,-0.0075413187576457855
1746739427576613000,53.96861303710938,-0.04676818091571331,0.0122650228112936,0.0033060558080673214
1746739427586693400,53.978693359375,-0.04171031300425529,0.026775194200873372,0.02038943868651986
1746739427596772000,53.988772216796875,-0.028121932634711265,0.0219943896651268,0.0263163079848513
1746739427606852400,53.998852294921875,0.005108136793971062,0.0152671272367239,0.029536585205607115
1746739427616931300,54.00893139648438,0.04782207388281822,0.01601823786497116,0.020660108854062855
1746739427627011300,54.01901123046875,0.07539806307256221,0.015514379996061324,0.003203654879517853
1746739427637090300,54.02909033203125,0.08925766159892082,-0.000699088180065155,-0.006137479841709137
1746739427647170300,54.03917041015625,0.062408817639946934,0.004579729005694389,0.013575740083679556
1746739427657250300,54.04925024414062,0.08477788583636284,0.0019055413603782652,0.02332107169162482
1746739427667329300,54.05932934570313,0.07773322802186011,0.023417700466513633,0.03905819106027484
1746739427677409300,54.0694091796875,0.036250294032692906,0.025647066953778264,0.013533471844531596
1746739427687488300,54.07948828125,-0.0026595745980739593,0.007030629289150238,0.005237206533737481
1746739427697568300,54.089568359375,-0.06842179431915282,0.013339374044537543,0.0065229720279574395
1746739427707647200,54.099647216796875,-0.14117080418765543,-0.009487374791502952,0.0004937748663127422
1746739427717727200,54.109727294921875,-0.176921916526556,-0.03639233285188675,-0.03793985455483198
1746739427727806200,54.11980615234375,-0.14219897819161414,-0.008957797959446907,-0.00910721636749804
1746739427737886200,54.12988623046875,-0.10206102907061576,0.01811491788327694,0.018042144908010958
1746739427747965400,54.13996533203125,-0.025966800427436827,0.03259001795947552,0.009137100049108266
1746739427758045200,54.15004516601562,0.03814706756472588,0.025621932512521744,0.026161373151466247
1746739427768124400,54.16012451171875,0.07893617407083511,0.022190204498171804,0.015086254244484006
1746739427778204200,54.1702041015625,0.09828794027268886,0.008555646899342536,-0.008230762326531112
1746739427788283400,54.18028344726562,0.09452011217176913,-0.0008849661409854889,0.022229403997398912
1746739427798363100,54.19036303710938,0.08230652728676796,0.020053192469477652,0.014641104292869567
1746739427808442400,54.2004423828125,0.05091770181059837,0.010381693282723425,0.040925921160914
1746739427818522000,54.210522216796875,0.019111527705192564,0.0187701669216156,0.038939898442849515
1746739427828601300,54.22060131835938,0.022099603605270385,0.0015448913544416428,0.027283801310136913
1746739427838681300,54.23068139648438,0.07043371866345405,0.03993102837204933,0.0650987508436665
1746739427848761300,54.24076123046875,0.00372048182785511,0.025661095479130744,0.021157610047422348
1746739427858840300,54.25084033203125,-0.08288286586999892,-0.019790742141008375,-0.09899985140170901
1746739427868920300,54.26092041015625,-0.08584522280693054,-0.028337621212005615,-0.03728858757186681
1746739427878999300,54.27099926757813,-0.07007014604806899,0.0038859015226364135,0.06953205711599439
1746739427889079300,54.28107934570313,-0.06594868220388889,0.03871814545094967,0.05673113732971251
1746739427899158300,54.291158203125,-0.03334229763150215,0.03280219940543175,0.023730638873204587
1746739427909238300,54.30123828125,0.027465514552593228,0.05100947174727916,0.011001213420554995
1746739427919317200,54.311317138671875,0.08146832289695739,0.0375356576681137,0.020743293625488875
1746739427929397500,54.3213974609375,0.08177928854227065,0.023781857603788373,0.035861915769614276
1746739427939476500,54.3314765625,0.02709726576209068,-0.002336333993077278,0.005650353911891579
1746739427949556500,54.34155639648438,-0.013092705807089804,0.009101590344309806,-0.013500921281799673
1746739427959635500,54.351635498046875,-0.005608487531542777,0.004711246430873871,-0.0017549173759296534
1746739427969715700,54.3617158203125,-0.017273790884017943,0.02231763027012348,0.01333327309731394
1746739427979794400,54.37179443359375,0.012085574591159819,0.01029226143360138,0.012486191281303762
1746739427989874700,54.38187475585938,0.01936754829287529,0.005115735578536987,0.02603957340270281
1746739427999953400,54.39195336914062,0.023531682235002516,0.019549334600567816,0.010821509472094476
1746739428010033700,54.40203369140625,0.03809738320410251,0.031409283742308614,0.027995091384649274
1746739428020112600,54.41211254882813,0.04600421080589294,0.01419394504725933,0.01592076883986592
1746739428030192600,54.42219262695313,0.033684242936968804,0.008242927688360213,0.021036066026985645
1746739428040272400,54.4322724609375,-0.006797989577054977,0.006470072796940803,-0.0004505567790940404
1746739428050351600,54.4423515625,-0.02477145316302776,0.00953881271779537,-0.004850545303709805
1746739428060431400,54.45243139648438,-0.037442134165763856,0.015443068325519562,-0.0076848919468000525
1746739428070510600,54.462510498046875,-0.05748480524122715,0.018040099081397056,0.02619048964809626
1746739428080590600,54.472590576171875,-0.06493862837851047,-0.0032131168276071545,0.02645571645554155
1746739428090669600,54.48266967773438,-0.018863690423965452,0.012362637966871261,0.015416509112156926
1746739428100749600,54.49274951171875,-0.017070377266407012,0.02644377028942108,0.031784291067160665
1746739428110828500,54.50282861328125,0.005794365492463111,0.022920856860280035,0.017039689867198466
1746739428120908500,54.51290844726562,0.018409516915678978,0.015187632259726523,0.0015154825968667863
1746739428130987500,54.52298754882813,0.03945347398817539,0.016259060883522032,-0.009136771255545318
1746739428141067500,54.53306762695313,0.049861470755934716,0.009313771790266037,0.013161423661746083
1746739428151146800,54.54314672851562,0.039782559812068935,-0.0025724808365106583,0.023421572924032807
1746739428161226500,54.5532265625,0.005205751949548721,0.003156418204307556,-0.0041414837189018726
1746739428171305700,54.5633056640625,-0.002090250277519226,0.0022580080598592757,0.019446166487038133
1746739428181385500,54.573385498046875,0.009430676168203353,0.005014028769731521,0.017283472027815876
1746739428191464400,54.58346435546875,0.009549918633699417,0.004354688078165054,0.011835691483318806
1746739428201544400,54.59354443359375,0.0077729720890522,0.003915712139010429,0.027172632553242145
1746739428211623400,54.60362353515625,-0.014341829085350036,0.004025017732381821,0.0032169527525082228
1746739428221703400,54.61370336914062,-0.02709434315264225,-0.006938274830579757,0.021735994457267222
1746739428231782400,54.62378247070313,-0.020800795966386794,0.0010877952367067335,0.015394954867474733
1746739428241862700,54.63386254882813,0.013798808249831198,0.00452653751373291,0.035950142042338845
1746739428251942700,54.64394262695313,0.04101064030230045,0.011173135921359061,0.01883727734107524
1746739428262021600,54.65402172851562,0.029716508349776266,0.029720600003004072,0.022619755021855235
1746739428272101600,54.6641015625,0.011319266393780707,0.0052495910912752144,0.01590820161923766
1746739428282180600,54.6741806640625,0.023235329636931416,-0.003295534414052963,0.01022672191672027
1746739428292260600,54.684260498046875,0.0061813189834356306,0.009202712631225586,0.020357691841386256
1746739428302339600,54.69433959960938,-0.0020896657556295395,0.016662965509295462,0.006981602515652776
1746739428312419600,54.70441967773438,-0.006315174496173858,0.010481646525859832,0.009648958561383187
1746739428322498600,54.71449853515625,-0.00785831228494644,0.025335516786575314,0.019079780860058963
1746739428332578300,54.72457836914062,-0.005203413861989975,0.022225275811553,0.023459238053299487
1746739428342657500,54.73465747070313,-0.022412907338142395,0.016425065100193023,0.03340327057112008
1746739428352737500,54.74473754882813,-0.008572598034143447,0.006190086811780929,0.015797252058051527
1746739428362816500,54.75481640625,-0.0442196654766798,-0.0016097732841968534,-0.006414506684802472
1746739428372896500,54.764896484375,-0.039002807611227035,0.006833060890436172,-0.018054602530784905
1746739428382975500,54.7749755859375,-0.019476269364356993,-0.003378536522388458,-0.005407777327671647
1746739428393055500,54.785055419921875,-0.02576046420037746,0.013987024298310278,0.001753017679788172
1746739428403134500,54.79513452148438,0.015910101315379142,0.007975216662883759,0.00812321029882878
1746739428413214500,54.80521435546875,0.049019174712896345,0.028112580284476277,0.017707140799984335
1746739428423293700,54.815293701171875,0.07563479443788527,0.011166706180572509,0.008862045967392623
1746739428433373400,54.82537353515625,0.08813304148316382,0.025337854874134064,0.02263173772059381
1746739428443452700,54.83545263671875,0.08767594536542891,0.032926702567934986,0.022529702118225393
1746739428453532400,54.84553247070313,0.049963177564740176,0.012094926941394805,0.019174583004042504
1746739428463612700,54.85561279296875,0.011281856992840766,-0.0019815292060375213,0.01001399248149246
1746739428473691400,54.86569140625,-0.042967619588971134,-0.008494856622815131,-0.008543956461548805
1746739428483771600,54.87577172851562,-0.07885024935305118,0.0004769698619842529,-0.007722849337011575
1746739428493850400,54.885850341796875,-0.08585691324472428,0.006675239980220795,-0.0025181933660060165
1746739428503930600,54.8959306640625,-0.07315875971317291,0.015130349114537239,0.015933884049765763
1746739428514009600,54.90600952148438,-0.06651333034932613,0.03242576730847359,0.031973274300619955
1746739428524089600,54.91608959960938,-0.029938042145967483,0.026683424264192578,0.02285140835326165
1746739428534168600,54.92616845703125,0.016353168907761572,0.021905542337894438,0.039567346158809955
1746739428544248600,54.93624853515625,0.038103812944889064,0.02162964800596237,0.03249894214253873
1746739428554327600,54.94632763671875,0.026689269483089445,0.013709960922598838,0.007166822889447212
1746739428564407600,54.95640747070313,0.03391220647394657,0.021912556600570676,0.016389299667067824
1746739428574486500,54.96648657226562,0.020292261922359466,0.02045417448580265,0.018557437486387787
1746739428584566500,54.97656640625,0.019722353079915045,0.011049217280745505,0.013818024406954645
1746739428594645500,54.9866455078125,0.023496610921621322,0.002543254742026329,-0.012381233069486915
1746739428604725500,54.9967255859375,0.031925416570901866,0.02096270852982998,0.0014336129996925591
1746739428614804500,55.00680444335938,0.00902735606431961,0.011155600264668464,0.007784443331137299
1746739428624884500,55.01688452148438,0.008241174122691155,0.010641221001744269,-0.0009176263015717267
1746739428634963500,55.02696337890625,0.0037613983601331707,0.01951835494041443,0.02158785469084978
1746739428645043700,55.037043701171875,0.005826514196395874,0.0077758946985006325,0.022207484426535664
1746739428655122400,55.04712231445313,-0.00020867431461811065,0.013547463837265968,0.008876293688453734
1746739428665202700,55.05720263671875,-0.0012935469418764113,0.016437340059876442,-0.0030444091971963644
1746739428675282400,55.06728247070313,-0.02242225968837738,0.02273322533369064,-0.005325104012899101
1746739428685361700,55.07736157226562,-0.01338788936138153,0.016621464455127716,0.0007416486801579594
1746739428695441400,55.08744140625,-0.031279519882798194,0.01472118379175663,0.02952379878927022
1746739428705520600,55.09752075195313,-0.008068155643343925,0.024250644159317016,0.03749788294099271
1746739428715600400,55.107600341796875,0.0062456163913011545,0.012034721186757087,0.03401336529348045
1746739428725679600,55.1176796875,0.02759527841210365,0.01884732381105423,0.039147915170341725
1746739428735759600,55.12775952148438,0.047474867880344385,0.00817512314915657,0.019476744288392363
1746739428745838600,55.137838623046875,0.03388941012024879,0.0028472061246633527,0.0022534780152142046
1746739428755918600,55.147918701171875,0.017311200284957886,-0.0027618659287691116,-0.018458105297759174
1746739428765997600,55.15799755859375,0.004750993919372558,0.0015407997012138366,0.002541245448030531
1746739428776077600,55.16807763671875,0.0024620061993598937,0.010512626186013221,0.022399828660860658
1746739428786156500,55.17815649414062,0.007491232538223266,0.011670564049482345,0.012005860418453812
1746739428796236500,55.18823657226562,-0.01063245317339897,0.008722235637903213,0.005189348804019391
1746739428806315500,55.1983154296875,0.0031739538609981536,0.02307224802970886,-0.006971409915201366
1746739428816395500,55.2083955078125,0.005441898792982101,0.015755787536501885,0.009718078274838626
1746739428826474500,55.218474609375,0.0017874679386615752,0.029776129582524298,0.021546828560717404
1746739428836554500,55.22855444335938,-0.007672434324026108,0.016506313642859458,-0.00476220943313092
1746739428846634800,55.238634765625,-0.013688333612680435,-0.0023006781578063964,-0.007311528589762747
1746739428856713500,55.24871337890625,0.003794716107845306,0.007024199548363685,0.005146313379891216
1746739428866793700,55.258793701171875,0.025296353819966314,0.021655951490998266,0.019055778929963706
1746739428876872400,55.26887255859375,0.010986673438549041,0.025465280646085737,0.021727482357248664
1746739428886952700,55.27895263671875,0.005942249530553817,0.02448094578385353,0.023305289600603282
1746739428897031400,55.28903149414062,-0.019133739537000656,0.017975217151641843,0.021684629596211015
1746739428907111700,55.29911157226562,-0.0610205781519413,0.01147299565076828,0.006772124483436346
1746739428917190700,55.30919067382813,-0.04897358200550079,0.008564999249577522,0.0003093216774985194
1746739428927270700,55.31927075195313,-0.05070376679897308,0.011913725155591965,0.0134038906481117
1746739428937349400,55.32934936523438,-0.03224339647889137,0.03261106074750423,0.012483122541382908
1746739428947429000,55.33942919921875,-0.012642623952031135,0.028670798689126968,0.006104125561378896
1746739428957508400,55.34950830078125,0.033116672182083126,0.005544190123677253,0.010913462071865797
1746739428967588000,55.35958813476562,0.09254150557518005,0.014788403809070587,0.0181585378292948
1746739428977667300,55.36966723632813,0.12201602186262607,0.0011216975063085555,0.00529222465660423
1746739428987747000,55.3797470703125,0.10422668267190456,0.017454992669820785,0.0186932292278856
1746739428997826300,55.38982641601562,0.10858078622817993,0.00009936872124671936,0.02776533774938434
1746739429007906300,55.39990625,0.09970072968006133,0.02386310614645481,0.0288708513058722
1746739429017985300,55.4099853515625,0.02495323947072029,0.008855506628751755,0.01521441066879779
1746739429028065300,55.420065185546875,-0.050126259171962735,-0.005945756661891937,-0.01572024129908532
1746739429038144300,55.43014428710938,-0.13238310209810733,-0.0016495207726955413,-0.030508718173392114
1746739429048224300,55.44022436523438,-0.19296119717955587,-0.0020405659168958664,-0.015300152723491191
1746739429058304300,55.45030419921875,-0.16954641932249068,-0.003994622594118118,-0.007327566409111023
1746739429068383200,55.46038330078125,-0.13468787190914153,0.027748423147201537,0.03320526378098875
1746739429078463200,55.47046313476562,-0.04905249246060848,0.025354221487045286,0.007986139915697276
1746739429088542200,55.48054223632813,0.04562894775271415,0.0316758257240057,0.02033496855292469
1746739429098622200,55.49062231445313,0.10872633217871189,0.03234802589714527,0.02442640258502215
1746739429108701200,55.500701171875,0.1613198582470417,0.02333937453329563,0.00883340439479798
1746739429118781400,55.51078149414062,0.17079846521019934,0.007474281403422356,0.013599742013774811
1746739429128860200,55.520860107421875,0.13757716360986233,0.009399111986160278,0.005492752197384834
1746739429138940400,55.5309404296875,0.06985504199266433,-0.0025444237858057023,0.0016486439898610115
1746739429149019100,55.54101904296875,-0.008859598281979561,0.005426116701960563,0.021988032989576457
1746739429159099400,55.55109936523438,-0.07500760245025158,0.02363748069703579,0.019748546967096627
1746739429169178400,55.561178466796875,-0.1045604446709156,0.02832593077421188,0.028957689339108764
1746739429179258400,55.57125830078125,-0.10984218446612358,0.040237902364134784,0.020238997365161774
1746739429189337300,55.58133740234375,-0.07400164027810097,0.0316407544106245,0.038642778659798205
1746739429199417300,55.59141723632813,-0.040272389155626295,0.013147650864720344,0.003274783886969089
1746739429209496300,55.60149633789062,-0.003723404437303543,-0.0032166239589452744,-0.007366035255976021
1746739429219576300,55.61157641601562,0.028491934990882872,0.010362404060363768,-0.012336553677543997
1746739429229656300,55.62165625,0.040491584864258766,-0.006530863073468208,-0.006129040806926786
1746739429239735300,55.6317353515625,0.03804828336536884,0.02102934402525425,0.01997957924399525
1746739429249815300,55.641815185546875,0.05176525855064392,0.03429623735547065,0.05878894664235413
1746739429259894000,55.65189404296875,0.04241816901266575,0.026223990058898923,0.04974507783465087
1746739429269974300,55.66197436523437,0.0330786782592535,0.026872224834561347,0.028366920371726154
1746739429280053200,55.67205322265625,0.039627661511301995,0.01717033050954342,0.00933331674095243
1746739429290133200,55.68213330078125,0.00452478394806385,0.013179215046763419,-0.019144589724577964
1746739429300212200,55.69221215820313,-0.038842064091563225,0.00269873756468296,-0.019189963236264884
1746739429310292200,55.70229223632813,-0.06931026759147643,0.007511690804362297,-0.01741984829120338
1746739429320371200,55.71237109375,-0.07089023025929928,0.0156722009062767,-0.007765994358994066
1746739429330451200,55.722451171875,-0.06581541121304035,0.012806290081143378,-0.012183920399099588
1746739429340530200,55.7325302734375,-0.03704933545589447,0.010628361520171164,0.015202135709114372
1746739429350610200,55.742610107421875,0.016780454409122465,0.018925065222382544,0.02613835760205984
1746739429360689200,55.75268920898438,0.07454699920117855,0.035658757880330086,0.009847440275549887
1746739429370769200,55.76276904296875,0.10247487056851387,0.04047229564189911,0.026936777970753608
1746739429380848000,55.77284814453125,0.11624971342086791,0.018567922347784042,0.04105849803201854
1746739429390928400,55.782928466796875,0.08554477855563163,0.02370762332379818,0.05136022141370922
1746739429401007000,55.79300708007813,0.044320203241705894,0.03083002254962921,0.030517084142938255
1746739429411087400,55.80308740234375,-0.0022252748340368268,0.0021130466312170026,0.011549568018317222
1746739429421166000,55.813166015625,-0.03875204772055149,-0.01248597208559513,-0.007133395543880761
1746739429431246300,55.82324633789062,-0.0965431424319744,0.008399579554796218,-0.017837671844474972
1746739429441326000,55.833326171875,-0.11424363429546355,0.009866144976019859,-0.029582031782530247
1746739429451405300,55.8434052734375,-0.11753975323140621,-0.0030219781696796417,-0.0007740896450355648
1746739429461485000,55.853485107421875,-0.09116904817819595,0.023367431584000585,0.013070822768844663
1746739429471564300,55.86356420898438,-0.04420154529809951,0.029446459236741065,0.028843890233710406
1746739429481644000,55.87364404296875,0.020552374163269996,0.01452770704627037,0.0216696877554059
1746739429491723300,55.88372314453125,0.06959434522986412,0.021092472389340398,0.008638904736004769
1746739429501803300,55.89380322265625,0.10316343735456467,0.01106558389365673,0.012202077110297978
1746739429511882200,55.90388232421875,0.11128244640231132,0.009998246923089028,0.009554996667616068
1746739429521962200,55.91396215820313,0.110089437225461,0.023847908577322958,0.014535817287489771
1746739429532041200,55.92404125976562,0.05540273827016353,0.027293665117025374,0.026071685574017463
1746739429542121200,55.93412133789062,-0.011849427747726439,0.017836685463786126,0.01579268548078835
1746739429552200200,55.9442001953125,-0.05456219579279423,0.025683891832828522,0.01657335099708289
1746739429562280200,55.9542802734375,-0.09399988768994808,0.022330489751696585,-0.010825491527467965
1746739429572359400,55.964359375,-0.11069266381561756,0.0036006548404693603,-0.007994286689534783
1746739429582439200,55.97443920898438,-0.10246727178394793,0.014490882167220115,-0.0063013286339119075
1746739429592518400,55.984518310546875,-0.055419104883074756,0.003141805157065391,0.016768106384202838
1746739429602598100,55.99459814453125,-0.01759118627011776,0.01626665966808796,0.0012503288546577096
1746739429612677400,56.00467749023438,0.014594927063584328,0.025523732835054398,0.015137290311977266
1746739429622757000,56.01475708007813,0.049638183394074435,0.0014706570744514465,0.006415967989526689
1746739429632836400,56.02483642578125,0.06493979742228985,0.023995208093523977,0.0007606821741908788
1746739429642916000,56.034916015625,0.05294599276781082,0.007741992428898811,0.023574900322221218
1746739429652995300,56.04499536132813,0.04632920497655868,0.0056242696225643155,0.039175789557956156
1746739429663075300,56.05507543945313,0.03324585151970386,0.030370003822445868,0.02902308272551745
1746739429673155300,56.0651552734375,0.012649638214707375,0.02881926724910736,0.014905381252244113
1746739429683234300,56.075234375,-0.030724808609485624,0.01795417436361313,-0.006460683914087713
1746739429693314300,56.08531420898437,-0.0409866749048233,0.000831190127134323,-0.005424509266763925
1746739429703393300,56.095393310546875,-0.05518880325853824,0.0038742110848426817,0.006022694355621933
1746739429713473300,56.105473388671875,-0.04625204808712005,0.00021101240217685698,-0.016169373306073247
1746739429723552300,56.11555224609375,-0.019365794727206228,0.009574468553066253,0.0005850333463400602
1746739429733632300,56.12563232421875,0.01644552336633205,0.013020225092768668,-0.0046522097200155255
1746739429743711200,56.13571118164062,0.04044190050363541,0.011740122154355048,-0.007285078974254429
1746739429753791200,56.14579125976562,0.05443535454273223,0.007052256599068641,0.0222603836575523
1746739429763870200,56.1558701171875,0.06047288114130497,0.026373043140769003,0.03164871852137148
1746739429773950500,56.16595043945313,0.025724223843216893,0.023507716837525366,0.0211795661509037
1746739429784029200,56.176029296875,0.008527005326747893,0.03806991067528724,0.014338979541137813
1746739429794109400,56.186109375,-0.024902970588207243,0.012561959931254385,0.026268961711786686
1746739429804188200,56.196188232421875,-0.037246319332718845,0.01607493648827076,0.031186069445684552
1746739429814268400,56.206268310546875,-0.033579613518714906,0.025981997996568678,0.01115976498313248
1746739429824347100,56.21634716796875,-0.025489830565452575,0.009439443996548651,-0.011448664927110075
1746739429834427400,56.22642749023437,-0.02373158872127533,0.012809212690591812,-0.023552871153503654
1746739429844506400,56.23650634765625,-0.017673603856563566,0.01560731897652149,-0.006294204773381352
1746739429854586400,56.24658642578125,-0.0016927753925323485,0.01839724195599556,0.016816913961991666
1746739429864665300,56.25666528320313,0.018919220003485678,0.019879004946351052,0.008921922928467392
1746739429874745000,56.2667451171875,0.011758242332935332,0.017737316742539404,0.013558715883642434
1746739429884824300,56.27682421875,0.02530395260453224,0.02334405070841312,0.018900405705161393
1746739429894904000,56.28690405273438,0.0017319383591413496,0.019541151294112203,0.019171952655538914
1746739429904984300,56.296984375,-0.0034200375765562055,0.029360534518957135,0.02916066456530243
1746739429915063000,56.30706298828125,-0.021173136410117147,0.022556699723005294,0.03380564082693308
1746739429925143300,56.317143310546875,-0.03796060508191585,0.012782324683666229,0.011456373309530317
1746739429935222500,56.32722241210938,-0.04245324032604694,-0.0066582888454198835,-0.014755597518011927
1746739429945302800,56.337302734375,-0.044528877556324,-0.004774374794960022,-0.01884140552692115
1746739429955381500,56.347381591796875,-0.029518939951062202,0.012930793243646621,-0.022878442490659654
1746739429965461800,56.357461669921875,-0.015314473509788512,-0.004926350486278533,-0.006537365879490971
1746739429975540700,56.36754077148437,0.011649521261453627,0.011357260316610336,0.02095799582209438
1746739429985620700,56.37762084960937,0.042619244542717934,0.030890228304266926,0.03114887924045324
1746739429995699700,56.38769970703125,0.06191138951182365,0.03461713987290859,0.02363967265412211
1746739430005779500,56.39777954101562,0.06451777261793613,0.02357727494239807,0.014697218394279479
1746739430015858700,56.40785864257813,0.07155892330110072,0.02565174312889576,0.023067279593646524
1746739430025938400,56.4179384765625,0.04787292728722095,0.007581833431124687,0.031889322344213725
1746739430036017700,56.428017578125,-0.00033200843334198,0.008460369831323623,0.0015598331952467559
1746739430046097400,56.43809741210937,-0.02361117721199989,0.005293430233001709,0.009925583545677363
1746739430056176600,56.4481767578125,-0.04805938977003097,0.005604980400204658,0.022116189413890243
1746739430066256600,56.458256591796875,-0.07775660889744758,0.01600654742717743,0.006776435332372785
1746739430076335600,56.46833569335938,-0.0769020378947258,0.009264671951532364,0.009585611001588404
1746739430086415600,56.47841552734375,-0.0676209993302822,0.012615151423215865,0.010925152509659529
1746739430096494600,56.48849462890625,-0.024131401693820952,0.0027197803527116773,0.014367292320169507
1746739430106574600,56.49857470703125,0.020311551144719123,0.01616378381550312,0.009117993489839136
1746739430116653600,56.50865356445313,0.03949322147667408,0.008712298765778542,0.011552673290856182
1746739430126733600,56.51873364257813,0.06957447148561477,0.003007365122437477,0.011374869038537143
1746739430136812800,56.52881274414062,0.10988134743273258,0.012328151175379753,0.018315408891439438
1746739430146892500,56.538892578125,0.10549158804118633,0.010175357055664061,0.010168233195133507
1746739430156972500,56.54897265625,0.07358721425831317,0.0237590612500906,0.014370762918889522
1746739430167051500,56.559051513671875,0.02383563361763954,0.005169511592388153,0.0007132628358900546
1746739430177131800,56.5691318359375,-0.02618891874551773,0.017140519893169403,0.01839987230449915
1746739430187210500,56.57921044921875,-0.05842062478661537,0.010368249279260635,0.028691585748828945
1746739430197290800,56.58929077148437,-0.0779430713802576,0.010136778610944747,0.01445723562594503
1746739430207369500,56.59936938476562,-0.06649930182397365,0.017031798821687698,0.00948627881295979
1746739430217449700,56.60944970703125,-0.057361471122503276,0.00970832406580448,0.01973919461686164
1746739430227528400,56.61952856445313,-0.04771510637700557,0.00765139153599739,0.017250921465083956
1746739430237608700,56.62960864257813,-0.037594109857082364,0.005578092393279075,0.021020357001200318
1746739430247687700,56.63968774414062,-0.02358253563940525,0.024894202759861945,-0.008284976731799542
1746739430257767700,56.649767578125,0.01446457868218422,0.02169979063272476,0.01153908315692097
1746739430267846700,56.6598466796875,0.04218260669112205,0.0243950210660696,0.021140987706184385
1746739430277926700,56.6699267578125,0.07384966458678245,0.02455284197628498,0.04201335107143968
1746739430288005600,56.68000561523438,0.0854202753931284,0.01906067430078983,0.020931582739204167
1746739430298085600,56.69008569335937,0.0849012199550867,0.013908698365092276,0.020064407983236013
1746739430308164600,56.70016455078125,0.05539864661693573,0.017689385947585106,0.01686879027970135
1746739430318244600,56.71024462890625,0.012864742270112037,0.013681903871893882,0.017468838532082736
1746739430328323600,56.72032348632813,-0.019286299750208853,0.004658639460802078,0.014995799482055008
1746739430338403600,56.73040356445313,-0.018744447958469388,-0.006312251886725425,0.008069543882831931
1746739430348482600,56.74048266601562,-0.031100071662664413,0.010504442879557608,-0.004447334797680377
1746739430358562800,56.75056274414062,-0.03578559913039207,-0.002374327915906906,-0.015529285304248332
1746739430368641500,56.7606416015625,-0.04943360073268413,0.01167640926837921,-0.005223214541003108
1746739430378721800,56.7707216796875,-0.00028407763838768005,0.019358195942640304,0.01826952392309904
1746739430388801500,56.780801513671875,0.01848608928322792,0.026467151165008543,0.029548933230526743
1746739430398880800,56.790880859375,0.02540332132577896,0.024817045870423316,0.015594861353747545
1746739430408960500,56.80096044921875,0.029627661022543904,0.032653730845451354,0.008715002179518342
1746739430419039700,56.811039794921875,0.04596329427361488,0.021358429849147795,0.023853680730983613
1746739430429119500,56.82111938476562,0.017460253366827962,0.02240881568491459,0.012091017951257527
1746739430439198700,56.83119873046875,-0.0018634557843208311,0.01081248591542244,-0.01735558741595596
1746739430449278700,56.84127880859375,-0.022400632378458976,0.011191840621829032,0.004221015228517353
1746739430459357700,56.85135766601562,-0.02111176161170006,0.00886310541331768,0.01800542962681502
1746739430469437700,56.86143774414062,-0.021591654083132742,0.011405775633454322,0.019054536820948122
1746739430479516400,56.871516357421875,-0.0218681329369545,0.015837620601058006,0.032860213202983136
1746739430489596700,56.8815966796875,-0.02531272043287754,0.01623918713927269,0.021381299268081782
1746739430499675400,56.89167529296875,-0.003127192109823227,0.02390402267873287,0.01421831230353564
1746739430509755600,56.90175561523437,-0.020015783068537712,0.028016718694567677,0.015514051202498375
1746739430519834600,56.911834716796875,-0.01156184297800064,0.056337973293662066,0.02754267144203186
1746739430529914600,56.92191455078125,0.00836333919763565,0.0033130700707435607,0.04027476377580315
1746739430539993600,56.93199365234375,-0.031042788517475127,0.023624036693572995,-0.02105520911887288
1746739430550073600,56.94207348632813,-0.01089957967698574,0.016281272715330124,-0.0213206551220268
1746739430560152600,56.95215258789062,0.00243862532377243,0.004967851540446281,-0.01998115014657378
1746739430570232600,56.96223266601562,0.023459786042571068,0.012476035213470458,-0.0008310439966619014
1746739430580311600,56.9723115234375,0.02885492308437824,0.0013765490502119064,0.006944412310421467
1746739430590391600,56.9823916015625,0.03820493523180485,0.01885609163939953,0.02533898738529533
1746739430600470500,56.99247045898438,0.060981415185332295,0.02446691725850105,0.01762684210538864
1746739430610550500,57.00255053710937,0.06229074421823024,0.02105857011973858,0.014493768244050442
1746739430620629500,57.01262939453125,0.059094578525424,0.002622165197134018,0.004284874244965613
1746739430630709800,57.022709716796875,0.035921792730689045,0.011524433577060698,0.002422258710861206
1746739430640788500,57.03278857421875,0.02216565457880497,0.007254501172900199,-0.009090776689350604
1746739430650868700,57.04286865234375,0.001571194839477539,0.008590718212723732,-0.0012483560932800173
1746739430660947500,57.05294750976562,-0.0318891762137413,0.011186579924821853,0.02204758115708828
1746739430671027700,57.06302783203125,-0.061386488854885096,0.018420038309693337,0.026740013289637862
1746739430681107500,57.073107421875,-0.07899930243492126,0.020586860954761504,0.00030336686074733735
1746739430691186700,57.08318676757813,-0.08458382456898689,0.016050386568903924,-0.0031418782223016023
1746739430701266400,57.093266357421875,-0.08737374754846096,0.013296703946590422,0.0036735739462077617
1746739430711345700,57.103345703125,-0.04115443268716335,0.015220365485548972,0.012435885866172612
1746739430721425400,57.11342529296875,-0.02080664118528366,0.013986439776420593,0.013113054475374518
1746739430731504600,57.123504638671875,0.02530745973587036,0.006375380250811576,0.010443031548522412
1746739430741584600,57.133584716796875,0.05292670354545116,0.02466916183233261,0.016063903637602923
1746739430751663600,57.14366357421875,0.07594692912697791,0.01277180328965187,0.002905804444104433
1746739430761743600,57.15374365234375,0.0911842457473278,0.017421674922108648,0.0204389769166708
1746739430771822600,57.16382250976562,0.07184592354893685,0.02377425881922245,0.01755319234728813
1746739430781902600,57.17390258789062,0.05341477932333946,0.024291560691595077,0.006390504754707217
1746739430791981800,57.18398193359375,0.025130934125185012,-0.014576806885004043,0.008977014116570353
1746739430802061600,57.1940615234375,-0.003143558722734451,0.0000415010541677475,0.007479797828756273
1746739430812140800,57.20414086914062,-0.029234862312674522,0.010034487280249594,-0.005424838060326874
1746739430822220500,57.21422045898437,-0.05070142871141434,0.010720715978741645,0.007698591678589582
1746739430832299800,57.2242998046875,-0.04695347435474395,0.022037644284963607,0.006093786830455064
1746739430842379500,57.234379638671875,-0.05979775835871696,-0.010122165563702584,-0.009001673633791505
1746739430852458800,57.24445874023438,-0.04158171818852424,0.011909048980474471,-0.015126878515817224
1746739430862538500,57.25453857421875,-0.018208441385626793,0.021899112597107886,0.01178158667590469
1746739430872617700,57.26461767578125,-0.010965630650520324,0.013919804280996323,0.007188523264601826
1746739430882697500,57.27469750976562,0.01208382102549076,0.02655482944846153,0.023304303219914436
1746739430892776700,57.28477661132813,0.0416097752392292,0.02605330966711044,0.03184694450721144
1746739430902856700,57.29485668945313,0.06240004981160163,0.024784897166490554,0.03107723877634853
1746739430912935700,57.30493579101562,0.05177344185709953,0.022500001099705694,0.019272417355328798
1746739430923015700,57.315015625,0.021015900021791458,0.0027478374034166334,-0.00341554406452924
1746739430933094700,57.3250947265625,-0.004699555993080139,0.0012426935374736784,-0.0063056394828483455
1746739430943174700,57.335174560546875,-0.05495031832754611,-0.005726560953259467,-0.006468940285779536
1746739430953254700,57.345254638671875,-0.06823533183634281,-0.0047118309527635575,-0.007001658922992646
1746739430963333600,57.35533374023437,-0.06408873355090618,0.011435586249828338,0.003806844937056303
1746739430973413600,57.36541357421875,-0.03442775478065014,0.025099369943141936,0.011007898889668286
1746739430983492600,57.37549267578125,0.00046878655552864073,0.01682429355084896,0.009257000101730226
1746739430993572600,57.38557250976562,0.05295300703048706,0.027242227190732955,0.030029556354321536
1746739431003651600,57.39565161132813,0.0851063871383667,0.026807342904806134,0.03448090973999351
1746739431013731800,57.40573193359375,0.07372340785861015,0.0069838675379753105,0.007161416061967611
1746739431023810600,57.415810546875,0.0486813210606575,0.012664835783839225,0.007654204547591507
1746739431033890800,57.42589086914062,0.020984335839748382,0.005740589478611946,0.03308872472923249
1746739431043969500,57.435969482421875,-0.01501344473659992,0.009320786052942275,0.007652377916686237
1746739431054049800,57.4460498046875,-0.024605448946356773,0.004437105664610862,-0.005556026691943407
1746739431064128500,57.45612841796875,-0.03215571819543838,0.023203765454888343,-0.0014522081023082135
1746739431074208800,57.46620874023437,-0.0437099623888731,0.01301321083009243,0.015279511794261633
1746739431084287700,57.476287841796875,-0.04228022184669971,0.028106735065579414,0.010098675090260804
1746739431094367500,57.48636743164062,-0.05563771606981754,0.017373159605264664,0.029174948818981646
1746739431104446700,57.49644677734375,-0.05616846194565296,0.006789806270599365,0.00945212081503123
1746739431114526500,57.5065263671875,-0.035168344014883036,0.016701543954014776,0.006403254638426005
1746739431124605700,57.51660571289062,-0.028940263280272483,0.019277531921863555,0.012041881579905747
1746739431134685400,57.526685546875,0.01519347747862339,0.03067278616130352,0.02636350812744349
1746739431144764700,57.5367646484375,0.05281330629885196,0.01422317114174366,0.010965922911465167
1746739431154844400,57.546844482421875,0.08811784391403198,0.006921323695778846,0.006087905078940093
1746739431164923600,57.55692358398438,0.0776642544388771,0.024499065962433814,0.01600782606881112
1746739431175003600,57.56700366210937,0.053530514657497405,-0.00046001872718334194,0.0018463585190474985
1746739431185082600,57.57708251953125,0.0395838223695755,-0.003880640825629234,-0.012767711636424064
1746739431195162600,57.58716259765625,0.028946693021059035,0.00628068770468235,0.003035093379579484
1746739431205241600,57.59724169921875,-0.008135375660657883,0.0030517887860536572,0.016976305774785577
1746739431215321600,57.60732153320313,-0.0504892472654581,0.01191781680881977,0.032354090311750766
1746739431225400600,57.61740063476562,-0.06943769336342812,0.016914309921860694,-0.009142579941824078
1746739431235480600,57.62748046875,-0.040486324167251585,0.007502922976016998,-0.003132014415413141
1746739431245559800,57.63755981445313,-0.015611995151638984,0.017884616258740424,0.01815703999195248
1746739431255639600,57.6476396484375,0.003677811729907989,0.015174188256263732,0.02440364276394248
1746739431265719600,57.657719482421875,0.020541268247365952,0.03556874150931835,0.03679890435878187
1746739431275798500,57.66779858398438,-0.0005494505763053894,0.02265606844425201,0.01446958365086466
1746739431285878800,57.67787866210937,-0.015611995151638984,-0.002280219891667366,-0.016795286652073263
1746739431295957500,57.68795751953125,0.003133037328720093,-0.008814590096473693,-0.019538484412990508
1746739431306037800,57.698037841796875,0.007017769807577133,-0.0010983166307210921,-0.004547945627942681
1746739431316116500,57.70811645507813,0.0035199908196926113,0.0023316578179597854,-0.013175013795681296
1746739431326196700,57.71819677734375,0.0005085340440273285,0.025659341913461683,0.010756335281394422
1746739431336275500,57.728275390625,0.03386369115710258,0.025376433318853378,0.03073375910092145
1746739431346355700,57.73835571289062,0.05068330853283405,0.011781623208522796,0.020889899021945893
1746739431356434700,57.7484345703125,0.043190322428941726,0.019957915401458737,0.016269947603717444
1746739431366514700,57.7585146484375,-0.018772505009174347,0.014164718952775001,-0.0022831059684976936
1746739431376593700,57.76859375,-0.03261281431317329,0.0028588965624570845,-0.005209222548268735
1746739431386673700,57.77867358398437,-0.02231295409500599,0.005992518413066863,0.005278744120523334
1746739431396752600,57.788752685546875,-0.02730652459859848,0.01946983962357044,0.007130947858467697
1746739431406832600,57.79883251953125,-0.0034007483541965483,0.006428571742773056,0.008874978514201938
1746739431416911600,57.80891162109375,0.0022737901508808134,0.018538111731410026,0.03173161103185266
1746739431426991600,57.81899169921875,0.03950841904580593,0.03925941272079944,0.02583261612113565
1746739431437070600,57.82907055664062,0.038757892939448355,0.03334405119717121,0.05000836841333657
1746739431447150600,57.83915063476562,-0.017541501909494397,-0.005648819541931152,0.024891974270157515
1746739431457229600,57.8492294921875,-0.0269090497136116,0.010574000984430312,-0.027126163063012063
1746739431467309800,57.85930981445313,-0.04381926798224449,-0.0035632454395294185,-0.022482428910396993
1746739431477388500,57.86938842773438,-0.02341302429139614,-0.0032931963264942166,-0.015350567736476658
1746739431487468800,57.87946875,-0.022547347372770307,0.014110942938923834,0.014456578038819133
1746739431497547500,57.889547607421875,-0.005061959564685821,0.02450432665944099,0.025100246725976466
1746739431507627800,57.899627685546875,0.038860184270143504,0.030678046858310697,0.021856515564396977
1746739431517706800,57.90970678710938,0.08186696682572364,0.02439560558795929,0.03298774857278913
1746739431527786800,57.91978686523437,0.08768412867188453,0.01652443382143974,0.03724306792970747
1746739431537865700,57.92986572265625,0.08122048561573028,0.02258767938315868,0.016117241260036826
1746739431547945700,57.93994580078125,0.02448094578385353,-0.0008604162216186523,-0.019401998551748692
1746739431558025500,57.950025390625,-0.02226619234383106,-0.022280220869183538,-0.048477432519011196
1746739431568104400,57.9601044921875,-0.0795639505803585,-0.0013707038313150405,-0.002843224069289863
1746739431578184700,57.97018481445313,-0.09360065923929214,-0.000187047004699707,0.0074860083738341925
1746739431588263400,57.98026342773438,-0.08648585879802703,0.019916998869180677,0.004576185341738164
1746739431598343700,57.99034375,-0.0492956535667181,0.018165771287679672,0.04183711772169917
1746739431608422400,58.00042236328125,-0.0012397709280252457,0.022767127603292463,0.012638422700949012
1746739431618502700,58.010502685546875,0.015375848308205604,0.018584288960695267,0.004094393174163997
1746739431628581600,58.02058154296875,0.02984451864361763,0.012232289585471153,-0.01724905830156058
1746739431638661600,58.03066162109375,0.050425534379482266,0.010467033478617667,-0.021228227598220108
1746739431648740600,58.04074072265625,0.09265840995311736,-0.0038578444719314575,-0.0026318098083138466
1746739431658820600,58.05082055664062,0.09981295788288116,-0.003800561326742172,0.016775266777351496
1746739431668899600,58.06089965820313,0.08681260653436183,0.01047697035074234,0.02271484942678362
1746739431678979600,58.0709794921875,0.06294599325656891,0.02100830123722553,0.027793504397943616
1746739431689058600,58.08105859375,0.02218435927927494,0.019241876086592672,0.028810718616470693
1746739431699138600,58.091138671875,-0.04508768048286438,0.012014847442507743,0.023742110115289688
1746739431709217500,58.101217529296875,-0.10462532660067081,-0.0019306758016347885,-0.005528115771710872
1746739431719297500,58.111297607421875,-0.1757113716930151,0.0024929858595132827,-0.03543481293134391
1746739431729376500,58.12137646484375,-0.16930793439149855,0.00019230770170688627,-0.012629508742131292
1746739431739456800,58.13145678710937,-0.13270926531255245,0.015843465819954872,-0.001906052817031741
1746739431749535500,58.14153540039062,-0.05640051713585853,0.010989011526107787,0.00854486977700144
1746739431759615700,58.15161572265625,0.004845686465501785,0.07197218027710914,0.028091720159538088
1746739431769694500,58.16169458007813,0.08168927217125892,0.0475485176384449,0.05781655794624239
1746739431779774700,58.17177465820313,0.10265548783242702,0.004779050970077514,0.046153483083471655
1746739431789853700,58.18185375976562,0.14478139590024947,0.022264438778162,0.0028099063215777276
1746739431799933700,58.19193359375,0.15820143396556377,0.0023147066831588742,0.0020769158719107506
1746739431810012700,58.2020126953125,0.14991349809169768,-0.01020633671581745,0.0020590514216572045
1746739431820092700,58.2120927734375,0.09412146824300288,-0.0072486559540033335,-0.0003613806582987308
1746739431830171600,58.22217163085938,0.020131518402695656,0.004892448216676712,0.005449059186130762
1746739431840251600,58.23225170898438,-0.03362403718233108,0.03012976532578468,0.009032982087507843
1746739431850330600,58.24233056640625,-0.07553425667285919,0.021747136905789374,0.038340982701629396
1746739431860410600,58.25241064453125,-0.08357493978738784,0.018553309300541877,0.018967735320329665
1746739431870490600,58.26249072265625,-0.10623568440675735,0.01763385636806488,-0.0005100318813696503
1746739431880569600,58.27256958007813,-0.09409925641119479,0.024766192466020583,-0.011152787253074347
1746739431890649600,58.28264965820313,-0.06803308726251125,0.023306056785583496,0.0026459479315206406
1746739431900728600,58.292728515625,-0.03552665593326092,0.003006196078658104,0.019553974243067204
1746739431910808600,58.30280859375,0.030820670199394225,0.009511924710869788,0.02667721371911466
1746739431920887800,58.3128876953125,0.05534720869064331,0.012424597287178039,0.007411554898135364
1746739431930967600,58.322967529296875,0.05599076729118824,0.018752631264925,0.0031480522347614166
1746739431941046800,58.333046875,0.03251578367948532,0.01436345639526844,0.011639657454565166
1746739431951126500,58.34312646484375,0.016667641684412954,0.012738485541939735,0.0346887803370133
1746739431961205800,58.353205810546875,0.033897593426704405,0.02608955002427101,0.04843717357385903
1746739431971285500,58.36328540039062,-0.0021130466312170026,0.018445757272839546,0.026884207533299922
1746739431981364700,58.37336474609375,0.005851064115762711,0.022925533035397527,0.0048958092175424095
1746739431991444500,58.38344458007813,-0.0041512744605541226,0.009749825119972228,0.0257350740307942
1746739432001523700,58.39352368164062,-0.02087503024637699,0.008620528829097748,-0.015817016204446553
1746739432011603700,58.40360375976562,-0.022060440638661385,0.0032990415453910825,-0.027454627832397816
1746739432021682700,58.4136826171875,-0.0008808744877576828,-0.0035901334464550016,-0.007083601585403085
1746739432031762700,58.4237626953125,0.01447451555430889,0.0029892449438571928,0.016432627352140843
1746739432041841400,58.43384130859375,0.04153028026223182,0.016640753677487373,0.01683218459635973
1746739432051921700,58.44392163085938,0.04598550610542297,0.021812603357434273,0.015447963696345686
1746739432062000600,58.454000732421875,0.01443009189069271,0.025275895553827286,0.020565489373169838
1746739432072080600,58.46408056640625,0.017735563176870344,0.023157588225603102,0.026214893436990676
1746739432082159600,58.47415966796875,-0.028123101678490636,0.029679098948836326,0.02405362374987453
1746739432092239600,58.48423950195313,-0.03404547746479511,0.01865209349989891,0.03220573134962469
1746739432102318600,58.49431860351562,-0.05410100802183151,0.020357143852114675,0.0017476473849266766
1746739432112398600,58.50439868164062,-0.04970189628005028,0.014581483060121535,-0.00888221197258681
1746739432122477600,58.5144775390625,-0.04728080661296844,0.011805588605999945,-0.0028774551324546337
1746739432132557600,58.5245576171875,-0.013521744874119758,0.014386837270855903,-0.0004186638034880161
1746739432142636500,58.53463647460938,0.04689268407821655,0.0039998832911252976,0.012506393819116056
1746739432152716500,58.54471655273438,0.09681494511067866,0.029629414588212964,0.01689158663339913
1746739432162795500,58.55479541015625,0.11008183844089507,0.01558861427605152,0.015797836579941212
1746739432172875500,58.56487548828125,0.09809212543964385,0.011329787787795066,0.026476138189062474
1746739432182954500,58.57495458984375,0.07946341281533241,0.02769114000201225,0.03718680769782513
1746739432193034800,58.58503466796875,0.055392801398038864,0.012992168042063712,0.06335694867763668
1746739432203114500,58.59511450195313,0.01175707328915596,0.018830957198143004,0.012270758432336151
1746739432213193700,58.60519384765625,-0.05606733965873718,0.004941548055410385,0.0046600277002900835
1746739432223273500,58.6152734375,-0.0793850868821144,0.006759411132335662,0.0064496145308017725
1746739432233352700,58.62535278320313,-0.07560381477773188,0.006046878948807716,0.0092311715407297
1746739432243432400,58.635432373046875,-0.07440905203521252,-0.005194061511754989,0.007355696525052189
1746739432253511700,58.64551171875,-0.07026654540300369,-0.001017068088054657,-0.002317008238099515
1746739432263591400,58.65559130859375,-0.013182137656211852,0.013663783693313598,0.018159305014275012
1746739432273670700,58.665670654296875,0.004227262306213378,0.01177227085828781,0.007159041441790759
1746739432283750700,58.675750732421875,0.023408348116278645,0.006077274087071418,0.0005100684139877558
1746739432293829600,58.68582958984375,0.06969020681977271,0.008368015372753142,-0.004176628097519278
1746739432303909600,58.69590966796875,0.06745791772305965,0.016299392893910407,0.018696261435188353
1746739432313988600,58.70598852539062,0.07395429400503635,0.017848375901579856,0.038987354313768444
1746739432324068600,58.71606860351562,0.053422378107905386,0.019939795222878455,0.02221055316645652
1746739432334147600,58.72614770507813,0.021165537625551224,0.00893149447441101,0.016211933806166052
1746739432344227600,58.7362275390625,0.013080430847406387,0.02000233906507492,0.026832733074389395
1746739432354306800,58.74630688476562,-0.0027156886994838714,0.011546060886979102,0.028762130234390497
1746739432364386600,58.75638647460938,-0.04579845910072326,0.012037059274315833,0.02170505132973194
1746739432374465800,58.7664658203125,-0.06496843899488448,0.004696633383631706,0.02276022293847054
1746739432384545500,58.776545654296875,-0.078727499756217,0.002787584891915321,0.009168116241879761
1746739432394624800,58.78662475585938,-0.07098200019598007,0.01433598386645317,-0.00732289023399353
1746739432404704500,58.79670458984375,-0.03889759367108345,0.019298574709892272,-0.0037742213090881703
1746739432414783700,58.80678369140625,-0.026294717207551,0.018635726886987686,0.010788447452709078
1746739432424863500,58.81686352539062,0.024212065714597702,0.034925767430663106,0.034588352169841526
1746739432434942700,58.82694262695313,0.07730185086727141,0.021935352954268454,0.030318200569972396
1746739432445022500,58.8370224609375,0.09403846613466739,0.016660627421736716,0.013659582442231475
1746739432455101700,58.84710180664062,0.08630991770923137,0.01795242079794407,-0.012892945451289415
1746739432465181700,58.857181640625,0.06202420223653316,0.0022813889354467392,-0.000836779617704451
1746739432475260700,58.8672607421875,-0.0035790275305509567,0.0033411271214485168,-0.002510777244530618
1746739432485340700,58.877340576171875,-0.031086043137311933,0.018955460360646246,0.01541822614520788
1746739432495419600,58.88741967773438,-0.03165127580463886,0.02001052237153053,0.03657937985658646
1746739432505499600,58.89749975585938,-0.043728667089343067,0.026230419799685475,0.04462707723379135
1746739432515578600,58.90757861328125,-0.05443535454273223,0.009483283138275145,0.025170462417975065
1746739432525658600,58.91765869140625,-0.04219020547568798,0.005378185907006263,0.021785130828619003
1746739432535738600,58.92773852539062,-0.008603577694296836,0.014624153158068656,-0.0146257971258834
1746739432545817600,58.93781762695313,-0.005051438170671462,0.009479776006937026,0.004012669707462191
1746739432555897600,58.94789770507813,0.009863806888461113,0.00391220500767231,0.019585428827255964
1746739432565976600,58.9579765625,0.03030512189269066,0.013648586124181747,0.018395597988180815
1746739432576056800,58.96805688476562,0.045837622067332266,0.0018576105654239655,0.0061593263473361725
1746739432586135600,58.978135498046875,0.05218962144255638,0.023401333853602407,0.022452289500460028
1746739432596215800,58.9882158203125,0.03371522259712219,0.028195582392811773,0.016139526157081127
1746739432606294500,58.99829443359375,0.023676059141755103,0.01689443617761135,0.01801043459549546
1746739432616374800,59.00837475585938,-0.003953706061840057,0.01672550935149193,0.015526947216689586
1746739432626453800,59.018453857421875,-0.03173544695675373,0.005015197813510895,-0.0037010099424049257
1746739432636533800,59.02853369140625,-0.054306759727001185,0.0023877719193696975,-0.0030843028161674736
1746739432646612700,59.03861279296875,-0.037543840974569316,0.0011105915904045104,0.009763013395108282
1746739432656692500,59.0486923828125,-0.01104161849617958,0.015814824247360228,0.030761414292827246
1746739432666771700,59.05877172851562,-0.005606733965873718,0.02693184606730938,0.02271755284052342
1746739432676851500,59.0688515625,0.013943769678473472,0.02799918303787708,0.012958704163879155
1746739432686930700,59.0789306640625,0.02435761166512966,0.019956746357679366,0.0053082259433344
1746739432697010400,59.089010498046875,0.013233575582504271,0.00908405468761921,0.0052962797772139305
1746739432707089700,59.09908959960938,0.014635843595862388,0.005898410388827323,0.006688793581537902
1746739432717169400,59.10916943359375,0.024424831682443617,0.00947919148504734,-0.0009696852823719382
1746739432727248600,59.11924853515625,0.025994272956252097,0.0119949736982584,0.004247318713553249
1746739432737328600,59.12932861328125,0.0068932666450738905,0.02082183875441551,0.011494294167123734
1746739432747407600,59.13940771484375,-0.0028086276799440383,0.025173019701242444,0.031349881705269214
1746739432757487600,59.14948754882813,-0.008151742273569107,0.009273439779877662,0.02730294440202415
1746739432767566600,59.15956665039062,-0.03839373580217361,0.029889526829123495,0.02023275028746575
1746739432777646600,59.169646484375,-0.020023381853103636,0.01158931550681591,0.002020838303118944
1746739432787725600,59.1797255859375,-0.015394553008675574,0.021399346381425856,0.020318638472631573
1746739432797805600,59.1898056640625,-0.00790975021123886,0.00727320587337017,0.020007526696845888
1746739432807884800,59.199884765625,0.005092354702949524,0.014681436303257942,0.014954042699560521
1746739432817964500,59.20996459960938,0.015692074650526047,0.0188484928548336,0.018262948051840065
1746739432828043800,59.220043701171875,0.03555179037451744,0.01814355945587158,-0.008460808222740888
1746739432838123500,59.23012353515625,0.0431651879876852,0.02271802776455879,0.006244008956104516
1746739432848202800,59.24020263671875,0.07318681676387787,0.017372575083374975,0.004899937403388321
1746739432858282500,59.25028247070313,0.056718497043848036,0.01949438954293728,0.02260689554028213
1746739432868361700,59.26036181640625,0.025092355680465698,0.01478431215584278,0.01190850099120289
1746739432878441500,59.27044140625,-0.0062730889201164245,0.023688334101438523,0.019465090383216737
1746739432888521700,59.28052172851562,-0.05151157605051994,0.0038987610042095183,0.008908259729295969
1746739432898600700,59.2906005859375,-0.06112696113586425,-0.002210077264904976,0.01838778000790626
1746739432908680700,59.3006806640625,-0.06753215200304985,0.01127776533961296,-0.0014567381469532846
1746739432918759700,59.310759765625,-0.08129121276438235,-0.0037169746965169904,0.00797901605516672
1746739432928839700,59.32083959960938,-0.06237257728278636,0.005412088176608086,0.018140819509513677
1746739432938920000,59.330919921875,-0.032437457746267315,0.006521510723233223,0.002618438870087266
1746739432949000200,59.34100024414062,0.012484218519926071,0.011864040794968604,0.010671616140007972
1746739432959079000,59.351078857421875,0.07433715584278107,0.012964110991358756,0.011010310042463242
1746739432969159200,59.3611591796875,0.1006517467945814,0.01829553514719009,0.0103855657402426
1746739432979238100,59.37123803710937,0.1148211419224739,0.017487141373753547,0.022979857038520277
1746739432989318100,59.38131811523437,0.10925532448887824,0.016135726764798162,0.012125979666784406
1746739432999397000,59.391397216796875,0.058712885731458664,0.0026402853757143017,0.031064525425247846
1746739433009477000,59.40147705078125,0.03823123871684074,0.006059153908491134,0.012606566257961093
1746739433019556000,59.41155615234375,-0.014642857858538626,-0.003547463348507881,0.00816613612510264
1746739433029636000,59.42163598632813,-0.06430500665009022,0.00327039997279644,0.00828523246012628
1746739433039715000,59.43171508789062,-0.11085749898850918,0.017158640071749685,-0.00953683995641768
1746739433049795000,59.44179516601562,-0.13413900585472582,0.005844049853086471,0.002205839481204748
1746739433059874000,59.4518740234375,-0.12396949401795863,0.01889817721545696,0.023073891997523605
1746739433069954000,59.4619541015625,-0.06566285099983216,0.017764789271354674,0.037249607268348334
1746739433080033000,59.47203295898437,-0.022477789267897605,0.024715923583507535,0.007381926944851875
1746739433090113000,59.48211303710937,0.01689092904627323,0.02222352224588394,-0.006119834587164223
1746739433100192000,59.49219189453125,0.06306640476584434,0.02483984222412109,-0.00006703735422343016
1746739433110272000,59.50227197265625,0.09568389525413512,0.020755787780880927,0.008799611723050474
1746739433120351000,59.51235107421875,0.10691606788635254,0.01004383963048458,0.01427515705730766
1746739433130431000,59.52243090820313,0.11576572929620742,0.0030319150418043135,0.018963241808302698
1746739433140510200,59.53251025390625,0.11254968985915183,0.005302782583236694,0.02686294554956257
1746739433150590000,59.54258984375,0.0643014995187521,0.00009586158990859984,0.014090557738021016
1746739433160669200,59.55266918945313,0.016291794109344483,0.004788987842202186,0.0025904548846185206
1746739433170749000,59.5627490234375,-0.04761866026520729,-0.012869418445229529,-0.009795308229513466
1746739433180828200,59.572828125,-0.0904524243414402,0.012933131331205367,-0.005439779901131987
1746739433190908000,59.58290795898437,-0.10839490826725959,0.025702012011408804,-0.004673544768989086
1746739433200987100,59.592987060546875,-0.09031213908791541,0.014041969355940818,0.01701203467529267
1746739433211067000,59.60306689453125,-0.05226502476632595,0.03539572302997112,0.024712526050023734
1746739433221146000,59.61314599609375,-0.009008066841959953,0.02372808158993721,0.01853840399235487
1746739433231225900,59.62322583007813,0.01640519135594368,0.015420271971821784,0.02199175931662321
1746739433241305000,59.63330517578125,0.034926351952552795,0.019289222359657285,0.025342823310196397
1746739433251385000,59.64338500976562,0.05468436086773872,0.024101591077446936,0.02394282031916082
1746739433261464000,59.65346411132813,0.058218964734673494,0.010320903006196022,0.02301390543859452
1746739433271544000,59.6635439453125,0.045586277654767034,0.022453823870420456,-0.004439443752169609
1746739433281624000,59.6736240234375,0.015236732098460196,0.00889583863914013,0.0023290640020743013
1746739433291703000,59.683703125,0.012995675173401831,0.016749474748969078,0.005011946410499513
1746739433301783000,59.69378295898437,-0.015694997259974478,0.011367781710624695,0.0038844767505303024
1746739433311862000,59.703862060546875,-0.03563537700474262,0.007681202152371406,0.01163509087730199
1746739433321942000,59.71394189453125,-0.031202362993359566,0.025821254476904868,0.023451894997060296
1746739433332021000,59.72402099609375,-0.03096855423748493,0.016742460486292837,0.02475530574582517
1746739433342101000,59.73410107421875,-0.02269230880141258,0.0292401230096817,0.015507511863857506
1746739433352180000,59.74417993164062,0.01914192284345627,0.024645780956745147,0.011364639905467629
1746739433362260200,59.75426025390625,0.028770167410373686,0.008463876962661742,-0.00793419053275138
1746739433372339000,59.7643388671875,0.03682546357214451,0.008850245931744575,0.009258388341218232
1746739433382419200,59.77441918945313,0.026335633739829063,0.0073047700554132455,0.014168116486258804
1746739433392498000,59.78449780273438,0.010246668726205825,0.013446341550350188,0.017464673813618718
1746739433402578200,59.794578125,-0.021606267130374907,0.017052257087826726,0.019066081128269432
1746739433412657000,59.804656982421875,-0.026589900761842727,0.008866612544655799,0.03002604922298342
1746739433422737200,59.814737060546875,-0.049638183394074435,0.011797405299544334,0.03073383216615766
1746739433432816000,59.82481616210937,-0.061169631233811375,0.034310265880823136,0.03206570182442665
1746739433442896100,59.83489624023437,-0.05477379271686077,0.016253800186514854,0.017715031845495104
1746739433452975000,59.84497509765625,-0.012424012765288352,0.006822539496421813,0.0255635899214074
1746739433463055000,59.85505517578125,0.01772737987041473,0.007851298022270203,0.0053233504472300405
1746739433473134000,59.86513403320313,0.05452537091374397,0.02069558202624321,0.012494338055141269
1746739433483214000,59.87521411132813,0.08803776441514491,-0.009810030874609946,-0.008122698842175305
1746739433493293000,59.88529296875,0.100551793551445,0.005482815325260162,0.0030807226195931434
1746739433503373000,59.895373046875,0.11731178969442843,0.017840777117013932,0.018433811106719076
1746739433513452000,59.9054521484375,0.09619885903894901,0.03342354617416859,0.01902812373805791
1746739433523532000,59.915531982421875,0.04811959552466869,0.025727146452665328,0.023594993262179193
1746739433533611000,59.92561108398438,0.0038999300479888913,0.015615502282977103,0.018270291108079255
1746739433543691000,59.93569091796875,-0.03795709795057774,0.019558102428913114,0.032497663500905036
1746739433553770000,59.94577001953125,-0.08194003206193447,0.02609597976505756,0.032591150470636786
1746739433563850000,59.95585009765625,-0.12629063044190406,0.006059738430380821,0.008955971328541637
1746739433573929000,59.96592895507813,-0.13625029892027377,-0.00017944822013378142,-0.007243833648413419
1746739433584009000,59.97600903320313,-0.1332727444142103,-0.005101122531294822,-0.01086319318935275
1746739433594088200,59.98608813476562,-0.057062195914983745,-0.008357493978738785,-0.011677249518595636
1746739433604168000,59.99616796875,-0.036383565023541446,-0.001977437552809715,-0.016812091656401754
1746739433614247200,60.0062470703125,0.025313304954767225,0.015680968734622002,0.014196319667436182
1746739433624327000,60.016326904296875,0.07850421239435672,0.020393384209275243,0.011296616170555352
1746739433634406100,60.02640625,0.07389350372850895,0.03706570206880569,0.020716149890236554
1746739433644486000,60.03648583984375,0.11759995898604392,0.029641105026006698,0.011317549360729753
1746739433654566100,60.04656616210937,0.09962883348762988,0.029679683470726012,0.02493899174965918
1746739433664644900,60.05664477539062,0.07744564325213432,0.019193360769748688,0.015724661745876074
1746739433674725000,60.06672509765625,0.05081482595801353,0.018815759629011154,0.024515505640581248
1746739433684803800,60.07680395507813,0.0028238252490758895,0.0018909283131361007,0.0163560549845919
1746739433694884000,60.08688403320313,-0.06342763929367065,0.01106383032798767,0.010403905114531516
1746739433704963000,60.09696313476562,-0.06666589056253433,0.00009878419935703278,0.01870002429485321
1746739433715043000,60.10704296875,-0.06462064847052097,0.017603461229801175,0.014488251818716526
1746739433725122000,60.1171220703125,-0.08635375685095786,0.018837386938929557,-0.006464739034697413
1746739433735202000,60.1272021484375,-0.0670984367609024,0.014366379004716873,0.0185595563782379
1746739433745281000,60.13728100585938,-0.043453941801190374,0.014770868152379988,0.022967289817892013
1746739433755361000,60.14736108398437,-0.0037274960905313488,-0.0028448680371046067,0.0023407544398680326
1746739433765440000,60.15743994140625,0.027012510088086125,0.0008405424773693085,-0.0019686697244644166
1746739433775520000,60.16752001953125,0.0414747506827116,0.017570143482089042,0.024413798831775784
1746739433785599000,60.17759887695313,0.08951718931794166,0.017421090400218962,0.024684797792881727
1746739433795679000,60.18767895507813,0.09337328022420406,0.03612812895774841,0.04914725807197392
1746739433805758000,60.19775805664062,0.07640694785416126,0.036519758623838425,0.05109097601827234
1746739433815838200,60.20783813476562,0.061273676130175585,0.027322891211509704,0.03398180111143738
1746739433825917000,60.2179169921875,0.014981296032667159,0.009324877706170081,0.006226582897268235
1746739433835997200,60.2279970703125,-0.005895487779378891,0.015130349114537239,0.019064583290927112
1746739433846076000,60.23807592773438,0.006353168419003487,0.01681961737573147,0.010532682593353092
1746739433856156200,60.24815625,-0.02333060670495033,-0.006201777249574661,-0.006445669008046388
1746739433866235100,60.258235107421875,-0.04335398855805397,0.020911855125427245,0.010292480629310012
1746739433876315100,60.268315185546875,-0.027524551263451574,0.02428396190702915,0.014481895143166184
1746739433886394000,60.27839404296875,-0.014675591084361075,0.004757423660159111,0.0019868995008990166
1746739433896474000,60.28847412109375,0.006570026040077209,0.021591654083132742,0.01421703366190195
1746739433906553000,60.29855297851562,0.010450666865706443,0.016572364616394043,0.013957944334298372
1746739433916633000,60.30863305664062,-0.024476854130625725,0.00499883120059967,0.01562047071903944
1746739433926712000,60.31871215820313,-0.07157762800157069,-0.00020458266139030456,0.020849895805120467
1746739433936790300,60.328790283203126,-0.09623334583044052,-0.01822773060798645,-0.001609992479905486
1746739433946869200,60.338869140625,-0.1021685810983181,0.010295184043049811,0.03075388857349753
1746739433956949200,60.34894921875,-0.12341478274464607,0.029301497808098792,0.004319361036457121
1746739433967028200,60.3590283203125,-0.01161678803563118,0.040946927416324615,0.07505334128811955
1746739433977108200,60.369108154296875,-0.028279753544926643,0.04028992481231689,0.03782210992667824
1746739433987187200,60.37918725585938,0.01908990039527416,-0.048242345121502876,-0.10316464293096214
1746739433997267200,60.38926708984375,0.08846037374138832,0.012837854263186455,-0.010771861644089222
1746739434007346200,60.39934619140625,0.060389294511079786,0.029687282255291936,0.0686288977311924
1746739434017426200,60.40942626953125,0.04946808752417564,0.026575872236490248,0.0512689264010638
1746739434027505200,60.419505126953126,0.06566811169683932,0.008841478103399277,0.057776152870617804
1746739434037585200,60.429585205078126,0.046137481796741486,0.03455868768393993,0.022245332218892872
1746739434047665400,60.43966552734375,0.06866261733770371,0.02370411619246006,-0.020358532091602682
1746739434057744400,60.44974438476562,0.054871407872438424,0.02824409770965576,-0.01631656322441995
1746739434067824400,60.45982446289062,0.025135610300302504,0.00467032989859581,0.043383470380865034
1746739434077903400,60.4699033203125,-0.02432663200497627,0.018303718453645704,0.04056026618629694
1746739434087983000,60.479983154296875,-0.03526069847345352,0.02345920152068138,-0.028259843268059193
1746739434098062300,60.49006225585938,-0.04433014011383057,0.0033370354682207104,-0.009894348157197237
1746739434108142000,60.50014208984375,-0.040375265008211134,0.010231471157073974,-0.0025810294691473246
1746739434118221300,60.51022119140625,-0.033975919359922405,0.0034112697482109066,-0.01682619324699044
1746739434128301000,60.52030102539062,-0.012555530190467833,0.018713468298316,0.021100217304378745
1746739434138380300,60.53038037109375,0.028080431580543515,0.04283317955434322,0.054382382246479385
1746739434148460000,60.5404599609375,0.043777182406187054,0.021475334227085113,0.05630936825368553
1746739434158539300,60.55053930664062,0.07663783400058746,0.03602349953949451,0.028267624715715645
1746739434168619300,60.56061938476562,0.06968494612276553,0.016815525722503662,0.0017862258296459912
1746739434178698200,60.5706982421875,0.0636561873525381,0.00043254619836807247,-0.018697503544203936
1746739434188778200,60.5807783203125,0.0017354454904794693,-0.018469722670316695,-0.024806378345936537
1746739434198857200,60.59085717773438,-0.056494040638208384,0.0034200375765562055,-0.010149455429427325
1746739434208937200,60.60093725585938,-0.07002922951579094,0.0055050271570682525,0.015716551504656673
1746739434219016200,60.61101611328125,-0.08000818721652031,0.017449731972813604,0.03125445850677788
1746739434229096200,60.62109619140625,-0.04954758250117302,0.03478606669902801,0.02171747241988778
1746739434239175400,60.63117553710938,-0.007611644047498703,0.031847090637683866,0.03210552237816155
1746739434249255200,60.641255126953126,0.015993687945604323,0.034385669204592705,0.01187554856967181
1746739434259334400,60.65133447265625,0.01724339574575424,0.01949088241159916,0.005589819363690913
1746739434269414100,60.6614140625,0.031275428229570384,0.008448094871640204,-0.014897599804587661
1746739434279493400,60.671493408203126,0.03901391352713108,-0.0007446808874607086,0.0038665027024224396
1746739434289573000,60.681572998046875,0.05704524478018284,-0.010013444492220878,0.02444989305846393
1746739434299652400,60.69165234375,0.05734510450959205,0.0038689503878355023,0.019422749078832565
1746739434309732000,60.70173217773438,0.03051847238242626,-0.004937456402182579,-0.008820800641551614
1746739434319811300,60.711811279296874,0.023822189614176748,0.015516133561730384,0.014521752229519187
1746739434329891300,60.721891357421875,-0.008728080856800078,0.009442366605997085,0.008854227987118065
1746739434339970300,60.73197021484375,-0.006343231546878814,0.003859598037600517,-0.0016753858663141727
1746739434350050300,60.74205029296875,-0.029182839864492414,0.022424597775936125,0.0019603037549182772
1746739434360129300,60.75212939453125,-0.03265431536734104,0.03296995718777179,0.029514994428306816
1746739434370209300,60.76220922851562,-0.03538578615784645,0.029736966615915298,0.008336012799292802
1746739434380288300,60.772288330078126,0.002573065358400345,0.014674422040581702,-0.008631123288348317
1746739434390368300,60.7823681640625,0.017451485538482664,0.02601063956916332,0.00536722612157464
1746739434400447200,60.792447265625,0.018427052572369575,0.014181085565686225,0.016149718757532537
1746739434410527200,60.80252734375,0.028053543573617935,0.015575170272588729,0.03277224265858531
1746739434420606200,60.812606201171874,0.009657470661401749,0.011003040051460265,0.026770883351936933
1746739434430686200,60.822686279296875,-0.01919628337919712,0.0023415946900844573,0.018014124389924106
1746739434440766200,60.83276611328125,-0.02616436882615089,0.0015407997012138366,0.051878582732006906
1746739434450845200,60.84284521484375,-0.04140986875295639,0.02168985376060009,0.017124993530474603
1746739434460925400,60.85292553710938,-0.03807575589418411,0.009617138651013374,-0.001272650284320116
1746739434471004200,60.86300415039062,-0.0074801266223192215,0.010653495961427688,0.00841262169945985
1746739434481084400,60.87308447265625,-0.012968787166476248,0.01320142687857151,-0.016235095486044883
1746739434491163100,60.8831630859375,-0.01757891131043434,0.013024901267886161,-0.015386735028401016
1746739434501243400,60.893243408203126,-0.023305472263693807,0.030704350343346593,-0.00646579848062247
1746739434511322400,60.903322265625,0.0004968436062335968,0.013466799816489218,0.008980813508853316
1746739434521402400,60.91340234375,0.03336801659464836,0.007489478972554206,-0.0009729732180014252
1746739434531481300,60.9234814453125,0.10021393989920616,0.015217442876100539,0.040533122451044616
1746739434541561300,60.933561279296875,0.0840910726159811,0.020384616380929945,0.116425106520392
1746739434551640300,60.94364038085938,0.019556933385133743,0.07333703888952732,0.027253588834963736
1746739434561720000,60.953719970703126,0.02956862431168556,-0.02419160744845867,-0.041122612776793535
1746739434571799300,60.96379931640625,0.05057108033001423,0.02192541608214378,0.00100581604167819
1746739434581879000,60.97387915039062,0.06963526176214217,0.008047697377204895,0.020571955646574495
1746739434591958300,60.983958251953126,0.010682137534022331,0.017340426379442213,-0.021777605109289288
1746739434602038300,60.994038330078126,-0.02856266213953495,-0.011584639331698418,-0.007639591500349342
1746739434612117200,61.0041171875,-0.07574877620637416,-0.009728782331943511,0.02265917371679097
1746739434622197200,61.014197265625,-0.13190262510478495,0.020932313391566277,0.035857056931406256
1746739434632276200,61.024276123046874,-0.19670213727355002,0.021646599140763282,0.046460503206029534
1746739434642356200,61.034356201171875,-0.14307342293858527,0.0344990664511919,0.013253449326753616
1746739434652435200,61.04443530273438,-0.03333002267181873,0.01968903533220291,0.003877791281417012
1746739434662515200,61.05451513671875,0.07736264114379883,0.02957856118381023,0.0034604061195626853
1746739434672594400,61.064594482421874,0.14390695115327834,0.0267260943621397,0.01702971646245569
1746739434682674200,61.07467407226562,0.1587935546398163,0.027998598515987395,0.03939849239792675
1746739434692753400,61.08475341796875,0.12416823146045207,0.007377835291624069,0.018098222476802765
1746739434702833200,61.094833251953126,0.10435060131251811,0.007046995902061462,-0.0012124079970642924
1746739434712912400,61.10491235351562,0.08296645250022411,-0.016027590215206146,0.010569507472403346
1746739434722992000,61.1149921875,0.05813654714822769,-0.005264788660407066,0.001035882386378944
1746739434733071400,61.1250712890625,0.012733809366822241,0.007028875723481178,-0.00950936742760241
1746739434743151000,61.135151123046874,-0.003323591464757919,0.0002653729379177093,0.024671207658946512
1746739434753230300,61.14523022460938,-0.03449555931985378,0.003759644794464111,0.044789428188651795
1746739434763310000,61.15531005859375,-0.08003273713588714,0.027318799558281898,0.010501556802727281
1746739434773389300,61.165389404296874,-0.15491291381418704,0.023939093992114066,-0.02958893644735217
