time,seconds_elapsed,roll,rotationRateZ,quaternionY,rotationRateY,quaternionZ,quaternionW,yaw,devicelocation,accelerationZ,pitch,gravityX,gravityZ,quaternionX,rotationRateX,accelerationX,gravityY,accelerationY
1746728658361075700,0.25707568359375,0.09444232947059995,-0.03486906364560127,0.04649919203945193,-0.035468053072690964,-1.972236956335703e-17,0.9939394371604517,0.009450856807289548,left,0.009319543838500977,-0.19933034758042803,0.9064757428083569,-9.569635726082325,-0.09961018495731484,-0.024844974279403687,-0.23704147338867188,1.9418448459029196,-0.04241001605987549
1746728658400542700,0.296542724609375,-0.15976796552151987,0.0005418172804638743,-0.07446012417240809,-0.0500512532889843,-0.05144492952785852,0.9919546581726741,-0.11717222379421621,left,-0.0020356341265141964,-0.16874512322849988,-1.537971492050588,-9.544237665453553,-0.08851544724790354,-0.08563107252120972,0.002717866562306881,1.6469829247809946,0.0071033937856554985
1746728658440542700,0.336542724609375,-0.1570485963250927,0.03466663137078285,-0.07318419151585617,-0.046558260917663574,-0.0505833505797663,0.9920883418893942,-0.11522708852354129,left,-0.0003222823143005371,-0.1691558406780884,-1.5119056151628494,-9.547716155219078,-0.08857784842787857,-0.08481397479772568,-0.007053464651107788,1.6509534358471631,0.010040491819381714
1746728658480542700,0.376542724609375,-0.1543282538536386,0.06879143416881561,-0.07190808830006602,-0.04306527227163315,-0.049721671963654845,0.992219709289636,-0.11328074209255647,left,0.0013845562934875488,-0.16956135746958795,-1.4858239561840891,-9.551130932098626,-0.08864004238069527,-0.08399687707424164,-0.016826391220092773,1.6548732396394013,0.012982726097106934
1746728658520542700,0.416542724609375,-0.1574179935945558,0.036740802228450775,-0.07336492621020711,-0.043983686715364456,-0.049263646197586115,0.9919970301427584,-0.11288316596465713,left,0.0016812682151794434,-0.17254403984985597,-1.514546777321398,-9.541577506333589,-0.09018051864013443,-0.05709050968289375,-0.014243662357330322,1.683696452411264,0.0125703364610672
1746728658560542700,0.456542724609375,-0.16050817056257544,0.004690162837505341,-0.0748214159194391,-0.044902101159095764,-0.04880546058645034,0.991769673717916,-0.1124948974671698,left,0.0019602179527282715,-0.17552791570906726,-1.543214799531549,-9.531849893045425,-0.09172056681582037,-0.03018413856625557,-0.01166650652885437,1.712516304182261,0.01215827465057373
1746728658600542700,0.496542724609375,-0.16359881546470803,-0.027360472828149796,-0.07627755214260637,-0.04582051560282707,-0.048346986349258866,0.9915376056781732,-0.11211567986342774,left,0.002221524715423584,-0.17851297398901347,-1.5718274382926523,-9.521948676756024,-0.09326018163565436,-0.003277769312262535,-0.009094998240470886,1.7413322104305027,0.011746630072593689
1746728658640542700,0.536542724609375,-0.1642887911079209,-0.00179331935942173,-0.07660382107281066,-0.02019365131855011,-0.04847417328737654,0.9915024942773325,-0.11243909939820661,left,-0.0029988884925842285,-0.1785354231906178,-1.5783905962005256,-9.520823472118376,-0.09330036088600037,-0.025595270097255707,-0.009959116578102112,1.741548921921104,0.022088810801506042
1746728658680542700,0.576542724609375,-0.16533474459544928,0.045076560229063034,-0.07707321572875936,0.0087601812556386,-0.047958656282009814,0.9913683798282785,-0.11172786154441516,left,0.00003653764724731445,-0.18115586748324347,-1.5875915552660822,-9.514632800784707,-0.09459616932060848,-0.03304971382021904,-0.011600151658058167,1.7668321239985525,0.019649744033813477
1746728658720542700,0.616542724609375,-0.16551695688785054,0.049352556467056274,-0.07713852730887527,0.013369562104344368,-0.04725657483002046,0.9912782079322984,-0.11055583026285495,left,0.001144111156463623,-0.18373587522755702,-1.5885688758656382,-9.509815755891799,-0.09583305497702685,-0.021421687677502632,-0.005928367376327515,1.7917134672768413,0.01492471992969513
1746728658760542700,0.656542724609375,-0.16616649379545081,0.029172299429774284,-0.07742815533421483,0.0043699368834495544,-0.04647832149000234,0.9911522498421018,-0.1093109173226814,left,0.0025801658630371094,-0.18670826797510376,-1.59385748379305,-9.503487721914052,-0.09727206100686704,-0.008178004063665867,-0.0025060176849365234,1.820364099960774,0.006959691643714905
1746728658800542700,0.696542724609375,-0.16722902701534353,-0.005674494430422783,-0.07791091592754232,-0.008750400505959988,-0.04614862903315222,0.9910303563160067,-0.10892925356242657,left,0.0038766860961914062,-0.18872553610896417,-1.6033398901484905,-9.498148698973655,-0.09828063069465032,0.0009196987375617027,0.0009618550539016724,1.8397991605319082,0.006784558296203613
1746728658840542700,0.736542724609375,-0.1685027837996809,-0.008953589014708996,-0.07850943445115134,-0.01795334927737713,-0.046366153019868205,0.990961039655307,-0.10950682425477931,left,0.0011868476867675781,-0.18886191014629314,-1.6153947773404418,-9.495850943425298,-0.0984001978636103,0.013835087418556213,-0.0013753026723861694,1.8411128734789788,0.009240642189979553
1746728658880542700,0.776542724609375,-0.16939852758162935,-0.009187129326164722,-0.07894548378471705,-0.0277777798473835,-0.04643064646735599,0.9909247438770108,-0.10971830951417048,left,0.004296302795410156,-0.18877701117006088,-1.6239263127118349,-9.494554473873972,-0.09838726640321172,0.021383274346590042,-0.0040405988693237305,1.8402949812248348,0.006405383348464966
1746728658920542700,0.816542724609375,-0.17029420572657064,-0.009420669637620449,-0.07938151441916103,-0.03760220855474472,-0.0464950798077255,0.9908881561998013,-0.10992959979935739,left,0.00740504264831543,-0.18869190707219066,-1.6324563867785036,-9.493250405538081,-0.0983743116947535,0.02893146313726902,-0.006706029176712036,1.8394751892745493,0.0035703033208847046
1746728658960542700,0.856542724609375,-0.17146035115601432,-0.019961006939411163,-0.07993948656607543,-0.01911059021949768,-0.04674318373784957,0.9908410349881912,-0.11051937365420887,left,0.002623915672302246,-0.1883976162511636,-1.6436179783925413,-9.49187327196598,-0.09827931570341181,0.00957982987165451,-0.007533535361289978,1.836640404240042,0.003123268485069275
1746728659000542700,0.896542724609375,-0.17181246967002684,-0.02352191135287285,-0.0800685206136685,0.0024068597704172134,-0.047106073579038746,0.9907990010127293,-0.11130626525855186,left,0.001636803150177002,-0.18861064841320738,-1.6468932006709276,-9.490908226326107,-0.09842449934024862,-0.006624788045883179,-0.00516161322593689,1.838692514464259,0.0035753846168518066
1746728659040542700,0.936542724609375,-0.17216474705347837,-0.027082815766334534,-0.0801975363109304,0.023924309760332108,-0.047468908467145875,0.9907567592743344,-0.11209316416323256,left,0.000649571418762207,-0.18882339522153738,-1.650169445862621,-9.489941427120566,-0.09856965942049874,-0.022829407826066017,-0.002789601683616638,1.8407418482095002,0.004027813673019409
1746728659080542700,0.976542724609375,-0.17227846558171633,-0.03429677337408066,-0.08016464603152378,0.02401839569211006,-0.04818683333545485,0.9906954255271379,-0.11359673218742342,left,0.0026253461837768555,-0.189292024067924,-1.6511005892328916,-9.488903316244482,-0.09886457944996575,-0.011153878644108772,-0.00038808584213256836,1.8452556723721325,0.003611266613006592
1746728659120542700,1.016542724609375,-0.17222159980834306,-0.02172786556184292,-0.08006391085758134,0.004774950444698334,-0.04882882861252033,0.9906553378619471,-0.11490881227979434,left,0.00465703010559082,-0.18952842038507833,-1.650486256726831,-9.488567216157913,-0.09903274493064593,-0.0021880334243178368,-0.0013489872217178345,1.8475323851324617,0.008119240403175354
1746728659160542700,1.056542724609375,-0.17242148797363743,-0.009836188517510891,-0.08017168511014898,0.00024358928203582764,-0.0487261823720051,0.9906512804714066,-0.11472282033248205,left,0.0015029311180114746,-0.18954207422834263,-1.652378500214219,-9.488211826848984,-0.0990369236436683,-0.001099877990782261,-0.0006154477596282959,1.8476639025576411,0.0058480799198150635
1746728659200542700,1.096542724609375,-0.17242148797363743,0.002055487595498562,-0.08017168511014898,-0.0042877718806266785,-0.0487261823720051,0.9906512804714066,-0.11472282033248205,left,-0.0016150474548339844,-0.18954207422834263,-1.652378500214219,-9.488211826848984,-0.0990369236436683,-0.000011722557246685028,-0.00007487833499908447,1.8476639025576411,0.0035903453826904297
1746728659240542700,1.136542724609375,-0.17242148797363743,0.01394716277718544,-0.08017168511014898,-0.008819133043289185,-0.0487261823720051,0.9906512804714066,-0.11472282033248205,left,-0.004732966423034668,-0.18954207422834263,-1.652378500214219,-9.488211826848984,-0.0990369236436683,0.0010764328762888908,0.00046569108963012695,1.8476639025576411,0.0013326257467269897
1746728659280543000,1.17654296875,-0.17275248507308621,0.034265726804733276,-0.08042104004034258,-0.003438337240368128,-0.04788404919450493,0.9906819241775716,-0.11304854843787573,left,-0.0030702948570251465,-0.18946359789100606,-1.6555439785078168,-9.48780733770132,-0.0989388642206988,0.02069571241736412,0.0008363127708435059,1.8469081157542764,-0.007647916674613953
1746728659320542700,1.216542724609375,-0.1722468042244401,0.02922757714986801,-0.08028164160710459,0.012676697224378586,-0.0471912189886716,0.9907875779316967,-0.11149967698771057,left,-0.006028294563293457,-0.18837458219941347,-1.6510896294474602,-9.490619472512602,-0.09832564539253937,0.028372112661600113,0.002011999487876892,1.8364185781829059,-0.00932207703590393
1746728659360542700,1.256542724609375,-0.17162414802555556,0.0211807694286108,-0.08004459439770492,-0.0018348698504269123,-0.04654761042072419,0.9908502708121888,-0.11012720453751798,left,0.0025763511657714844,-0.1882478990375641,-1.645219714500755,-9.49187444100976,-0.09819334481261659,-0.017580367624759674,-0.0025184601545333862,1.8351980964772403,-0.00935448706150055
1746728659400542700,1.296542724609375,-0.17245479264199684,0.002385791391134262,-0.08045371425699535,-0.008142775855958462,-0.04653335077898211,0.9908160124183448,-0.11018014945528662,left,0.0003972649574279785,-0.1882413487810126,-1.6531054993145167,-9.490516596660017,-0.09821155504144805,-0.007318479008972645,-0.002183765172958374,1.8351349681131541,-0.009463280439376831
1746728659440542700,1.336542724609375,-0.17328540792964858,-0.01640918478369713,-0.08086281506837638,-0.014450682327151299,-0.046519036184157904,0.9907815462615678,-0.11023298717904066,left,-0.0017824172973632812,-0.18823474277427127,-1.6609899689540266,-9.489152322569488,-0.09822974233073926,0.002943410538136959,-0.0018491894006729126,1.8350714013576506,-0.009572044014930725
1746728659480542700,1.376542724609375,-0.1736679531555044,0.011387309059500694,-0.08106632824374349,-0.01107448898255825,-0.04650210946523631,0.9907843988651068,-0.11020029706227993,left,0.0008552670478820801,-0.18783942022102681,-1.6647452298343182,-9.489230063980818,-0.09804164664379046,-0.0038441354408860207,-0.004423081874847412,1.8312629489853978,-0.0028888732194900513
1746728659520542700,1.416542724609375,-0.17405047510700258,0.03918379917740822,-0.08126983224394177,-0.007698295637965202,-0.04648521708324967,0.9907871226876569,-0.1101675258953582,left,0.0034926533699035645,-0.1874440849909157,-1.6685000523231923,-9.489304882782697,-0.09785353917854821,-0.010631681419909,-0.006997019052505493,1.8274540582217276,0.0037943273782730103
1746728659560542700,1.456542724609375,-0.17369192225013458,0.041215598583221436,-0.08115899824523241,0.004948487505316734,-0.04567658220368473,0.9908207392346726,-0.10853823623708503,left,0.0023386478424072266,-0.18786059697025612,-1.6649658868476747,-9.4891517380476,-0.09798527884844394,-0.012553772889077663,-0.005182221531867981,1.8314669471248983,-0.00006529688835144043
1746728659600542700,1.496542724609375,-0.17333270464362632,0.04324739798903465,-0.08104812684827577,0.01759527064859867,-0.04486791124586321,0.990853766829826,-0.10690867202278725,left,0.0011845827102661133,-0.18827659293743865,-1.6614255838923155,-9.488998008790611,-0.09811697202221895,-0.014475864358246326,-0.0033680349588394165,1.835474575331062,-0.003924384713172913
1746728659640542700,1.536542724609375,-0.1729727421034072,0.04527920112013817,-0.08093718843484145,0.030242053791880608,-0.04405919905574693,0.9908861213371359,-0.10527880070032103,left,0.00003045797348022461,-0.18869199126851535,-1.6578784128047526,-9.488843695011735,-0.09824858521612094,-0.016397954896092415,-0.0015545636415481567,1.839476066057384,-0.007782831788063049
1746728659680542700,1.576542724609375,-0.1724273857732086,0.009387198835611343,-0.08068295124786451,0.01251436211168766,-0.043468932007054505,0.9908738471341095,-0.10415352492570835,left,-0.0005099177360534668,-0.19000739649476697,-1.6522867302775381,-9.487354333236812,-0.09884233112565594,-0.04715043306350708,0.003214314579963684,1.8521452857553957,-0.0046676695346832275
1746728659720542700,1.616542724609375,-0.17189012434107476,-0.008555706590414047,-0.0803019726811086,0.016595035791397095,-0.043832889487618217,0.9907699713882516,-0.10504811376025315,left,-0.0009704828262329102,-0.1923503480934116,-1.6464425342939792,-9.483938971835375,-0.10002632483045545,-0.05886517092585564,0.004157766699790955,1.8747031545221804,-0.0012902617454528809
1746728659760542700,1.656542724609375,-0.17133848577931135,-0.018016140908002853,-0.0799130905823576,0.016678865998983383,-0.04433229112918287,0.9906782358534956,-0.10617729259334022,left,0.0012934207916259766,-0.19429317665607124,-1.6405865017421544,-9.481239065226912,-0.1010209535107177,-0.05277783423662186,0.003966659307479858,1.893400840729475,0.001100495457649231
1746728659800542700,1.696542724609375,-0.1707888766914399,-0.02747657522559166,-0.0795240973352367,0.01676269620656967,-0.04483164979713133,0.9905851094980449,-0.10730585088814093,left,0.0035529136657714844,-0.196236612349568,-1.6347468358032404,-9.478495319476723,-0.10201544177703023,-0.046690501272678375,0.003777250647544861,1.9120972117625177,0.0034913718700408936
1746728659840542700,1.736542724609375,-0.1702018908393899,-0.011737193912267685,-0.07916234333227068,0.018562227487564087,-0.04519606437986269,0.9905431510485286,-0.10807432359185105,left,0.002054870128631592,-0.19726503172116425,-1.6288488638058305,-9.477509815570711,-0.10254161700254913,-0.04189100116491318,0.002464205026626587,1.9219880527883766,0.007367879152297974
1746728659880542700,1.776542724609375,-0.16961560195865924,0.004002189263701439,-0.07880054345347379,0.020361758768558502,-0.04556045319240947,0.9905007719191099,-0.10884234570543433,left,0.0005551576614379883,-0.19829391126048554,-1.6229573215492068,-9.476509114095569,-0.10306773333659473,-0.03709150478243828,0.0011518150568008423,1.9318812319017946,0.01124417781829834
1746728659920542700,1.816542724609375,-0.16922048343881538,0.01613987609744072,-0.07856660588636212,0.011220305226743221,-0.045395645778434565,0.9904456288539151,-0.10861358595988752,left,0.0042458176612854,-0.1999028622593808,-1.618687243014574,-9.474073411381244,-0.10384582759206153,-0.04968860372900963,0.0013350099325180054,1.947347827233374,0.010696321725845337
1746728659960542700,1.856542724609375,-0.16809912555869158,-0.005004968494176865,-0.07787599004054217,0.030093230307102203,-0.04541915083814481,0.9902978764853357,-0.10889109092917702,left,0.00016325712203979492,-0.2037772076714668,-1.6067881309062242,-9.46837315391302,-0.10574795089591084,-0.06362094730138779,0.0032500922679901123,1.9845709118209778,0.0014970749616622925
1746728660000542700,1.896542724609375,-0.1670501667120751,-0.02008916437625885,-0.07721785491666144,0.029788844287395477,-0.04582997685592704,0.9901808687790895,-0.10985750508181623,left,0.0008727908134460449,-0.20656167963641897,-1.5959301984138785,-9.464567916411161,-0.10713884823914933,-0.07502542436122894,0.002489343285560608,2.0113046049676835,0.0005464255809783936
1746728660040542700,1.936542724609375,-0.16600339653933344,-0.035173360258340836,-0.07655953688037383,0.02948445826768875,-0.046240698051652256,0.9900614606203832,-0.1108215434689113,left,0.0015730857849121094,-0.20934720024333137,-1.585090239969641,-9.46067090897262,-0.1085294895995779,-0.0864298939704895,0.0017304271459579468,2.0380325990259647,-0.0004037022590637207
1746728660080542700,1.976542724609375,-0.16555817082599042,-0.03286588937044144,-0.07618976618197819,0.024125032126903534,-0.04689973747727115,0.9899363416815886,-0.11229577438462775,left,-0.00012665987014770508,-0.21150493886975955,-1.580149568697065,-9.4570164781183,-0.10964245421160733,-0.08857423067092896,0.00335066020488739,2.0587259890951217,0.0036762207746505737
1746728660120542700,2.016542724609375,-0.16521379573661646,-0.022870652377605438,-0.07584077121613322,0.00942161027342081,-0.04761203038355694,0.9897734197832143,-0.1139379531146073,left,0.0020815134048461914,-0.2142205455406139,-1.57596746070683,-9.452010632655025,-0.11103941405914546,-0.06768444180488586,0.002219945192337036,2.084756064017117,0.0037381350994110107
1746728660160542700,2.056542724609375,-0.1650816422608334,-0.019968930631875992,-0.07559278743708008,-0.0035033593885600567,-0.048318517492528884,0.9895984391367112,-0.11559452345445033,left,0.0021287202835083008,-0.21696184322066933,-1.5737731655329465,-9.446545937508343,-0.11245407483495078,-0.04274367541074753,-0.0006287097930908203,2.111016586694121,0.008915722370147705
1746728660200542700,2.096542724609375,-0.16568368703924605,-0.008298266679048538,-0.07581826903484751,-0.015182530507445335,-0.04856428636291313,0.9895049281116309,-0.11625445392462365,left,-0.0009627938270568848,-0.21802289375779865,-1.5790898305110632,-9.44338250504136,-0.11301806528629615,-0.028666067868471146,-0.002573743462562561,2.1211767461806534,0.008988022804260254
1746728660240542700,2.136542724609375,-0.16620055597459815,0.006734350696206093,-0.07605119170439845,0.008357228711247444,-0.048361459180930974,0.9894336613604309,-0.11600328224572502,left,-0.0050754547119140625,-0.2191360313237631,-1.5835791047543286,-9.44023017849028,-0.11357117656983559,-0.01680932007730007,0.0007363259792327881,2.1318331647515296,0.005979105830192566
1746728660280543000,2.17654296875,-0.16625362022394072,0.009152907878160477,-0.07607131615235078,-0.009408550336956978,-0.04812000946670298,0.9893957121127,-0.1155998373722591,left,0.0039536356925964355,-0.22001190323458428,-1.5837703895427286,-9.438301256254315,-0.11398995444745595,-0.012827271595597267,-0.0009789615869522095,2.1402163776934144,0.00537225604057312
1746728660320542700,2.216542724609375,-0.16690114147470997,0.008691370487213135,-0.07639839591261931,-0.021150633692741394,-0.04790768641235068,0.9893603700846872,-0.11527690945804124,left,0.002321779727935791,-0.22036389805270376,-1.5897563320845365,-9.436530154928564,-0.11416713435446302,0.006913883611559868,0.0006117820739746094,2.143584977343678,0.005331933498382568
1746728660360542700,2.256542724609375,-0.16794120754872544,0.01293167658150196,-0.07696867841011636,-0.028912503272294998,-0.04750721894493938,0.9893604110695519,-0.11454837776828067,left,0.001326918601989746,-0.21993282993126498,-1.5997243299998343,-9.435781966909765,-0.11395099535081135,0.009741753339767456,-0.0012010782957077026,2.139459567976743,0.005766540765762329
1746728660400542700,2.296542724609375,-0.1689814914546621,0.017171982675790787,-0.07753891712451585,-0.0366743728518486,-0.047106720553307294,0.9893599472385337,-0.1138194471067531,left,0.0003305673599243164,-0.21950250762471696,-1.609694081480801,-9.435019165843725,-0.11373479560455091,0.01256962213665247,-0.0030137449502944946,2.135341026742011,0.006200447678565979
1746728660440542700,2.336542724609375,-0.16996947122498227,0.01775544323027134,-0.07807923812651268,-0.025945860892534256,-0.046655123691922096,0.9893490591256185,-0.11300526861892425,left,-0.0005702972412109375,-0.21934013819611164,-1.6190734658531845,-9.433765950912237,-0.11364604287875657,0.011687093414366245,-0.005163431167602539,2.133786929167807,0.0036220401525497437
1746728660480542700,2.376542724609375,-0.17036231899840415,0.010200336575508118,-0.07830282385291387,-0.014114896766841412,-0.04645677033939079,0.9893549605005069,-0.11262748843426025,left,-0.0005312561988830566,-0.2191006148463993,-1.6228659900039433,-9.433632679921388,-0.113522056712206,0.007021590601652861,-0.0045622289180755615,2.131494288185984,0.001550525426864624
1746728660520542700,2.416542724609375,-0.17075525667848,0.002645229920744896,-0.07852639970656682,-0.002283932641148567,-0.0462584959688027,0.9893607725853784,-0.11224980380713309,left,-0.0004924535751342773,-0.21886122786200268,-1.6266593909375369,-9.433496486321092,-0.11339805938440581,0.0023560873232781887,-0.003960937261581421,2.1292026701174676,-0.0005211532115936279
1746728660560542700,2.456542724609375,-0.17075525667848,-0.006499377079308033,-0.07852639970656682,0.012449190951883793,-0.0462584959688027,0.9893607725853784,-0.11224980380713309,left,-0.0015105009078979492,-0.21886122786200268,-1.6266593909375369,-9.433496486321092,-0.11339805938440581,-0.0027507608756422997,-0.002067655324935913,2.1292026701174676,-0.003175795078277588
1746728660600542700,2.496542724609375,-0.17020952722641983,-0.014644857496023178,-0.07822456807894623,0.016758589074015617,-0.046582308880062276,0.9893708322309963,-0.11283772007035692,left,-0.00044673681259155273,-0.21881621070185375,-1.6215272887460888,-9.434477314051986,-0.11338618855575316,-0.0014679895248264074,-0.00016380846500396729,2.128771731354296,-0.0013431459665298462
1746728660640542700,2.536542724609375,-0.16976491488776968,-0.013714060187339783,-0.07796985784512007,0.01436191238462925,-0.046975401921837696,0.9893813771778651,-0.1135635738142498,left,-0.0014669299125671387,-0.21862097085933904,-1.6174026100315153,-9.43560719486475,-0.11330764908888215,-0.0003178897313773632,0.0005609393119812012,2.1269027226120234,0.0007068663835525513
1746728660680542700,2.576542724609375,-0.16954782663259313,-0.011233923025429249,-0.07784602048181985,0.00638227816671133,-0.04723430476544984,0.9893947374883891,-0.11403377117674988,left,0.00014901161193847656,-0.21831065702442481,-1.615465504489094,-9.436607896339893,-0.11316751736751227,0.005210456904023886,0.0017338097095489502,2.1239318901076913,0.0002494603395462036
1746728660720542700,2.616542724609375,-0.169330675177072,-0.008753785863518715,-0.07772219159610491,-0.0015973541885614395,-0.04749325225407081,0.9894081372898853,-0.11450412820972772,left,0.001764833927154541,-0.21800051457006098,-1.613527229902893,-9.437607428771257,-0.11302739804148469,0.010738803073763847,0.0029065608978271484,2.120962518908083,-0.00020812451839447021
1746728660760542700,2.656542724609375,-0.1695656753769878,-0.006669914349913597,-0.07784163202689529,-0.011865433305501938,-0.04766692528747849,0.9894246495646754,-0.11482337385977016,left,0.001270890235900879,-0.2173573090606008,-1.6159749153159557,-9.43857072084546,-0.11272753883414056,0.018088538199663162,0.002568364143371582,2.1148037040174006,0.0008173435926437378
1746728660800542700,2.696542724609375,-0.16990648019213808,0.004127741791307926,-0.07803835283319871,-0.013320042751729488,-0.04766497393646899,0.9894527648217876,-0.11478619628128198,left,0.0014328956604003906,-0.21656863114224173,-1.6194729865647852,-9.439660269647836,-0.11234445988714183,0.02243686653673649,0.0019321292638778687,2.1072508044198153,0.0018243789672851562
1746728660840542700,2.736542724609375,-0.17018992116413273,0.003223010106012225,-0.07821327918873917,-0.006339204031974077,-0.047540798427678395,0.9894784442650071,-0.11451351056775891,left,-0.0011454224586486816,-0.21597970390301027,-1.622358478873223,-9.440422486191988,-0.11204949340354908,0.007149530574679375,0.001827821135520935,2.101609875923395,0.0012086480855941772
1746728660880542700,2.776542724609375,-0.17018992116413273,0.008564908057451248,-0.07821327918873917,-0.0162102859467268,-0.047540798427678395,0.9894784442650071,-0.11451351056775891,left,-0.00040590763092041016,-0.21597970390301027,-1.622358478873223,-9.440422486191988,-0.11204949340354908,-0.0006958860903978348,-0.00040553510189056396,2.101609875923395,0.0007199794054031372
1746728660920542700,2.816542724609375,-0.1704187340857609,0.014498166739940643,-0.07836011470779816,0.00584159791469574,-0.04721460267989953,0.9894818739604062,-0.11388456668554202,left,-0.002786695957183838,-0.21602858223765323,-1.624501043859869,-9.43994960798323,-0.1120544524512995,0.0016668261960148811,0.00026237964630126953,2.102078077957034,0.00012284517288208008
1746728660960542700,2.856542724609375,-0.1704187340857609,0.014124811626970768,-0.07836011470779816,-0.009763851761817932,-0.04721460267989953,0.9894818739604062,-0.11388456668554202,left,0.0030255913734436035,-0.21602858223765323,-1.624501043859869,-9.43994960798323,-0.1120544524512995,-0.003543107770383358,-0.00016529858112335205,2.102078077957034,0.0016207844018936157
1746728661000542700,2.896542724609375,-0.1708906453502299,0.010934848338365555,-0.07863052516405518,-0.01716635562479496,-0.04675174342942243,0.9894663553210155,-0.11303281370778999,left,0.0037180185317993164,-0.21635961855203287,-1.628837319498509,-9.43849590204358,-0.11219571691921648,-0.008197782561182976,0.00010149180889129639,2.105248816947639,0.0024009495973587036
1746728661040542700,2.936542724609375,-0.1717003058478488,0.006112664006650448,-0.07904864662533032,-0.017293887212872505,-0.04654977634626551,0.9894415265189463,-0.11271685460496089,left,0.0017400383949279785,-0.21636472108813362,-1.6364768744662403,-9.437163192135095,-0.11220467162003994,0.00021513551473617554,-0.0012522637844085693,2.1052977706559,0.0021809935569763184
1746728661080542700,2.976542724609375,-0.17250995527621937,0.0012904796749353409,-0.07946675043385253,-0.0174214169383049,-0.04634775431002662,0.9894164899539443,-0.11240080865780089,left,-0.00023853778839111328,-0.21637008246999997,-1.644115260390192,-9.435824052485824,-0.11221360214723028,0.008628053590655327,-0.002606138586997986,2.10534906245172,0.0019607990980148315
1746728661120542700,3.016542724609375,-0.1732489658930227,-0.0004013169091194868,-0.07984430686180903,-0.019172238186001778,-0.046273882235110295,0.9894003245603957,-0.11231485615210468,left,0.0005397796630859375,-0.21614998311993472,-1.6511678092502056,-9.435062420463561,-0.1121185226756131,0.011006494052708149,-0.005139514803886414,2.1032409842565656,0.002568542957305908
1746728661160542700,3.056542724609375,-0.17372942391959517,-0.00012834480730816722,-0.08009298453725694,0.0018750615417957306,-0.04627027637513038,0.9893993631138428,-0.11232830325109676,left,-0.0010047554969787598,-0.21578796779157783,-1.6558322939299046,-9.435017412278055,-0.11195127328725973,0.006678848061710596,-0.0031552761793136597,2.0997733081459997,0.0023006945848464966
1746728661200542700,3.096542724609375,-0.17372942391959517,-0.00441765645518899,-0.08009298453725694,0.0037791754584759474,-0.04627027637513038,0.9893993631138428,-0.11232830325109676,left,0.0003095865249633789,-0.21578796779157783,-1.6558322939299046,-9.435017412278055,-0.11195127328725973,-0.001344012562185526,-0.0023687779903411865,2.0997733081459997,0.0011553764343261719
1746728661240542700,3.136542724609375,-0.17359419744736618,-0.011863254010677338,-0.07999231330418931,0.01051394920796156,-0.046541530911896965,0.989386884631128,-0.1128710139008332,left,0.00006777048110961914,-0.21589204317639016,-1.654518580982834,-9.435026180106401,-0.11202128374375334,-0.005183124914765358,0.0014992058277130127,2.1007702102288603,-0.0008500516414642334
1746728661280543000,3.17654296875,-0.1734645265450317,-0.010694272816181183,-0.07989705121793367,0.00618482381105423,-0.0468601921728595,0.9893831564189033,-0.11349033230398878,left,0.00004225969314575195,-0.2157828736210857,-1.6533347780257464,-9.435466325089335,-0.11198906753226748,-0.000916704535484314,0.0012510418891906738,2.099724500568211,0.0005280822515487671
1746728661320542700,3.216542724609375,-0.1733348072252555,-0.009525291621685028,-0.07980177856135413,0.0018556984141469002,-0.04717889292479335,0.9893793835616701,-0.11410974769801596,left,0.000016689300537109375,-0.21567379445077706,-1.6521502444162963,-9.435906470072268,-0.11195684077657718,0.00334971584379673,0.0010028034448623657,2.098679521559924,0.0019061416387557983
1746728661360542700,3.256542724609375,-0.1733348072252555,-0.004346488509327173,-0.07980177856135413,0.0001248369226232171,-0.04717889292479335,0.9893793835616701,-0.11410974769801596,left,-0.0007226467132568359,-0.21567379445077706,-1.6521502444162963,-9.435906470072268,-0.11195684077657718,-0.00021749502047896385,0.0023019909858703613,2.098679521559924,0.001796826720237732
1746728661400542700,3.296542724609375,-0.1733348072252555,0.002612507436424494,-0.07980177856135413,-0.004986921790987253,-0.04717889292479335,0.9893793835616701,-0.11410974769801596,left,0.0007026195526123047,-0.21567379445077706,-1.6521502444162963,-9.435906470072268,-0.11195684077657718,-0.0052052997052669525,0.0011367648839950562,2.098679521559924,0.00251924991607666
1746728661440542700,3.336542724609375,-0.1737518200421407,0.0046110209077596664,-0.07999054452739059,-0.011377502232789993,-0.04720495676824967,0.9893437106723046,-0.11423878460869988,left,0.00023746490478515625,-0.2159865023024497,-1.65597141013965,-9.434569668510555,-0.11212635800511778,0.0012751915492117405,0.0003841817378997803,2.1016750501140953,0.0008513033390045166
1746728661480542700,3.376542724609375,-0.1737518200421407,6.011687219142914e-7,-0.07999054452739059,-0.008061796426773071,-0.04720495676824967,0.9893437106723046,-0.11423878460869988,left,-0.0007073283195495605,-0.2159865023024497,-1.65597141013965,-9.434569668510555,-0.11212635800511778,0.013114199042320251,0.000827103853225708,2.1016750501140953,0.0006978511810302734
1746728661520542700,3.416542724609375,-0.1742527571708967,-0.011596614494919777,-0.08026520592624656,-0.009108046069741249,-0.04725412749975308,0.9893695387848553,-0.1143077952188951,left,-0.0007303953170776367,-0.2150541188671832,-1.6610364384442566,-9.435664478009938,-0.11168022499698395,0.02363721653819084,0.002556413412094116,2.0927429711177945,-0.0014925450086593628
1746728661560542700,3.456542724609375,-0.17466933170963814,-0.012497669085860252,-0.08048356837102115,-0.015034282580018044,-0.04746603128415314,0.9893952789789633,-0.11468812280851372,left,0.004397153854370117,-0.2140394219188291,-1.6653350124210118,-9.43705856271684,-0.11120395646191597,0.020640354603528976,0.0010582208633422852,2.0830203262656926,0.0003956258296966553
1746728661600542700,3.496542724609375,-0.17465197629600757,-0.012859363108873367,-0.08047486392823294,-0.008326034061610699,-0.04767177927518876,0.9894177226306442,-0.11504610264638121,left,0.004484772682189941,-0.2134418324579525,-1.6653873271301387,-9.43831119312644,-0.11092263252349054,0.006838459521532059,-0.0001122504472732544,2.0772933269210156,0.00019247829914093018
1746728661640542700,3.536542724609375,-0.17463441674958416,-0.013221056200563908,-0.0804661587878636,-0.0016177850775420666,-0.04787751695815174,0.9894399980103646,-0.11540403819332568,left,0.004572093486785889,-0.21284426679868734,-1.6654368653602898,-9.439561485448479,-0.11064130920211918,-0.006963435560464859,-0.001283019781112671,2.071565889184922,-0.000010609626770019531
1746728661680542700,3.576542724609375,-0.17493731803926757,-0.012749701738357544,-0.08056309831591321,-0.0028794100508093834,-0.04819012572973201,0.9893898543268296,-0.11610893244974088,left,0.004379630088806152,-0.21326107798223481,-1.6681456859275698,-9.438205394664406,-0.11088294040187836,-0.010679537430405617,-0.0008450150489807129,2.0755609501704573,0.0006009787321090698
1746728661720542700,3.616542724609375,-0.1752405370045234,-0.012278348207473755,-0.08066002019120873,-0.0041410350240767,-0.04850272419323847,0.9893395423713334,-0.11681401267843129,left,0.0041869282722473145,-0.21367766940123695,-1.6708565523214638,-9.436846965792775,-0.1111245474280018,-0.014395639300346375,-0.000406801700592041,2.0795535269379615,0.0012128353118896484
1746728661760542700,3.656542724609375,-0.1758380394481151,0.00247760396450758,-0.08092707694545148,-0.018964692950248718,-0.048607940843419926,0.9892911244719074,-0.11712525701075177,left,0.0041255950927734375,-0.21401049097510247,-1.676373708307743,-9.435164711794256,-0.11131606700065086,-0.004718773066997528,0.00032483041286468506,2.0827431167595085,0.003173723816871643
1746728661800542700,3.696542724609375,-0.17659776312326722,0.01375106442719698,-0.08131704922558877,-0.02616928704082966,-0.048372322501802255,0.9892594474417835,-0.1167528645558534,left,0.0029783248901367188,-0.2142053661494884,-1.6834699501790105,-9.433488887536525,-0.11141567166240167,-0.00339846545830369,-0.0008169710636138916,2.084610518066585,0.003303617238998413
1746728661840542700,3.736542724609375,-0.1776040295257969,0.011945953592658043,-0.08184065280565696,-0.025279346853494644,-0.04796744075104209,0.9892170685183984,-0.11608056590615362,left,-0.0017834305763244629,-0.21455121924448872,-1.692834136982262,-9.431080072829127,-0.11158336172174473,-0.0009416528046131134,-0.0001379847526550293,2.0879246110506355,0.0000588148832321167
1746728661880542700,3.776542724609375,-0.17851588048282907,0.0007754312828183174,-0.08228025002248117,-0.020132893696427345,-0.04794380712281032,0.9891669585074128,-0.11615617426727616,left,-0.0012519359588623047,-0.2147656557679066,-1.7013536896549164,-9.429091529360413,-0.11171427059667248,0.0005162719171494246,-0.0011886060237884521,2.0899792054928836,0.0004043877124786377
1746728661920542700,3.816542724609375,-0.17942781565829816,-0.010395092889666557,-0.08271982958654743,-0.014986440539360046,-0.047920247322484885,0.9891166750704298,-0.11623216083776367,left,-0.0007211565971374512,-0.21498001857494486,-1.7098717810228465,-9.427094802585243,-0.11184515529796306,0.001974196871742606,-0.0022393614053726196,2.09203306928277,0.0007500201463699341
1746728661960542700,3.856542724609375,-0.1799724381120135,-0.011395451612770557,-0.08298384540523933,-0.003271740861237049,-0.04809340440139617,0.989108221248408,-0.11660016339591306,left,-0.0019342303276062012,-0.21452681820180028,-1.715175148127973,-9.427094218063354,-0.11164959683563103,0.016650600358843803,-0.002515941858291626,2.0876908022947607,0.0003496408462524414
1746728662000542700,3.896542724609375,-0.18001953629812376,-0.009999419562518597,-0.083014408783429,0.0036157756112515926,-0.048271032170816956,0.9891348365965211,-0.1168964967778862,left,-0.0030401945114135742,-0.21382049247300236,-1.7158828580059111,-9.42846199928522,-0.1113141016752428,0.015067139640450478,-0.0012229681015014648,2.080922331073135,-0.00024010241031646729
1746728662040542700,3.936542724609375,-0.18001953629812376,-0.0023391079157590866,-0.083014408783429,0.0012472551316022873,-0.048271032170816956,0.9891348365965211,-0.1168964967778862,left,-0.0009781122207641602,-0.21382049247300236,-1.7158828580059111,-9.42846199928522,-0.1113141016752428,0.006359570659697056,-0.0007439255714416504,2.080922331073135,0.00019277632236480713
1746728662080542700,3.976542724609375,-0.18001953629812376,0.005321203265339136,-0.083014408783429,-0.001121265348047018,-0.048271032170816956,0.9891348365965211,-0.1168964967778862,left,0.001083970069885254,-0.21382049247300236,-1.7158828580059111,-9.42846199928522,-0.1113141016752428,-0.0023479973897337914,-0.00026488304138183594,2.080922331073135,0.0006256550550460815
1746728662120542700,4.016542724609375,-0.18001953629812376,0.013391053304076195,-0.083014408783429,-0.012585604563355446,-0.048271032170816956,0.9891348365965211,-0.1168964967778862,left,0.0017039179801940918,-0.21382049247300236,-1.7158828580059111,-9.42846199928522,-0.1113141016752428,0.0031336285173892975,-0.000964626669883728,2.080922331073135,0.0010830461978912354
1746728662160542700,4.056542724609375,-0.18060318322439553,0.010060654953122139,-0.08332743457236774,-0.01685277372598648,-0.04800962064583704,0.9891198142430428,-0.11643705186405819,left,0.001438736915588379,-0.2138560972768784,-1.7213721030719578,-9.427385894486308,-0.1113266344875188,0.005148680880665779,-0.0015782564878463745,2.0812635457262396,0.0003867149353027344
1746728662200542700,4.096542724609375,-0.1811868276648177,0.006730256602168083,-0.08364045118613884,-0.021119944751262665,-0.047748198812783915,0.9891046236176042,-0.11597762230701057,left,0.0011731386184692383,-0.2138919770059354,-1.7268606174856422,-9.426306282556057,-0.11133915552150395,0.007163733243942261,-0.002191975712776184,2.081607390727848,-0.00030988454818725586
1746728662240542700,4.136542724609375,-0.1811868276648177,-0.000985186081379652,-0.08364045118613884,-0.011678161099553108,-0.047748198812783915,0.9891046236176042,-0.11597762230701057,left,0.001142263412475586,-0.2138919770059354,-1.7268606174856422,-9.426306282556057,-0.11133915552150395,0.005390040576457977,-0.002928897738456726,2.081607390727848,-0.0007405728101730347
1746728662280543000,4.17654296875,-0.18163262561339835,-0.008256087079644203,-0.08386261028723327,0.002213078550994396,-0.047970407862484424,0.9891138556123303,-0.11640362580435284,left,0.0000826716423034668,-0.21313616642573435,-1.7313463845975696,-9.427080189538001,-0.11099429220057655,0.0007481803186237812,-0.0034666359424591064,2.0743637032099067,0.0004361271858215332
1746728662320542700,4.216542724609375,-0.18207799862364366,-0.015526989474892616,-0.08408475173557335,0.0161043182015419,-0.048192556805066636,0.9891227957081433,-0.11682910673289329,left,-0.0009775757789611816,-0.21238016150656044,-1.7358282061867414,-9.42784766677916,-0.11064940470601986,-0.003893680404871702,-0.004004776477813721,2.0671169469520447,0.0016131401062011719
1746728662360542700,4.256542724609375,-0.18185866692846112,-0.016784673556685448,-0.08393840958783316,0.01861441880464554,-0.04859398404888479,0.9891205001653568,-0.11760216776385499,left,-0.0014566779136657715,-0.21223554701451194,-1.7338143821462988,-9.428522205039858,-0.11060513589917986,-0.011879175901412964,-0.00206013023853302,2.0657306071601806,0.0017781853675842285
1746728662400542700,4.296542724609375,-0.1810291881643289,-0.0036487095057964325,-0.08351078131329887,0.014806906692683697,-0.0487284978265419,0.9891408892055256,-0.1177998748322806,left,0.0010933876037597656,-0.21242599285790154,-1.7259221675917504,-9.429569668266177,-0.11068731074346264,-0.005960890557616949,-0.0012487024068832397,2.067556361282617,0.0019522011280059814
1746728662440542700,4.336542724609375,-0.18019971931902887,0.009487254545092583,-0.08308313538601045,0.010999394580721855,-0.04886300129612525,0.9891611099737332,-0.1179974314334994,left,0.0036426186561584473,-0.212616605223199,-1.7180293685153125,-9.430610117229818,-0.11076946141410968,-0.00004260474815964699,-0.00043736398220062256,2.069383576709777,0.0021260976791381836
1746728662480542700,4.376542724609375,-0.18019971931902887,0.008229635655879974,-0.08308313538601045,0.005331643857061863,-0.04886300129612525,0.9891611099737332,-0.1179974314334994,left,-0.0010364651679992676,-0.212616605223199,-1.7180293685153125,-9.430610117229818,-0.11076946141410968,-0.008945783600211143,0.0026163607835769653,2.069383576709777,0.002651691436767578
1746728662520542700,4.416542724609375,-0.17991759092343,0.0003887629136443138,-0.08293610068018954,-0.0053284140303730965,-0.048705466977889696,0.9891454247800385,-0.117713409274425,left,0.0004805326461791992,-0.2133017887679128,-1.715114503981918,-9.429697678560018,-0.11108927296932142,-0.0061386097222566605,0.002176344394683838,2.075951118531823,-0.0011700242757797241
1746728662560542700,4.456542724609375,-0.17991759092343,0.0010412961710244417,-0.08293610068018954,-0.00026699248701334,-0.048705466977889696,0.9891454247800385,-0.117713409274425,left,0.0000820159912109375,-0.2133017887679128,-1.715114503981918,-9.429697678560018,-0.11108927296932142,-0.0008767582476139069,0.0013826191425323486,2.075951118531823,-0.0006148964166641235
1746728662600542700,4.496542724609375,-0.17991759092343,0.0016938294284045696,-0.08293610068018954,0.0047944290563464165,-0.048705466977889696,0.9891454247800385,-0.117713409274425,left,-0.0003165006637573242,-0.2133017887679128,-1.715114503981918,-9.429697678560018,-0.11108927296932142,0.004385093227028847,0.0005888789892196655,2.075951118531823,-0.0000597536563873291
1746728662640542700,4.536542724609375,-0.17991759092343,0.0023463626857846975,-0.08293610068018954,0.009855850599706173,-0.048705466977889696,0.9891454247800385,-0.117713409274425,left,-0.0007150173187255859,-0.2133017887679128,-1.715114503981918,-9.429697678560018,-0.11108927296932142,0.0096469447016716,-0.00020484626293182373,2.075951118531823,0.0004953742027282715
1746728662680542700,4.576542724609375,-0.17991759092343,0.005482674576342106,-0.08293610068018954,0.007779681123793125,-0.048705466977889696,0.9891454247800385,-0.117713409274425,left,-0.0012815594673156738,-0.2133017887679128,-1.715114503981918,-9.429697678560018,-0.11108927296932142,0.0036896513774991035,0.0003256797790527344,2.075951118531823,-0.00021238625049591064
1746728662720542700,4.616542724609375,-0.17991759092343,0.0051073674112558365,-0.08293610068018954,0.004211945924907923,-0.048705466977889696,0.9891454247800385,-0.117713409274425,left,-0.000007867813110351562,-0.2133017887679128,-1.715114503981918,-9.429697678560018,-0.11108927296932142,-0.007636928930878639,0.00035563111305236816,2.075951118531823,-0.0005663186311721802
1746728662760542700,4.656542724609375,-0.17991759092343,0.000561075285077095,-0.08293610068018954,0.0021247698459774256,-0.048705466977889696,0.9891454247800385,-0.117713409274425,left,-0.001300036907196045,-0.2133017887679128,-1.715114503981918,-9.429697678560018,-0.11108927296932142,-0.001815609633922577,0.00141867995262146,2.075951118531823,-0.0028433501720428467
1746728662800542700,4.696542724609375,-0.17991759092343,-0.006911084521561861,-0.08293610068018954,0.0010758655844256282,-0.048705466977889696,0.9891454247800385,-0.117713409274425,left,-0.0004425644874572754,-0.2133017887679128,-1.715114503981918,-9.429697678560018,-0.11108927296932142,-0.007994662038981915,0.0007188171148300171,2.075951118531823,-0.001521289348602295
1746728662840542700,4.736542724609375,-0.17927742578154526,-0.007063126657158136,-0.08259151405097141,0.001431790180504322,-0.04889385655094243,0.989149887945265,-0.11804887108844589,left,-0.000020503997802734375,-0.21357682488673108,-1.708975708965957,-9.430231347045302,-0.11122340617030564,-0.002598757389932871,0.0008568465709686279,2.078587166123837,-0.0006635040044784546
1746728662880542700,4.776542724609375,-0.17927742578154526,-0.007420110050588846,-0.08259151405097141,-0.006286643911153078,-0.04889385655094243,0.989149887945265,-0.11804887108844589,left,0.0009404420852661133,-0.21357682488673108,-1.708975708965957,-9.430231347045302,-0.11122340617030564,0.000857214443385601,0.00024111568927764893,2.078587166123837,-0.00011056661605834961
1746728662920542700,4.816542724609375,-0.17927742578154526,-0.003653779858723283,-0.08259151405097141,-0.009883232414722443,-0.04889385655094243,0.989149887945265,-0.11804887108844589,left,0.0000540614128112793,-0.21357682488673108,-1.708975708965957,-9.430231347045302,-0.11122340617030564,-0.0008215386187657714,0.00018332898616790771,2.078587166123837,0.0005772709846496582
1746728662960542700,4.856542724609375,-0.17927742578154526,0.00011255033314228058,-0.08259151405097141,-0.013479821383953094,-0.04889385655094243,0.989149887945265,-0.11804887108844589,left,-0.0008323788642883301,-0.21357682488673108,-1.708975708965957,-9.430231347045302,-0.11122340617030564,-0.0025002919137477875,0.00012552738189697266,2.078587166123837,0.0012650936841964722
1746728663000542700,4.896542724609375,-0.17927742578154526,0.0036463686265051365,-0.08259151405097141,0.010040368884801865,-0.04889385655094243,0.989149887945265,-0.11804887108844589,left,-0.0023164749145507812,-0.21357682488673108,-1.708975708965957,-9.430231347045302,-0.11122340617030564,-0.011507929302752018,-0.00026501715183258057,2.078587166123837,0.0029978305101394653
1746728663040542700,4.936542724609375,-0.17925895190042462,-0.000959453172981739,-0.08251009769955783,-0.004389694891870022,-0.04917978327732052,0.9890825882725127,-0.11872294025954863,left,0.001277148723602295,-0.21459578259116588,-1.7084230435192584,-9.428173829993606,-0.11175414474113565,-0.01876864582300186,0.00024788081645965576,2.0883516042910517,0.002825796604156494
1746728663080542700,4.976542724609375,-0.17929037833053216,0.002722325501963496,-0.08247690808838751,-0.0030600891914218664,-0.04930915370091364,0.9890293549252495,-0.11907046004327525,left,0.0022028684616088867,-0.21545148236678827,-1.7083999549046158,-9.42635830500424,-0.1121919314764717,-0.012442940846085548,-0.00025644898414611816,2.096549816054851,0.002993941307067871
1746728663120542700,5.016542724609375,-0.17929037833053216,0.006530188489705324,-0.08247690808838751,-0.008929739706218243,-0.04930915370091364,0.9890293549252495,-0.11907046004327525,left,0.0024889111518859863,-0.21545148236678827,-1.7083999549046158,-9.42635830500424,-0.1121919314764717,-0.0012558335438370705,-0.0012645125389099121,2.096549816054851,0.003680303692817688
1746728663160542700,5.056542724609375,-0.17969353517328088,0.007863974198698997,-0.08269368389241198,-0.010682353749871254,-0.04910638174727596,0.9890175809958787,-0.11871352312355193,left,0.0023298263549804688,-0.2155279536772332,-1.7121714362673461,-9.425511332786083,-0.11222488674978852,0.0011035071220248938,-0.002074003219604492,2.0972823681131003,0.003804534673690796
1746728663200542700,5.096542724609375,-0.1800967020366229,0.009197760373353958,-0.08291045969643909,-0.012434967793524265,-0.048903570302666295,0.9890058517115159,-0.11835655755966408,left,0.0021705031394958496,-0.2156046216353484,-1.7159426253691314,-9.424662022480367,-0.11225784202310414,0.0034628480207175016,-0.002883508801460266,2.098016965997964,0.003928542137145996
1746728663240542700,5.136542724609375,-0.1800967020366229,0.002377703320235014,-0.08291045969643909,0.008241917006671429,-0.048903570302666295,0.9890058517115159,-0.11835655755966408,left,-0.002529919147491455,-0.2156046216353484,-1.7159426253691314,-9.424662022480367,-0.11225784202310414,0.00342907034792006,-0.0015128999948501587,2.098016965997964,0.002312898635864258
1746728663280543000,5.17654296875,-0.1800967020366229,-0.006736275274306536,-0.08291045969643909,0.0048088752664625645,-0.048903570302666295,0.9890058517115159,-0.11835655755966408,left,0.0006197690963745117,-0.2156046216353484,-1.7159426253691314,-9.424662022480367,-0.11225784202310414,0.006058905739337206,-0.0011152774095535278,2.098016965997964,0.0012902319431304932
1746728663320542700,5.216542724609375,-0.17984487213097622,-0.0054385606199502945,-0.0827783299642562,0.008999530225992203,-0.049069088963983674,0.9890215967473236,-0.11863932578602818,left,-0.00036662817001342773,-0.21536262978098614,-1.713659921259433,-9.425593165850639,-0.11214386531365624,0.003224023384973407,0.0005269795656204224,2.0956986060529945,0.0012744367122650146
1746728663360542700,5.256542724609375,-0.17959301949241863,-0.004140845499932766,-0.08264619813933735,0.013190184719860554,-0.0492346522703092,0.9890373812741033,-0.11892225018856473,left,-0.001353144645690918,-0.21512073839482618,-1.7113764864973724,-9.426522555655241,-0.11202989045534502,0.0003891410306096077,0.0021691620349884033,2.0933812690213323,0.0012585371732711792
1746728663400542700,5.296542724609375,-0.17959301949241863,-0.0015951052773743868,-0.08264619813933735,0.0026234323158860207,-0.0492346522703092,0.9890373812741033,-0.11892225018856473,left,0.00043004751205444336,-0.21512073839482618,-1.7113764864973724,-9.426522555655241,-0.11202989045534502,-0.003175170859321952,0.002912372350692749,2.0933812690213323,0.00025035440921783447
1746728663440542700,5.336542724609375,-0.17957851011065223,-0.0010614991188049316,-0.08261949783659693,-0.0037439484149217606,-0.04926047957872845,0.9890143906363303,-0.11901341449459991,left,0.00031453371047973633,-0.2155416264588553,-1.711082179725915,-9.425679675090313,-0.11224119058323141,-0.004449355415999889,0.002070680260658264,2.0974134471468626,0.00001621246337890625
1746728663480542700,5.376542724609375,-0.17957851011065223,-0.0005278927856124938,-0.08261949783659693,-0.010111329145729542,-0.04926047957872845,0.9890143906363303,-0.11901341449459991,left,0.0002849698066711426,-0.2155416264588553,-1.711082179725915,-9.425679675090313,-0.11224119058323141,-0.005723540671169758,0.0012589842081069946,2.0974134471468626,0.0001932382583618164
1746728663520542700,5.416542724609375,-0.17957851011065223,0.0005308297113515437,-0.08261949783659693,-0.009805608540773392,-0.04926047957872845,0.9890143906363303,-0.11901341449459991,left,0.0007363557815551758,-0.2155416264588553,-1.711082179725915,-9.425679675090313,-0.11224119058323141,0.0005409540608525276,0.0001232922077178955,2.0974134471468626,0.0010339170694351196
1746728663560542700,5.456542724609375,-0.17957851011065223,0.0005051272455602884,-0.08261949783659693,-0.010153722949326038,-0.04926047957872845,0.9890143906363303,-0.11901341449459991,left,0.0003592371940612793,-0.2155416264588553,-1.711082179725915,-9.425679675090313,-0.11224119058323141,0.00672182347625494,-0.0005166232585906982,2.0974134471468626,0.0005522370338439941
1746728663600542700,5.496542724609375,-0.18037032629165353,0.0023550891783088446,-0.08301480932033614,-0.0069029200822114944,-0.04912218253748657,0.9889770474390119,-0.11884043323987065,left,0.00009626150131225586,-0.21571536794146834,-1.7184795965008437,-9.423963518822193,-0.1123393151800873,0.001551604364067316,-0.0001382380723953247,2.099077727097273,0.00014778971672058105
1746728663640542700,5.536542724609375,-0.18037032629165353,-0.00015395786613225937,-0.08301480932033614,-0.009064874611794949,-0.04912218253748657,0.9889770474390119,-0.11884043323987065,left,-0.0002288222312927246,-0.21571536794146834,-1.7184795965008437,-9.423963518822193,-0.1123393151800873,-0.0003362894058227539,-0.0006244182586669922,2.099077727097273,-0.0024460256099700928
1746728663680542700,5.576542724609375,-0.1811209944723285,0.000172897067386657,-0.08337816118836827,-0.014407778158783913,-0.04902519772455736,0.9889296150971776,-0.11876401588073676,left,0.006952881813049316,-0.21606975048560584,-1.7254193326361476,-9.421938150474428,-0.11252959021470658,-0.0026005669496953487,-0.002206757664680481,2.1024724841021,-0.0031871050596237183
1746728663720542700,5.616542724609375,-0.1811209944723285,0.005086835939437151,-0.08337816118836827,0.010934758931398392,-0.04902519772455736,0.9889296150971776,-0.11876401588073676,left,-0.008627712726593018,-0.21606975048560584,-1.7254193326361476,-9.421938150474428,-0.11252959021470658,0.0033741192892193794,0.00039301812648773193,2.1024724841021,-0.001846909523010254
1746728663760542700,5.656542724609375,-0.1811209944723285,0.002659325487911701,-0.08337816118836827,0.006804747972637415,-0.04902519772455736,0.9889296150971776,-0.11876401588073676,left,-0.005796074867248535,-0.21606975048560584,-1.7254193326361476,-9.421938150474428,-0.11252959021470658,0.0003842755686491728,0.0007055401802062988,2.1024724841021,-0.00007201731204986572
1746728663800542700,5.696542724609375,-0.1811209944723285,0.0002318152692168951,-0.08337816118836827,0.002674737013876438,-0.04902519772455736,0.9889296150971776,-0.11876401588073676,left,-0.0029644370079040527,-0.21606975048560584,-1.7254193326361476,-9.421938150474428,-0.11252959021470658,-0.0026055683847516775,0.0010180622339248657,2.1024724841021,0.0017028898000717163
1746728663840542700,5.736542724609375,-0.1811209944723285,0.005123685114085674,-0.08337816118836827,-0.0039916737005114555,-0.04902519772455736,0.9889296150971776,-0.11876401588073676,left,-0.0012894868850708008,-0.21606975048560584,-1.7254193326361476,-9.421938150474428,-0.11252959021470658,0.0020324389915913343,-0.0006179362535476685,2.1024724841021,0.0019771456718444824
1746728663880542700,5.776542724609375,-0.1811209944723285,0.01001555472612381,-0.08337816118836827,-0.010658083483576775,-0.04902519772455736,0.9889296150971776,-0.11876401588073676,left,0.00038546323776245117,-0.21606975048560584,-1.7254193326361476,-9.421938150474428,-0.11252959021470658,0.0066704461351037025,-0.002253919839859009,2.1024724841021,0.0022514164447784424
1746728663920542700,5.816542724609375,-0.18155404924856958,0.008329054340720177,-0.08365236320267047,-0.004811713472008705,-0.048503162462110595,0.9889406923408508,-0.11774902940258639,left,-0.0016554594039916992,-0.2159824496139369,-1.7295324670433998,-9.421370579719543,-0.11245465239401525,0.004685521125793457,-0.001866653561592102,2.101636179408431,0.0004670768976211548
1746728663960542700,5.856542724609375,-0.18155404924856958,-0.0012723170220851898,-0.08365236320267047,0.0035929298028349876,-0.048503162462110595,0.9889406923408508,-0.11774902940258639,left,-0.0012464523315429688,-0.2159824496139369,-1.7295324670433998,-9.421370579719543,-0.11245465239401525,0.0004768921062350273,-0.0013061463832855225,2.101636179408431,-0.0006173700094223022
1746728664000542700,5.896542724609375,-0.18155404924856958,-0.010873688384890556,-0.08365236320267047,0.011997572146356106,-0.048503162462110595,0.9889406923408508,-0.11774902940258639,left,-0.0008373856544494629,-0.2159824496139369,-1.7295324670433998,-9.421370579719543,-0.11245465239401525,-0.0037317369133234024,-0.0007456392049789429,2.101636179408431,-0.0017018169164657593
1746728664040542700,5.936542724609375,-0.18155404924856958,-0.009697146713733673,-0.08365236320267047,0.009360072202980518,-0.048503162462110595,0.9889406923408508,-0.11774902940258639,left,0.0003077983856201172,-0.2159824496139369,-1.7295324670433998,-9.421370579719543,-0.11245465239401525,-0.010126693174242973,-0.0003209114074707031,2.101636179408431,-0.0007651746273040771
1746728664080542700,5.976542724609375,-0.18131465723224924,-0.001772773452103138,-0.08349649968472674,0.009119851514697075,-0.04870830116137283,0.9889201029703866,-0.11817524436663009,left,-0.0009446144104003906,-0.21637902209621349,-1.7271265749454496,-9.42096375248432,-0.11266251018818554,-0.009764593094587326,0.0004047304391860962,2.1054346949085594,0.0007406026124954224
1746728664120542700,6.016542724609375,-0.18131465723224924,0.0009102220647037029,-0.08349649968472674,0.005713202059268951,-0.04870830116137283,0.9889201029703866,-0.11817524436663009,left,0.0002785325050354004,-0.21637902209621349,-1.7271265749454496,-9.42096375248432,-0.11266251018818554,-0.006206572521477938,0.0005524754524230957,2.1054346949085594,0.0010016560554504395
1746728664333214000,6.2292138671875,-0.18132840507959289,0.004506005439907312,-0.08338759194687798,-0.008376776240766048,-0.048981473209172385,0.9887921038108645,-0.11893590579692873,left,0.001365138334222138,-0.21850156454817385,-1.726446337596327,-9.416523139688373,-0.1137427941784734,-0.009820674546062946,0.00022772920783609152,2.125759543926269,0.0013781266752630472
1746728664373105400,6.26910546875,-0.18175636330995992,-0.0000172473955899477,-0.08358726644016362,-0.01310083456337452,-0.04887328298299151,0.9887492426799429,-0.11881903690505848,left,0.0005252026603557169,-0.21904186901817638,-1.7302682339720428,-9.414652669641375,-0.1140151840296351,-0.004370657727122307,-0.0012376682134345174,2.130931831997633,-0.000315733632305637
1746728664413105200,6.309105224609375,-0.18175636330995992,0.0021371052134782076,-0.08358726644016362,-0.009308625012636185,-0.04887328298299151,0.9887492426799429,-0.11881903690505848,left,0.0006369352340698242,-0.21904186901817638,-1.7302682339720428,-9.414652669641375,-0.1140151840296351,0.001757191028445959,-0.0006433427333831787,2.130931831997633,0.0002654939889907837
1746728664453105200,6.349105224609375,-0.18175636330995992,0.00022777612321078777,-0.08358726644016362,-0.0010744603350758553,-0.04887328298299151,0.9887492426799429,-0.11881903690505848,left,-0.0007135868072509766,-0.21904186901817638,-1.7302682339720428,-9.414652669641375,-0.1140151840296351,0.001159036299213767,-0.00011132657527923584,2.130931831997633,0.00034271180629730225
1746728664493105200,6.389105224609375,-0.1819384579232348,0.0022573943715542555,-0.08369558674871853,-0.008584918454289436,-0.04871145313966309,0.9887502886865803,-0.11851064011981569,left,-0.000012755393981933594,-0.21902084114525455,-1.7319906738504767,-9.41438145148456,-0.11399633955806264,0.0027655051089823246,-0.00021779537200927734,2.130730610337108,-0.00014163553714752197
1746728664533105400,6.42910546875,-0.1819384579232348,0.002160078613087535,-0.08369558674871853,0.012439599260687828,-0.04871145313966309,0.9887502886865803,-0.11851064011981569,left,-0.0030735135078430176,-0.21902084114525455,-1.7319906738504767,-9.41438145148456,-0.11399633955806264,-0.004773521795868874,0.0014079362154006958,2.130730610337108,0.0005548447370529175
1746728664573105400,6.46910546875,-0.18148905506863944,-0.00035257451236248016,-0.08347035637146862,-0.00030344538390636444,-0.04862534587737911,0.9887529032636749,-0.1183237069590495,left,0.0009593367576599121,-0.21942150657641998,-1.7276054445035756,-9.414318323120474,-0.1141754352846564,-0.013747012242674828,0.0009001940488815308,2.1345658045858142,0.0005714446306228638
1746728664613105400,6.50910546875,-0.18160345834906302,0.0032375911250710487,-0.08351573328220677,-0.005897142458707094,-0.04858122338376901,0.9887288349539752,-0.118285719288329,left,0.001220405101776123,-0.21981168442225502,-1.7285319116987288,-9.41330067051053,-0.11436929293169897,-0.006723352707922459,0.00009879469871520996,2.1383001688085495,0.0012784749269485474
1746728664653105200,6.549105224609375,-0.18160345834906302,0.006827756762504578,-0.08351573328220677,-0.011490839533507824,-0.04858122338376901,0.9887288349539752,-0.118285719288329,left,0.0015851855278015137,-0.21981168442225502,-1.7285319116987288,-9.41330067051053,-0.11436929293169897,0.0003003068268299103,-0.000797078013420105,2.1383001688085495,0.0023663341999053955
1746728664693105200,6.589105224609375,-0.18200784099159525,0.011464325711131096,-0.08373053750342897,-0.015040254220366478,-0.04836912758955794,0.9887116783450403,-0.11792059838415987,left,-0.00006431341171264648,-0.21998702294589803,-1.7322703675746918,-9.412232164496183,-0.11445040543599587,0.00831021647900343,-0.0012132376432418823,2.1399783311538396,0.001443520188331604
1746728664733105200,6.629105224609375,-0.18244999946684445,0.010105356574058533,-0.08397333090705537,-0.01579708606004715,-0.0481122801605964,0.988700852344547,-0.11745862275322355,left,0.0005006194114685059,-0.22005245520760938,-1.7364065905965864,-9.411327909132838,-0.11447401405206602,0.002658857498317957,-0.0018526911735534668,2.1406045002281666,0.00039221346378326416
1746728664773105400,6.66910546875,-0.18292820180925823,0.00796217005699873,-0.08422738826891107,-0.007344348356127739,-0.04787158830312462,0.988681478254023,-0.11704455444281667,left,-0.0025222301483154297,-0.22023028185314705,-1.7408375587813556,-9.410122040474414,-0.114555876416237,-0.0022270996123552322,-0.0009312033653259277,2.1423061895795166,-0.0012743175029754639
1746728664813105400,6.70910546875,-0.18292820180925823,0.004193275235593319,-0.08422738826891107,-0.002703317441046238,-0.04787158830312462,0.988681478254023,-0.11704455444281667,left,0.0001493692398071289,-0.22023028185314705,-1.7408375587813556,-9.410122040474414,-0.114555876416237,-0.008257229812443256,-0.0014541596174240112,2.1423061895795166,-0.0007758438587188721
1746728664853105400,6.74910546875,-0.18316838901621602,0.0001937677152454853,-0.08433125921163698,-0.003131403587758541,-0.0478171682084845,0.9886464708764336,-0.11701088187444247,left,0.0004207491874694824,-0.2207246842547207,-1.7429045743137597,-9.408660735750198,-0.11480430767323255,-0.007524149026721716,-0.00065632164478302,2.14703730975464,-0.000030547380447387695
1746728665011401200,6.907401123046875,-0.18305704815541596,-0.0077491938136518,-0.08420357512547424,0.00280158594250679,-0.04814024215219533,0.9885865653430134,-0.11774010526181082,left,-0.000680844415910542,-0.22162614942742354,-1.7415039137355983,-9.406948086613417,-0.11527743644537268,-0.004003053996711969,0.00032320115133188665,2.1556623686283825,0.000621020095422864
1746728665051294200,6.947294189453125,-0.18307313202947034,-0.010168186388909817,-0.0841768436119416,-0.0005652402760460973,-0.04838292444691338,0.9885653651386329,-0.11824839125259642,left,0.002730276668444276,-0.22178319767115454,-1.7415936378456651,-9.40658685208559,-0.11537675960979275,-0.002629578346386552,0.00045545841567218304,2.1571647360153494,0.0027562533505260944
1746728665210863900,7.10686376953125,-0.183865834588977,0.005871144123375416,-0.08455495403405183,-0.00699864886701107,-0.04823716932249433,0.9885020876635044,-0.1181086912437261,left,-0.000682569167111069,-0.2224179094539401,-1.7487990391798316,-9.403855381295084,-0.11570334582938374,-0.00959294568747282,-0.00011386460391804576,2.1632363110139963,-0.0006890633376315236
1746728665250755800,7.146755859375,-0.18402351478431866,0.0004278382984921336,-0.08462860884656223,0.0005896785878576338,-0.048172294564579415,0.9884832176057009,-0.11802259520781846,left,-0.00204598275013268,-0.2226882300322293,-1.750174711447209,-9.4030043174237,-0.1158369574188951,-0.0061332047916948795,0.00009547194349579513,2.1658217974625527,-0.0007571065798401833
1746728665290755800,7.186755859375,-0.1841629332403068,-0.0004109032452106476,-0.08468081370764223,0.0015184828080236912,-0.04819851330263518,0.9884583450484772,-0.11812329672544619,left,-0.0012834668159484863,-0.2230048133233801,-1.751359975709021,-9.402085449013114,-0.11600084259520675,-0.006726064719259739,0.0006681680679321289,2.168849620851129,-0.0002193152904510498
1746728665330755800,7.226755859375,-0.18458417228082885,0.002247812459245324,-0.08488346353932386,-0.009213438257575035,-0.04816479957671873,0.9884318656210042,-0.11812090457234416,left,-0.0026924610137939453,-0.22317012471397643,-1.7552544989295302,-9.400994731166959,-0.1160924874804636,0.0002345372922718525,0.0006480515003204346,2.170430606432259,-0.00021173059940338135
1746728665370755800,7.266755859375,-0.18443995073726957,0.0024827898014336824,-0.08480733339224919,-0.007911097258329391,-0.04810309830052957,0.9884234420794524,-0.11801147197575035,left,-0.0006492137908935547,-0.22349674557776522,-1.753768644285947,-9.400549910008907,-0.11624559285674216,-0.0061942096799612045,0.00032907724380493164,2.1735541452802716,0.0001353919506072998
1746728665410755800,7.306755859375,-0.18443995073726957,0.0027177671436220407,-0.08480733339224919,-0.0066087571904063225,-0.04810309830052957,0.9884234420794524,-0.11801147197575035,left,0.0014392733573913574,-0.22349674557776522,-1.753768644285947,-9.400549910008907,-0.11624559285674216,-0.012622956186532974,0.00016161799430847168,2.1735541452802716,0.0008010268211364746
1746728665450755800,7.346755859375,-0.18424140759372504,0.0030966345220804214,-0.08469753281065208,-0.0018987618386745453,-0.04801473580818679,0.9884044062701582,-0.11786725262804226,left,0.002777397632598877,-0.2240821258729506,-1.751668749397248,-9.399645654645562,-0.11652365562431617,-0.008200261741876602,0.00020428001880645752,2.1791516730263827,0.0018208324909210205
1746728665490755800,7.386755859375,-0.18424140759372504,0.006501899100840092,-0.08469753281065208,-0.005636968649923801,-0.04801473580818679,0.9884044062701582,-0.11786725262804226,left,0.0030918121337890625,-0.2240821258729506,-1.751668749397248,-9.399645654645562,-0.11652365562431617,-0.005421939771622419,-0.00003600120544433594,2.1791516730263827,0.003135666251182556
1746728665530755800,7.426755859375,-0.1844424088314383,0.009415305219590664,-0.08480677331096537,-0.008443066850304604,-0.04775305612872126,0.9883808707341398,-0.11740995949496175,left,0.0018728375434875488,-0.22457194641997677,-1.75336210931167,-9.398242802110314,-0.11675086479461248,-0.005622308235615492,0.00026138126850128174,2.1838347162760794,0.0025601238012313843
1746728665570755800,7.466755859375,-0.18478741544665575,0.009784860536456108,-0.08498854885860437,-0.01317594014108181,-0.047488060672078475,0.988353526859071,-0.11695838797337264,left,0.002494335174560547,-0.22501444888036587,-1.7564267575792967,-9.396686804839968,-0.11695831665409469,-0.0045406399294734,-0.0009530931711196899,2.1880650473222136,0.0019899755716323853
1746728665769180400,7.665180419921875,-0.1853150756280294,-0.004933844320476055,-0.08534402796843175,0.007787097245454788,-0.04690926385164346,0.9883989060823065,-0.11577459287788049,left,-0.001365138334222138,-0.22426003868622205,-1.7616883313693106,-9.397378294235468,-0.11654800547826039,0.015953879803419113,-0.00022772920783609152,2.180852631725371,-0.0013781266752630472
1746728665809066800,7.705066650390625,-0.1850147360622472,-0.004820738919079304,-0.08520783426008645,0.006367181893438101,-0.04699752910594648,0.9884370339393601,-0.11586619030754643,left,-0.000680844415910542,-0.22374018544227164,-1.7590742033481597,-9.399020216223597,-0.11628825764713832,0.007117609027773142,0.00032320115133188665,2.1758820037059485,0.000621020095422864
1746728666008500700,7.904500732421875,-0.18493198023708565,0.004159790929406881,-0.08517166483036165,-0.009357362985610962,-0.047412445897630655,0.9884943372169668,-0.11656365801203147,left,-0.0009904031176120043,-0.2224062095750592,-1.7588285580240188,-9.402010630211233,-0.11565751473578982,0.014939873479306698,-0.0010686672758311033,2.1631243750721216,0.0025416763965040445
1746728666048500700,7.944500732421875,-0.18503451408133054,0.0025872825644910336,-0.08525605829389682,-0.006827731616795063,-0.04730190403645017,0.9885247552997556,-0.11629818522791623,left,-0.00037938356399536133,-0.22186380037704634,-1.7600081231974065,-9.402982105591892,-0.1153808579790613,0.014657565392553806,-0.0005138963460922241,2.1579358665183186,0.0013823658227920532
1746728666088501000,7.9845009765625,-0.1851372028127349,0.0010147738503292203,-0.08534044327984024,-0.004298099782317877,-0.047191441157212986,0.9885550840925275,-0.11603285820778522,left,0.00023126602172851562,-0.22132140209692833,-1.7611890035450457,-9.403950073841214,-0.11510418882699024,0.014375257305800915,0.0000410228967666626,2.152746773442626,0.00022307038307189941
1746728666128501000,8.0245009765625,-0.18527294923684137,-0.0012744696578010917,-0.08542375798633785,-0.008543342351913452,-0.047276278782632186,0.9885820631589987,-0.11615246532971685,left,0.0006108880043029785,-0.22063819558460512,-1.7627360868565738,-9.405154188933968,-0.11477520951033296,0.016377314925193787,-0.00004267692565917969,2.146209772889316,0.0001710355281829834
1746728666168501000,8.0645009765625,-0.18540862601998798,-0.0035637132823467255,-0.08550707408798788,-0.01278858445584774,-0.04736115074498715,0.9886089134444814,-0.11627204586175999,left,0.0009899735450744629,-0.21995498954113557,-1.7642820011243223,-9.406354212373495,-0.11444622895958781,0.018379373475909233,-0.0001265108585357666,2.139671749422699,0.00011910498142242432
1746728666208500700,8.104500732421876,-0.1849163314103251,-0.002160166623070836,-0.08528837613274742,-0.009786332026124,-0.04737573384188123,0.9886622380937501,-0.11618661352339366,left,0.00236433744430542,-0.2193701351665958,-1.7598808435559272,-9.408450307869911,-0.11414216426339627,0.013146266341209412,0.00035722553730010986,2.1340740755461156,0.0001738518476486206
1746728666248500700,8.144500732421875,-0.18442414994604595,-0.0007566199637949467,-0.08506965912959251,-0.006784079596400261,-0.04739039076668159,0.9887153893170216,-0.1161016451586769,left,0.0037380456924438477,-0.2187852057376914,-1.7554785169437526,-9.41054055814743,-0.1138380766276604,0.007913158275187016,0.0008408427238464355,2.1284749403648076,0.00022874772548675537
1746728666288500700,8.184500732421874,-0.18440332602989287,0.002975810319185257,-0.08507613330335981,-0.009326430037617683,-0.047358735648219755,0.9887356122462918,-0.11600259659006672,left,0.003629446029663086,-0.21845501140865273,-1.7554112969264386,-9.4112677033782,-0.11367033119337855,0.007959160022437572,0.0008964836597442627,2.125313992115855,0.0017505288124084473
1746728666328500700,8.224500732421875,-0.184382583504891,0.006708240136504173,-0.08508261595471503,-0.011868779547512531,-0.04732708568379487,0.9887559193115425,-0.11590359269273176,left,0.0035206079483032227,-0.21812487117244048,-1.7553446614310144,-9.4119930950433,-0.11350259815443779,0.008005162701010704,0.0009521692991256714,2.1221531899973747,0.0032722800970077515
1746728666368501000,8.2645009765625,-0.18463571622463967,0.014395484700798988,-0.08524276929700786,-0.017455294728279114,-0.04709928494471656,0.9887698317871118,-0.11544533157855129,left,0.001656174659729004,-0.21785639353078554,-1.7578316559411584,-9.412108245855569,-0.11335647739456192,0.007703703362494707,0.000005424022674560547,2.1195826088570056,0.001767486333847046
1746728666408501000,8.3045009765625,-0.18501490639558976,0.016234703361988068,-0.08547041164565357,-0.01576988957822323,-0.04674995688895379,0.9887726939117485,-0.11477563288118221,left,0.0007360577583312988,-0.21779001492471092,-1.761426465562731,-9.411579253545403,-0.11330402357248455,0.0008958466351032257,-0.00046181678771972656,2.118947087432444,0.001024976372718811
1746728666448501000,8.3445009765625,-0.18551111302802853,0.012073477730154991,-0.08574840349378851,-0.012149715796113014,-0.0464024003573353,0.9887610485024682,-0.11413951030979617,left,-0.0016420483589172363,-0.21789111107352774,-1.7660567557118831,-9.410493211874366,-0.11333827512775192,0.002517320681363344,-0.00010922551155090332,2.1199150556817647,-0.0017544031143188477
1746728666488500700,8.384500732421875,-0.1855997362793747,0.007534014992415905,-0.08580346262446777,-0.008511153981089592,-0.04630274198692611,0.9887623396668439,-0.11394705612224304,left,-0.0010873675346374512,-0.21788068214482867,-1.7668948139712213,-9.410358771839737,-0.11332691378017848,0.001590063562616706,-0.00007228553295135498,2.119815248569101,-0.001161813735961914
1746728666528500700,8.424500732421874,-0.1855997362793747,0.002994552254676819,-0.08580346262446777,-0.004872593097388744,-0.04630274198692611,0.9887623396668439,-0.11394705612224304,left,-0.0005189776420593262,-0.21788068214482867,-1.7668948139712213,-9.410358771839737,-0.11332691378017848,0.0006628065020777285,-0.00012080371379852295,2.119815248569101,-0.0005794018507003784
1746728666568500700,8.464500732421875,-0.1855997362793747,0.00023261085152626038,-0.08580346262446777,-0.0014264027122408152,-0.04630274198692611,0.9887623396668439,-0.11394705612224304,left,-0.0007006525993347168,-0.21788068214482867,-1.7668948139712213,-9.410358771839737,-0.11332691378017848,0.00191893195733428,-0.0004316568374633789,2.119815248569101,0.000044286251068115234
1746728666608501000,8.5045009765625,-0.1855997362793747,0.002371798735111952,-0.08580346262446777,0.0011105418670922518,-0.04630274198692611,0.9887623396668439,-0.11394705612224304,left,-0.000052928924560546875,-0.21788068214482867,-1.7668948139712213,-9.410358771839737,-0.11332691378017848,0.0022229370661079884,-0.00008559226989746094,2.119815248569101,0.0001583099365234375
1746728666648501000,8.5445009765625,-0.1855997362793747,0.0018533342517912388,-0.08580346262446777,-0.00009698059875518084,-0.04630274198692611,0.9887623396668439,-0.11394705612224304,left,0.0002503395080566406,-0.21788068214482867,-1.7668948139712213,-9.410358771839737,-0.11332691378017848,0.0007501757936552167,-0.00011619925498962402,2.119815248569101,-0.0004916787147521973
1746728666688501000,8.5845009765625,-0.1855997362793747,-0.001202872721478343,-0.08580346262446777,-0.0008255150751210749,-0.04630274198692611,0.9887623396668439,-0.11394705612224304,left,0.00015622377395629883,-0.21788068214482867,-1.7668948139712213,-9.410358771839737,-0.11332691378017848,0.0004627002344932407,0.0004478245973587036,2.119815248569101,-0.0005691498517990112
1746728666728500700,8.624500732421875,-0.1855997362793747,-0.004538232460618019,-0.08580346262446777,-0.004555228631943464,-0.04630274198692611,0.9887623396668439,-0.11394705612224304,left,0.0003839731216430664,-0.21788068214482867,-1.7668948139712213,-9.410358771839737,-0.11332691378017848,0.0059534539468586445,0.0001471787691116333,2.119815248569101,-0.0002212226390838623
1746728666768500700,8.664500732421875,-0.1858227672027744,-0.0008522805292159319,-0.08593155222567729,-0.0027551469393074512,-0.046309495782850096,0.9887795341076202,-0.1139349903767092,left,0.00018703937530517578,-0.21736444876488298,-1.7691954921290278,-9.411038570797443,-0.11307663963631434,0.0067733051255345345,0.00029668211936950684,2.114872093078494,0.0005683004856109619
1746728666808500700,8.704500732421875,-0.1858227672027744,0.001639014109969139,-0.08593155222567729,-0.002523308154195547,-0.046309495782850096,0.9887795341076202,-0.1139349903767092,left,-0.0003948807716369629,-0.21736444876488298,-1.7691954921290278,-9.411038570797443,-0.11307663963631434,0.0068372152745723724,-0.0005328208208084106,2.114872093078494,-0.00027905404567718506
1746728666848501000,8.7445009765625,-0.18593544467442694,0.000570023781619966,-0.08601725795574783,-0.0015232217265293002,-0.04621252203253629,0.9888060385430196,-0.11370137591738876,left,-0.0005435347557067871,-0.21685781170149754,-1.7704538216270505,-9.411890803712605,-0.11281901475803668,0.006473096087574959,-0.0003161430358886719,2.1100202691331504,-0.0004911422729492188
1746728666888501000,8.7845009765625,-0.18593544467442694,-0.003803260624408722,-0.08601725795574783,-0.00261918967589736,-0.04621252203253629,0.9888060385430196,-0.11370137591738876,left,-0.0008535385131835938,-0.21685781170149754,-1.7704538216270505,-9.411890803712605,-0.11281901475803668,0.004265247844159603,0.000516548752784729,2.1100202691331504,-0.0016055852174758911
1746728666928501000,8.8245009765625,-0.18593544467442694,-0.00466304924339056,-0.08601725795574783,-0.004120216704905033,-0.04621252203253629,0.9888060385430196,-0.11370137591738876,left,-0.0008019804954528809,-0.21685781170149754,-1.7704538216270505,-9.411890803712605,-0.11281901475803668,0.0015799000393599272,-0.00009490549564361572,2.1100202691331504,-0.0015354752540588379
1746728666968500700,8.864500732421876,-0.1862823671430047,-0.001532635884359479,-0.08619485321769607,-0.0026247354689985514,-0.04629064689191507,0.988810289058849,-0.11385477449353223,left,-0.0007398128509521484,-0.21641372964108846,-1.7738922716431318,-9.412195924139022,-0.1126143349331468,0.00042312825098633766,-0.00010468065738677979,2.1057671417333186,-0.0010957568883895874
1746728667008500700,8.904500732421875,-0.1862823671430047,-0.002157673006877303,-0.08619485321769607,-0.004056688863784075,-0.04629064689191507,0.988810289058849,-0.11385477449353223,left,-0.0012432336807250977,-0.21641372964108846,-1.7738922716431318,-9.412195924139022,-0.1126143349331468,-0.0004889713018201292,0.00044095516204833984,2.1057671417333186,-0.0020898431539535522
1746728667048500700,8.944500732421876,-0.1862823671430047,-0.0010456811869516969,-0.08619485321769607,-0.011501746252179146,-0.04629064689191507,0.988810289058849,-0.11385477449353223,left,0.003544449806213379,-0.21641372964108846,-1.7738922716431318,-9.412195924139022,-0.1126143349331468,-0.0034232952166348696,-0.00040268898010253906,2.1057671417333186,-0.002847343683242798
1746728667088501000,8.9845009765625,-0.18686683347220454,0.004008132964372635,-0.08648624478089205,0.0059649758040905,-0.04623323259220681,0.9887856837443914,-0.1138061400777402,left,-0.006491541862487793,-0.21642302458978513,-1.7793894077546895,-9.41113852404058,-0.11263034763435183,-0.001843130448833108,0.0007219761610031128,2.1058561351910234,-0.002795308828353882
1746728667128501000,9.0245009765625,-0.18686683347220454,0.0015499053988605738,-0.08648624478089205,0.007798764854669571,-0.04623323259220681,0.9887856837443914,-0.1138061400777402,left,0.000008702278137207031,-0.21642302458978513,-1.7793894077546895,-9.41113852404058,-0.11263034763435183,-0.011159395799040794,-0.0005961805582046509,2.1058561351910234,-0.0018102824687957764
1746728667168501000,9.0645009765625,-0.18659633784954227,-0.004689721390604973,-0.08632573716210865,0.0029953941702842712,-0.04630482666589934,0.988766730100266,-0.11397241266088373,left,-0.0007086992263793945,-0.2169472407831424,-1.7766386477418243,-9.410533543884753,-0.11289013914712333,-0.012277532368898392,0.000054463744163513184,2.1108767398320136,-0.00021204352378845215
1746728667208500700,9.104500732421876,-0.18659633784954227,-0.0015215885359793901,-0.08632573716210865,-0.0033491640351712704,-0.04630482666589934,0.988766730100266,-0.11397241266088373,left,0.002516508102416992,-0.2169472407831424,-1.7766386477418243,-9.410533543884753,-0.11289013914712333,-0.007553053088486195,0.00009006261825561523,2.1108767398320136,0.0033238381147384644
1746728667248500700,9.144500732421875,-0.18659633784954227,0.006593447178602219,-0.08632573716210865,-0.008434565737843513,-0.04630482666589934,0.988766730100266,-0.11397241266088373,left,0.0024185776710510254,-0.2169472407831424,-1.7766386477418243,-9.410533543884753,-0.11289013914712333,-0.0060203829780220985,-0.0017357617616653442,2.1108767398320136,0.004105716943740845
1746728667288500700,9.184500732421874,-0.18685852006141157,0.010290076024830341,-0.08644749022147495,-0.009153001941740513,-0.04613124557732629,0.9887269035186593,-0.11371812265664318,left,0.000624537467956543,-0.21761710387219502,-1.77884273365736,-9.40867593331933,-0.11321599698503962,-0.0057939146645367146,-0.0016146153211593628,2.1172914291799065,0.002593711018562317
1746728667328500700,9.224500732421875,-0.18719858456298522,0.00773274153470993,-0.08661505079370334,-0.011089658364653587,-0.04591685853959637,0.9886895766419205,-0.11338246170108414,left,0.0008500218391418457,-0.2182076133812018,-1.7818091822475195,-9.406840534585713,-0.11350087798642147,-0.005485205911099911,-0.0018376708030700684,2.122945363288373,0.001584663987159729
1746728667368501000,9.2645009765625,-0.1872769018976456,0.006215874571353197,-0.0866603333398135,-0.008536268956959248,-0.04577076177481076,0.9886793135380737,-0.1131209529759694,left,0.0009737610816955566,-0.2184578175223547,-1.7824470417596399,-9.406178271284698,-0.11361488406274105,-0.00277073890902102,-0.0015907138586044312,2.1253407339923083,0.0011657923460006714
1746728667408501000,9.3045009765625,-0.1872769018976456,0.004699007607996464,-0.0866603333398135,-0.0059828790836036205,-0.04577076177481076,0.9886793135380737,-0.1131209529759694,left,0.0011650323867797852,-0.2184578175223547,-1.7824470417596399,-9.406178271284698,-0.11361488406274105,-0.000056271906942129135,-0.0014088153839111328,2.1253407339923083,0.0009911954402923584
1746728667448501000,9.3445009765625,-0.1872769018976456,-0.00034222938120365143,-0.0866603333398135,-0.0008322237990796566,-0.04577076177481076,0.9886793135380737,-0.1131209529759694,left,-0.00013893842697143555,-0.2184578175223547,-1.7824470417596399,-9.406178271284698,-0.11361488406274105,0.003278588643297553,-0.0008736848831176758,2.1253407339923083,-0.00018198788166046143
1746728667603707100,9.49970703125,-0.18714231710323426,-0.011102037504315376,-0.0865287834031464,0.0012664785608649254,-0.04638186270801992,0.9886629069445704,-0.11433057769577204,left,0,-0.2183467663752641,-1.7812249526187776,-9.406649980449677,-0.11360933531238919,-0.008116381242871284,0,2.124277634805441,0
1746728667643589000,9.539589111328125,-0.18706264972873557,-0.0054536545649170876,-0.08647470600782509,-0.0002721729688346386,-0.04652445626812925,0.988661476963432,-0.11460688459309598,left,0.000838210922665894,-0.2183168190170904,-1.780487285993993,-9.406854563111066,-0.11360464895499482,0.0008373461896553636,0.001028331695124507,2.1239909268185495,0.00038377687451429665
1746728667683588900,9.5795888671875,-0.18706264972873557,-0.004544329363852739,-0.08647470600782509,-0.0019786227494478226,-0.04652445626812925,0.988661476963432,-0.11460688459309598,left,0.00011008977890014648,-0.2183168190170904,-1.780487285993993,-9.406854563111066,-0.11360464895499482,0.00011289701797068119,0.000489160418510437,2.1239909268185495,-0.00026763975620269775
1746728667723588900,9.6195888671875,-0.18706264972873557,-0.0036350039299577475,-0.08647470600782509,-0.00368507276289165,-0.04652445626812925,0.988661476963432,-0.11460688459309598,left,-0.0006180405616760254,-0.2183168190170904,-1.780487285993993,-9.406854563111066,-0.11360464895499482,-0.0006115521537140012,-0.000050008296966552734,2.1239909268185495,-0.000919044017791748
1746728667763588900,9.6595888671875,-0.18706264972873557,-0.001651883590966463,-0.08647470600782509,-0.0034565578680485487,-0.04652445626812925,0.988661476963432,-0.11460688459309598,left,-0.0006219148635864258,-0.2183168190170904,-1.780487285993993,-9.406854563111066,-0.11360464895499482,0.00017627386841922998,-0.00039640069007873535,2.1239909268185495,-0.0009406954050064087
1746728667803588900,9.6995888671875,-0.18742338756601687,-0.0010370429372414947,-0.08666812604136796,-0.0033322833478450775,-0.04644112536640256,0.9886597833116095,-0.11445955206188764,left,-0.0006523728370666504,-0.21811506803619435,-1.7839605150625109,-9.406632444792985,-0.11350702769302042,0.002736590802669525,-0.00025403499603271484,2.1220593742340803,-0.0008139461278915405
1746728667843588900,9.7395888671875,-0.18742338756601687,-0.00019981677178293467,-0.08666812604136796,-0.0022672745399177074,-0.04644112536640256,0.9886597833116095,-0.11445955206188764,left,-0.0006711483001708984,-0.21811506803619435,-1.7839605150625109,-9.406632444792985,-0.11350702769302042,0.0032013491727411747,-0.000415116548538208,2.1220593742340803,-0.0009619146585464478
1746728667883589000,9.779589111328125,-0.18742338756601687,-0.0037029339000582695,-0.08666812604136796,-0.0029708673246204853,-0.04644112536640256,0.9886597833116095,-0.11445955206188764,left,-0.0005921125411987305,-0.21811506803619435,-1.7839605150625109,-9.406632444792985,-0.11350702769302042,0.0005262589547783136,-0.00030969083309173584,2.1220593742340803,-0.0018517673015594482
1746728668042405600,9.938405517578126,-0.18690890472322172,0.005940570496022701,-0.08632331120617878,0.020794179290533066,-0.046936379965194445,0.988609260873176,-0.11549641194326896,left,0.0022616267669945955,-0.21905566674644342,-1.7787489178940652,-9.405583812522888,-0.11400427342231446,-0.0274411141872406,-0.0027250086423009634,2.131063933944702,0.002362029394134879
1746728668082287900,9.978287841796876,-0.186791293736952,-0.0021789846941828728,-0.08623520541786722,0.00427401065826416,-0.04698253015096426,0.9885775090923414,-0.1156407440641037,left,-0.001204322325065732,-0.21970112112682896,-1.7773869818910955,-9.404439318662881,-0.11432640961705268,-0.012802539393305779,0.0019979351200163364,2.1372420380577446,0.0022468373645097017
1746728668122287900,10.018287841796875,-0.18709336967380896,0.006365115754306316,-0.08639109931021471,-0.006636759266257286,-0.046827942202820494,0.9885582230998908,-0.11538657530816641,left,0.0000851750373840332,-0.21993725838630576,-1.7801337963812052,-9.403405883961915,-0.11443910069949301,-0.006393485236912966,0.0013294517993927002,2.139501945813745,0.002468198537826538
1746728668162287600,10.05828759765625,-0.1876942377286519,0.005384397227317095,-0.08669624352280751,-0.012269474565982819,-0.04661420945159812,0.9885233052340026,-0.11505591930464107,left,0.00040924549102783203,-0.22025791181939058,-1.785655628542602,-9.401659917077422,-0.11459712877556585,-0.00846745166927576,0.0002025514841079712,2.1425706857346,0.0018693804740905762
1746728668202287600,10.09828759765625,-0.18829502959875927,0.004403678700327873,-0.08700136938506796,-0.01790218986570835,-0.04640046639230185,0.9884882190961533,-0.11472542921545188,left,0.0007328987121582031,-0.22057874928619964,-1.7911749764859675,-9.3999098585397,-0.11475513329504941,-0.010541417635977268,-0.0009246021509170532,2.1456408869601784,0.0012704282999038696
1746728668242287600,10.13828759765625,-0.18881803258846297,0.0022454888094216585,-0.08725563519008535,-0.006957961246371269,-0.04628265388072613,0.9884495788297561,-0.11458481558194117,left,-0.002198517322540283,-0.2209455404891571,-1.7959430676706134,-9.398197793924808,-0.11494219105012363,-0.008801529183983803,-0.001341298222541809,2.1491506486468017,-0.00017204880714416504
1746728668282287600,10.17828759765625,-0.18881803258846297,0.00042542372830212116,-0.08725563519008535,-0.002820506226271391,-0.04628265388072613,0.9884495788297561,-0.11458481558194117,left,-0.0007341504096984863,-0.2209455404891571,-1.7959430676706134,-9.398197793924808,-0.11494219105012363,-0.004034408833831549,-0.0012632906436920166,2.1491506486468017,0.0006434023380279541
1746728668322287900,10.218287841796876,-0.18881803258846297,-0.003228298155590892,-0.08725563519008535,0.0030669881962239742,-0.04628265388072613,0.9884495788297561,-0.11458481558194117,left,-0.0013655424118041992,-0.2209455404891571,-1.7959430676706134,-9.398197793924808,-0.11494219105012363,0.00007922714576125145,-0.0006218105554580688,2.1491506486468017,0.00003577768802642822
1746728668362287900,10.258287841796875,-0.18865553796076046,-0.006253872998058796,-0.087167671330968,0.010909918695688248,-0.04638932332614992,0.9884572745416976,-0.11477234383096953,left,-0.001975715160369873,-0.22085227851574102,-1.7944534136347472,-9.398686454224586,-0.1149005549250366,0.00502416817471385,0.00036759674549102783,2.1482582298517228,-0.00020572543144226074
1746728668402287600,10.29828759765625,-0.18824828685517295,-0.007320305332541466,-0.08695884601937719,0.012731230817735195,-0.0465332483605717,0.9884782693760017,-0.11499968926212562,left,-0.0008156299591064453,-0.22068821629239635,-1.7906915768831968,-9.399762559023499,-0.11482000265524345,0.00036705611273646355,0.0013298243284225464,2.146688350186497,0.0002531111240386963
1746728668442287600,10.33828759765625,-0.1878118547819116,-0.007855778560042381,-0.0867267405973887,0.006980760954320431,-0.04670335319636347,0.988490988796307,-0.11529202961107131,left,-0.00008547306060791016,-0.22067690488807795,-1.7865936400450766,-9.400566861143707,-0.11481694044550399,-0.00415168609470129,0.0025115758180618286,2.1465800675064326,-0.0004951953887939453
1746728668482287600,10.37828759765625,-0.1878118547819116,-0.004182879347354174,-0.0867267405973887,0.0026977048255503178,-0.04670335319636347,0.988490988796307,-0.11529202961107131,left,-0.00028061866760253906,-0.22067690488807795,-1.7865936400450766,-9.400566861143707,-0.11481694044550399,-0.002865079091861844,0.0021180659532546997,2.1465800675064326,0.0008267015218734741
1746728668522287600,10.41828759765625,-0.1878118547819116,-0.000509980134665966,-0.0867267405973887,-0.0015853513032197952,-0.04670335319636347,0.988490988796307,-0.11529202961107131,left,-0.00047576427459716797,-0.22067690488807795,-1.7865936400450766,-9.400566861143707,-0.11481694044550399,-0.001578472089022398,0.0017245709896087646,2.1465800675064326,0.0021485984325408936
1746728668562287900,10.458287841796874,-0.1878118547819116,0.005185809917747974,-0.0867267405973887,-0.0070675392635166645,-0.04670335319636347,0.988490988796307,-0.11529202961107131,left,0.00013530254364013672,-0.22067690488807795,-1.7865936400450766,-9.400566861143707,-0.11481694044550399,0.004709389992058277,0.0008131265640258789,2.1465800675064326,0.0014185607433319092
1746728668602287900,10.498287841796875,-0.1878118547819116,0.009054336696863174,-0.0867267405973887,-0.01040334440767765,-0.04670335319636347,0.988490988796307,-0.11529202961107131,left,-0.0005936026573181152,-0.22067690488807795,-1.7865936400450766,-9.400566861143707,-0.11481694044550399,0.005267549771815538,0.0004171133041381836,2.1465800675064326,0.0012247711420059204
1746728668642287600,10.53828759765625,-0.18820789995707723,0.007331663742661476,-0.0869505817667178,-0.008548182435333729,-0.046507796807826046,0.9884929185075124,-0.11492184396550255,left,-0.0006234645843505859,-0.2204731801240853,-1.7903982930250464,-9.400288044202327,-0.11470953895639702,0.0055234129540622234,0.00023718178272247314,2.1446306870043275,0.0005766749382019043
1746728668682287600,10.57828759765625,-0.18860406230570861,0.005608991254121065,-0.08717443211121427,-0.00669301999732852,-0.04631220092831739,0.9884948928637264,-0.11455154480544616,left,-0.0006536245346069336,-0.22026968377445363,-1.7942039689183233,-9.400006889173389,-0.11460214924558737,0.005779276601970196,0.00005733966827392578,2.1426833523288367,-0.00007160007953643799
1746728668722287600,10.61828759765625,-0.18883855539242106,0.0048272255808115005,-0.08731161561017141,-0.00517101539298892,-0.04614348224334762,0.9884965297713417,-0.11422889921831723,left,0.00010991096496582031,-0.22018581011909957,-1.7964419571034609,-9.39976197450161,-0.11455208393870683,0.0018197325989603996,0.00010704994201660156,2.1418806576438247,-0.0011821389198303223
1746728668762287600,10.65828759765625,-0.18883855539242106,0.0017035671044141054,-0.08731161561017141,-0.001254684291779995,-0.04614348224334762,0.9884965297713417,-0.11422889921831723,left,0.0014204978942871094,-0.22018581011909957,-1.7964419571034609,-9.39976197450161,-0.11455208393870683,-0.002879607956856489,-0.0010194778442382812,2.1418806576438247,-0.0009567737579345703
1746728668802287600,10.69828759765625,-0.18883855539242106,0.0015309796435758471,-0.08731161561017141,0.0014517458621412516,-0.04614348224334762,0.9884965297713417,-0.11422889921831723,left,-0.004051804542541504,-0.22018581011909957,-1.7964419571034609,-9.39976197450161,-0.11455208393870683,-0.0008282826747745275,0.00011830031871795654,2.1418806576438247,-0.0014404058456420898
1746728668842287900,10.738287841796875,-0.18883855539242106,0.003968856763094664,-0.08731161561017141,0.012469962239265442,-0.04614348224334762,0.9884965297713417,-0.11422889921831723,left,-0.0013940930366516113,-0.22018581011909957,-1.7964419571034609,-9.39976197450161,-0.11455208393870683,-0.013166358694434166,-0.0005335211753845215,2.1418806576438247,0.0006271302700042725
1746728668882287600,10.77828759765625,-0.18860546428044572,0.0020327346865087748,-0.08717593112488611,0.0032030902802944183,-0.04610428943026878,0.9884722861640206,-0.1141909763369115,left,-0.0003205537796020508,-0.2208639096292143,-1.7939780512079595,-9.398751920676231,-0.11487980019353719,-0.01594710536301136,-0.00019888579845428467,2.148369581271708,0.000659063458442688
1746728668922287600,10.81828759765625,-0.18849138106769225,0.003961166366934776,-0.08710775076552596,-0.001342887058854103,-0.04603911072001915,0.9884525902163661,-0.1140976373730296,left,0.00125885009765625,-0.22137774769717494,-1.7926988250523805,-9.397871046188474,-0.11512675722405644,-0.008083664812147617,0.00013990700244903564,2.1532858487553894,0.0017446577548980713
1746728668962287600,10.85828759765625,-0.1888217790905155,0.0057409778237342834,-0.08730306666300024,-0.008668595924973488,-0.045799769283892226,0.9884573288086309,-0.11363540474001539,left,0.000595390796661377,-0.22121491591093692,-1.7958695640429854,-9.397622039863467,-0.11503380523674969,0.00010198261588811874,0.000053122639656066895,2.151727951788902,0.0009129494428634644
1746728669002287600,10.89828759765625,-0.18915225026654017,0.007520789746195078,-0.08749838325805251,-0.015994304791092873,-0.045560378048720776,0.9884619437739435,-0.11317304525941305,left,-0.00006818771362304688,-0.2210522584220337,-1.79904088755548,-9.39737186449468,-0.114940852632403,0.00828763097524643,-0.000033602118492126465,2.1501716622576117,0.0000810772180557251
1746728669042287600,10.93828759765625,-0.1897507703121572,0.00833706371486187,-0.08782131903745417,-0.017955323681235313,-0.04533555731696254,0.9884514360595522,-0.11277475785202354,left,-0.00019443035125732422,-0.220924105955629,-1.8047170334957539,-9.396564055243134,-0.11487373634035601,0.0029950132593512535,-0.0009673833847045898,2.1489454814635214,0.0003565847873687744
1746728669082287900,10.978287841796876,-0.1903541848733075,0.0039939237758517265,-0.08813912508369783,-0.008601613342761993,-0.045146468467437965,0.9884341790768512,-0.11245801025657728,left,-0.0032904744148254395,-0.22088208329981293,-1.8104037008300422,-9.395562184724211,-0.11485271664082584,0.0014347803080454469,-0.00031422078609466553,2.1485434765338898,-0.0010123252868652344
1746728669122287900,11.018287841796875,-0.1903541848733075,0.0008710501715540886,-0.08813912508369783,-0.005562543869018555,-0.045146468467437965,0.9884341790768512,-0.11245801025657728,left,-0.0017777681350708008,-0.22088208329981293,-1.8104037008300422,-9.395562184724211,-0.11485271664082584,-0.0017973693320527673,-0.0019816458225250244,2.1485434765338898,-0.0006584674119949341
1746728669162287600,11.05828759765625,-0.1903541848733075,-0.0038539241068065166,-0.08813912508369783,0.0012390571646392345,-0.045146468467437965,0.9884341790768512,-0.11245801025657728,left,-0.0015485286712646484,-0.22088208329981293,-1.8104037008300422,-9.395562184724211,-0.11485271664082584,0.0011688271770253778,-0.0009360462427139282,2.1485434765338898,-0.00037841498851776123
1746728669202287600,11.09828759765625,-0.1903541848733075,-0.0055597564205527306,-0.08813912508369783,0.0069037233479321,-0.045146468467437965,0.9884341790768512,-0.11245801025657728,left,-0.0011497139930725098,-0.22088208329981293,-1.8104037008300422,-9.395562184724211,-0.11485271664082584,0.002206549048423767,-0.00020548701286315918,2.1485434765338898,-0.00003732740879058838
1746728669242287600,11.13828759765625,-0.19006386132920025,-0.0068483115173876286,-0.08797440408101694,0.0074446010403335094,-0.04536182975675411,0.9884405369596302,-0.11285520178820442,left,-0.0007532238960266113,-0.22083443136662828,-1.8076953186541795,-9.396187623146176,-0.11484010309551831,-0.0027791373431682587,0.00001583993434906006,2.1480874033294617,0.00042666494846343994
1746728669282287600,11.17828759765625,-0.18977345607331442,-0.008136866614222527,-0.08780965555283633,0.007985478267073631,-0.045577220228967784,0.9884466819254399,-0.11325244532039626,left,-0.0003566741943359375,-0.22078680065658313,-1.8049857674345373,-9.39681247704625,-0.11482745421532416,-0.007764823734760284,0.00023706257343292236,2.147631768516451,0.000890582799911499
1746728669322287900,11.218287841796876,-0.189534757973389,-0.006502408068627119,-0.08766457046920725,0.002574379090219736,-0.04575979885410191,0.9884390022025206,-0.11361354326508372,left,0.000630795955657959,-0.2209783182834513,-1.8026652155324816,-9.396839365053177,-0.11493237444487864,-0.00692601315677166,0.0007130950689315796,2.1494642446406185,0.000986441969871521
1746728669362287900,11.258287841796875,-0.189534757973389,-0.0030769105069339275,-0.08766457046920725,0.001218184712342918,-0.04575979885410191,0.9884390022025206,-0.11361354326508372,left,0.00003892183303833008,-0.2209783182834513,-1.8026652155324816,-9.396839365053177,-0.11493237444487864,-0.0032773585990071297,0.0013148486614227295,2.1494642446406185,0.0014737993478775024
1746728669402287600,11.29828759765625,-0.189534757973389,0.002796085551381111,-0.08766457046920725,-0.003990072291344404,-0.04575979885410191,0.9884390022025206,-0.11361354326508372,left,-0.0002250075340270996,-0.2209783182834513,-1.8026652155324816,-9.396839365053177,-0.11493237444487864,0.0006067128852009773,0.0012628734111785889,2.1494642446406185,0.0010008066892623901
1746728669442287600,11.33828759765625,-0.189534757973389,0.005574656184762716,-0.08766457046920725,-0.006454148329794407,-0.04575979885410191,0.9884390022025206,-0.11361354326508372,left,-0.00042879581451416016,-0.2209783182834513,-1.8026652155324816,-9.396839365053177,-0.11493237444487864,0.0024443045258522034,0.00064125657081604,2.1494642446406185,0.000857427716255188
1746728669482287600,11.37828759765625,-0.1897923504091129,0.005744859576225281,-0.08781078755783835,-0.007270254660397768,-0.045589529504426074,0.9884360048070104,-0.11329681296441875,left,-0.0005699396133422852,-0.22095704885337314,-1.8050943423755466,-9.39641967833638,-0.1149138681745005,0.0016660175751894712,0.0002141892910003662,2.149260684892535,0.0008813738822937012
1746728669522287600,11.41828759765625,-0.1897923504091129,0.0059150634333491325,-0.08781078755783835,-0.00808636099100113,-0.045589529504426074,0.9884360048070104,-0.11329681296441875,left,-0.0006683468818664551,-0.22095704885337314,-1.8050943423755466,-9.39641967833638,-0.1149138681745005,0.0008877305663190782,-0.0004605799913406372,2.149260684892535,0.0008845627307891846
1746728669677364000,11.573364013671876,-0.19070113324836893,-0.006822242401540279,-0.08829174503536998,-0.004270466510206461,-0.04531798537942772,0.9884148047908982,-0.11283650159351064,left,-0.0005269274115562439,-0.2207949161790199,-1.8136989429831505,-9.39511677904427,-0.11483423641720039,-0.0002645145286805928,0.0008006024872884154,2.147709363797307,-0.000994349829852581
1746728669717242400,11.613242431640625,-0.1907383125536486,-0.0031719128601253033,-0.08829630204566657,-0.013826600275933743,-0.04541975892211621,0.9884059945298982,-0.11305130324535058,left,0.008178756572306156,-0.2208395520630857,-1.8140300746336577,-9.394955451002717,-0.1148665920452583,0.0021812203340232372,-0.0016930850688368082,2.148136503168195,-0.0009018240962177515
1746728669757242400,11.653242431640624,-0.19052040824245106,-0.004456365015357733,-0.08818369926981719,-0.00914996862411499,-0.04542005945419645,0.9884074540300075,-0.11304308636192664,left,0.004760682582855225,-0.22100162247740707,-1.8119168818719684,-9.395008642494679,-0.11494126793064038,-0.0016179208178073168,-0.0009489059448242188,2.149687239741534,-0.0004154592752456665
1746728669797242400,11.693242431640625,-0.19052040824245106,-0.005740817170590162,-0.08818369926981719,-0.004473336040973663,-0.04542005945419645,0.9884074540300075,-0.11304308636192664,left,0.0013372302055358887,-0.22100162247740707,-1.8119168818719684,-9.395008642494679,-0.11494126793064038,-0.005417061969637871,0.000010773539543151855,2.149687239741534,0.00022901594638824463
1746728669996358000,11.89235791015625,-0.19173119129746446,-0.0030553583055734634,-0.08881630744074481,-0.012626348063349724,-0.04469312203025439,0.9883244207670913,-0.11182419428928664,left,0.00021219439804553986,-0.2220890963124382,-1.8228442263387143,-9.390507239422202,-0.1154513844273946,-0.005780918523669243,-0.0035036681219935417,2.160090998725593,-0.0010152441682294011
1746728670036234500,11.932234375,-0.19162169290716347,-0.006684990134090185,-0.0887483365178665,0.012650786899030209,-0.044792047135880336,0.9883208098752656,-0.11201959492681969,left,-0.003190302988514304,-0.22216734482614908,-1.8217837575003504,-9.390541141691804,-0.11549622967697282,-0.002981864381581545,-0.001450596610084176,2.1608394790053365,0.0033999397419393063
1746728670076234200,11.972234130859375,-0.19137032642537127,-0.007530472241342068,-0.08861933959790047,0.012875896878540516,-0.04494474293076571,0.9883416052295578,-0.1122693946047057,left,-0.0021234750747680664,-0.22187548572267132,-1.8195431389667092,-9.391617246490716,-0.11535761805573004,0.0007241552229970694,-0.0009654611349105835,2.158047656329721,0.002263173460960388
1746728670116234200,12.012234130859374,-0.191118939856912,-0.008375954814255238,-0.08849034198035764,0.013101007789373398,-0.04509744387968729,0.9883624847198303,-0.11251928491747955,left,-0.0010567307472229004,-0.22158373503273168,-1.817301789780706,-9.39269218224585,-0.11521900705152985,0.004430174827575684,-0.00048038363456726074,2.155256564306468,0.001126319169998169
1746728670156234200,12.052234130859375,-0.1908100442459719,-0.009599898010492325,-0.08831538370828187,0.011505348607897758,-0.045329177417486155,0.9883700354089042,-0.11294532250965968,left,-0.000826418399810791,-0.22151628822421537,-1.8144278417795896,-9.393395946601032,-0.11519756401489233,-0.0010261181741952896,0.00040169060230255127,2.1546112521402536,0.0007525533437728882
1746728670196234200,12.092234130859374,-0.1905011023519006,-0.010823840275406837,-0.08814041626104115,0.00990968942642212,-0.04556086115623989,0.9883774624710256,-0.11337127693452087,left,-0.000596165657043457,-0.22144896480971607,-1.811553163126111,-9.394098541912436,-0.1151761091999628,-0.0064824107103049755,0.0012837052345275879,2.1539672551482916,0.00037866830825805664
1746728670236234500,12.132234375,-0.1902731857514269,-0.009962869808077812,-0.08799957164510767,0.0043047945946455,-0.04578585309114058,0.9883728428384899,-0.11380911295973566,left,0.0003936290740966797,-0.22153864455062336,-1.8093755268260836,-9.394321244752406,-0.11523444620561414,-0.005787251051515341,0.000750809907913208,2.154825187151879,0.0008830726146697998
1746728670276234500,12.172234375,-0.19009602030268258,-0.00990408007055521,-0.08788684427085539,0.005507679656147957,-0.04600013572841444,0.9883691748197678,-0.11422563861321174,left,-0.00041484832763671875,-0.2215738522462651,-1.8076967799589037,-9.394567328467964,-0.1152660816910709,-0.0019413833506405354,0.0011602193117141724,2.155162017890811,0.0009102523326873779
1746728670316234200,12.212234130859375,-0.18994719012275688,-0.006799047347158194,-0.08779590646053714,0.0056231156922876835,-0.04619052736943016,0.988372544134774,-0.11458370592148642,left,0.00014162063598632812,-0.22147697479723297,-1.8063380588263271,-9.395041375720501,-0.11523055767660258,0.0013914029113948345,0.0008518248796463013,2.1542351123042405,0.0014614760875701904
1746728670356234200,12.252234130859375,-0.18994719012275688,-0.0030326831620186567,-0.08779590646053714,0.004809901118278503,-0.04619052736943016,0.988372544134774,-0.11458370592148642,left,0.000010728836059570312,-0.22147697479723297,-1.8063380588263271,-9.395041375720501,-0.11523055767660258,0.003426928538829088,0.0005761533975601196,2.1542351123042405,0.0005936622619628906
1746728670396234200,12.292234130859375,-0.18994719012275688,-0.0032491940073668957,-0.08779590646053714,0.004969981033354998,-0.04619052736943016,0.988372544134774,-0.11458370592148642,left,-0.0006257891654968262,-0.22147697479723297,-1.8063380588263271,-9.395041375720501,-0.11523055767660258,0.004972824361175299,0.0013095736503601074,2.1542351123042405,-0.0009578615427017212
1746728670436234200,12.332234130859375,-0.18948089496303472,-0.006761147174984217,-0.08755912633671094,0.0074852146208286285,-0.046367442622032316,0.9884013144368099,-0.11485869006273206,left,-0.0004170536994934082,-0.22119439724535078,-1.8020714874230324,-9.396479884091018,-0.11509235093944958,0.0028845928609371185,0.0019809454679489136,2.15153169856444,-0.0012868940830230713
1746728670476234500,12.372234375,-0.18935132520580908,-0.013648593798279762,-0.08746321294700068,0.005787379574030638,-0.04674755100792348,0.9884053075000442,-0.11558327641844879,left,-0.0009673237800598145,-0.2209035518061808,-1.800971709487587,-9.397327440831065,-0.11497747334739779,0.0009299342054873705,0.0013442039489746094,2.148748789847642,-0.0011078566312789917
1746728670516234500,12.412234375,-0.18922156189411704,-0.020536039024591446,-0.08736729107969841,0.004089544527232647,-0.04712768857671341,0.9884090876463095,-0.11630792782041319,left,-0.0015175938606262207,-0.2206127932876798,-1.7998697395950556,-9.39817441304922,-0.11486258336000993,-0.0010247246827930212,0.0007072389125823975,2.1459666117832064,-0.0009288936853408813
1746728670674267100,12.57026708984375,-0.18926851165421366,0.009275730699300766,-0.08734614443071055,0.03383896127343178,-0.04788021847235242,0.9884294523355005,-0.11772633499930653,left,-0.012794200330972672,-0.21952973700653133,-1.8007472530819475,-9.400366954657434,-0.1143910548867699,0.007632354274392128,0.003558762837201357,2.1356017235048115,0.0010134278563782573
1746728670714144500,12.61014453125,-0.18873964646789132,-0.004731779918074608,-0.08707870384313382,-0.013393902219831944,-0.04786694761519384,0.9884395972109797,-0.11766631520516861,left,0.00749446265399456,-0.21980706590308255,-1.7956642507292329,-9.400735787969827,-0.11451267193088849,-0.007837582379579544,-0.002244015457108617,2.138256037405878,-0.002900970634073019
1746728670873653000,12.769653076171876,-0.19063825423634878,0.010150939226150513,-0.08809188302323981,-0.01253559347242117,-0.04663757583079097,0.9883346866367034,-0.11554003844426824,left,-0.001365138334222138,-0.22119361026883935,-1.8129457865282892,-9.3943896338135,-0.11514879290960997,-0.001741079380735755,-0.00022772920783609152,2.151524099779874,-0.0013781266752630472
1746728670913530000,12.809530029296875,-0.1916157303907446,-0.008642815053462982,-0.08856843599405662,-0.027199609205126762,-0.04656549339056012,0.9882808728370287,-0.11552950505479984,left,-0.0003130082623101771,-0.22140284233258903,-1.8220419700451194,-9.39217078872025,-0.1152743669618257,-0.0013520909706130624,-0.002266000024974346,2.153525941121578,-0.0006995105068199337
1746728670953530000,12.849530029296876,-0.19183730459190407,-0.006846204400062561,-0.08867990108908833,-0.01787611097097397,-0.046614512144152145,0.9882807836034451,-0.11563085642087374,left,-0.0003123283386230469,-0.221171827282247,-1.8242177066490053,-9.392254959872364,-0.11517000060614219,0.004243339877575636,-0.002119883894920349,2.1513157177262006,-0.0002616792917251587
1746728670993530000,12.889530029296875,-0.19183730459190407,-0.005049594212323427,-0.08867990108908833,-0.008552612736821175,-0.046614512144152145,0.9882807836034451,-0.11563085642087374,left,-0.00032025575637817383,-0.221171827282247,-1.8242177066490053,-9.392254959872364,-0.11517000060614219,0.0098387710750103,-0.002195611596107483,2.1513157177262006,-0.00004921853542327881
1746728671033530000,12.929530029296876,-0.19183730459190407,-0.005928806494921446,-0.08867990108908833,0.002823241986334324,-0.046614512144152145,0.9882807836034451,-0.11563085642087374,left,-0.0016072392463684082,-0.221171827282247,-1.8242177066490053,-9.392254959872364,-0.11517000060614219,0.007835282012820244,-0.0010011643171310425,2.1513157177262006,-0.0005312711000442505
1746728671192713700,13.088713623046875,-0.19181847400528007,-0.0027337262872606516,-0.0885891416181291,-0.005376420449465513,-0.0476793550055701,0.9882882237008435,-0.11767514278123294,left,0.0018920658621937037,-0.2201149431971615,-1.8244732888452708,-9.394515890541673,-0.11473856271825845,-0.001329589867964387,-0.0005728732794523239,2.141202466121316,0.0023724765051156282
1746728671232592600,13.128592529296874,-0.1919973308196577,0.005018917378038168,-0.08868521365868935,-0.005557839293032885,-0.047599916574228136,0.988283209121346,-0.11753601213011686,left,-0.0005269274115562439,-0.22012334210986564,-1.826150136016309,-9.394172191670537,-0.11474079804293176,0.00354759581387043,0.0008006024872884154,2.141282837881148,-0.000994349829852581
1746728671272592600,13.168592529296875,-0.19237459846540708,0.002652752446010709,-0.08887796326548018,-0.007018886040896177,-0.04752334190358569,0.9882691094556564,-0.11742496775918684,left,-0.0010244250297546387,-0.22012447094721282,-1.8296936538420616,-9.393480117753148,-0.11474538957651936,0.0013704670127481222,0.000045493245124816895,2.141293651536107,-0.0003766864538192749
1746728671312592400,13.20859228515625,-0.19237459846540708,0.0011002024402841926,-0.08887796326548018,-0.00773781118914485,-0.04752334190358569,0.9882691094556564,-0.11742496775918684,left,-0.0005394816398620605,-0.22012447094721282,-1.8296936538420616,-9.393480117753148,-0.11474538957651936,0.0024455415550619364,-0.0007111728191375732,2.141293651536107,-0.00005614757537841797
1746728671352592400,13.24859228515625,-0.19237459846540708,0.00017318240134045482,-0.08887796326548018,-0.0051528336480259895,-0.04752334190358569,0.9882691094556564,-0.11742496775918684,left,-0.00029796361923217773,-0.22012447094721282,-1.8296936538420616,-9.393480117753148,-0.11474538957651936,0.002940850332379341,-0.0012070834636688232,2.141293651536107,8.195638656616211e-7
1746728671392592400,13.28859228515625,-0.19278587382904655,-0.0017139052506536245,-0.08908365857566954,-0.003515993244946003,-0.04754000222700333,0.9882584613690688,-0.11748812738312116,left,-0.0006545186042785645,-0.21994691507266192,-1.8336296781167387,-9.393099594002962,-0.11467035236328288,0.002235392341390252,-0.0005854219198226929,2.139594446402788,0.0004170536994934082
1746728671432592600,13.328592529296875,-0.19319711796009215,-0.003600992728024721,-0.08928934401311589,-0.0018791528418660164,-0.04755666255042032,0.9882478132824811,-0.1175512163392354,left,-0.0010112524032592773,-0.2197693338333991,-1.8375652639999984,-9.392717901208997,-0.11459530398879435,0.0015299345832318068,0.00003619492053985596,2.137894802878052,0.0008332878351211548
1746728671472592600,13.368592529296874,-0.19366211734107086,-0.0013750703074038029,-0.08952363032742244,-0.007758432999253273,-0.04756082262217497,0.9882364530355259,-0.11759275035491945,left,-0.001878201961517334,-0.21956837740906665,-1.8420153752766548,-9.392283601444959,-0.1145090416824366,0.005786451511085033,0.00022952258586883545,2.135971433600038,0.00034336745738983154
1746728671512592600,13.408592529296875,-0.19366211734107086,-0.0011242498876526952,-0.08952363032742244,-0.006500555202364922,-0.04756082262217497,0.9882364530355259,-0.11759275035491945,left,-0.00040036439895629883,-0.21956837740906665,-1.8420153752766548,-9.392283601444959,-0.1145090416824366,0.002021278953179717,0.0010926425457000732,2.135971433600038,-0.00009174644947052002
1746728671552592600,13.448592529296874,-0.19366211734107086,-0.0008734294679015875,-0.08952363032742244,-0.00524267740547657,-0.04756082262217497,0.9882364530355259,-0.11759275035491945,left,0.0010774731636047363,-0.21956837740906665,-1.8420153752766548,-9.392283601444959,-0.1145090416824366,-0.001743893139064312,0.001955762505531311,2.135971433600038,-0.0005268603563308716
1746728671592592400,13.48859228515625,-0.19366211734107086,0.002555491868406534,-0.08952363032742244,-0.0072153606452047825,-0.04756082262217497,0.9882364530355259,-0.11759275035491945,left,0.000738978385925293,-0.21956837740906665,-1.8420153752766548,-9.392283601444959,-0.1145090416824366,0.002686592750251293,0.0020659416913986206,2.135971433600038,0.0004474818706512451
1746728671632592400,13.52859228515625,-0.19366211734107086,0.0059844134375452995,-0.08952363032742244,-0.009188043884932995,-0.04756082262217497,0.9882364530355259,-0.11759275035491945,left,0.000400543212890625,-0.21956837740906665,-1.8420153752766548,-9.392283601444959,-0.1145090416824366,0.007117078639566898,0.002176135778427124,2.135971433600038,0.0014218240976333618
1746728671672592600,13.568592529296875,-0.1938031187818826,0.006255765445530415,-0.08962252151659857,-0.01349246222525835,-0.0472759033716813,0.9882395499440105,-0.11703983975423168,left,0.00021266937255859375,-0.2196395520602363,-1.8433103835232554,-9.391874436122178,-0.1145227490814733,0.0018497365526854992,0.0011322349309921265,2.1366526938624677,0.0010447502136230469
1746728671712592600,13.608592529296875,-0.19394407830841132,0.006527117919176817,-0.0897214028330329,-0.01779688149690628,-0.046990939476178814,0.9882426073615228,-0.1164868529117959,left,0.00002485513687133789,-0.21971082078311777,-1.8446048072479664,-9.391465270799397,-0.11453644531926056,-0.0034176055341959,0.00008828938007354736,2.137334830907732,0.0006675869226455688
1746728671752592600,13.648592529296875,-0.19433502810001996,0.00897810235619545,-0.08992863116959232,-0.012141359969973564,-0.04673483680308313,0.9882184346008146,-0.11604774211106926,left,-0.0032789111137390137,-0.22003718164745065,-1.848141456941515,-9.390058326610923,-0.11468694585714508,-0.007000165991485119,0.0001484006643295288,2.1404582236252723,0.0021552741527557373
1746728671792592600,13.688592529296875,-0.19457805372046713,0.005855955183506012,-0.09005717897852629,-0.009728699922561646,-0.04661201652427283,0.9882069567412997,-0.11583823584432881,left,-0.0022205710411071777,-0.22014167556592446,-1.8503801757790148,-9.38938963356912,-0.11473475955421397,0.0004710056819021702,-0.00021167099475860596,2.1414583405785264,0.001528516411781311
1746728671832592400,13.72859228515625,-0.19457805372046713,0.0027338084764778614,-0.09005717897852629,-0.0073160408064723015,-0.04661201652427283,0.9882069567412997,-0.11583823584432881,left,-0.001094043254852295,-0.22014167556592446,-1.8503801757790148,-9.38938963356912,-0.11473475955421397,0.00794217735528946,-0.0008000284433364868,2.1414583405785264,0.0010037124156951904
1746728671872592400,13.76859228515625,-0.19483729200466948,0.0013707773759961128,-0.09021053185874688,-0.00510647427290678,-0.04647628290465332,0.9882162849781201,-0.11556430383778807,left,-0.0007721185684204102,-0.21985984848486412,-1.852931029305607,-9.389501277250051,-0.11458936230554091,0.012977789156138897,-0.001797497272491455,2.1387612104490397,0.0009586215019226074
1746728671912592400,13.80859228515625,-0.19483729200466948,0.0015296702040359378,-0.09021053185874688,-0.0007399478927254677,-0.04647628290465332,0.9882162849781201,-0.11556430383778807,left,-0.0010204911231994629,-0.21985984848486412,-1.852931029305607,-9.389501277250051,-0.11458936230554091,0.00781303085386753,-0.0024926215410232544,2.1387612104490397,0.00021263957023620605
1746728671952592600,13.848592529296875,-0.19483729200466948,-0.0018401768757030368,-0.09021053185874688,0.003851573448628187,-0.04647628290465332,0.9882162849781201,-0.11556430383778807,left,-0.0006608366966247559,-0.21985984848486412,-1.852931029305607,-9.389501277250051,-0.11458936230554091,0.0024139261804521084,-0.0019260793924331665,2.1387612104490397,-0.0008051395416259766
1746728671992592600,13.888592529296876,-0.19483729200466948,-0.006832767743617296,-0.09021053185874688,0.0076212831772863865,-0.04647628290465332,0.9882162849781201,-0.11556430383778807,left,-0.0007941722869873047,-0.21985984848486412,-1.852931029305607,-9.389501277250051,-0.11458936230554091,0.001949245110154152,-0.0010442882776260376,2.1387612104490397,-0.0018049925565719604
1746728672032592600,13.928592529296875,-0.1946275166702903,-0.0060403356328606606,-0.09010574443685834,0.006985282991081476,-0.04667398148944795,0.9882444999588049,-0.11588698858689656,left,-0.00039637088775634766,-0.21934908273266387,-1.8511723490700125,-9.390960243886708,-0.11434697390114226,0.004335873760282993,-0.0012728571891784668,2.133872561624646,-0.0007460415363311768
1746728672072592400,13.96859228515625,-0.19441761876276933,-0.005247903522104025,-0.09000094783980508,0.006349282804876566,-0.04687168007424194,0.9882727149394894,-0.1162097673827153,left,0.0000011324882507324219,-0.21883840903135465,-1.8494113307468592,-9.392416287913917,-0.11410457371844511,0.00672250147908926,-0.0015016496181488037,2.1289842050611973,0.0003128349781036377
1746728672112592400,14.00859228515625,-0.19416958954724503,-0.0006238236092031002,-0.08988854299078117,0.006253671832382679,-0.046959071164989395,0.9883055336638255,-0.11630965329539178,left,0.0000813603401184082,-0.21837237771247237,-1.8472730035439133,-9.39384719749987,-0.11387324040442391,0.007224379573017359,-0.0002489238977432251,2.1245228417381643,-0.000007644295692443848
1746728672269374700,14.165374755859375,-0.1938680074271399,0.002525199670344591,-0.08975533846148362,-0.0032934225164353848,-0.0468681825711576,0.9883286673093803,-0.11608222551724333,left,0,-0.2182878562203698,-1.8444744588665662,-9.394580187949538,-0.1138142471768533,-0.01195800956338644,0,2.1237135711818933,0
1746728672309374500,14.20537451171875,-0.19387324826536448,-0.00217164633795619,-0.08973876903441325,-0.010354161262512207,-0.046944838598276736,0.9883110081523719,-0.11626466219213206,left,0.00375974178314209,-0.21854573645402553,-1.844418198634684,-9.394033075460792,-0.11394982092161107,-0.008285251446068287,-0.0009062737226486206,2.126182445513457,-0.0007979422807693481
1746728672349374500,14.24537451171875,-0.19387324826536448,-0.001099252956919372,-0.08973876903441325,0.012153558433055878,-0.046944838598276736,0.9883110081523719,-0.11626466219213206,left,-0.0049664974212646484,-0.21854573645402553,-1.844418198634684,-9.394033075460792,-0.11394982092161107,-0.007772069424390793,0.0011130720376968384,2.126182445513457,0.0006823986768722534
1746728672389374500,14.28537451171875,-0.193500506321684,-0.0020215557888150215,-0.08952484781876782,0.010134213604032993,-0.04708871279016131,0.9883008434335888,-0.11655316579990567,left,-0.003934979438781738,-0.2189358078909495,-1.8407568996481596,-9.39390506516695,-0.11414650636551679,-0.009853756986558437,0.0012248754501342773,2.12991666360572,0.0005368143320083618
1746728672429374500,14.32537451171875,-0.19312785140601454,-0.002943858504295349,-0.08931091742795619,0.008114868775010109,-0.047232581828009004,0.9882905945788252,-0.11684154709798253,left,-0.002903759479522705,-0.2193259893911686,-1.8370963313139974,-9.39377413226366,-0.11434318003112787,-0.011935444548726082,0.0013367682695388794,2.133651466219872,0.000391155481338501
1746728672469374500,14.36537451171875,-0.19298797246174193,0.001192346215248108,-0.08921289393551991,0.0024261423386633396,-0.047341075520715585,0.9882687893579196,-0.11708935595639029,left,0.0005491375923156738,-0.21975658662840203,-1.835605946625769,-9.393128235575556,-0.114563437228066,-0.012158123776316643,0.00032483041286468506,2.13777278393358,0.0017731338739395142
1746728672509374700,14.405374755859375,-0.19303716549211739,0.007849443703889847,-0.08922390874742862,-0.00243990495800972,-0.047276725914675105,0.9882419486759146,-0.11701738659991008,left,0.00019299983978271484,-0.22026572921878873,-1.8358590446040033,-9.391968544146419,-0.11481265731618093,-0.01057196594774723,-0.0003015100955963135,2.1426455045364796,0.0010311603546142578
1746728672549374500,14.44537451171875,-0.19319504738730883,0.004995615221560001,-0.08929514340604516,-0.0038527792785316706,-0.04713983194214596,0.988211655711156,-0.11681440846104973,left,0.00025266408920288086,-0.22080517411642986,-1.8371197121895848,-9.390542895257472,-0.11507354442500244,-0.009128053672611713,-0.0009239614009857178,2.147807563474774,0.0006806850433349609
1746728672589374500,14.48537451171875,-0.19335283418054652,0.0021417872048914433,-0.08936636888949816,-0.005265653599053621,-0.04700289332460796,0.9881813232554252,-0.11661141564552892,left,0.0003120899200439453,-0.22134466778632053,-1.8383783339485524,-9.38911432375908,-0.1153344197555281,-0.007684141397476196,-0.0015465766191482544,2.152969330152124,0.00033020973205566406
1746728672629374500,14.52537451171875,-0.19335283418054652,-0.0045732795260846615,-0.08936636888949816,0.006035097409039736,-0.04700289332460796,0.9881813232554252,-0.11661141564552892,left,-0.0007080435752868652,-0.22134466778632053,-1.8383783339485524,-9.38911432375908,-0.1153344197555281,-0.005240196827799082,-0.0020180940628051758,2.152969330152124,0.0009140223264694214
1746728672669374500,14.56537451171875,-0.19320455960225533,-0.005019302945584059,-0.0892657697740303,0.0041597564704716206,-0.04713904567572701,0.9881650443275681,-0.11690167284348855,left,0.00026732683181762695,-0.22165429798162387,-1.8368581386439502,-9.388732630965112,-0.11549667569105779,-0.0017044241540133953,-0.0013409405946731567,2.1559316870890557,0.0013053566217422485
1746728672709374500,14.60537451171875,-0.19320455960225533,-0.00346967950463295,-0.0892657697740303,0.005965014919638634,-0.04713904567572701,0.9881650443275681,-0.11690167284348855,left,-0.00021755695343017578,-0.22165429798162387,-1.8368581386439502,-9.388732630965112,-0.11549667569105779,-0.0014796580653637648,-0.00030663609504699707,2.1559316870890557,0.001107141375541687
1746728672749374700,14.645374755859375,-0.1928122311637668,-0.002268168842419982,-0.08904580402282257,0.010127469897270203,-0.047293043905008963,0.988161606722314,-0.11719511894958802,left,-0.0004538297653198242,-0.22192200231593615,-1.833063860927522,-9.388885775700212,-0.11563259930735544,-0.0067357635125517845,0.000014677643775939941,2.158492623618245,0.0008591711521148682
1746728672789374500,14.68537451171875,-0.19254858180465254,-0.004863802343606949,-0.0888763092943446,0.0073201414197683334,-0.047463836040368655,0.9881372942027862,-0.11756368132762371,left,-0.00019443035125732422,-0.22244340978801205,-1.8303728682778775,-9.388262675365805,-0.11590004199500853,-0.010736781172454357,0.0006287693977355957,2.163480202772468,0.00036163628101348877
1746728672829374500,14.72537451171875,-0.1922850884111356,-0.007459435611963272,-0.08870679551796012,0.004512812942266464,-0.047634583530718845,0.9881129421922857,-0.11793207291737633,left,0.00006461143493652344,-0.22296492491326306,-1.8276831908024846,-9.38763548337817,-0.11616746174311372,-0.01473779883235693,0.00124301016330719,2.1684682203181085,-0.00013597309589385986
1746728672869374500,14.76537451171875,-0.19232729941232343,-0.004719903692603111,-0.08869662564923735,0.0007897121831774712,-0.047793234249838064,0.9880868821037563,-0.1182888562583636,left,-0.000008821487426757812,-0.22326292238659448,-1.8279558702640235,-9.386924120238422,-0.1163313341847193,-0.009090058505535126,0.0008075684309005737,2.1713180567912755,0.0009025931358337402
1746728672909374500,14.80537451171875,-0.19236962061888266,-0.001980372006073594,-0.08868644660535249,-0.0029333883430808783,-0.04795184547798471,0.9880608666602348,-0.11864560844042359,left,-0.00008237361907958984,-0.22356092400792743,-1.8282292803779243,-9.386211003533004,-0.11649519484802522,-0.0034423177130520344,0.00037217140197753906,2.1741678932644426,0.0019412040710449219
1746728672949374500,14.84537451171875,-0.19236962061888266,0.0027996350545436144,-0.08868644660535249,-0.005863779224455357,-0.04795184547798471,0.9880608666602348,-0.11864560844042359,left,-0.00033974647521972656,-0.22356092400792743,-1.8282292803779243,-9.386211003533004,-0.11649519484802522,0.0026416010223329067,0.00018262863159179688,2.1741678932644426,0.0013414472341537476
1746728672989374700,14.885374755859376,-0.19236962061888266,0.003939189016819,-0.08868644660535249,-0.008405385538935661,-0.04795184547798471,0.9880608666602348,-0.11864560844042359,left,0.00026810169219970703,-0.22356092400792743,-1.8282292803779243,-9.386211003533004,-0.11649519484802522,0.0022077655885368586,-0.0002173781394958496,2.1741678932644426,0.0010490864515304565
1746728673029374700,14.925374755859375,-0.19292936388151682,0.0023816251195967197,-0.08897446970349708,-0.010420995764434338,-0.0478070721908016,0.9880391214934053,-0.11842295201179893,left,0.00012993812561035156,-0.22360343605493033,-1.833465135204792,-9.385095735767484,-0.11651967795702962,0.002095563570037484,-0.0001051872968673706,2.1745744282387194,0.0005079060792922974
1746728673069374500,14.96537451171875,-0.19327015797053926,0.0014220321318134665,-0.08915058194809902,-0.00796099379658699,-0.04776602038489874,0.9880320932130202,-0.11836666418763177,left,0.000317990779876709,-0.2234741742853882,-1.836717414999008,-9.38474560715556,-0.11646153788535372,0.003174758516252041,-0.00017951428890228271,2.173338310572505,0.000122755765914917
1746728673109374500,15.00537451171875,-0.19327015797053926,0.00046243914403021336,-0.08915058194809902,-0.005500992760062218,-0.04776602038489874,0.9880320932130202,-0.11836666418763177,left,0.00054168701171875,-0.2234741742853882,-1.836717414999008,-9.38474560715556,-0.11646153788535372,0.004253953695297241,-0.0005854964256286621,2.173338310572505,-0.00038842856884002686
1746728673149374500,15.04537451171875,-0.1937542149007037,0.000004748959327116609,-0.08939017815740367,-0.009398010559380054,-0.0478232480422725,0.9880205646164022,-0.11851271682903,left,0.000715792179107666,-0.22321540644874593,-1.8413681634142993,-9.384407168981433,-0.11635195767440783,0.005200115963816643,-0.0012315064668655396,2.1708637371525166,-0.0004715919494628906
1746728673189374500,15.08537451171875,-0.194238195933295,-0.0004529412544798106,-0.08962976519154217,-0.013295028358697891,-0.04788047054560935,0.9880089518838037,-0.11865862642696724,left,0.0008897781372070312,-0.22295656068120906,-1.8460181811772285,-9.384065808197855,-0.11624236568516726,0.006146278232336044,-0.0018775612115859985,2.168388140819222,-0.000554695725440979
1746728673229374500,15.12537451171875,-0.1939690943410476,-0.0037848593201488256,-0.08949591410035079,-0.01162684615701437,-0.047934555141135905,0.9880240069942248,-0.11872724579794006,left,0.003024160861968994,-0.22286797034403508,-1.8435298714928328,-9.384750867852569,-0.1161952840843928,0.002241319976747036,-0.0017150044441223145,2.1675408763401207,-0.00270138680934906
1746728673269374700,15.165374755859375,-0.1939690943410476,-0.007116776891052723,-0.08949591410035079,-0.009958663955330849,-0.047934555141135905,0.9880240069942248,-0.11872724579794006,left,0.005088746547698975,-0.22286797034403508,-1.8435298714928328,-9.384750867852569,-0.1161952840843928,-0.0016636380460113287,-0.0012986809015274048,2.1675408763401207,-0.004934489727020264
1746728673309374500,15.20537451171875,-0.1937930557867038,-0.00596451573073864,-0.08939182638718489,-0.003968296572566032,-0.04809548017459965,0.9880254232876458,-0.1190307579811652,left,0.0015611052513122559,-0.22285315241931122,-1.8418840039819477,-9.385106841683386,-0.11619731407773197,-0.007715566083788872,-0.0007817447185516357,2.167399129781872,-0.0000241696834564209
1746728673349374500,15.24537451171875,-0.1937930557867038,0.0030746636912226677,-0.08939182638718489,-0.005410324782133102,-0.04809548017459965,0.9880254232876458,-0.1190307579811652,left,0.0016292929649353027,-0.22285315241931122,-1.8418840039819477,-9.385106841683386,-0.11619731407773197,-0.009134875610470772,-0.0011658072471618652,2.167399129781872,0.0031655430793762207
1746728673389374500,15.28537451171875,-0.19386412517845453,0.009638002142310143,-0.08942345996027239,-0.007626977749168873,-0.04795039603656167,0.9880020503686712,-0.11879650401805145,left,0.001051187515258789,-0.2233450555294918,-1.842345337883383,-9.38392844555378,-0.11643124008631638,-0.005243712104856968,-0.0012033581733703613,2.172103508080542,0.0013424605131149292
1746728673429374500,15.32537451171875,-0.19405632689646363,0.011014414951205254,-0.08952814444602937,-0.006741075776517391,-0.0477192218483046,0.9879822621514449,-0.1183925101407428,left,-0.0006530880928039551,-0.2237426586706346,-1.8439822914354502,-9.382726084026693,-0.11661391746661362,-0.004627729766070843,-0.0005431026220321655,2.175905676842481,0.0017756372690200806
1746728673585260800,15.4812607421875,-0.19454360104693758,-0.0008694746065884829,-0.08982931383201034,-0.011660024523735046,-0.04706485343608592,0.9879720145014216,-0.11715990584238424,left,0.00015391700435429811,-0.2240745353050897,-1.8484142825335264,-9.381117479786276,-0.11673394224731831,0.008769883774220943,0.0004774013359565288,2.1790790461815894,-0.001615369925275445
1746728673625261000,15.521260986328125,-0.19454360104693758,-0.00046912679681554437,-0.08982931383201034,-0.0016731759533286095,-0.04706485343608592,0.9879720145014216,-0.11715990584238424,left,-0.0013496875762939453,-0.2240745353050897,-1.8484142825335264,-9.381117479786276,-0.11673394224731831,-0.0036562690511345863,-0.00008399784564971924,2.1790790461815894,-0.0006992071866989136
1746728673665261000,15.561260986328126,-0.1944012458558423,-0.0029503360856324434,-0.08973296671341374,0.003778611309826374,-0.04715744891088725,0.9879526188582173,-0.11737179311308374,left,-0.0013573169708251953,-0.2244710166562094,-1.846911769016087,-9.38053178885281,-0.11693568713254315,-0.013438682071864605,-0.00015620887279510498,2.1828698167666793,-0.0010402947664260864
1746728673705261000,15.601260986328125,-0.19434388755196483,-0.0009070453234016895,-0.08966747838292989,0.0009998164605349302,-0.04730400271338726,0.9879207125796182,-0.11771348125538277,left,-0.00044423341751098633,-0.22496880691821441,-1.846163580997288,-9.379570834866165,-0.11719524326386564,-0.011716911569237709,0.00011873245239257812,2.1876287017315623,0.00020900368690490723
1746728673745261000,15.641260986328126,-0.19428675091258243,0.0011362452059984207,-0.08960198935486659,-0.0017789783887565136,-0.04745060116089545,0.9878888457919912,-0.11805529644294173,left,0.0004685521125793457,-0.225466661921939,-1.8454171465441584,-9.378606373748182,-0.11745480001223195,-0.009995141066610813,0.0003938525915145874,2.1923877328269183,0.001458287239074707
1746728673785260800,15.6812607421875,-0.19428675091258243,0.006160890217870474,-0.08960198935486659,-0.00548761198297143,-0.04745060116089545,0.9878888457919912,-0.11805529644294173,left,0.0005034804344177246,-0.225466661921939,-1.8454171465441584,-9.378606373748182,-0.11745480001223195,-0.0021775728091597557,-0.0007172077894210815,2.1923877328269183,0.0016980022192001343
1746728673825260800,15.7212607421875,-0.19452109852770288,0.007752785459160805,-0.08973615433887848,-0.006102224346250296,-0.04720610625551689,0.9878770097455567,-0.11761130615220766,left,-0.000635683536529541,-0.22568876093007803,-1.8475208408251405,-9.377695688644051,-0.1175500066489922,-0.0028899870812892914,-0.000936463475227356,2.1945105701997876,0.0003035515546798706
1746728673865261000,15.761260986328125,-0.19475539271465203,0.009344680234789848,-0.08987032002046863,-0.0067168367095291615,-0.046961611350138294,0.9878651736991221,-0.11716736759520593,left,-0.001774907112121582,-0.2259109999529286,-1.8496235121928155,-9.37678383449614,-0.11764521266870602,-0.003602401353418827,-0.0011558383703231812,2.1966347227469085,-0.0010910332202911377
1746728674023892000,15.91989208984375,-0.19557981784247827,-0.007088245823979378,-0.0901799819577652,0.005791767500340939,-0.04682664743296151,0.987683720666794,-0.11727007868919082,left,-0.00409196550026536,-0.22856343126756481,-1.856214434890449,-9.369507121491432,-0.11897746090118598,-0.02606053650379181,0.00019094388699159026,2.2219773999266326,-0.0015142131596803665
1746728674063767800,15.959767822265626,-0.19534127825508607,-0.009011575020849705,-0.08999977779655734,-0.00785695668309927,-0.0470506075881013,0.9876333069811082,-0.11778992324599484,left,0.007497912272810936,-0.22947157710264351,-1.8535870089963078,-9.367966321790218,-0.11944315309184636,-0.01568944752216339,-0.001369883888401091,2.230650827986747,-0.00028080400079488754
1746728674103767800,15.999767822265625,-0.19518114235490233,-0.0021291524171829224,-0.08986875777667483,-0.00842908676713705,-0.04719573567431031,0.9875850199658603,-0.11815514503442394,left,0.004987955093383789,-0.23033818556961042,-1.8517112782523035,-9.366363562768697,-0.11988316443858203,-0.019844284281134605,-0.0012041330337524414,2.2389257582485675,-0.0010639280080795288
1746728674143767800,16.039767822265624,-0.195021297140828,0.004753269720822573,-0.08973771092887348,-0.009001215919852257,-0.04734085345244486,0.9875365646786509,-0.11852030291120948,left,0.0024771690368652344,-0.2312048509721274,-1.8498373010739684,-9.364752035918832,-0.12032313983338346,-0.02399912104010582,-0.001038193702697754,2.2471995194666086,-0.0018469393253326416
1746728674183767800,16.079767822265627,-0.19545493031431743,0.008898344822227955,-0.0899257074997949,-0.011333497241139412,-0.047124984912582144,0.9874578205552713,-0.1182614281516393,left,0.0014905333518981934,-0.23240155230800782,-1.8533743891589343,-9.361304525813459,-0.12091183283412527,-0.02920682728290558,-0.001756042242050171,2.258621223321557,-0.0013598799705505371
1746728674223767800,16.119767822265626,-0.19588837263656936,0.013043420389294624,-0.09011365889246252,-0.013665778562426567,-0.04690913524754306,0.9873786952429611,-0.11800309501231576,left,0.0005023479461669922,-0.23359835379528826,-1.8569043168507515,-9.357841818138956,-0.1215004663263447,-0.03441453352570534,-0.0024746358394622803,2.270040735219419,-0.0008725970983505249
1746728674263768000,16.15976806640625,-0.1963822239089518,-0.0012970706447958946,-0.09027793616475446,-0.009591488167643547,-0.04701475140263029,0.9872623537256541,-0.11843790708587047,left,-0.000507652759552002,-0.23511718778661295,-1.860850570258498,-9.353531553724407,-0.1222804350116056,-0.038853149861097336,-0.0022390633821487427,2.2845282563857734,0.0003541409969329834
1746728674303767800,16.199767822265624,-0.1968769645198506,-0.015637561678886414,-0.09044216187393653,-0.005517197772860527,-0.047120370970431716,0.9871453786114757,-0.11887372513629196,left,-0.0015200972557067871,-0.23663582397844773,-1.8647971159271894,-9.349196739390491,-0.12306032994187137,-0.043291766196489334,-0.0020034611225128174,2.299008617158979,0.0015815943479537964
1746728674343767800,16.239767822265627,-0.1970367114283649,-0.020158033818006516,-0.09041077263530083,0.012283606454730034,-0.0475445286564694,0.9870392085224001,-0.11989477479077604,left,-0.004171013832092285,-0.2379742316832756,-1.86568661211282,-9.345872563403844,-0.12376991074694246,-0.03748006001114845,-0.0011460036039352417,2.3117659535318613,0.004897803068161011
1746728674383767800,16.279767822265626,-0.19658113945876385,-0.014476066455245018,-0.09009259714221801,0.016693919897079468,-0.04796770574440965,0.9869797580692729,-0.12080491833130438,left,-0.0016704797744750977,-0.23901235548692318,-1.860958999069035,-9.344362743362783,-0.12431169048914183,-0.02152496576309204,-0.0014185905456542969,2.321658401992917,0.006392359733581543
1746728674423767800,16.319767822265625,-0.19589081778988285,-0.013776115141808987,-0.08970135164125143,0.017287034541368484,-0.04828640990045495,0.9869753516311023,-0.12140322573294261,left,-0.00023609399795532227,-0.23938628422211544,-1.8543388502769171,-9.344792951473593,-0.12450623428463484,-0.000035259872674942017,0.0005347281694412231,2.325220916780084,0.00235767662525177
1746728674463767800,16.359767822265624,-0.19513622314571777,-0.012891121208667755,-0.08930696897161607,0.021263374015688896,-0.048580037632863775,0.9870096400728744,-0.12188044253613235,left,0.0000432133674621582,-0.23917144092795606,-1.8473836243115365,-9.346679788133502,-0.1244034485035087,0.010611498728394508,0.001194491982460022,2.3231740672528742,0.0008449703454971313
1746728674503768000,16.39976806640625,-0.19439538188473607,-0.01357948686927557,-0.0889252941706436,0.017372194677591324,-0.048869618480506145,0.987050932553867,-0.1223377663620512,left,0.00010097026824951172,-0.23882711723711814,-1.8406131072632967,-9.348830244165658,-0.12423608546047799,0.006626628804951906,0.0010517239570617676,2.3198934381470084,0.0002578645944595337
1746728674543767800,16.439767822265626,-0.19376886595337878,-0.011982264928519726,-0.08857353376330888,0.01722065359354019,-0.04918142028318852,0.9870537895264966,-0.12291083469442711,left,0.000635683536529541,-0.2390199428888118,-1.8346693964280187,-9.349542191827297,-0.12434119230195452,-0.0009643561206758022,0.0015400946140289307,2.3217305904462933,0.0008745789527893066
1746728674583767800,16.479767822265625,-0.19314249464290795,-0.010385043919086456,-0.0882217662735401,0.01706911250948906,-0.04949325642280597,0.9870565177181374,-0.12348391612129736,left,0.0011699199676513672,-0.239213164213306,-1.8287265623755753,-9.350248878791927,-0.12444628551399826,-0.008555341511964798,0.002028554677963257,2.323571542137861,0.0014909207820892334
1746728674623767800,16.519767822265624,-0.192586903014205,-0.008864155039191246,-0.08791098430581337,0.016157278791069984,-0.04975612187108125,0.98705874102946,-0.12396543068030225,left,0.00030219554901123047,-0.23939535606886364,-1.8234503755383193,-9.350848013728857,-0.12454349395731681,-0.003039043862372637,0.0020712614059448242,2.3253074260197577,0.002232387661933899
1746728674663767800,16.559767822265623,-0.1922765868503383,-0.0066715627908706665,-0.08774057199116359,0.011303250677883625,-0.04993166281248054,0.9870678338240328,-0.12427602730772601,left,-0.0011892318725585938,-0.23933823907223634,-1.8205739433191717,-9.351543594777583,-0.12452125264041286,-0.0009454363025724888,0.001877903938293457,2.3247632361404595,0.002294883131980896
1746728674703767800,16.599767822265626,-0.1919662778917602,-0.004478970542550087,-0.08757015828135731,0.006449222564697266,-0.05010720375387979,0.9870769266186057,-0.12458665321588558,left,-0.0026807188987731934,-0.23928124785718977,-1.817697218839079,-9.35223859130442,-0.12449901255760176,0.0011481712572276592,0.0016845166683197021,2.324220215304941,0.0023572593927383423
1746728674743768000,16.63976806640625,-0.1919662778917602,-0.0035684341564774513,-0.08757015828135731,0.008457707241177559,-0.05010720375387979,0.9870769266186057,-0.12458665321588558,left,-0.0025250911712646484,-0.23928124785718977,-1.817697218839079,-9.35223859130442,-0.12449901255760176,0.0025748773477971554,0.0031838566064834595,2.324220215304941,0.0019202083349227905
1746728674783768000,16.67976806640625,-0.1913658874638895,-0.016819104552268982,-0.08725073252708734,0.015484697185456753,-0.050390308988826,0.9871014298654122,-0.1250655823699594,left,-0.003045380115509033,-0.23909792044247752,-1.812162819457054,-9.353746073257923,-0.12441451355056242,0.005463690496981144,0.0049062371253967285,2.3224736638985575,-0.002823874354362488
1746728674823767800,16.719767822265624,-0.1910391669852732,-0.025499358773231506,-0.08704340172461877,-0.0021136263385415077,-0.05089214883139559,0.9871108447398398,-0.12600624833061008,left,0.0037099123001098633,-0.23875964452382684,-1.8092558459691703,-9.355108593782782,-0.1242805163814093,0.008868711069226265,0.003255590796470642,2.319250464068353,-0.0009125769138336182
1746728674863767800,16.759767822265626,-0.19102920476246205,-0.014291197992861271,-0.08701603433595606,0.008120456710457802,-0.05129463446432223,0.9871285838552553,-0.12675342442615534,left,-0.00456547737121582,-0.23811068801582186,-1.8094480075404047,-9.35660204721093,-0.12399294182844137,0.013069291599094868,0.0039040297269821167,2.313066514736414,0.0033161044120788574
1746728674903767800,16.799767822265625,-0.19047796548845386,-0.007411351427435875,-0.08674298081156392,0.00967329926788807,-0.051483221005745684,0.9871693491720721,-0.12702253100244845,left,-0.0013254284858703613,-0.237686250118369,-1.8044757720857858,-9.35856136458516,-0.12378128198253599,0.00938534364104271,0.002945259213447571,2.3090213309988377,0.001993313431739807
1746728674943767800,16.839767822265625,-0.19038426780172146,-0.021245338022708893,-0.08668602817254573,-0.002573968842625618,-0.051741672456366995,0.9871884376197231,-0.12748469570683313,left,0.0005902647972106934,-0.23720372782946994,-1.803809417131543,-9.359823347344994,-0.12356107818989227,0.014866253361105919,0.0025426000356674194,2.3044221666403115,0.001714259386062622
1746728674983767800,16.879767822265624,-0.191292107801648,-0.016415264457464218,-0.08713915755479847,-0.013153798878192902,-0.05213471084505019,0.9872070510152305,-0.1282495189273091,left,0.0005410313606262207,-0.23580133955311114,-1.8129186062604188,-9.361345442345739,-0.12292668199260116,0.03067225217819214,0.0006183981895446777,2.2910522513270375,0.004471540451049805
1746728675023768000,16.91976806640625,-0.19219852822746578,-0.011585190892219543,-0.08759221632603338,-0.023733628913760185,-0.05252770284740191,0.9872249071869139,-0.1290127601923451,left,0.000489354133605957,-0.2343982719618505,-1.8220153742991387,-9.362844740992784,-0.12229218910077087,0.04647824913263321,-0.0013070851564407349,2.2776713762283323,0.007229968905448914
1746728675219981600,17.115981689453125,-0.19477994005956184,-0.007858850061893463,-0.08923884317461987,0.006841668393462896,-0.051553620179489876,0.9875106972195653,-0.12670121501501083,left,-0.0009990269318223,-0.22813343520437976,-1.848904258007556,-9.371925873070955,-0.11916877839709773,0.0057073477655649185,-0.003253995906561613,2.2178701107382772,-0.0040087406523525715
1746728675259855000,17.155855224609375,-0.19442340786891252,-0.015594244934618473,-0.08904725921654037,0.0201239213347435,-0.05186498319743266,0.9875367208225201,-0.12724156559533825,left,-0.002049432136118412,-0.22768255160436396,-1.8457557308487593,-9.373564287927746,-0.11896132872724118,0.005200820043683052,-0.0007786595961079001,2.2135627689331767,-0.0033772734459489584
1746728675299855000,17.195855224609375,-0.19367348318143207,-0.014293339103460312,-0.08864928589813473,0.019483456388115883,-0.052236881489557414,0.9875679880192549,-0.127876071455603,left,-0.0017147064208984375,-0.22741114344773583,-1.8388412752851844,-9.37553529573977,-0.11883617486722135,0.001278282143175602,0.00030982494354248047,2.2109698298305274,-0.002036347985267639
1746728675339854800,17.235854736328125,-0.1929233815095221,-0.012992432340979576,-0.08825126670389966,0.018842993304133415,-0.05260875916553386,0.9875989186720677,-0.12851072505927247,left,-0.001380622386932373,-0.22714015119140252,-1.8319230203293262,-9.377499289289116,-0.11871096211572442,-0.002644255757331848,0.0013979226350784302,2.208380543989688,-0.0006958544254302979
1746728675379854800,17.275854736328125,-0.1924146802307873,-0.008668698370456696,-0.08797260334430432,0.010225112549960613,-0.05292704334059764,0.9876152286158085,-0.12907702389229775,left,0.0004228949546813965,-0.22697526873026827,-1.8272220030315218,-9.378787575533986,-0.11864117661531125,-0.0016980572836473584,0.0013266205787658691,2.2068051113665104,0.0005409717559814453
1746728675419855000,17.315855224609376,-0.1924146802307873,-0.0015511256642639637,-0.08797260334430432,0.0052088964730501175,-0.05292704334059764,0.9876152286158085,-0.12907702389229775,left,-0.0003008246421813965,-0.22697526873026827,-1.8272220030315218,-9.378787575533986,-0.11864117661531125,-0.0012642645742744207,0.002833530306816101,2.2068051113665104,0.001039937138557434
1746728675459855000,17.355855224609375,-0.1924146802307873,0.005516585428267717,-0.08797260334430432,-0.003977467305958271,-0.05292704334059764,0.9876152286158085,-0.12907702389229775,left,-0.0001137852668762207,-0.22697526873026827,-1.8272220030315218,-9.378787575533986,-0.11864117661531125,0.001379727153107524,0.002047032117843628,2.2068051113665104,0.0003273487091064453
1746728675499855000,17.395855224609374,-0.1924146802307873,0.007427130825817585,-0.08797260334430432,-0.008900858461856842,-0.05292704334059764,0.9876152286158085,-0.12907702389229775,left,-0.00033986568450927734,-0.22697526873026827,-1.8272220030315218,-9.378787575533986,-0.11864117661531125,0.006003856658935547,0.001653432846069336,2.2068051113665104,0.00025762617588043213
1746728675539855000,17.435855224609377,-0.19264204529075962,0.0037592381704598665,-0.08811503933578976,-0.009291039779782295,-0.05273150269027638,0.9876256869869344,-0.12868849045359984,left,-0.002240002155303955,-0.22678407733524616,-1.8294351490363479,-9.378785821968316,-0.11853579456703041,0.006593748927116394,0.000912785530090332,2.204978334330767,-0.0006396621465682983
1746728675698461000,17.5944609375,-0.19309252706146776,-0.004968338645994663,-0.08834298244690932,-0.01841457188129425,-0.052837600118012314,0.9876261126533932,-0.1289060837877458,left,0.009542170912027359,-0.22629107654887737,-1.8338683091782033,-9.379026060464978,-0.1183141924932477,0.0072125643491744995,-0.0019024215871468186,2.2002670878998933,-0.0008337805047631264
1746728675857953500,17.75395361328125,-0.1923301485153078,0.00006437592674046755,-0.08796355582007293,-0.013491743244230747,-0.053147858356916974,0.9876823531910038,-0.12937432642918176,left,0.004095415119081736,-0.22562874045724565,-1.8269955007992684,-9.381849885714054,-0.11798801453876316,0.014256685972213745,0.0006831876235082746,2.19393686196506,0.004134380258619785
1746728676017446100,17.913446044921876,-0.19542830663093502,0.0026102722622454166,-0.08961407336576241,-0.0010641650296747684,-0.05226629518960531,0.9876297360194597,-0.12786904756013182,left,-0.004245882388204336,-0.22477099085693691,-1.8564178485080598,-9.377987365067005,-0.11757984914446018,0.007543466053903103,-0.00028645741986110806,2.185737627287954,0.00010115662007592618
1746728676057446100,17.953446044921876,-0.1955818382321268,-0.0007070836145430803,-0.08972129460496726,0.001142506254836917,-0.052208628544164484,0.9876582240508827,-0.1277081415218906,left,-0.002458333969116211,-0.2241779779133105,-1.8581093087263405,-9.378972284451127,-0.1172842135066279,0.014075680635869503,-0.00019988417625427246,2.180068057218939,-0.00029525160789489746
1746728676097446100,17.993446044921875,-0.19558721441860397,-0.006940293125808239,-0.08975113716885524,0.004275544546544552,-0.05224975181472157,0.9876967484177561,-0.127713792468186,left,-0.0016751289367675781,-0.2234342025120861,-1.8584743426464496,-9.38054990903139,-0.11691782358722679,0.01565026491880417,0.0009448379278182983,2.17295603325665,-0.0019575953483581543
1746728676376218600,18.272218505859374,-0.1980020525529427,-0.010107260197401047,-0.09104255875341645,-0.01667715050280094,-0.05215613991707072,0.9877174730379055,-0.12755273178351115,left,-0.0015225049573928118,-0.22101422276953156,-1.8821502556577323,-9.381163072493672,-0.11578014523037634,0.010752975940704346,-0.0015792620833963156,2.149807797381282,-0.002382923848927021
1746728676416218600,18.312218505859374,-0.19883417076159463,-0.0009655402973294258,-0.09147462208447595,-0.01985771767795086,-0.05224155362017566,0.9877187012608553,-0.12773232504288834,left,-0.00032722949981689453,-0.22016255274710814,-1.890316757109016,-9.381385190811752,-0.11539004347407515,0.014412891119718552,-0.0009366124868392944,2.1416581009343267,-0.0008950233459472656
1746728676456218400,18.35221826171875,-0.19966596260230593,0.008176181465387344,-0.09190664871487073,-0.023038284853100777,-0.052326946707132935,0.9877195929398831,-0.1279111504704844,left,0.0008667111396789551,-0.21931072497540527,-1.898480628211796,-9.38159444964826,-0.11499989460459531,0.018072806298732758,-0.00029425323009490967,2.1335053357474503,0.0005931854248046875
1746728676496218400,18.39221826171875,-0.20072427031852877,0.01936289668083191,-0.0924885810065071,-0.02834530733525753,-0.05188091486994863,0.9877092506607145,-0.12709510369437169,left,-0.002164602279663086,-0.2189753322960045,-1.9085507713273167,-9.380280444440245,-0.1148244396497464,0.0129854092374444,0.0000787973403930664,2.1302949953988195,-0.00018075108528137207
1746728676536218400,18.43221826171875,-0.20178276454056987,0.030549611896276474,-0.09307045720077761,-0.033652327954769135,-0.05143484695450648,0.9876983194296829,-0.12627873628884795,left,-0.005197286605834961,-0.2186407689646273,-1.9186214989647268,-9.378952995228767,-0.11464891495070302,0.007898012176156044,0.00045190751552581787,2.1270922538347543,-0.0009554475545883179
1746728676576218400,18.47221826171875,-0.2023087308357572,0.03842346370220184,-0.09339954504161732,-0.02119319885969162,-0.05074053310588951,0.9876984150041889,-0.12495353796035875,left,-0.004185497760772705,-0.2188224626555206,-1.9234765377804637,-9.377563586696981,-0.1146901717823854,-0.006833932362496853,-0.000949859619140625,2.128831644847989,-0.00007902085781097412
1746728676616218400,18.51221826171875,-0.2029039667111623,0.02953396737575531,-0.09374118627166711,-0.022249214351177216,-0.05006940380558178,0.9876696013090548,-0.12373104719057382,left,-0.003794431686401367,-0.2194432436083024,-1.9287913030624388,-9.375120869719982,-0.1149541215298955,-0.01226739026606083,-0.0007568895816802979,2.13477374824807,-0.0017812103033065796
1746728676656218600,18.552218505859376,-0.20333356522730137,0.015952344983816147,-0.09397718856302065,-0.012236655689775944,-0.049640902540264875,0.9876400702686514,-0.12297300824249706,left,-0.0013399124145507812,-0.21999205099416982,-1.932581781386584,-9.373142263123393,-0.11519990805683551,-0.0067079197615385056,-0.0016271471977233887,2.1400264080792666,-0.0011986494064331055
1746728676696218400,18.59221826171875,-0.20353253897276427,0.006634059362113476,-0.09409211359540327,-0.00507702911272645,-0.04942033331607355,0.9876314134164734,-0.12256948910050454,left,-0.0004724264144897461,-0.2201751584735635,-1.9343674957595764,-9.372373616838455,-0.11527614481438989,-0.001720260363072157,-0.0018934458494186401,2.141778804704547,-0.0005957633256912231
1746728676736218400,18.63221826171875,-0.20353253897276427,-0.0001980215311050415,-0.09409211359540327,0.0006596455350518227,-0.04942033331607355,0.9876314134164734,-0.12256948910050454,left,-0.0010939240455627441,-0.2201751584735635,-1.9343674957595764,-9.372373616838455,-0.11527614481438989,0.0007967054843902588,-0.001558065414428711,2.141778804704547,0.0005754530429840088
1746728676776218400,18.67221826171875,-0.20353253897276427,0.00008259835885837674,-0.09409211359540327,0.002679082565009594,-0.04942033331607355,0.9876314134164734,-0.12256948910050454,left,-0.0021602511405944824,-0.2201751584735635,-1.9343674957595764,-9.372373616838455,-0.11527614481438989,0.0026485847774893045,-0.0010436177253723145,2.141778804704547,0.0007903128862380981
1746728676816218400,18.71221826171875,-0.20353253897276427,0.00036321827792562544,-0.09409211359540327,0.004698519594967365,-0.04942033331607355,0.9876314134164734,-0.12256948910050454,left,-0.0032265782356262207,-0.2201751584735635,-1.9343674957595764,-9.372373616838455,-0.11527614481438989,0.00450046407058835,-0.000529170036315918,2.141778804704547,0.0010051876306533813
1746728676856218400,18.75221826171875,-0.20353253897276427,0.003602746408432722,-0.09409211359540327,0.00386683433316648,-0.04942033331607355,0.9876314134164734,-0.12256948910050454,left,-0.0013695359230041504,-0.2201751584735635,-1.9343674957595764,-9.372373616838455,-0.11527614481438989,0.006403680890798569,-0.0005823671817779541,2.141778804704547,0.0008135288953781128
1746728676896218600,18.792218505859374,-0.20353253897276427,0.005662731826305389,-0.09409211359540327,-0.0014994044322520494,-0.04942033331607355,0.9876314134164734,-0.12256948910050454,left,-0.0007406473159790039,-0.2201751584735635,-1.9343674957595764,-9.372373616838455,-0.11527614481438989,0.008801811374723911,-0.0002757608890533447,2.141778804704547,0.0000902712345123291
1746728676936218600,18.832218505859377,-0.20353322048961464,0.006456531118601561,-0.09414162877504091,-0.00039850478060543537,-0.049218936852996026,0.9876744910495574,-0.12209521268577679,left,-0.00028121471405029297,-0.2195637180946539,-1.9346382755249738,-9.373653135254978,-0.11495231462805891,0.01446196623146534,0.00033408403396606445,2.1359268638059494,-0.00011245906352996826
1746728676976218400,18.87221826171875,-0.20349755736040337,0.0042625428177416325,-0.0941712507812864,-0.0010428978130221367,-0.049043100663216134,0.9877191698399184,-0.12166607846688901,left,-0.000056743621826171875,-0.21892983800563345,-1.9345771929875015,-9.375046635439992,-0.11461862700111727,0.014058856293559074,0.0006319433450698853,2.129859526591003,-0.00021152198314666748
1746728677016218400,18.91221826171875,-0.20342207278027652,0.0006705427076667547,-0.09416313282282253,0.0007705935277044773,-0.04895949101897434,0.9877515272989656,-0.12143869007032783,left,-0.00029838085174560547,-0.21847584827806504,-1.9340647134207187,-9.376138522329926,-0.11438216305799431,0.00749484496191144,0.0007186681032180786,2.1255134602107106,-0.0006140917539596558
1746728677056218400,18.95221826171875,-0.20342207278027652,-0.0016267173923552036,-0.09416313282282253,-0.00006040552398189902,-0.04895949101897434,0.9877515272989656,-0.12143869007032783,left,-0.0005061626434326172,-0.21847584827806504,-1.9340647134207187,-9.376138522329926,-0.11438216305799431,0.00368678942322731,0.00013028085231781006,2.1255134602107106,-0.00032892823219299316
1746728677096218400,18.99221826171875,-0.20342207278027652,-0.003923977259546518,-0.09416313282282253,-0.0008914046338759363,-0.04895949101897434,0.9877515272989656,-0.12143869007032783,left,-0.0007139444351196289,-0.21847584827806504,-1.9340647134207187,-9.376138522329926,-0.11438216305799431,-0.00012126588262617588,-0.0004581063985824585,2.1255134602107106,-0.000043764710426330566
1746728677136218600,19.032218505859376,-0.20342207278027652,-0.004403610713779926,-0.09416313282282253,0.0015165507793426514,-0.04895949101897434,0.9877515272989656,-0.12143869007032783,left,-0.0007588863372802734,-0.21847584827806504,-1.9340647134207187,-9.376138522329926,-0.11438216305799431,-0.0019137263298034668,-0.0007391273975372314,2.1255134602107106,-0.0002499222755432129
1746728677176218600,19.072218505859375,-0.20342207278027652,-0.004883244168013334,-0.09416313282282253,0.003924505785107613,-0.04895949101897434,0.9877515272989656,-0.12143869007032783,left,-0.0008038878440856934,-0.21847584827806504,-1.9340647134207187,-9.376138522329926,-0.11438216305799431,-0.003706186544150114,-0.0010201483964920044,2.1255134602107106,-0.0004560798406600952
1746728677216218400,19.11221826171875,-0.20341256940928198,-0.0028301102574914694,-0.09412775612869295,0.006915075704455376,-0.049244361935156765,0.9877407482454562,-0.12200856837612455,left,-0.0014479756355285645,-0.21842217621270651,-1.933998662447184,-9.376268286189436,-0.11438228140795377,-0.0032697226852178574,-0.0004416853189468384,2.1249995193392035,-0.0006121695041656494
1746728677373050600,19.269050537109376,-0.20310471662113777,0.0018401050474494696,-0.0939004786794665,-0.024624772369861603,-0.04991261529458914,0.9877226140754347,-0.1233257104524954,left,0.0076535539701581,-0.21841940147052863,-1.9311131701387463,-9.376869174692034,-0.11443520820744675,0.003980552777647972,-0.0004554167971946299,2.1249730697236955,-0.000586090493015945
1746728677413050600,19.309050537109375,-0.20290224241093283,0.005882234312593937,-0.0938122070267512,-0.008256841450929642,-0.0497402754824027,0.9877292443393395,-0.12297797425550917,left,0.004949033260345459,-0.21864687416527492,-1.9291171740159392,-9.3767861725837,-0.11452602167458972,-0.010074570775032043,-0.001593753695487976,2.127150706023723,0.0008925795555114746
1746728677453050600,19.349050537109374,-0.20290224241093283,0.001304597593843937,-0.0938122070267512,-0.0016441550105810165,-0.0497402754824027,0.9877292443393395,-0.12297797425550917,left,0.0021967291831970215,-0.21864687416527492,-1.9291171740159392,-9.3767861725837,-0.11452602167458972,-0.010201492346823215,-0.000554010272026062,2.127150706023723,0.0011605322360992432
1746728677493050600,19.389050537109377,-0.20277078634102141,-0.0012542994227260351,-0.09373208607982601,-0.0018860071431845427,-0.049707975204485416,0.9877120524769412,-0.12294836547828855,left,0.0027304887771606445,-0.21911759958490887,-1.9276826111681757,-9.37605785830915,-0.11475352040662876,-0.004051737021654844,-0.0004488527774810791,2.131656785271317,0.002463787794113159
1746728677533050600,19.429050537109376,-0.20277078634102141,0.003969760611653328,-0.09373208607982601,-0.0029734489507973194,-0.049707975204485416,0.9877120524769412,-0.12294836547828855,left,0.0022044777870178223,-0.21911759958490887,-1.9276826111681757,-9.37605785830915,-0.11475352040662876,-0.00031790323555469513,-0.0008098036050796509,2.131656785271317,0.004895895719528198
1746728677573050600,19.469050537109375,-0.2029354903771448,0.008468329906463623,-0.09382291197286867,-0.006409114226698875,-0.04951904960550053,0.9876988391861573,-0.12261426276336528,left,-0.00044029951095581055,-0.21938775466517446,-1.9291107442751525,-9.375175814777613,-0.1148751661021093,-0.0008064142893999815,-0.0006715506315231323,2.13424271011129,0.003986582159996033
1746728677731908400,19.627908447265625,-0.20383160085814683,0.0005025627324357629,-0.0943394051431954,-0.0050415643490850925,-0.04881821222895736,0.9876868777485885,-0.12130341635501428,left,0.001361688831821084,-0.219425340693482,-1.9374949801303445,-9.373364965963363,-0.11485408272698786,0.010745875537395477,-0.0006464023026637733,2.134602483334392,-0.001242040190845728
1746728677771781400,19.667781494140623,-0.20372324137518857,-0.002213916042819619,-0.09431079697409067,0.0026828497648239136,-0.04878580204431272,0.9877202791694925,-0.12117196402026086,left,-0.0012077719438821077,-0.2189362184429974,-1.9366902396187184,-9.374595969063042,-0.11460401219302117,0.01378694362938404,0.0011238036677241325,2.129920609128475,-0.0003733297053258866
1746728677811781600,19.70778173828125,-0.20360640889045145,-0.0010182468686252832,-0.09428083180995481,0.0013703809818252921,-0.04864571967514021,0.9877468486003061,-0.12084680238962221,left,-0.0009285211563110352,-0.218679063653003,-1.9357056124955414,-9.375358770129084,-0.11445900981759496,0.008960485458374023,0.0011752992868423462,2.12745889519006,-0.001121222972869873
1746728677851781600,19.74778173828125,-0.20348968557608185,0.00017742218915373087,-0.0942508662970298,0.00005791219882667065,-0.04850563730596763,0.9877734180311197,-0.12052170053158344,left,-0.0006493926048278809,-0.21842189123252828,-1.934721862155199,-9.376119817629457,-0.11431400775069198,0.004134028218686581,0.0012268871068954468,2.1249968889907,-0.0018690824508666992
1746728677891781600,19.78778173828125,-0.20348968557608185,-0.003346522804349661,-0.0942508662970298,-0.0034385742619633675,-0.04850563730596763,0.9877734180311197,-0.12052170053158344,left,-0.00025963783264160156,-0.21842189123252828,-1.934721862155199,-9.376119817629457,-0.11431400775069198,0.0014808347914367914,0.001022830605506897,2.1249968889907,-0.0011925995349884033
1746728677931781600,19.82778173828125,-0.20348968557608185,-0.004156965762376785,-0.0942508662970298,-0.005704225040972233,-0.04850563730596763,0.9877734180311197,-0.12052170053158344,left,0.00004392862319946289,-0.21842189123252828,-1.934721862155199,-9.376119817629457,-0.11431400775069198,0.006131884641945362,-0.000557824969291687,2.1249968889907,-0.00018334388732910156
1746728677971781400,19.867781494140626,-0.2038355694804494,0.0012774490751326084,-0.09444758277861766,-0.007468784227967262,-0.048461480060022176,0.9877880729347486,-0.12041184750832826,left,-0.0004799365997314453,-0.2178660814618724,-1.938203566791117,-9.376605555319786,-0.11404307644993461,0.007760245352983475,-0.0004605501890182495,2.1196754017069934,0.0003978312015533447
1746728678011781400,19.907781494140625,-0.2041814818329905,0.006711864378303289,-0.09464428973625019,-0.009233343414962292,-0.04841731766003978,0.9878026437023968,-0.12030181540952298,left,-0.0010042190551757812,-0.21731031852304095,-1.9416854175575076,-9.377086616834998,-0.11377213367940578,0.009388606064021587,-0.00036326050758361816,2.114353768292814,0.0009790360927581787
1746728678170511400,20.066511474609374,-0.205393331957465,-0.0073769837617874146,-0.09533271680673927,-0.013920897617936134,-0.04799304730246221,0.9878256357548395,-0.11945243283734991,left,0.006815343163907528,-0.2161237494952658,-1.9535579339198768,-9.37717604868412,-0.11317573525724306,0.011208434589207172,-0.001483748434111476,2.102989639844,-0.0009698672220110893
1746728678210511400,20.106511474609373,-0.20511194393294963,-0.0020262771286070347,-0.0952103689363032,-0.0007084477692842484,-0.0479745418396488,0.9878571719796474,-0.11934902720969667,left,0.005976676940917969,-0.21581542882740698,-1.9510512117959558,-9.378359705510736,-0.11301196467848695,0.00005439296364784241,-0.001857846975326538,2.1000363429963587,0.0006172806024551392
1746728678250511400,20.146511474609376,-0.20511194393294963,-0.0036921887658536434,-0.0952103689363032,-0.001202872721478343,-0.0479745418396488,0.9878571719796474,-0.11934902720969667,left,0.0020323991775512695,-0.21581542882740698,-1.9510512117959558,-9.378359705510736,-0.11301196467848695,-0.00399358943104744,-0.00017392635345458984,2.1000363429963587,0.000493854284286499
1746728678290511400,20.186511474609375,-0.20511194393294963,-0.0009910971857607365,-0.0952103689363032,-0.0015299846418201923,-0.0479745418396488,0.9878571719796474,-0.11934902720969667,left,0.0020781755447387695,-0.21581542882740698,-1.9510512117959558,-9.378359705510736,-0.11301196467848695,-0.001387669937685132,0.00006718933582305908,2.1000363429963587,0.0014388710260391235
1746728678330511400,20.226511474609374,-0.20520342734605274,0.0012737484648823738,-0.09526411060581715,-0.002888645976781845,-0.04785722327143217,0.9878527888454891,-0.11913332965145686,left,0.0006936192512512207,-0.21591927725993626,-1.9518647201359272,-9.377967491322755,-0.11305510515045226,-0.0011759233893826604,-0.0000699162483215332,2.101031053122133,0.0002623051404953003
1746728678370511400,20.266511474609374,-0.20520342734605274,0.003538594115525484,-0.09526411060581715,-0.004247307777404785,-0.04785722327143217,0.9878527888454891,-0.11913332965145686,left,-0.000650942325592041,-0.21591927725993626,-1.9518647201359272,-9.377967491322755,-0.11305510515045226,-0.0009641768992878497,-0.0002899765968322754,2.101031053122133,-0.000812828540802002
1746728678410511600,20.30651171875,-0.20520342734605274,0.00349305453710258,-0.09526411060581715,-0.00867413729429245,-0.04785722327143217,0.9878527888454891,-0.11913332965145686,left,0.0010854005813598633,-0.21591927725993626,-1.9518647201359272,-9.377967491322755,-0.11305510515045226,-0.00508253276348114,-0.0014401525259017944,2.101031053122133,-0.0011992603540420532
1746728678450511400,20.346511474609375,-0.20556079220969625,0.0008733575232326984,-0.09543937774482074,-0.0020028683356940746,-0.04770626821547772,0.9878211192651627,-0.11891180111791759,left,-0.0016198158264160156,-0.21631367813350677,-1.9550467111729084,-9.376457671281695,-0.11324762404247758,-0.0026599480770528316,-0.0008546113967895508,2.104808818095177,-0.0005393773317337036
1746728678490511400,20.386511474609375,-0.20556079220969625,0.0005894176429137588,-0.09543937774482074,0.00003660190850496292,-0.04770626821547772,0.9878211192651627,-0.11891180111791759,left,-0.0008356571197509766,-0.21631367813350677,-1.9550467111729084,-9.376457671281695,-0.11324762404247758,0.00006598583422601223,-0.000940471887588501,2.104808818095177,0.000016391277313232422
1746728678530511400,20.426511474609374,-0.20556079220969625,-0.0014735375298187137,-0.09543937774482074,0.0012933261459693313,-0.04770626821547772,0.9878211192651627,-0.11891180111791759,left,-0.0007537007331848145,-0.21631367813350677,-1.9550467111729084,-9.376457671281695,-0.11324762404247758,0.0028820328880101442,-0.0002798140048980713,2.104808818095177,0.0003542006015777588
1746728678570511400,20.466511474609376,-0.20556079220969625,-0.0033837570808827877,-0.09543937774482074,0.0022763172164559364,-0.04770626821547772,0.9878211192651627,-0.11891180111791759,left,-0.0009704232215881348,-0.21631367813350677,-1.9550467111729084,-9.376457671281695,-0.11324762404247758,0.0020864224061369896,0.00043864548206329346,2.104808818095177,0.0003560185432434082
1746728678610511400,20.506511474609376,-0.20556079220969625,-0.00529397651553154,-0.09543937774482074,0.0032593081705272198,-0.04770626821547772,0.9878211192651627,-0.11891180111791759,left,-0.001187145709991455,-0.21631367813350677,-1.9550467111729084,-9.376457671281695,-0.11324762404247758,0.0012908118078485131,0.0011571049690246582,2.104808818095177,0.00035785138607025146
1746728678650511600,20.54651171875,-0.20556079220969625,-0.007029888220131397,-0.09543937774482074,0.0026216572150588036,-0.04770626821547772,0.9878211192651627,-0.11891180111791759,left,-0.0006666779518127441,-0.21631367813350677,-1.9550467111729084,-9.376457671281695,-0.11324762404247758,-0.0046728141605854034,0.0007409751415252686,2.104808818095177,-0.000049591064453125
1746728678690511400,20.586511474609374,-0.20556079220969625,-0.006386845838278532,-0.09543937774482074,-0.002577492967247963,-0.04770626821547772,0.9878211192651627,-0.11891180111791759,left,0.0010923147201538086,-0.21631367813350677,-1.9550467111729084,-9.376457671281695,-0.11324762404247758,-0.0041301134042441845,0.0010133236646652222,2.104808818095177,0.0004502534866333008
1746728678730511400,20.626511474609377,-0.2055971978982481,-0.005751464981585741,-0.09543086507381414,-0.00439782440662384,-0.04797104094120984,0.9878117402967292,-0.11944115882809955,left,0.00010204315185546875,-0.21621425703638544,-1.9554307420544326,-9.376591526794433,-0.11322471577037871,-0.001538364216685295,0.00018955767154693604,2.103856631936878,0.0006946325302124023
1746728678770511400,20.666511474609376,-0.2055971978982481,-0.0037174737080931664,-0.09543086507381414,-0.004495613276958466,-0.04797104094120984,0.9878117402967292,-0.11944115882809955,left,-0.000018596649169921875,-0.21621425703638544,-1.9554307420544326,-9.376591526794433,-0.11322471577037871,0.0018402952700853348,-0.0005528777837753296,2.103856631936878,0.00038464367389678955
1746728678810511400,20.706511474609375,-0.2055971978982481,-0.005376923363655806,-0.09543086507381414,-0.004997934214770794,-0.04797104094120984,0.9878117402967292,-0.11944115882809955,left,-0.00035440921783447266,-0.21621425703638544,-1.9554307420544326,-9.376591526794433,-0.11322471577037871,0.004857670981436968,-0.0004002004861831665,2.103856631936878,0.00025200843811035156
1746728678850511400,20.746511474609374,-0.20602861372671588,-0.004775789566338062,-0.095632974918223,-0.005171675235033035,-0.048200109023371546,0.9878019727499439,-0.11990639393017366,left,-0.0003319978713989258,-0.21577699840183914,-1.9596637034490703,-9.376646471852064,-0.11304164129802538,0.006107088644057512,-0.0011373460292816162,2.0996680942058563,0.00043696165084838867
1746728679007635700,20.9036357421875,-0.20679115671734272,-0.016357513144612312,-0.09600389270982453,0.001803648192435503,-0.04875121502537667,0.987815336889429,-0.1209445617418071,left,-0.002047707559540868,-0.21428026600105876,-1.9674564031518995,-9.378214159560203,-0.1123716217589,0.0033861701376736164,-0.0003415938117541373,2.08532831094712,-0.0020671901293098927
1746728679047635700,20.9436357421875,-0.20691355133100742,-0.007602478377521038,-0.09605541156262169,0.01766909845173359,-0.04895614332001165,0.9878181957368359,-0.12133327159700676,left,-0.00888371467590332,-0.213916344620215,-1.9687598869659007,-9.378715679341553,-0.1122137674025508,0.006146305240690708,0.0015856027603149414,2.0818409072227775,0.0002202242612838745
1746728679087635700,20.9836357421875,-0.206320559687933,-0.0025067259557545185,-0.09575911551850085,0.01240231841802597,-0.04903439088651165,0.9878465074887276,-0.12141985166636646,left,-0.0009935498237609863,-0.21387558672273294,-1.9632155507117508,-9.379964218097925,-0.1121832929292457,-0.0011936197988688946,0.0004826486110687256,2.0814503004699945,0.0009387880563735962
1746728679127635700,21.0236357421875,-0.206320559687933,-0.002243766561150551,-0.09575911551850085,0.007399947848170996,-0.04903439088651165,0.9878465074887276,-0.12141985166636646,left,-0.0010528564453125,-0.21387558672273294,-1.9632155507117508,-9.379964218097925,-0.1121832929292457,-0.002108542714267969,0.001718670129776001,2.0814503004699945,0.0008653998374938965
1746728679167636000,21.063635986328126,-0.2064545668071973,0.005010002292692661,-0.09582131140049985,-0.0011222646571695805,-0.04893434373651585,0.987826287291573,-0.12127085318512865,left,-0.00024145841598510742,-0.21422402198046867,-1.9643236580841241,-9.378990989151596,-0.1123513115468675,-0.0038238358683884144,0.0012184828519821167,2.084789381764829,0.0010374337434768677
1746728679207636000,21.103635986328126,-0.20658856611339466,0.012263771146535873,-0.0958835072825003,-0.00964447483420372,-0.04883430174055628,0.9878061512303984,-0.12112192055490478,left,0.0005698800086975098,-0.21457251358632842,-1.9654313270650803,-9.3780160066396,-0.11251933016448548,-0.005539128556847572,0.0007182657718658447,2.088128609190136,0.0012094676494598389
1746728679247636000,21.143635986328125,-0.20694476087451452,0.011352548375725746,-0.096068123178372,-0.011415628716349602,-0.04860969684752173,0.9877805556770548,-0.12074650755249057,left,-0.0014435648918151855,-0.2149240964453209,-1.9686206246256828,-9.37659620296955,-0.11268340681263332,-0.002693002577871084,0.0002881735563278198,2.0914972088404,-0.00048223137855529785
1746728679287635700,21.1836357421875,-0.20733997458887718,0.0034634722396731377,-0.09627000040318104,-0.010989716276526451,-0.04846039219438512,0.9877579057750793,-0.12051004000262118,left,-0.0019055008888244629,-0.21511192559702985,-1.9722452448636292,-9.375433004409075,-0.1127742629444142,0.0014734342694282532,-0.0005145668983459473,2.0932968056082726,0.00035159289836883545
1746728679327635700,21.2236357421875,-0.20733997458887718,-0.0039354488253593445,-0.09627000040318104,0.002400655299425125,-0.04846039219438512,0.9877579057750793,-0.12051004000262118,left,-0.002763986587524414,-0.21511192559702985,-1.9722452448636292,-9.375433004409075,-0.1127742629444142,0.01276203989982605,-0.0003680288791656494,2.0932968056082726,0.0009230822324752808
1746728679367635700,21.2636357421875,-0.2075228495338207,-0.007973618805408478,-0.09638261093188599,-0.0003059706650674343,-0.04856261177036662,0.9877880848581776,-0.12064446089375266,left,-0.0001289844512939453,-0.21426694289890394,-1.97432351244241,-9.376799616587162,-0.11236842071347686,0.01740873046219349,-0.0008790343999862671,2.0852005929142234,0.0021652281284332275
1746728679407636000,21.303635986328125,-0.20784264885554343,-0.0015973425470292568,-0.09657169877038443,-0.00675871130079031,-0.048629176567647835,0.9878200680592368,-0.12070705887308654,left,0.0004737973213195801,-0.21328631866582476,-1.9777431116275488,-9.37816389067769,-0.11189552691349246,0.026122314855456352,-0.001246631145477295,2.075802796102315,0.002075210213661194
1746728679447636000,21.343635986328124,-0.2081741004300741,0.006400831509381533,-0.09679351454857094,-0.009018637239933014,-0.0484902796301475,0.9878659887430317,-0.1203444559823907,left,-0.000005066394805908203,-0.21221325771846195,-1.9813105948507785,-9.379681894025206,-0.11135675975249383,0.029879458248615265,-0.0020096302032470703,2.0655169644095004,0.0014842748641967773
1746728679487636000,21.383635986328127,-0.20853010641782263,0.006867264397442341,-0.09703116589190337,-0.008821042254567146,-0.04825644088130629,0.9879067889178759,-0.11980984641337057,left,-0.0019015073776245117,-0.2113000588232633,-1.9850394061155616,-9.380817620056867,-0.11088899324424788,0.018907424062490463,-0.0017619132995605469,2.056761557154357,0.0006169676780700684
1746728679527635700,21.4236357421875,-0.20879308080541342,-0.0010900180786848068,-0.09718663435857305,-0.00596050638705492,-0.048152108996149884,0.9879179516333471,-0.11958635601657737,left,-0.0016279816627502441,-0.21092372788222594,-1.987666539748758,-9.381051428812741,-0.11069883266429155,0.0030448324978351593,-0.0012008845806121826,2.0531530112683773,-0.0010732263326644897
1746728679685468700,21.58146875,-0.20908017620049246,0.01052475068718195,-0.09717683314133299,0.00940632913261652,-0.04854055312264807,0.987750588320699,-0.12068996650048856,left,0.0005269274115562439,-0.213485256521424,-1.9892615538552403,-9.375304994115233,-0.11202288946577148,-0.01950857602059841,-0.0008006024872884154,2.077709506506473,0.000994349829852581
1746728679725340000,21.62133984375,-0.2086636878680662,0.0034728480968624353,-0.09696928915102161,0.005355526227504015,-0.04842188008303944,0.9877551133740476,-0.12045047234380062,left,-0.00037128565600141883,-0.21391746205605902,-1.985170485149324,-9.375253556188941,-0.11221433180203642,-0.0029746806249022484,0.0017150696367025375,2.0818515747472643,-0.0012996362056583166
1746728679765340000,21.66133984375,-0.20851044252307518,0.0006959149613976479,-0.09688419899346246,0.003065192373469472,-0.04856617558464742,0.987763544434149,-0.12070917304449642,left,-0.00003892183303833008,-0.21377282927936736,-1.9837959819257258,-9.375852106603979,-0.11215181124003085,-0.0004766604397445917,0.0023648440837860107,2.080465527216345,-0.0012733638286590576
1746728679805340000,21.70133984375,-0.20851044252307518,-0.0020810184068977833,-0.09688419899346246,0.0007748585194349289,-0.04856617558464742,0.987763544434149,-0.12070917304449642,left,0.00023245811462402344,-0.21377282927936736,-1.9837959819257258,-9.375852106603979,-0.11215181124003085,0.0020213599782437086,0.003154769539833069,2.080465527216345,-0.0013884305953979492
1746728679845339600,21.741339599609375,-0.20851044252307518,-0.0031185441184788942,-0.09688419899346246,-0.008561747148633003,-0.04856617558464742,0.987763544434149,-0.12070917304449642,left,0.0031006336212158203,-0.21377282927936736,-1.9837959819257258,-9.375852106603979,-0.11215181124003085,-0.0006920218002051115,0.0022119730710983276,2.080465527216345,-0.003059864044189453
1746728679885339600,21.781339599609375,-0.20851044252307518,-0.004156069830060005,-0.09688419899346246,-0.017898352816700935,-0.04856617558464742,0.987763544434149,-0.12070917304449642,left,0.005968749523162842,-0.21377282927936736,-1.9837959819257258,-9.375852106603979,-0.11215181124003085,-0.003405403345823288,0.0012691617012023926,2.080465527216345,-0.004731282591819763
1746728679925339600,21.821339599609374,-0.20885845471226033,-0.0013386700302362442,-0.09703262395971368,0.001897566020488739,-0.04876889649772187,0.9877379516049396,-0.12115440040302503,left,-0.005648016929626465,-0.21373002610128253,-1.9870773416839538,-9.375248295491934,-0.11216075564203001,-0.011906360276043415,0.0022805333137512207,2.0800553389802574,-0.0017798542976379395
1746728679965339600,21.861339599609376,-0.20860407024955122,0.0016988699790090322,-0.09686550306708412,0.002088506706058979,-0.04886581682544231,0.987705749959016,-0.12140715500434597,left,-0.00011307001113891602,-0.21449841975392675,-1.9843607762016355,-9.374186803740262,-0.112545762385324,-0.026998475193977356,0.000020265579223632812,2.087418707355112,-0.0012502968311309814
1746728680005340000,21.90133984375,-0.20861656396356315,0.005847137421369553,-0.09682486118067518,0.0011049696477130055,-0.04891345492514231,0.9876507250441697,-0.12161468438300835,left,-0.0009009838104248047,-0.2154845781657333,-1.9840505412086844,-9.372143899735807,-0.11304244302490227,-0.026828531175851822,-0.0001461803913116455,2.096866919180006,0.0016485154628753662
1746728680045340000,21.94133984375,-0.2086842386364029,0.011111889034509659,-0.09683708312674458,-0.007626700215041637,-0.04880700933082129,0.9876108395355028,-0.12149432697713201,left,0.001555323600769043,-0.21627075146442362,-1.9843426560230553,-9.370393841198085,-0.11342595573245376,-0.013112397864460945,-0.00018924474716186523,2.104397753076255,0.003064587712287903
1746728680085340000,21.98133984375,-0.20895557304456516,0.01380868162959814,-0.09698609670774912,-0.01285550370812416,-0.04853038102872432,0.9875914288894696,-0.12100516985828401,left,0.0013005733489990234,-0.21662889968407523,-1.9867286743767558,-9.36911724539101,-0.11358547623575721,-0.0013685012236237526,-0.0009067058563232422,2.107828019785881,0.00251789391040802
1746728680125339600,22.021339599609377,-0.20944891393214432,0.007150145713239908,-0.09724171814289151,-0.01588382013142109,-0.048342512775953896,0.987567214326046,-0.12069845852889222,left,0.0009344220161437988,-0.21678130008742758,-1.991283707332611,-9.367821360361576,-0.11365767908497136,-0.0009139674948528409,-0.0014883577823638916,2.1092875709444283,0.002209708094596863
1746728680165339600,22.061339599609376,-0.20994221122738524,0.0004916097968816757,-0.09749732987968524,-0.018912136554718018,-0.04815459472413833,0.9875428761356702,-0.12039172173115864,left,0.0005680322647094727,-0.21693385436743723,-1.9958375712446867,-9.366523137244581,-0.1137298706186783,-0.0004594337660819292,-0.002070128917694092,2.1107485834077,0.001901388168334961
1746728680205339600,22.101339599609375,-0.21013668934588292,-0.0010967169655486941,-0.09759514486671862,-0.011656887829303741,-0.04816658138787245,0.9875379614883883,-0.12042648852151706,left,0.00021779537200927734,-0.21682747718216897,-1.9977058493345974,-9.366354210418463,-0.1136837928528264,0.0030469573102891445,-0.0022979676723480225,2.109729761753976,0.0015678256750106812
1746728680245340000,22.14133984375,-0.21013668934588292,-0.002685043727979064,-0.09759514486671862,-0.004401639569550753,-0.04816658138787245,0.9875379614883883,-0.12042648852151706,left,-0.00011527538299560547,-0.21682747718216897,-1.9977058493345974,-9.366354210418463,-0.1136837928528264,0.006553348153829575,-0.0027163326740264893,2.109729761753976,0.0011303722858428955
1746728680285340000,22.18133984375,-0.21010083317908718,-0.004543079528957605,-0.09758231383707854,0.001396198756992817,-0.04826144804752022,0.9875549520611278,-0.12057283268029549,left,-0.00007599592208862305,-0.21645531821773817,-1.9975337076380848,-9.367193583852051,-0.11350656512091747,0.006239049136638641,-0.001794964075088501,2.10616549340114,0.0007469803094863892
1746728680325340000,22.22133984375,-0.21010083317908718,-0.00640111556276679,-0.09758231383707854,0.0071940370835363865,-0.04826144804752022,0.9875549520611278,-0.12057283268029549,left,-0.00012236833572387695,-0.21645531821773817,-1.9975337076380848,-9.367193583852051,-0.11350656512091747,0.005924750119447708,-0.0008560419082641602,2.10616549340114,1.1920928955078125e-7
1746728680365339600,22.261339599609375,-0.20979758936602866,-0.007321028038859367,-0.09742078416768767,0.007013800088316202,-0.04847266132127934,0.987573556182668,-0.1209376761354119,left,0.00007921457290649414,-0.216204393798807,-1.9948031136304138,-9.368315281358361,-0.11339328880420108,0.003067008452489972,0.0006647408008575439,2.103762085521221,0.0005794763565063477
1746728680405339600,22.301339599609374,-0.20949428178797602,-0.008240940980613232,-0.0972592446255538,0.006833563093096018,-0.04868387459503773,0.9875921603042079,-0.12130259301860707,left,0.00028067827224731445,-0.2159535927064998,-1.9920712044484912,-9.36943580982089,-0.11328000132623264,0.0002092667855322361,0.0021853744983673096,2.101359700554609,0.0011587440967559814
1746728680445339600,22.341339599609373,-0.20947322335315016,-0.005091175902634859,-0.09724626603321596,0.001070722471922636,-0.0488205378228672,0.9876028323863151,-0.12154247076382653,left,0.0004181861877441406,-0.21564485420344914,-1.9920086606062948,-9.370111517125368,-0.11313891268961243,0.007459358312189579,0.0016286671161651611,2.09840231205374,0.0014450103044509888
1746728680485340000,22.38133984375,-0.20945212454217144,-0.0019414108246564865,-0.09723328726648237,-0.0046921176835894585,-0.048957245695704886,0.987613543959394,-0.12178244320679224,left,0.0005557537078857422,-0.21533613825403866,-1.9919455322422086,-9.370787224429845,-0.1129978242072512,0.014709449373185635,0.0010719001293182373,2.0954449235528707,0.00173129141330719
1746728680525340000,22.42133984375,-0.20958420044143428,0.0009891686495393515,-0.0973223203302803,-0.010120050050318241,-0.048950244302006125,0.9876371126074001,-0.12171989203572767,left,0.0005409717559814453,-0.21476769390697006,-1.9934306562334299,-9.371687388139962,-0.11271770007788934,0.017096422612667084,0.00010350346565246582,2.0899987869761882,0.001350119709968567
1746728680565340000,22.46133984375,-0.20995134954089686,0.00506855733692646,-0.0975376251132056,-0.013645116239786148,-0.048841896387866644,0.9876537151131213,-0.12147835521962456,left,-0.00009268522262573242,-0.21419516506618028,-1.9971204506620763,-9.372123441469668,-0.11243257445205462,0.016416756436228752,-0.000009119510650634766,2.084512756780535,0.00029374659061431885
1746728680722173200,22.618173095703124,-0.2115478080288928,-0.013206297531723976,-0.09840001803382241,-0.000090753601398319,-0.0486613284089631,0.9876597514955829,-0.12112312837045544,left,-0.00204598275013268,-0.2126734886986404,-2.012743697860092,-9.372013551354408,-0.11170367993282543,-0.0040398393757641315,0.00009547194349579513,2.069928789502382,-0.0007571065798401833
1746728680762173200,22.658173095703123,-0.2115478080288928,0.0026580002158880234,-0.09840001803382241,0.015698006376624107,-0.0486613284089631,0.9876597514955829,-0.12112312837045544,left,-0.00472790002822876,-0.2126734886986404,-2.012743697860092,-9.372013551354408,-0.11170367993282543,-0.009838571771979332,-0.0002041161060333252,2.069928789502382,0.0011269599199295044
1746728680802173200,22.698173095703126,-0.2112097121754626,0.0018107135547325015,-0.0982331610449218,0.013476179912686348,-0.048544961378928164,0.9876640086067534,-0.12089015744256623,left,-0.003144979476928711,-0.21303743023096333,-2.0094168915249404,-9.37195626820922,-0.11186348921038246,-0.008332585915923119,-0.00013566017150878906,2.0734173622705043,0.0007495880126953125
1746728680842173200,22.738173095703125,-0.2108715091734606,0.0009634269517846406,-0.09806629420507752,0.011254354380071163,-0.04842859434889257,0.9876682657179235,-0.12065705368269351,left,-0.001562356948852539,-0.21340130211141053,-2.006089208406955,-9.37189723149836,-0.11202328730740474,-0.006826600059866905,-0.00006732344627380371,2.076904912125319,0.00037232041358947754
1746728680882173200,22.778173095703124,-0.2108715091734606,0.002165958285331726,-0.09806629420507752,0.005035270471125841,-0.04842859434889257,0.9876682657179235,-0.12065705368269351,left,0.00026404857635498047,-0.21340130211141053,-2.006089208406955,-9.37189723149836,-0.11202328730740474,-0.0017534233629703522,0.00028423964977264404,2.076904912125319,0.0013979673385620117
1746728680922173200,22.818173095703123,-0.2108715091734606,0.00016570836305618286,-0.09806629420507752,0.0001773652620613575,-0.04842859434889257,0.9876682657179235,-0.12065705368269351,left,0.00012028217315673828,-0.21340130211141053,-2.006089208406955,-9.37189723149836,-0.11202328730740474,0.0016715924721211195,0.00023925304412841797,2.076904912125319,0.0007399916648864746
1746728680962173200,22.858173095703126,-0.2108715091734606,-0.0013714455999433994,-0.09806629420507752,-0.0010668967152014375,-0.04842859434889257,0.9876682657179235,-0.12065705368269351,left,-0.0007957816123962402,-0.21340130211141053,-2.006089208406955,-9.37189723149836,-0.11202328730740474,0.0002651093527674675,0.00008885562419891357,2.076904912125319,0.00013130903244018555
1746728681002173200,22.898173095703125,-0.2108715091734606,-0.0029085995629429817,-0.09806629420507752,-0.002311158459633589,-0.04842859434889257,0.9876682657179235,-0.12065705368269351,left,-0.0017118453979492188,-0.21340130211141053,-2.006089208406955,-9.37189723149836,-0.11202328730740474,-0.0011413736501708627,-0.00006154179573059082,2.076904912125319,-0.00047735869884490967
1746728681042173200,22.938173095703124,-0.2108715091734606,-0.0027467748150229454,-0.09806629420507752,0.007375441025942564,-0.04842859434889257,0.9876682657179235,-0.12065705368269351,left,-0.0003681182861328125,-0.21340130211141053,-2.006089208406955,-9.37189723149836,-0.11202328730740474,-0.00172841502353549,-0.001152917742729187,2.076904912125319,0.0011655092239379883
1746728681082173200,22.978173095703124,-0.2108715091734606,-0.005027750041335821,-0.09806629420507752,0.00648382306098938,-0.04842859434889257,0.9876682657179235,-0.12065705368269351,left,-0.0004652738571166992,-0.21340130211141053,-2.006089208406955,-9.37189723149836,-0.11202328730740474,0.00390790356323123,0.0001140981912612915,2.076904912125319,0.00025850534439086914
1746728681122173200,23.018173095703126,-0.2108715091734606,-0.009240260347723961,-0.09806629420507752,0.00919416919350624,-0.04842859434889257,0.9876682657179235,-0.12065705368269351,left,-0.0010098814964294434,-0.21340130211141053,-2.006089208406955,-9.37189723149836,-0.11202328730740474,0.006139409728348255,0.0002848505973815918,2.076904912125319,-0.0006330609321594238
1746728681162173200,23.058173095703125,-0.210359633955625,-0.009864868596196175,-0.09779635528714935,0.009873020462691784,-0.04868557961242175,0.9876930600298545,-0.12109594398733724,left,-0.0011097192764282227,-0.2131920445072193,-2.0013823458902538,-9.373347430306673,-0.11192915297785762,0.002519736299291253,0.0009353458881378174,2.074899271391332,0.0001671910285949707
1746728681202173200,23.098173095703125,-0.20996970214046481,-0.01188336219638586,-0.09757580506565813,0.009422658942639828,-0.048975531973778054,0.9877018158491734,-0.12163246719888428,left,-0.0007326006889343262,-0.21313469746548735,-1.9977520265638826,-9.374243502363562,-0.11191756055923988,-0.0013578361831605434,0.0013334602117538452,2.0743496746845542,-0.000581592321395874
1746728681242173200,23.138173095703124,-0.20967738338444358,-0.009550495073199272,-0.09739687154534939,0.0063383933156728745,-0.049259656178984916,0.9876974586475816,-0.12218591320089016,left,-0.00035703182220458984,-0.21323541130585705,-1.9949682410642504,-9.37462285706997,-0.11198702923235754,-0.005846846383064985,0.0008750557899475098,2.0753150125853717,0.0003858208656311035
1746728681282173200,23.178173095703126,-0.20967738338444358,-0.005389879457652569,-0.09739687154534939,0.0024584594648331404,-0.049259656178984916,0.9876974586475816,-0.12218591320089016,left,-0.00020754337310791016,-0.21323541130585705,-1.9949682410642504,-9.37462285706997,-0.11198702923235754,-0.004599074367433786,0.0005776137113571167,2.0753150125853717,0.00038276612758636475
1746728681322173200,23.218173095703126,-0.20967738338444358,-0.0012292633764445782,-0.09739687154534939,-0.001421474851667881,-0.049259656178984916,0.9876974586475816,-0.12218591320089016,left,-0.00005799531936645508,-0.21323541130585705,-1.9949682410642504,-9.37462285706997,-0.11198702923235754,-0.003351302118971944,0.00028017163276672363,2.0753150125853717,0.000379711389541626
1746728681362173200,23.258173095703125,-0.20967738338444358,0.00025858927983790636,-0.09739687154534939,-0.004335924983024597,-0.049259656178984916,0.9876974586475816,-0.12218591320089016,left,-0.0006614327430725098,-0.21323541130585705,-1.9949682410642504,-9.37462285706997,-0.11198702923235754,-0.0019198557129129767,0.00016216933727264404,2.0753150125853717,0.000375211238861084
1746728681402173200,23.298173095703124,-0.20967738338444358,-0.0012798364041373134,-0.09739687154534939,-0.003522838233038783,-0.049259656178984916,0.9876974586475816,-0.12218591320089016,left,-0.001624763011932373,-0.21323541130585705,-1.9949682410642504,-9.37462285706997,-0.11198702923235754,-0.0011661028256639838,0.00008176267147064209,2.0753150125853717,0.00035800039768218994
1746728681442173200,23.338173095703127,-0.20997209311494344,-0.0006217802874743938,-0.09751494688228339,-0.003057455411180854,-0.04939209046499147,0.9876625325212528,-0.12251559709537266,left,-0.000867307186126709,-0.21348654668565287,-1.9976222627043723,-9.373524540439247,-0.11213420739657765,-0.0010155736235901713,-0.0004318356513977051,2.0777219275966283,0.00033073127269744873
1746728681482173200,23.378173095703126,-0.20997209311494344,-0.0020285584032535553,-0.09751494688228339,0.00043484242632985115,-0.04939209046499147,0.9876625325212528,-0.12251559709537266,left,-0.000709235668182373,-0.21348654668565287,-1.9976222627043723,-9.373524540439247,-0.11213420739657765,-0.0017124601872637868,-0.00043295323848724365,2.0777219275966283,-0.00007224082946777344
1746728681678942700,23.574942626953124,-0.20968923472079448,0.01552802138030529,-0.09722622134699924,0.029412060976028442,-0.049872170434826765,0.9875331750477417,-0.12370952310989483,left,-0.00015564175555482507,-0.21575714253050413,-1.9939836139410734,-9.369450422868132,-0.1133049746960961,-0.05331062152981758,-0.0009144670912064612,2.099477978461236,0.00030528646311722696
1746728681718809000,23.61480908203125,-0.2095867234522032,0.0078121572732925415,-0.09710211631286395,-0.00485959742218256,-0.04976553058815175,0.9874356631781595,-0.12370890097687755,left,0.00030610919930040836,-0.2177879503814824,-1.9921318485945463,-9.36546515262425,-0.1143036667811893,-0.05092417448759079,0.0005177368875592947,2.118927359818667,-0.004540822934359312
1746728681758809000,23.65480908203125,-0.2097264044721671,0.011527772061526775,-0.09711932918478618,-0.005442547146230936,-0.04966515859645109,0.9873549954833054,-0.12368570457241003,left,0.0010254979133605957,-0.2192521643592529,-1.992792066068947,-9.36214273020327,-0.11502785018752366,-0.036055684089660645,-0.00026860833168029785,2.1329449253857136,-0.0002624392509460449
1746728681798809300,23.694809326171875,-0.20991769825594064,0.011056087911128998,-0.0971902785819963,-0.004760567098855972,-0.049466176380901734,0.9872975544061153,-0.12342418951348244,left,0.00008946657180786133,-0.22031629660734095,-1.9941088477559386,-9.359535762575268,-0.11554447143078275,-0.020576292648911476,-0.0006501227617263794,2.1431293425306674,-0.0003235042095184326
1746728681838809300,23.734809326171874,-0.21011862674467102,0.005483950953930616,-0.0972788546978389,-0.007639836519956589,-0.04930427654110066,0.9872595458013208,-0.12319388241560185,left,0.0007611513137817383,-0.22097711796959996,-1.995693486598879,-9.357747710114717,-0.11586396594753655,-0.01197902299463749,-0.002212017774581909,2.1494527003332973,0.0008350759744644165
1746728681878809000,23.77480908203125,-0.2103973526985835,0.0005057156085968018,-0.09740816575386486,0.0010410221293568611,-0.049225999717402984,0.9872293779138791,-0.12310896901598649,left,-0.0018408894538879395,-0.22134156387293888,-1.9981379571415483,-9.356424352556466,-0.1160463256420035,-0.005002032499760389,-0.0014817416667938232,2.1529396656662225,0.0012794435024261475
1746728681918809000,23.81480908203125,-0.2103973526985835,-0.002813308499753475,-0.09740816575386486,0.004964530002325773,-0.049225999717402984,0.9872293779138791,-0.12310896901598649,left,0.00007724761962890625,-0.22134156387293888,-1.9981379571415483,-9.356424352556466,-0.1160463256420035,-0.0025757886469364166,-0.0009481906890869141,2.1529396656662225,0.0020427405834198
1746728681958809000,23.85480908203125,-0.2103973526985835,-0.006054786033928394,-0.09740816575386486,0.006542551796883345,-0.049225999717402984,0.9872293779138791,-0.12310896901598649,left,-0.000044345855712890625,-0.22134156387293888,-1.9981379571415483,-9.356424352556466,-0.1160463256420035,0.0019417493604123592,-0.000581204891204834,2.1529396656662225,0.0019255131483078003
1746728681998809000,23.89480908203125,-0.21007724482849527,-0.006965526379644871,-0.09722906826084227,0.00934975128620863,-0.04943242887162886,0.9872367474502175,-0.12348693864489893,left,-0.0011349320411682129,-0.2213184407477145,-1.9951532422423361,-9.357112334820627,-0.11604543418388208,0.004735981579869986,-0.000037223100662231445,2.1527184241309762,0.002712547779083252
1746728682038809300,23.934809326171877,-0.20978959957774346,-0.009103822521865368,-0.09707572375324187,0.009295787662267685,-0.049640295581286964,0.9872551765439288,-0.12384516611868415,left,-0.001670241355895996,-0.22105913438040267,-1.9925776926659047,-9.358231694239377,-0.11592790177600833,0.005640323273837566,0.00041122734546661377,2.1502374209702015,0.0026356279850006104
1746728682078809300,23.974809326171876,-0.20950191041871152,-0.01124211959540844,-0.09692237924564148,0.00924182403832674,-0.04984816229094501,0.98727360563764,-0.12420346963540667,left,-0.00220566987991333,-0.22079996491677514,-1.9900012663066386,-9.359349300092457,-0.11581036936813456,0.006544664967805147,0.0008595883846282959,2.1477577329836786,0.002558588981628418
1746728682118809300,24.014809326171875,-0.2092436830196521,-0.011822769418358803,-0.09678220539538882,0.005613110959529877,-0.050099209772879086,0.9872931476449314,-0.12464273186651295,left,-0.00030666589736938477,-0.22045110213569588,-1.9877398972459137,-9.36059491623938,-0.11565321548668216,0.008894139900803566,0.0012262910604476929,2.144419382341206,0.002469107508659363
1746728682158809000,24.05480908203125,-0.2092281214335187,-0.006876464933156967,-0.09678244260985876,0.0018560222815722227,-0.05024011803685688,0.9873172830794454,-0.12486315804322724,left,-0.0004329085350036621,-0.21988602050488318,-1.9878455495774745,-9.361810137248039,-0.11538495068960486,0.011453237384557724,0.0009210109710693359,2.1390116780787705,0.001843973994255066
1746728682198809000,24.09480908203125,-0.20921247352320027,-0.0019301604479551315,-0.0967826798243287,-0.0019010663963854313,-0.05038102630083467,0.9873414185139596,-0.12508358898607036,left,-0.0005595088005065918,-0.21932098356103907,-1.9879497406043112,-9.363021851125358,-0.11511668589252755,0.014012334868311882,0.0006155818700790405,2.1336035354249177,0.0012188851833343506
1746728682238809000,24.13480908203125,-0.20928018519591998,0.0003329215105623007,-0.0968403929825861,-0.003428507363423705,-0.0503844596482685,0.987369203919689,-0.12503308097466337,left,-0.0002728700637817383,-0.2187365416000887,-1.988842451660335,-9.364105554708837,-0.11482783959694359,0.014329308643937111,0.00030046701431274414,2.1280090764187274,0.0005948096513748169
1746728682278809300,24.174809326171875,-0.20958148143284028,-0.0017796000465750694,-0.09700394302321105,-0.005225099623203278,-0.05037303101943743,0.9873735776580078,-0.12500464970570485,left,-0.0018311142921447754,-0.2183764271043828,-1.9918230749063193,-9.364254607790707,-0.11465653218249774,0.010941967368125916,-0.0008434504270553589,2.124561566313356,0.0017309188842773438
1746728682318809300,24.214809326171874,-0.20988280528073705,-0.003892121370881796,-0.0971674928894429,-0.007021691650152206,-0.05036160754464256,0.9873780355323067,-0.12497614303031485,left,-0.0033895373344421387,-0.21801636500894042,-1.994803844282776,-9.36440132278502,-0.11448522492230966,0.0075546251609921455,-0.0019873231649398804,2.121114348468929,0.002866983413696289
1746728682358809300,24.254809326171873,-0.2099906857652167,-0.014402026310563087,-0.09722777261056122,0.007164519280195236,-0.05048922030588386,0.9873939913212602,-0.12518839823020578,left,-0.00414961576461792,-0.21749258267993593,-1.9960453687764703,-9.365271675878763,-0.11424004414816874,0.014692960307002068,-0.0027694255113601685,2.116099004524946,0.002746209502220154
1746728682398809000,24.29480908203125,-0.2095129468974988,-0.027069520205259323,-0.096990352921185,0.02349170297384262,-0.05088469297423561,0.9874488965290039,-0.12582766153815808,left,-0.0032242536544799805,-0.21654112980422405,-1.9919889329925178,-9.368189024630189,-0.11378992433678645,0.023673173040151596,-0.0020096898078918457,2.1069873311780394,0.0019304454326629639
1746728682438809000,24.33480908203125,-0.20874863855752457,-0.03907442092895508,-0.09659939025528938,0.028124606236815453,-0.05154139705997936,0.9875241555712038,-0.1269226071760361,left,-0.0007749199867248535,-0.21522288330517464,-1.9854019558176397,-9.37241804050207,-0.1131733884808522,0.031160760670900345,-0.0008325129747390747,2.09435990479514,0.00013478100299835205
1746728682478809000,24.37480908203125,-0.20817591909842362,-0.029907260090112686,-0.0963161501998477,0.01987568661570549,-0.05224429737300048,0.9876090835474962,-0.12808500654295457,left,-0.000920414924621582,-0.21346606405329732,-1.980791247151792,-9.37713922380507,-0.11234834792530675,0.037347085773944855,-0.00031116604804992676,2.077525528241694,-0.0004858076572418213
1746728682518809000,24.41480908203125,-0.20760131275445984,-0.020740101113915443,-0.09603278406585225,0.011626767925918102,-0.05294715986644083,0.9876927048390741,-0.12924804252902758,left,-0.00106889009475708,-0.21170986721295035,-1.9761517507828772,-9.381831181013583,-0.11152316026814235,0.04353341460227966,0.00020726025104522705,2.060690859427303,-0.001106351613998413
1746728682558809300,24.454809326171876,-0.20674750316309992,-0.008214856497943401,-0.09564319558583989,0.021348748356103897,-0.05332572286745565,0.9877983034979906,-0.1297423114158096,left,-0.0014938712120056152,-0.2101189093483928,-1.968811324892193,-9.386711938792466,-0.11073955062488763,0.028063183650374413,0.0006247162818908691,2.0454346919760105,-0.0010835975408554077
1746728682598809300,24.494809326171875,-0.20633358265026885,-0.00547513272613287,-0.09544943561861557,0.001582559198141098,-0.053494017247124354,0.9878421275864506,-0.12996841805267,left,-0.00024902820587158203,-0.2095003441831061,-1.9651846588276325,-9.388763026103376,-0.1104342163725402,0.005416795611381531,-0.0007807314395904541,2.0395016486652193,0.0013537704944610596
1746728682638809000,24.53480908203125,-0.20633358265026885,-0.0016858784947544336,-0.09544943561861557,0.0045126937329769135,-0.053494017247124354,0.9878421275864506,-0.12996841805267,left,-0.0012009739875793457,-0.2095003441831061,-1.9651846588276325,-9.388763026103376,-0.1104342163725402,0.0004300866276025772,-0.001504853367805481,2.0395016486652193,0.0025903433561325073
1746728682835175200,24.731175048828124,-0.20406153787500925,-0.022253239527344704,-0.0944892805400879,0.015071636997163296,-0.05441456114907732,0.9881988319490262,-0.13095045431037663,left,-0.0008982130675576627,-0.20374875077884863,-1.9461928119793532,-9.40453518025279,-0.10758216371478763,0.04219099134206772,0.002515672007575631,1.9842976478375494,-0.0022939860355108976
1746728682875175400,24.771175537109375,-0.20362255624629724,-0.005833502858877182,-0.0943024875017398,0.007488498464226723,-0.054510365067908705,0.9882593844050083,-0.1310013560978534,left,0.00005137920379638672,-0.20287356529990377,-1.9424146086148917,-9.407085449257492,-0.10714075746124942,0.023263216018676758,0.002228453755378723,1.975891784672439,-0.0011039525270462036
1746728682915175400,24.811175537109374,-0.20335014979698646,0.0009928597137331963,-0.09419617810524732,0.00363474665209651,-0.054433330285087685,0.9882984330440788,-0.1307698380234984,left,-0.0011115074157714844,-0.202449214705765,-1.9400211376070975,-9.408435110300779,-0.10691302458828908,0.014025150798261166,0.0022583454847335815,1.9718154751442372,-0.0023943930864334106
1746728682955175400,24.851175537109373,-0.20335014979698646,0.0009631620487198234,-0.09419617810524732,0.000883626053109765,-0.054433330285087685,0.9882984330440788,-0.1307698380234984,left,-0.001865386962890625,-0.202449214705765,-1.9400211376070975,-9.408435110300779,-0.10691302458828908,0.00972803682088852,0.0019757747650146484,1.9718154751442372,-0.0031816214323043823
1746728682995175400,24.891175537109376,-0.20335014979698646,-0.0038600554689764977,-0.09419617810524732,0.001255953568033874,-0.054433330285087685,0.9882984330440788,-0.1307698380234984,left,-0.0022011399269104004,-0.202449214705765,-1.9400211376070975,-9.408435110300779,-0.10691302458828908,0.008989695459604263,0.0022778958082199097,1.9718154751442372,-0.003932759165763855
1746728683035175400,24.931175537109375,-0.2031587903945364,-0.007162889000028372,-0.09413077434658669,-0.0008756850147619843,-0.05452355504507345,0.9883464906090854,-0.13083687597333382,left,-0.00016689300537109375,-0.20157504142723032,-1.9385678700588642,-9.410490873786806,-0.1064795697188832,0.011163397692143917,0.0019660145044326782,1.9634170646332203,-0.0036981403827667236
1746728683075175200,24.971175048828126,-0.20326992170262462,-0.0017966879531741142,-0.09420416416828374,-0.0026166229508817196,-0.054561957827526396,0.9883654199330667,-0.13086819562657448,left,-0.00011050701141357422,-0.2010372942861942,-1.9398264918178318,-9.411308035388588,-0.10621869412998176,0.007629490457475185,0.0013049989938735962,1.9582500372588634,-0.002454712986946106
1746728683115175200,25.011175048828125,-0.20338103781454706,0.0035695135593414307,-0.0942775540090564,-0.004357561003416777,-0.054600315964971134,0.9883843097660759,-0.1308993759657007,left,-0.00005435943603515625,-0.20049957442272578,-1.94108452905491,-9.412122274380922,-0.10595781852421061,0.004095583222806454,0.0006439387798309326,1.9530827176235614,-0.0012112259864807129
1746728683155175400,25.051175537109376,-0.20361641941152536,0.004907733760774136,-0.09440429829857865,-0.006754829548299313,-0.054479868836027665,0.9883777958578095,-0.13068379701748303,left,-0.0004960298538208008,-0.20052641415480682,-1.9432893456228075,-9.411613740336895,-0.10596731969255567,-0.0004133232869207859,0.0003502070903778076,1.9533406379073857,-0.0012673884630203247
1746728683195175400,25.091175537109375,-0.20385187107814404,0.006245954427868128,-0.09453106239898627,-0.009152098558843136,-0.054359426861121794,0.9883713660855238,-0.13046826099946016,left,-0.0009377002716064453,-0.20055337601071524,-1.9454946005821228,-9.411104037249087,-0.10597684312555293,-0.0049222297966480255,0.00005652010440826416,1.9535998733654618,-0.001323699951171875
1746728683235175400,25.131175537109375,-0.20385187107814404,0.005997554864734411,-0.09453106239898627,-0.007332886103540659,-0.054359426861121794,0.9883713660855238,-0.13046826099946016,left,-0.00107496976852417,-0.20055337601071524,-1.9454946005821228,-9.411104037249087,-0.10597684312555293,-0.002801531460136175,-0.00016848742961883545,1.9535998733654618,-0.0006038248538970947
1746728683275175400,25.171175537109374,-0.20428694984760892,0.0020195161923766136,-0.09475893451621759,-0.008605418726801872,-0.054199770279196334,0.9883561909109017,-0.13019635840622695,left,-0.0008739233016967773,-0.20059486231411358,-1.9495725175455212,-9.410177570053934,-0.10599626287296979,0.0003013010136783123,0.00008226931095123291,1.953998517294228,0.000020831823348999023
1746728683315175200,25.211175048828125,-0.2046828286201477,-0.0004679483827203512,-0.09496283967495946,-0.00756914634257555,-0.05413738206315402,0.988344135787392,-0.13010284593891971,left,0.0013140439987182617,-0.20050577781845366,-1.9533330391228199,-9.409575512507557,-0.10595857899151503,0.003535266499966383,-0.00011542439460754395,1.9531423388563096,0.00043167173862457275
1746728683355175200,25.251175048828124,-0.20530707647014843,0.0007617748342454433,-0.0952878731385887,-0.011133190244436264,-0.05406714510566499,0.9883307879730419,-0.12999569725033366,left,-0.0018017888069152832,-0.20021403863842954,-1.9593226349264383,-9.408911495640874,-0.10582640317983905,0.01508263684809208,-0.00024056434631347656,1.9503386796124278,-0.0015867501497268677
1746728683395175400,25.291175537109375,-0.20530707647014843,-0.00006880861474201083,-0.0952878731385887,-0.010283410549163818,-0.05406714510566499,0.9883307879730419,-0.12999569725033366,left,-0.0005471706390380859,-0.20021403863842954,-1.9593226349264383,-9.408911495640874,-0.10582640317983905,0.008379172533750534,-0.0001510530710220337,1.9503386796124278,-0.0009957551956176758
1746728683435175400,25.331175537109374,-0.20530707647014843,-0.0008993920055218041,-0.0952878731385887,-0.009433629922568798,-0.05406714510566499,0.9883307879730419,-0.12999569725033366,left,0.0007073879241943359,-0.20021403863842954,-1.9593226349264383,-9.408911495640874,-0.10582640317983905,0.001675708219408989,-0.00006152689456939697,1.9503386796124278,-0.0004047602415084839
1746728683475175400,25.371175537109377,-0.20523780988299828,0.00074347312329337,-0.0952805520481942,-0.006163321435451508,-0.053957499415301625,0.988357224159179,-0.12972877040920766,left,0.0013966560363769531,-0.19987013382362342,-1.9588075250111519,-9.409703522801399,-0.10564209335423798,0.003303023986518383,0.00014574825763702393,1.9470333544567227,0.0008663088083267212
1746728683515175400,25.411175537109376,-0.20523780988299828,0.007855193689465523,-0.0952805520481942,-0.010329626500606537,-0.053957499415301625,0.988357224159179,-0.12972877040920766,left,0.0015727877616882324,-0.19987013382362342,-1.9588075250111519,-9.409703522801399,-0.10564209335423798,0.001098394626751542,-0.00043010711669921875,1.9470333544567227,0.002959534525871277
1746728683555175400,25.451175537109375,-0.20577463325674344,0.010130610316991806,-0.09557900288502781,-0.016129780560731888,-0.05356941671396044,0.9883450632829027,-0.12901436970529437,left,0.001913309097290039,-0.19999360117239373,-1.9638094249516724,-9.408415236556529,-0.1056833742303164,-0.00109796691685915,-0.0007376223802566528,1.9482200800232587,0.002101913094520569
1746728683595175200,25.491175048828126,-0.20631140131275005,0.01240602694451809,-0.09587743380198065,-0.021929936483502388,-0.05318128421357339,0.9883327787796736,-0.12829995803562103,left,0.002253413200378418,-0.20011748281180636,-1.9688098635874687,-9.407123443180321,-0.10572463293815879,-0.003294328460469842,-0.0010452866554260254,1.9494106049820779,0.001243889331817627
1746728683635175400,25.531175537109377,-0.20703554853981782,0.010857796296477318,-0.09626318414597744,-0.01569955050945282,-0.05280699765680166,0.9883066405332077,-0.12764083923969344,left,-0.0018156170845031738,-0.20030655035402076,-1.9755457477137446,-9.405334221675991,-0.10580547176046581,0.00019045546650886536,-0.0003177076578140259,1.9512277374066411,0.001295521855354309
1746728683675175400,25.571175537109376,-0.2073713017347588,0.008860791102051735,-0.09645765482010739,-0.010359221138060093,-0.052521764013733215,0.9883046051436722,-0.1270997632184055,left,-0.0007631778717041016,-0.20030836961825355,-1.9787027504399417,-9.40466728219986,-0.10578914404531732,0.003946136683225632,-0.001743122935295105,1.9512452730633316,0.0007766932249069214
1746728683831763500,25.727763427734374,-0.20714913316838077,-0.01466729398816824,-0.09640095785351074,0.013051869347691536,-0.0527413691535407,0.9883912699436261,-0.1273247119172876,left,-0.000680844415910542,-0.19853362356994939,-1.977322401997447,-9.408480703008175,-0.10491827199506444,0.008939359337091446,0.00032320115133188665,1.9341858555823563,0.000621020095422864
1746728683871763500,25.767763427734376,-0.2068624658492334,-0.010726222768425941,-0.09624643047820904,0.008304846473038197,-0.05297934616614116,0.9884056165580524,-0.1277477951029573,left,-0.00026112794876098633,-0.19827901673297973,-1.9747262480244039,-9.409528750756383,-0.10480540664850017,0.005637417081743479,0.0006199181079864502,1.9317380240388213,0.00015632808208465576
1746728683911763500,25.807763427734375,-0.2068624658492334,-0.005708863027393818,-0.09624643047820904,0.002824899274855852,-0.05297934616614116,0.9884056165580524,-0.1277477951029573,left,0.0001455545425415039,-0.19827901673297973,-1.9747262480244039,-9.409528750756383,-0.10480540664850017,0.0045281327329576015,0.0007156133651733398,1.9317380240388213,0.0008820295333862305
1746728683951763500,25.847763427734375,-0.20680825725260346,-0.0011540022678673267,-0.09621158961389517,-0.0031005367636680603,-0.05315409025729028,0.9884106622525023,-0.1280692931263902,left,0.0004159212112426758,-0.19803970219300002,-1.9743110913522541,-9.410087553682922,-0.10470132247812931,0.0025591058656573296,0.0004127621650695801,1.92943705362007,0.0007848441600799561
1746728683991763500,25.887763427734374,-0.20680825725260346,0.0029559959657490253,-0.09621158961389517,-0.008224407210946083,-0.05315409025729028,0.9884106622525023,-0.1280692931263902,left,-0.00021028518676757812,-0.19803970219300002,-1.9743110913522541,-9.410087553682922,-0.10470132247812931,0.00369458319619298,-0.0004920363426208496,1.92943705362007,0.000043392181396484375
1746728684031763500,25.927763427734376,-0.20713143141916274,0.001044288044795394,-0.09638372328285406,-0.007267503067851067,-0.05306698681727891,0.9884045970844997,-0.12791434425805748,left,-0.000952303409576416,-0.1979223700650135,-1.977398682104051,-9.409670789575577,-0.10464453320681312,0.0020064953714609146,0.00013478100299835205,1.928308926372975,-0.0011023730039596558
1746728684071763500,25.967763427734376,-0.20713143141916274,-0.000867419526912272,-0.09638372328285406,-0.00631059892475605,-0.05306698681727891,0.9884045970844997,-0.12791434425805748,left,-0.001651763916015625,-0.1979223700650135,-1.977398682104051,-9.409670789575577,-0.10464453320681312,0.00031840766314417124,0.00044676661491394043,1.928308926372975,-0.0023631900548934937
1746728684111763500,26.007763427734375,-0.2074932891576287,0.0004975162446498871,-0.09656691989819044,0.004000302404165268,-0.053024408305766206,0.9883905683860416,-0.1278616548646033,left,-0.0061989426612854,-0.1978784738274378,-1.9808209116376936,-9.409037752369045,-0.10462992189577057,0.0006541239563375711,0.0006166845560073853,1.927886755438149,-0.002157837152481079
1746728684151763500,26.047763427734374,-0.2074932891576287,0.0018624520162120461,-0.09656691989819044,0.014311203733086586,-0.053024408305766206,0.9883905683860416,-0.1278616548646033,left,-0.010681569576263428,-0.1978784738274378,-1.9808209116376936,-9.409037752369045,-0.10462992189577057,0.000989840249530971,0.0004376322031021118,1.927886755438149,-0.001995489001274109
1746728684191763500,26.087763427734377,-0.2074932891576287,0.003022985067218542,-0.09656691989819044,0.015275056473910809,-0.053024408305766206,0.9883905683860416,-0.1278616548646033,left,-0.002969682216644287,-0.1978784738274378,-1.9808209116376936,-9.409037752369045,-0.10462992189577057,-0.010911858640611172,-0.0007572323083877563,1.927886755438149,0.00005644559860229492
1746728684349999000,26.2459990234375,-0.20775380652287162,0.01778702810406685,-0.09663204698112356,-0.01391726452857256,-0.05293150519637776,0.98829947786239,-0.1278884064982789,left,0.0015807822346687317,-0.1995713959761341,-1.9825959584861992,-9.405313763409852,-0.10547360195203379,0.011098245158791542,-0.0024018073454499245,1.9441618906736373,0.002983049489557743
1746728684389863400,26.285863525390624,-0.20801225503178256,0.014554187655448914,-0.096799906051227,-0.011631953530013561,-0.0525248358913109,0.9883058103978065,-0.12709770905184278,left,-0.000680844415910542,-0.19961379164855295,-1.98500974162966,-9.404720473691821,-0.10546310780367005,-0.00010308914352208376,0.00032320115133188665,1.9445694485612213,0.000621020095422864
1746728684429863400,26.325863525390623,-0.20798879617278268,0.006952473893761635,-0.09678306698077946,-0.006125261075794697,-0.05252851711886574,0.9883011089540666,-0.1271156523099908,left,-0.00022482872009277344,-0.19973119753346352,-1.984741884473711,-9.404543948081136,-0.10552129275130834,0.0009362273849546909,0.0002532005310058594,1.9456978680692611,0.0006437599658966064
1746728684469863400,26.365863525390626,-0.20798879617278268,-0.0006492403335869312,-0.09678306698077946,-0.0006185690872371197,-0.05252851711886574,0.9883011089540666,-0.1271156523099908,left,0.0002492666244506836,-0.19973119753346352,-1.984741884473711,-9.404543948081136,-0.10552129275130834,0.0019755440298467875,0.0002105236053466797,1.9456978680692611,0.0007815659046173096
1746728684509863400,26.405863525390625,-0.20798879617278268,-0.0031213245820254087,-0.09678306698077946,0.0029086871072649956,-0.05252851711886574,0.9883011089540666,-0.1271156523099908,left,0.00007230043411254883,-0.19973119753346352,-1.984741884473711,-9.404543948081136,-0.10552129275130834,0.006730979308485985,0.00024108588695526123,1.9456978680692611,0.0002783238887786865
1746728684549863700,26.44586376953125,-0.207687944900699,-0.0028832992538809776,-0.09663896687036495,0.0025612697936594486,-0.052632290487074025,0.9883270125102237,-0.1272572197657062,left,0.0001004934310913086,-0.19940269446712072,-1.9820441698223352,-9.40576559883058,-0.10535812232064745,0.005519679747521877,0.0004671812057495117,1.9425404269516466,0.00008249282836914062
1746728684589863400,26.485863525390624,-0.2073871534320294,-0.00264527415856719,-0.09649488667983243,0.0022138524800539017,-0.05273606900931991,0.9883530002023614,-0.12739892305373043,left,0.0001284480094909668,-0.19907431658321947,-1.9793461629100142,-9.406984911492467,-0.10519497405822521,0.004308380652219057,0.0006932169198989868,1.9393837164863943,-0.00011341273784637451
1746728684629863400,26.525863525390626,-0.2073871534320294,-0.0026882861275225878,-0.09649488667983243,-0.00030106352642178535,-0.05273606900931991,0.9883530002023614,-0.12739892305373043,left,0.0009212493896484375,-0.19907431658321947,-1.9793461629100142,-9.406984911492467,-0.10519497405822521,0.0018978375010192394,0.0019814521074295044,1.9393837164863943,-0.000019863247871398926
1746728684669863400,26.565863525390625,-0.20734419837319973,-0.0006980157922953367,-0.09647765955814556,-0.004042620770633221,-0.05280190506433784,0.988364126266771,-0.127499586133314,left,0.0006129741668701172,-0.19882064451194098,-1.9790432344406843,-9.407550728681683,-0.10507349919174284,0.0037578982301056385,0.0021257400512695312,1.9369452372930942,0.00034473836421966553
1746728684709863400,26.605863525390625,-0.20734419837319973,0.0026771812699735165,-0.09647765955814556,-0.007072429172694683,-0.05280190506433784,0.988364126266771,-0.127499586133314,left,0.0002849102020263672,-0.19882064451194098,-1.9790432344406843,-9.407550728681683,-0.10507349919174284,0.005993209779262543,0.00089225172996521,1.9369452372930942,-0.00006996095180511475
1746728684749863400,26.645863525390624,-0.20768288685390465,0.0034905611537396908,-0.09666897278896347,-0.007624129299074411,-0.05271095066181193,0.9883703313647051,-0.12730942722535143,left,-0.00020706653594970703,-0.19843948616358242,-1.9823814389526844,-9.407602166607976,-0.10488513383669475,0.006493967026472092,0.0003805011510848999,1.9332807234361766,-0.00038483738899230957
1746728684789863700,26.68586376953125,-0.20768288685390465,0.004959018900990486,-0.09666897278896347,-0.008537741377949715,-0.05271095066181193,0.9883703313647051,-0.12730942722535143,left,-0.0004317760467529297,-0.19843948616358242,-1.9823814389526844,-9.407602166607976,-0.10488513383669475,0.004221579525619745,-0.00019127130508422852,1.9332807234361766,-0.0007852464914321899
1746728684829863400,26.725863525390626,-0.20816693904720437,0.003976673819124699,-0.09693398451276669,-0.0070992764085531235,-0.05253686253074157,0.9883663433452425,-0.12698231301239918,left,-0.000559389591217041,-0.19820279972501412,-1.987029557019472,-9.407088956388831,-0.10476522759420968,0.001898171380162239,-0.00015182793140411377,1.9310051797196268,-0.0007361769676208496
1746728684869863400,26.765863525390625,-0.20816693904720437,0.003176333149895072,-0.09693398451276669,-0.005769346375018358,-0.05253686253074157,0.9883663433452425,-0.12698231301239918,left,-0.00029212236404418945,-0.19820279972501412,-1.987029557019472,-9.407088956388831,-0.10476522759420968,-0.0011102173011749983,-0.0008787810802459717,1.9310051797196268,-0.0002545863389968872
1746728684909863400,26.805863525390624,-0.20816693904720437,-0.0007006227970123291,-0.09693398451276669,-0.0046212757006287575,-0.05253686253074157,0.9883663433452425,-0.12698231301239918,left,-0.0011007189750671387,-0.19820279972501412,-1.987029557019472,-9.407088956388831,-0.10476522759420968,-0.0018269652500748634,-0.0010319799184799194,1.9310051797196268,-0.001189306378364563
1746728684949863400,26.845863525390627,-0.2085488546462884,0.00019956933101639152,-0.09712097129954807,0.00956871546804905,-0.052522958787442175,0.9883461665889579,-0.1269975536276155,left,-0.006043851375579834,-0.19822889461919174,-1.9906116532899438,-9.406279978093504,-0.10478888241124376,-0.002056485740467906,0.0000600665807723999,1.9312560857407748,-0.0012734681367874146
1746728684989863400,26.885863525390626,-0.2085488546462884,0.0010997613426297903,-0.09712097129954807,0.02375870570540428,-0.052522958787442175,0.9883461665889579,-0.1269975536276155,left,-0.010904431343078613,-0.19822889461919174,-1.9906116532899438,-9.406279978093504,-0.10478888241124376,-0.0022860062308609486,0.0007868409156799316,1.9312560857407748,-0.0013320595026016235
1746728685029863700,26.92586376953125,-0.20830517647317057,0.0014158010017126799,-0.0969846030970771,0.014108673669397831,-0.05252105945637951,0.988338597844882,-0.12701366702109354,left,-0.0014491677284240723,-0.1986422301013307,-1.988154177135229,-9.405983040973544,-0.10498725428829893,-0.013268379494547844,-0.0005459636449813843,1.935229957807809,-0.0014650672674179077
1746728685069863700,26.96586376953125,-0.2082770644591713,-0.002000043634325266,-0.0969388044541666,0.007942179217934608,-0.05260856178147548,0.9883091266423019,-0.12724720913119672,left,-0.0012437701225280762,-0.19917887457173372,-1.9876747230552136,-9.40502150246501,-0.10526267686817899,-0.014204421080648899,0.0010091215372085571,1.940388948006183,-0.00038595497608184814
1746728685109863400,27.005863525390627,-0.20839216664513507,0.0016753831878304482,-0.09696756735377232,-0.0011012805625796318,-0.05266876093848702,0.9882757963993315,-0.12743620911493406,left,0.0013486742973327637,-0.1996741123990501,-1.9885582278914748,-9.403851289641857,-0.10551925520823388,-0.010058263316750526,-0.00010189414024353027,1.9451492942757904,0.0022594034671783447
1746728685149863400,27.045863525390626,-0.20839216664513507,0.006215221248567104,-0.09696756735377232,-0.005968776997178793,-0.05266876093848702,0.9882757963993315,-0.12743620911493406,left,-0.00019860267639160156,-0.1996741123990501,-1.9885582278914748,-9.403851289641857,-0.10551925520823388,-0.004366738721728325,-0.001280084252357483,1.9451492942757904,0.00250793993473053
1746728685189863400,27.085863525390625,-0.208738118566579,0.0017627645283937454,-0.09713291762747625,-0.007177782244980335,-0.05258501019292275,0.9882479484487013,-0.12733653903912517,left,0.000049173831939697266,-0.19997016786409957,-1.991691995872557,-9.402598659232257,-0.10566961686193682,-0.0035632567014545202,-0.0011163204908370972,1.9479947468347847,0.0019913166761398315
1746728685229863400,27.125863525390624,-0.20908406815674976,-0.002689692657440901,-0.09729826790117875,-0.008386787958443165,-0.052501254293322204,0.988220016362091,-0.12723696306084714,left,0.0002968311309814453,-0.20026626338041015,-1.9948248870708047,-9.40134427525699,-0.10581997851564359,-0.0027597746811807156,-0.0009526312351226807,1.9508404916547237,0.001474633812904358
1746728685269863400,27.165863525390623,-0.20908406815674976,-0.00514552416279912,-0.09729826790117875,0.0039047151803970337,-0.052501254293322204,0.988220016362091,-0.12723696306084714,left,-0.0014066696166992188,-0.20026626338041015,-1.9948248870708047,-9.40134427525699,-0.10581997851564359,-0.00018696882762014866,-0.0008351802825927734,1.9508404916547237,0.0023391246795654297
1746728685309863700,27.20586376953125,-0.20908406815674976,-0.003724190639331937,-0.09729826790117875,0.0028485243674367666,-0.052501254293322204,0.988220016362091,-0.12723696306084714,left,0.000024378299713134766,-0.20026626338041015,-1.9948248870708047,-9.40134427525699,-0.10581997851564359,0.0015334985218942165,-0.00024165213108062744,1.9508404916547237,0.0018317699432373047
1746728685349863400,27.245863525390625,-0.2089431159000778,-0.0027146865613758564,-0.0972227483310652,0.0030693754088133574,-0.05259995652147053,0.9882265533246185,-0.12741144653335856,left,-0.0002627372741699219,-0.20017468884185538,-1.9935367469564078,-9.401800202330946,-0.10577956968731989,0.004721344914287329,0.00030125677585601807,1.9499604939498005,0.0003597140312194824
1746728685389863400,27.285863525390624,-0.2089431159000778,-0.002008745912462473,-0.0972227483310652,0.002115944167599082,-0.05259995652147053,0.9882265533246185,-0.12741144653335856,left,-0.00008684396743774414,-0.20017468884185538,-1.9935367469564078,-9.401800202330946,-0.10577956968731989,0.0025952011346817017,0.0007087588310241699,1.9499604939498005,-0.00010254979133605957
1746728685429863400,27.325863525390623,-0.2089431159000778,-0.0034076739102602005,-0.0972227483310652,0.0008145363535732031,-0.05259995652147053,0.9882265533246185,-0.12741144653335856,left,-0.000052869319915771484,-0.20017468884185538,-1.9935367469564078,-9.401800202330946,-0.10577956968731989,0.0004337630234658718,0.0004559457302093506,1.9499604939498005,-0.000056877732276916504
1746728685469863400,27.365863525390626,-0.2089431159000778,-0.004806601442396641,-0.0972227483310652,-0.000486871344037354,-0.05259995652147053,0.9882265533246185,-0.12741144653335856,left,-0.000018894672393798828,-0.20017468884185538,-1.9935367469564078,-9.401800202330946,-0.10577956968731989,-0.0017276753205806017,0.00020313262939453125,1.9499604939498005,-0.000011205673217773438
1746728685625871400,27.521871337890627,-0.2093502268574149,-0.0025389976799488068,-0.09737035391917986,-0.007187244947999716,-0.053174860952243864,0.9881865640675701,-0.12859178327334664,left,0.000680844415910542,-0.19993431753155425,-1.9974615191847085,-9.401445982065797,-0.10572915825500107,0.00846148282289505,-0.00032320115133188665,1.9476501711808143,-0.000621020095422864
1746728685665871400,27.561871337890626,-0.2096396328584811,-0.001953606028109789,-0.09751231012830167,-0.006901921238750219,-0.05320214984882903,0.9881743359258938,-0.12866880685573454,left,0.0001042485237121582,-0.19985204295590142,-2.0002156401984394,-9.401024541783332,-0.10569999763377698,0.003225646447390318,-0.0017564892768859863,1.946859459194541,-0.0005073100328445435
1746728685705871400,27.601871337890625,-0.2096396328584811,0.0010788773652166128,-0.09751231012830167,-0.006622734945267439,-0.05320214984882903,0.9881743359258938,-0.12866880685573454,left,-0.0010671615600585938,-0.19985204295590142,-2.0002156401984394,-9.401024541783332,-0.10569999763377698,0.0001912729348987341,-0.0018495023250579834,1.946859459194541,0.00031006336212158203
1746728685745871600,27.64187158203125,-0.2096396328584811,0.00006414903327822685,-0.09751231012830167,-0.0036863782443106174,-0.05320214984882903,0.9881743359258938,-0.12866880685573454,left,-0.0004273653030395508,-0.19985204295590142,-2.0002156401984394,-9.401024541783332,-0.10569999763377698,-0.00310640805400908,-0.0015424489974975586,1.946859459194541,-0.00042107701301574707
1746728685785871600,27.68187158203125,-0.2101784102581972,-0.005778948776423931,-0.09776293316037274,-0.00016590021550655365,-0.053259297619919724,0.9881359988148567,-0.1288588168911638,left,-0.0015881657600402832,-0.20000143156323064,-2.005219732096046,-9.399660852214694,-0.10579733173352315,-0.002099487464874983,-0.0009944438934326172,1.948295337216556,-0.0015983432531356812
1746728685825871400,27.721871337890626,-0.21046024692129656,-0.008379013277590275,-0.0978797007665709,-0.008295467123389244,-0.0533894037488684,0.9881064935374663,-0.12917039636342764,left,0.002577543258666992,-0.2001626233131102,-2.0078031727179884,-9.39878816103339,-0.10589961149740776,-0.002842085435986519,-0.0014825612306594849,1.9498444663546979,-0.00046537816524505615
1746728685865871400,27.761871337890625,-0.21046024692129656,-0.004319742787629366,-0.0978797007665709,0.014934936538338661,-0.0533894037488684,0.9881064935374663,-0.12917039636342764,left,-0.005239963531494141,-0.2001626233131102,-2.0078031727179884,-9.39878816103339,-0.10589961149740776,-0.005558413453400135,0.00034731626510620117,1.9498444663546979,-0.00012455880641937256
1746728685905871400,27.801871337890624,-0.20995571927681836,-0.002805132418870926,-0.09759518225499152,0.00881081260740757,-0.053514525923817315,0.9880976464459101,-0.12943359357218523,left,0.0012063980102539062,-0.20073516559295435,-2.002828014653921,-9.398706327968835,-0.10618146336353901,-0.015874143689870834,-0.0005216896533966064,1.9553468631632624,-0.00020362436771392822
1746728685945871400,27.841871337890623,-0.20991113794041066,-0.00023606372997164726,-0.09752941671657801,0.004582137335091829,-0.053671733933060066,0.9880604426666592,-0.12981703840777564,left,0.0018985867500305176,-0.2013614708355132,-2.0021533302627503,-9.39759632090032,-0.10650797007909786,-0.012631149962544441,-0.00016805529594421387,1.9613651005394757,0.002010151743888855
1746728685985871600,27.88187158203125,-0.2098667739755155,0.0023330054245889187,-0.09746363108388914,0.0003534611314535141,-0.053828892143257,0.9880231152604554,-0.13020041567450627,left,0.0025902986526489258,-0.20198778952544244,-2.0014801071763038,-9.396481637656688,-0.10683445478068235,-0.009388155303895473,0.00018575787544250488,1.9673826072633265,0.004223987460136414
1746728686144275200,28.040275146484376,-0.21050930728547484,0.008747420273721218,-0.09783644653720368,-0.018125047907233238,-0.05309363088938999,0.9880061686431371,-0.12883451600904547,left,0.0010538548231124878,-0.2024603980980145,-2.007322695724666,-9.394283250829577,-0.1070180895877736,0.023746542632579803,-0.0016012049745768309,1.971922881041467,0.001988699659705162
1746728686184147500,28.0801474609375,-0.21059431882869475,0.0002867009025067091,-0.09794552954511933,0.005658766720443964,-0.05291655209278384,0.9880670960433341,-0.12835909650953586,left,-0.002042533364146948,-0.20133511742978155,-2.008583947832137,-9.396276470473408,-0.10644192969488894,0.03104081191122532,0.0009696034248918295,1.9611118564307688,0.0018630602862685919
1746728686224147500,28.1201474609375,-0.2107031373755859,-0.006375019438564777,-0.0980254490778511,0.008437859825789928,-0.053054442118742044,0.9881019305976101,-0.1285413271053625,left,-0.0020438432693481445,-0.20036671858196195,-2.010002728588879,-9.397910793676973,-0.10597595784260255,0.02054794505238533,0.000531315803527832,1.9518059756860136,0.0005486905574798584
1746728686264147500,28.1601474609375,-0.21045201008326977,-0.009267211891710758,-0.09791155936489275,0.013050459325313568,-0.05324646779215484,0.9881381781934643,-0.1288266375810761,left,-0.002045571804046631,-0.19968438812998485,-2.0079203693568703,-9.399715212750435,-0.10564660603749144,0.010025529190897942,0.00009296834468841553,1.9452480784751474,-0.0007655620574951172
1746728686304147500,28.2001474609375,-0.2100568835324558,-0.009069136343896389,-0.09769508670071178,0.011985857039690018,-0.05347903245007799,0.9881475781343134,-0.1292515234759684,left,-0.0014315247535705566,-0.1996524209460369,-2.0042190306209027,-9.400569199231267,-0.1056410753974527,0.00407148664817214,0.001089543104171753,1.9449407660916447,-0.0006076842546463013
1746728686344147500,28.2401474609375,-0.20966176554919783,-0.00887106079608202,-0.09747860398939061,0.010921254754066467,-0.05371163659897242,0.9881569334301542,-0.12967651634522628,left,-0.000817716121673584,-0.19962062064105618,-2.00051739962399,-9.40142084762454,-0.1056355337504247,-0.0018825558945536613,0.002086058259010315,1.9446350611433385,-0.00044992566108703613
1746728686503125800,28.399125732421876,-0.20986971680613242,0.0019389759982004762,-0.09760869745402079,-0.011914847418665886,-0.054046712876217394,0.9882005904545959,-0.13021079594042556,left,0.000680844415910542,-0.19813388536262055,-2.0030724909342825,-9.403821479025483,-0.10493361866154297,0.02697855420410633,-0.00032320115133188665,1.930342624157667,-0.000621020095422864
1746728686662614300,28.5586142578125,-0.21123734553196666,-0.004597977735102177,-0.09838340171425489,0.0009071842068806291,-0.05365491051095469,0.9882242115640697,-0.12939350306064654,left,-0.002203349256888032,-0.1966249167725802,-2.016540021403134,-9.403910910874604,-0.10418582245183274,-0.011429063975811005,-0.0012560609029605985,1.91583201437667,-0.0017619036370888352
1746728686702614300,28.5986142578125,-0.21119247095089994,-0.004125326871871948,-0.09834388090757187,0.013634580187499523,-0.05379666076178779,0.988215908204578,-0.1296825523732345,left,-0.006200253963470459,-0.196686337857994,-2.016093300548941,-9.403886360955237,-0.10422913635660044,-0.007260585203766823,0.0005701631307601929,1.9164226737461982,-0.0004185140132904053
1746728686742614300,28.6386142578125,-0.21119247095089994,-0.003652676474303007,-0.09834388090757187,0.026361973956227303,-0.05379666076178779,0.988215908204578,-0.1296825523732345,left,-0.010194659233093262,-0.196686337857994,-2.016093300548941,-9.403886360955237,-0.10422913635660044,-0.003092106431722641,0.0024419575929641724,1.9164226737461982,0.0009851157665252686
1746728686782614300,28.6786142578125,-0.21086487391069636,-0.003901893040165305,-0.09815467004909466,0.018980959430336952,-0.05397781262622863,0.9882118206302428,-0.13004070581003158,left,-0.006444454193115234,-0.19691885978445786,-2.0129192005574703,-9.404110232838988,-0.10435263699117306,-0.0020189392380416393,0.0024210959672927856,1.9186589083656667,0.0011203885078430176
1746728686822614500,28.718614501953127,-0.21053734123044485,-0.004151109606027603,-0.09796544896908124,0.011599943041801453,-0.05415899882760453,0.9882076042749192,-0.13039887099242187,left,-0.002694427967071533,-0.19715147520534207,-2.009745685087889,-9.404332351157068,-0.10447612677302186,-0.0009457719279453158,0.002400308847427368,1.9208960197679696,0.001255631446838379
1746728686862614300,28.7586142578125,-0.21053734123044485,0.004386806860566139,-0.09796544896908124,-0.0011217249557375908,-0.05415899882760453,0.9882076042749192,-0.13039887099242187,left,0.0014456510543823242,-0.19715147520534207,-2.009745685087889,-9.404332351157068,-0.10447612677302186,0.0024609281681478024,0.001436859369277954,1.9208960197679696,0.0028704404830932617
1746728686902614300,28.7986142578125,-0.21053734123044485,0.012911698780953884,-0.09796544896908124,-0.010183318518102169,-0.05415899882760453,0.9882076042749192,-0.13039887099242187,left,0.001812577247619629,-0.19715147520534207,-2.009745685087889,-9.404332351157068,-0.10447612677302186,0.003556222189217806,0.00043354928493499756,1.9208960197679696,0.001872718334197998
1746728686942614300,28.8386142578125,-0.21107425495674123,0.014649102464318275,-0.09826191220588985,-0.013907233253121376,-0.053760266795692,0.9881925487893042,-0.12966951431877677,left,-0.00022262334823608398,-0.1973373054104728,-2.01471982023865,-9.402902610614895,-0.10454652036848835,-0.002625767607241869,0.00002002716064453125,1.922683049315214,0.0013582855463027954
1746728686982614300,28.8786142578125,-0.21173561934910354,0.009427344426512718,-0.09860232299433828,-0.018363647162914276,-0.05344905972652424,0.9881573526186433,-0.12915054131636505,left,0.00007939338684082031,-0.19770071127450783,-2.020791102976352,-9.400884256529807,-0.1047180157826768,-0.004456690978258848,-0.000861436128616333,1.926177467302233,0.0013286620378494263
1746728687022614300,28.9186142578125,-0.2121176643995943,0.004260019399225712,-0.09880280116163541,-0.0036723436787724495,-0.053277685885193486,0.9881418395799806,-0.12885550473796334,left,-0.0020130276679992676,-0.1978011880460345,-2.024341781195253,-9.399922718021273,-0.10476321874082903,0.0017819083295762539,-0.002129495143890381,1.9271436819858847,0.0008539706468582153
1746728687062614300,28.9586142578125,-0.2121176643995943,-0.004815906286239624,-0.09880280116163541,0.0016611493192613125,-0.053277685885193486,0.9881418395799806,-0.12885550473796334,left,-0.001111447811126709,-0.1978011880460345,-2.024341781195253,-9.399922718021273,-0.10476321874082903,0.012774256989359856,-0.0016107410192489624,1.9271436819858847,0.00024662911891937256
1746728687102614500,28.998614501953124,-0.2120059662882949,-0.00974556989967823,-0.09877427602984865,0.007891428656876087,-0.053377404082319516,0.9881835728760182,-0.12894948240657692,left,-0.0008921027183532715,-0.19694945123115457,-2.023636555535346,-9.401749933448434,-0.10434463023710512,0.01626233197748661,-0.0008461922407150269,1.918953215137124,-0.00023126602172851562
1746728687142614300,29.0386142578125,-0.2116605992160922,-0.008773377165198326,-0.0986203170930726,0.012715719640254974,-0.05355609879803175,0.9882296734361181,-0.12918658105442576,left,-0.0014829635620117188,-0.19616664220094937,-2.0207043014757335,-9.403913833484053,-0.10396083970485488,0.01265164464712143,-0.0005878955125808716,1.9114242809370159,-0.001170426607131958
1746728687182614300,29.0786142578125,-0.2113286281565101,-0.007251570466905832,-0.09844699430800352,0.008503368124365807,-0.05372621575435783,0.9882453479195574,-0.1294781977162713,left,-0.00041115283966064453,-0.19600871612616624,-2.0176456445574757,-9.404879463645816,-0.10388837355282668,0.0051042200066149235,0.000309184193611145,1.909905254676193,-0.0005130171775817871
1746728687222614300,29.1186142578125,-0.2109966542607124,-0.0057297637686133385,-0.09827368174446774,0.004291017074137926,-0.05389628806567641,0.988260982912025,-0.1297697857899016,left,0.0006604194641113281,-0.19585093194256945,-2.014586403117329,-9.405842755720018,-0.10381591825352993,-0.0024432046338915825,0.0012061744928359985,1.9083873974591492,0.00014428794384002686
1746728687262614300,29.1586142578125,-0.2109966542607124,-0.0017198817804455757,-0.09827368174446774,-0.00016244500875473022,-0.05389628806567641,0.988260982912025,-0.1297697857899016,left,0.00023317337036132812,-0.19585093194256945,-2.014586403117329,-9.405842755720018,-0.10381591825352993,-0.0015452937223017216,0.0008281022310256958,1.9083873974591492,0.0003656744956970215
1746728687302614300,29.1986142578125,-0.2109966542607124,0.0022900006733834743,-0.09827368174446774,-0.004615907557308674,-0.05389628806567641,0.988260982912025,-0.1297697857899016,left,-0.00019407272338867188,-0.19585093194256945,-2.014586403117329,-9.405842755720018,-0.10381591825352993,-0.0006473826942965388,0.00045002996921539307,1.9083873974591492,0.0005870610475540161
1746728687459883000,29.355883056640625,-0.2128578139064086,0.009726551361382008,-0.09923609900606466,-0.01050510536879301,-0.05332842323264528,0.9881870378210199,-0.12883376035526,left,-0.00015564175555482507,-0.19600757175474748,-2.032025613696128,-9.401785004761814,-0.10389689091115135,0.005266257096081972,-0.0009144670912064612,1.9098941487602887,0.00030528646311722696
1746728687499750700,29.395750732421874,-0.21325532069114567,0.004700734280049801,-0.09945300543103414,-0.010187599807977676,-0.053087791759069185,0.9881762318776343,-0.12839547270349072,left,-0.001365138334222138,-0.19606880455426454,-2.0357379122175274,-9.400862044698,-0.10391590415004474,-0.000029601622372865677,-0.00022772920783609152,1.9104832006946204,-0.0013781266752630472
1746728687539750700,29.435750732421877,-0.21349710412840264,0.00013887695968151093,-0.09955561684615358,-0.0015870146453380585,-0.05315940450647344,0.9881506898449175,-0.12858698929000575,left,-0.004862964153289795,-0.19625527626696235,-2.0379352761313316,-9.40002150222063,-0.10402386223123172,0.00047907832777127624,-0.00016137957572937012,1.9122768061131237,-0.0013957172632217407
1746728687579750700,29.475750732421876,-0.21306609845251673,-0.0017195414984598756,-0.09930821996449142,0.0011404429096728563,-0.05329361678127047,0.98814065251901,-0.12887302719840316,left,-0.003005802631378174,-0.19678315257206067,-2.0336698737718164,-9.39991102758348,-0.10428706255942109,-0.007718006614595652,-0.0000692903995513916,1.917353817116469,-0.0006976872682571411
1746728687619750400,29.51575048828125,-0.2126351599385062,-0.0035779601894319057,-0.09906079241822739,0.0038679002318531275,-0.053427858238964926,0.988130402276133,-0.12915892356247782,left,-0.0011490583419799805,-0.19731109552938245,-2.0294050559341907,-9.399795876771211,-0.10455023032943285,-0.015915093943476677,0.000022858381271362305,1.9224309742502868,3.2782554626464844e-7
1746728687659750400,29.55575048828125,-0.21244858477551196,0.0010976064950227737,-0.09895190053199872,0.0003936612047255039,-0.053446304353819786,0.9881213338459288,-0.1292179456917312,left,-0.00012725591659545898,-0.1976778675511021,-2.027502437183261,-9.399484326604009,-0.10472913218805308,-0.006993625313043594,0.00011627376079559326,1.9259578332021832,0.0016755163669586182
1746728687699750400,29.59575048828125,-0.2122620771776748,0.005773172248154879,-0.09884301851851446,-0.003080577589571476,-0.05346475562271158,0.988112349551705,-0.1292769384958541,left,0.0008943080902099609,-0.19804470648051098,-2.0256004029542205,-9.399171022871137,-0.10490804520792155,0.0019278433173894882,0.00020973384380340576,1.9294851305454968,0.0033506453037261963
1746728687739750700,29.635750732421876,-0.2122620771776748,0.006551090627908707,-0.09884301851851446,-0.007213996257632971,-0.05346475562271158,0.988112349551705,-0.1292769384958541,left,0.0008004903793334961,-0.19804470648051098,-2.0256004029542205,-9.399171022871137,-0.10490804520792155,0.004753548186272383,0.000375598669052124,1.9294851305454968,0.002720370888710022
1746728687898428700,29.7944287109375,-0.21242326350927423,-0.0028364830650389194,-0.09898054401598509,0.0039039955008774996,-0.05312019350363213,0.9881475180728616,-0.12853822174883048,left,0.0030963881872594357,-0.19752746395940818,-2.027325473181158,-9.399818673124908,-0.10462061765750223,0.01012907549738884,-0.0025708083994686604,1.9245115799166261,0.00012563931522890925
1746728687938296300,29.83429638671875,-0.21222411543910222,-0.009648377075791359,-0.09889041541015178,0.007494029588997364,-0.053273492250095644,0.9881760882679853,-0.12876594564362728,left,-0.001209496520459652,-0.19698263845380723,-2.025674052712321,-9.401245491057633,-0.10435776259686787,0.012486955150961876,0.0006867378833703697,1.919272364088893,-0.0016834131674841046
1746728687978296600,29.874296630859376,-0.21181943511117102,-0.00822038110345602,-0.09869185404412872,0.009478647261857986,-0.053473440354768385,0.9882093170031065,-0.12907473925575558,left,-0.00044655799865722656,-0.1965106381231331,-2.022059661607444,-9.40294937236607,-0.10412930930682658,0.00872153788805008,0.001259833574295044,1.9147328209631145,-0.0011452436447143555
1746728688018296600,29.914296630859376,-0.2114425220672766,-0.007980170659720898,-0.09849930547139198,0.008756776340305805,-0.053663903033886136,0.9882317680499896,-0.12938993156575648,left,-0.00040775537490844727,-0.19623880864479862,-2.0186245725922287,-9.40421953843236,-0.10400061873392027,0.0032065794803202152,0.0017082542181015015,1.9121184006810188,-0.0005645602941513062
1746728688058296300,29.95429638671875,-0.21130504064360586,-0.006717233452945948,-0.09842371846554986,0.004033948760479689,-0.05381849230804208,0.9882393573997263,-0.1296678001080921,left,-0.00027048587799072266,-0.19605613684110787,-2.017404821538925,-9.404838547113537,-0.10392046118324176,0.004571461584419012,0.0012823045253753662,1.9103613278806209,0.00006373226642608643
1746728688098296300,29.99429638671875,-0.21130504064360586,-0.005454296246170998,-0.09842371846554986,-0.0006888788193464279,-0.05381849230804208,0.9882393573997263,-0.1296678001080921,left,-0.00019627809524536133,-0.19605613684110787,-2.017404821538925,-9.404838547113537,-0.10392046118324176,0.005936343688517809,0.0009807050228118896,1.9103613278806209,0.0005128532648086548
1746728688138296300,30.03429638671875,-0.21121079412890492,-0.002603541361168027,-0.09837750975217152,-0.0025784727185964584,-0.053979098419454745,0.9882541788162411,-0.12993932031018918,left,0.000513613224029541,-0.19566791916191245,-2.0166737307853997,-9.405752739349007,-0.10373971352072639,0.00744140800088644,0.00013880431652069092,1.9066269636578856,0.001103907823562622
1746728688178296300,30.07429638671875,-0.21121079412890492,-0.0012063694885000587,-0.09837750975217152,-0.004501020070165396,-0.053979098419454745,0.9882541788162411,-0.12993932031018918,left,0.00004476308822631836,-0.19566791916191245,-2.0166737307853997,-9.405752739349007,-0.10373971352072639,0.007426268886774778,-0.0004116743803024292,1.9066269636578856,0.00036656856536865234
1746728688218296300,30.11429638671875,-0.21121079412890492,0.00019080238416790962,-0.09837750975217152,-0.006423567421734333,-0.053979098419454745,0.9882541788162411,-0.12993932031018918,left,-0.0004240870475769043,-0.19566791916191245,-2.0166737307853997,-9.405752739349007,-0.10373971352072639,0.007411130238324404,-0.0009621381759643555,1.9066269636578856,-0.0003707706928253174
1746728688258296600,30.154296630859374,-0.21121079412890492,0.0011642599711194634,-0.09837750975217152,-0.0011416738852858543,-0.053979098419454745,0.9882541788162411,-0.12993932031018918,left,-0.0009181499481201172,-0.19566791916191245,-2.0166737307853997,-9.405752739349007,-0.10373971352072639,0.0020212861709296703,-0.0006453990936279297,1.9066269636578856,-0.000596657395362854
1746728688298296600,30.194296630859377,-0.21121079412890492,-0.0018261634977534413,-0.09837750975217152,-0.0007100048242136836,-0.053979098419454745,0.9882541788162411,-0.12993932031018918,left,0.0009202957153320312,-0.19566791916191245,-2.0166737307853997,-9.405752739349007,-0.10373971352072639,-0.0007704559247940779,-0.001180022954940796,1.9066269636578856,-0.0018431395292282104
1746728688338296300,30.23429638671875,-0.21121079412890492,-0.004622643813490868,-0.09837750975217152,0.004049873445183039,-0.053979098419454745,0.9882541788162411,-0.12993932031018918,left,0.0001024007797241211,-0.19566791916191245,-2.0166737307853997,-9.405752739349007,-0.10373971352072639,-0.004651862662285566,-0.0006463080644607544,1.9066269636578856,-0.0008436739444732666
1746728688378296300,30.27429638671875,-0.21121079412890492,0.00030158739537000656,-0.09837750975217152,0.01425265520811081,-0.053979098419454745,0.9882541788162411,-0.12993932031018918,left,-0.001404404640197754,-0.19566791916191245,-2.0166737307853997,-9.405752739349007,-0.10373971352072639,-0.008253862150013447,-0.000308305025100708,1.9066269636578856,-0.00018799304962158203
1746728688418296300,30.31429638671875,-0.21121079412890492,0.005225818604230881,-0.09837750975217152,0.024455435574054718,-0.053979098419454745,0.9882541788162411,-0.12993932031018918,left,-0.002911210060119629,-0.19566791916191245,-2.0166737307853997,-9.405752739349007,-0.10373971352072639,-0.01185586117208004,0.00002969801425933838,1.9066269636578856,0.0004677027463912964
1746728688458296300,30.35429638671875,-0.21121079412890492,0.0014981990680098534,-0.09837750975217152,0.015390104614198208,-0.053979098419454745,0.9882541788162411,-0.12993932031018918,left,-0.0007579922676086426,-0.19566791916191245,-2.0166737307853997,-9.405752739349007,-0.10373971352072639,-0.008468672633171082,0.0003800392150878906,1.9066269636578856,0.0016983598470687866
1746728688498296600,30.394296630859376,-0.21121079412890492,-0.002229420468211174,-0.09837750975217152,0.006324773654341698,-0.053979098419454745,0.9882541788162411,-0.12993932031018918,left,0.0013952255249023438,-0.19566791916191245,-2.0166737307853997,-9.405752739349007,-0.10373971352072639,-0.005081484094262123,0.0007303804159164429,1.9066269636578856,0.002929016947746277
1746728688538296600,30.434296630859375,-0.21105400121421958,0.005157172214239836,-0.09827573533809096,-0.0005932324565947056,-0.054076553373987604,0.9882403548817387,-0.13015891182621642,left,0.001922309398651123,-0.19601380959265421,-2.0150607426308094,-9.405423653525114,-0.10391695493554783,-0.00047004688531160355,-0.00012610852718353271,1.909954208384454,0.0038271546363830566
1746728688578296300,30.47429638671875,-0.21105400121421958,0.0073489174246788025,-0.09827573533809096,-0.005380838178098202,-0.054076553373987604,0.9882403548817387,-0.13015891182621642,left,0.0006067156791687012,-0.19601380959265421,-2.0150607426308094,-9.405423653525114,-0.10391695493554783,0.0015411714557558298,0.000122755765914917,1.909954208384454,0.0023151636123657227
1746728688618296300,30.51429638671875,-0.21105400121421958,0.007449562661349773,-0.09827573533809096,-0.007170191500335932,-0.054076553373987604,0.9882403548817387,-0.13015891182621642,left,0.00030916929244995117,-0.19601380959265421,-2.0150607426308094,-9.405423653525114,-0.10391695493554783,-0.0035898725036531687,-0.0005389302968978882,1.909954208384454,0.001614600419998169
1746728688658296300,30.55429638671875,-0.21141993227403555,0.003602014621719718,-0.09845962668927118,-0.0034669330343604088,-0.05383859649151717,0.988211861377384,-0.12976787195709646,left,-0.001962900161743164,-0.1964769556710261,-2.0183165295563636,-9.403819725459813,-0.1041361429071344,-0.001735776080749929,0.0000638812780380249,1.9144088497057556,0.0006753206253051758
1746728688698296300,30.59429638671875,-0.21141993227403555,-0.0015626142267137766,-0.09845962668927118,0.001844726037234068,-0.05383859649151717,0.988211861377384,-0.12976787195709646,left,-0.0007414817810058594,-0.1964769556710261,-2.0183165295563636,-9.403819725459813,-0.1041361429071344,-0.0023387186229228973,-0.0009636878967285156,1.9144088497057556,0.0005177706480026245
1746728688738296600,30.634296630859374,-0.21141993227403555,-0.004061312414705753,-0.09845962668927118,0.003054826520383358,-0.05383859649151717,0.988211861377384,-0.12976787195709646,left,-0.0009634494781494141,-0.1964769556710261,-2.0183165295563636,-9.403819725459813,-0.1041361429071344,-0.0030832355841994286,0.00047047436237335205,1.9144088497057556,0.0009594261646270752
1746728688778296600,30.674296630859374,-0.21122397577753357,-0.002817874774336815,-0.09834319259889794,0.0051511311903595924,-0.0539174146292869,0.9882039928507595,-0.12993896631120497,left,-0.0008175969123840332,-0.19676376708305876,-2.016358527356386,-9.40367768664062,-0.10428079381071692,-0.0011889520101249218,0.00016714632511138916,1.917167354633659,0.00010363757610321045
1746728688818296300,30.71429638671875,-0.21099505498782312,-0.002492439467459917,-0.09821686240425861,0.004641594830900431,-0.05397950537735546,0.9882036095707931,-0.1300610845183229,left,-0.0004302859306335449,-0.19694740479325634,-2.0141319373480973,-9.403794591018556,-0.10437123310274712,-0.00454020407050848,0.0008859783411026001,1.918933487523347,0.0003077387809753418
1746728688858296300,30.75429638671875,-0.21099505498782312,-0.0021670041605830193,-0.09821686240425861,0.004132058471441269,-0.05397950537735546,0.9882036095707931,-0.1300610845183229,left,-0.000054895877838134766,-0.19694740479325634,-2.0141319373480973,-9.403794591018556,-0.10437123310274712,-0.007891455665230751,0.0018318593502044678,1.918933487523347,0.0006919354200363159
1746728688898296300,30.79429638671875,-0.21078077718004865,-0.002785789081826806,-0.09808440447036025,0.001174864824861288,-0.054113758817628435,0.988192176263441,-0.1303453961355324,left,0.0004112124443054199,-0.1972615345996504,-2.011990687535703,-9.403636185586452,-0.10453439492028267,-0.005919983610510826,0.0014125555753707886,1.9219544427797197,0.0005311369895935059
1746728688938296300,30.83429638671875,-0.21078077718004865,0.0003643948584794998,-0.09808440447036025,-0.0015657884068787098,-0.054113758817628435,0.988192176263441,-0.1303453961355324,left,0.0003083944320678711,-0.1972615345996504,-2.011990687535703,-9.403636185586452,-0.10453439492028267,-0.0028884399216622114,0.0011434853076934814,1.9219544427797197,0.0013433992862701416
1746728688978296600,30.874296630859376,-0.21078077718004865,0.003514578565955162,-0.09808440447036025,-0.004306441638618708,-0.054113758817628435,0.988192176263441,-0.1303453961355324,left,0.00020557641983032227,-0.1972615345996504,-2.011990687535703,-9.403636185586452,-0.10453439492028267,0.00014310400001704693,0.0008744150400161743,1.9219544427797197,0.002155676484107971
1746728689018296600,30.914296630859376,-0.21078077718004865,0.004466913640499115,-0.09808440447036025,-0.005283087491989136,-0.054113758817628435,0.988192176263441,-0.1303453961355324,left,-0.0002594590187072754,-0.1972615345996504,-2.011990687535703,-9.403636185586452,-0.10453439492028267,0.0028881554026156664,-0.00017139315605163574,1.9219544427797197,0.0016192495822906494
1746728689058296300,30.95429638671875,-0.21107969210420885,0.0011529612820595503,-0.09823913406326848,-0.0037655425257980824,-0.05403031598903188,0.9881810731078563,-0.13020848924407594,left,-0.00016933679580688477,-0.19726467420100594,-2.0148001919984817,-9.403028282821177,-0.10453730498135391,0.0028116374742239714,0.00003847479820251465,1.9219845456570386,0.0015126317739486694
1746728689098296300,30.99429638671875,-0.21107969210420885,-0.002160991309210658,-0.09823913406326848,-0.002247997559607029,-0.05403031598903188,0.9881810731078563,-0.13020848924407594,left,-0.0000171661376953125,-0.19726467420100594,-2.0148001919984817,-9.403028282821177,-0.10453730498135391,0.0027351193130016327,-0.00003813207149505615,1.9219845456570386,0.001409098505973816
1746728689138296300,31.03429638671875,-0.21107969210420885,-0.0028509581461548805,-0.09823913406326848,-0.002504999516531825,-0.05403031598903188,0.9881810731078563,-0.13020848924407594,left,0.00032407045364379883,-0.19726467420100594,-2.0148001919984817,-9.403028282821177,-0.10453730498135391,0.003322406904771924,-0.0007448792457580566,1.9219845456570386,0.0011363327503204346
1746728689178296300,31.07429638671875,-0.21107969210420885,-0.005660844035446644,-0.09823913406326848,0.002754972083494067,-0.05403031598903188,0.9881810731078563,-0.13020848924407594,left,-0.0006178021430969238,-0.19726467420100594,-2.0148001919984817,-9.403028282821177,-0.10453730498135391,0.0036161206662654877,-0.0008515268564224243,1.9219845456570386,0.0011276304721832275
1746728689218296300,31.11429638671875,-0.21166739245342284,-0.0029587887693196535,-0.09854025195028995,-0.0038097386714071035,-0.05407009309284895,0.9881686711105171,-0.13030381845895006,left,-0.0010936260223388672,-0.1968441123366007,-2.0204956271611154,-9.40263197697997,-0.10435036739852793,0.007773810066282749,-0.0005427151918411255,1.9179400925718246,0.0013496726751327515
1746728689258296600,31.154296630859374,-0.21133661803701967,-0.004302418790757656,-0.09839092354307487,-0.006695959717035294,-0.05404766750551379,0.9881982517336225,-0.13019771327453794,left,0.000629723072052002,-0.1966146853295663,-2.0174777406446633,-9.403729709088802,-0.10422299596256711,0.004076135344803333,0.00033980607986450195,1.915733522438258,0.0003956109285354614
1746728689298296600,31.194296630859377,-0.21133661803701967,-0.005646048113703728,-0.09839092354307487,-0.009582181461155415,-0.05404766750551379,0.9881982517336225,-0.13019771327453794,left,0.0022411346435546875,-0.1966146853295663,-2.0174777406446633,-9.403729709088802,-0.10422299596256711,0.0003784610889852047,0.0015300661325454712,1.915733522438258,-0.0007834434509277344
1746728689338296300,31.23429638671875,-0.21133661803701967,-0.004655549302697182,-0.09839092354307487,-0.0070088813081383705,-0.05404766750551379,0.9881982517336225,-0.13019771327453794,left,0.0016963481903076172,-0.1966146853295663,-2.0174777406446633,-9.403729709088802,-0.10422299596256711,0.0007866402738727629,0.0010252892971038818,1.915733522438258,0.00017756223678588867
1746728689378296300,31.27429638671875,-0.21148602998729019,0.0006751180626451969,-0.0984893144103002,-0.008863254450261593,-0.05397402658519402,0.9882141216029133,-0.13001852955302465,left,0.001343071460723877,-0.1962066385458779,-2.0190465973965823,-9.404191481381654,-0.10401687691127808,0.004255420528352261,0.000555872917175293,1.9118088963404296,-0.00010034441947937012
1746728689418296300,31.31429638671875,-0.21148602998729019,0.006005784962326288,-0.0984893144103002,-0.010717627592384815,-0.05397402658519402,0.9882141216029133,-0.13001852955302465,left,0.0009427666664123535,-0.1962066385458779,-2.0190465973965823,-9.404191481381654,-0.10401687691127808,0.007724200375378132,-0.00007352232933044434,1.9118088963404296,-0.0007784664630889893
1746728689458296300,31.35429638671875,-0.2118383741892828,0.004413145128637552,-0.09869540163327599,-0.00944339670240879,-0.05382746004118355,0.9882244512500904,-0.1297106386441854,left,0.0008028745651245117,-0.19577735900770665,-2.022532393685728,-9.404281497752667,-0.10379936860449057,0.0029450692236423492,-0.00020706653594970703,1.9076796875812112,-0.00069427490234375
1746728689498296600,31.394296630859376,-0.2118383741892828,0.0007528504356741905,-0.09869540163327599,-0.006187894847244024,-0.05382746004118355,0.9882244512500904,-0.1297106386441854,left,-0.002123415470123291,-0.19577735900770665,-2.022532393685728,-9.404281497752667,-0.10379936860449057,0.002103093545883894,-0.0006932318210601807,1.9076796875812112,-0.002324819564819336
1746728689538296600,31.434296630859375,-0.2118383741892828,-0.000148697174154222,-0.09869540163327599,0.0009287022985517979,-0.05382746004118355,0.9882244512500904,-0.1297106386441854,left,-0.00032824277877807617,-0.19577735900770665,-2.022532393685728,-9.404281497752667,-0.10379936860449057,-0.0010321037843823433,-0.0013508498668670654,1.9076796875812112,-0.0017427951097488403
1746728689578296300,31.47429638671875,-0.2118383741892828,-0.0023697996512055397,-0.09869540163327599,0.003406343748793006,-0.05382746004118355,0.9882244512500904,-0.1297106386441854,left,-0.0004981160163879395,-0.19577735900770665,-2.022532393685728,-9.404281497752667,-0.10379936860449057,-0.004698778502643108,-0.0008872002363204956,1.9076796875812112,-0.0012883245944976807
1746728689618296300,31.51429638671875,-0.2118383741892828,-0.005257884040474892,-0.09869540163327599,0.010136805474758148,-0.05382746004118355,0.9882244512500904,-0.1297106386441854,left,-0.0012537240982055664,-0.19577735900770665,-2.022532393685728,-9.404281497752667,-0.10379936860449057,-0.0019699949771165848,-0.00016637146472930908,1.9076796875812112,-0.001965567469596863
1746728689658296300,31.55429638671875,-0.21157512818377402,-0.0069362567737698555,-0.09854591141975973,0.009560917504131794,-0.05404037957667203,0.9882281718045546,-0.13010996468806574,left,-0.0010532140731811523,-0.19574242193836008,-2.020070679747313,-9.404878294602035,-0.10379472857464876,-0.004075006116181612,-0.00014792382717132568,1.9073437336251138,-0.0015175491571426392
1746728689698296300,31.59429638671875,-0.21131194501708384,-0.00861462950706482,-0.09839644130052119,0.00898502953350544,-0.054253259621189834,0.9882319370040273,-0.13050924988800458,left,-0.0008528828620910645,-0.19570767434028796,-2.017609258069843,-9.405474506929517,-0.10379011055878666,-0.006180017255246639,-0.00012949109077453613,1.907009387104213,-0.0010696947574615479
1746728689738296600,31.634296630859374,-0.2111402990405399,-0.00580388680100441,-0.09828979821274927,0.0062545351684093475,-0.05442803254577684,0.98822642447748,-0.13085635235413384,left,-0.0007917284965515137,-0.19580933443976098,-2.0159541843391953,-9.405631158795952,-0.10385267114349668,-0.005292998161166906,0.0001834183931350708,1.9079872922256589,-0.00001430511474609375
1746728689778296600,31.674296630859374,-0.2111402990405399,-0.0029931440949440002,-0.09828979821274927,0.0035240415018051863,-0.05442803254577684,0.98822642447748,-0.13085635235413384,left,-0.0007465481758117676,-0.19580933443976098,-2.0159541843391953,-9.405631158795952,-0.10385267114349668,-0.0044059790670871735,0.0006650984287261963,1.9079872922256589,0.0011408030986785889
1746728689818296300,31.71429638671875,-0.2111402990405399,0.00011163880117237568,-0.09828979821274927,-0.0011650233063846827,-0.05442803254577684,0.98822642447748,-0.13085635235413384,left,0.0004985332489013672,-0.19580933443976098,-2.0159541843391953,-9.405631158795952,-0.10385267114349668,-0.003189165610820055,0.001069098711013794,1.9079872922256589,0.0013202428817749023
1746728689858296300,31.75429638671875,-0.2111402990405399,0.00354608497582376,-0.09828979821274927,-0.004037747159600258,-0.05442803254577684,0.98822642447748,-0.13085635235413384,left,0.00034677982330322266,-0.19580933443976098,-2.0159541843391953,-9.405631158795952,-0.10385267114349668,-0.003015075111761689,0.0002632439136505127,1.9079872922256589,0.001239478588104248
1746728689898296300,31.79429638671875,-0.2111402990405399,0.006980530917644501,-0.09828979821274927,-0.006910470314323902,-0.05442803254577684,0.98822642447748,-0.13085635235413384,left,0.00019496679306030273,-0.19580933443976098,-2.0159541843391953,-9.405631158795952,-0.10385267114349668,-0.002840984845533967,-0.0005426108837127686,1.9079872922256589,0.0011587142944335938
1746728689938296300,31.83429638671875,-0.2111402990405399,0.005334778688848019,-0.09828979821274927,-0.0058263689279556274,-0.05442803254577684,0.98822642447748,-0.13085635235413384,left,-0.00020366907119750977,-0.19580933443976098,-2.0159541843391953,-9.405631158795952,-0.10385267114349668,0.002002214314416051,-0.0009054690599441528,1.9079872922256589,0.0014879703521728516
1746728689978296600,31.874296630859376,-0.2111402990405399,0.0011418950743973255,-0.09828979821274927,-0.0036356330383569,-0.05442803254577684,0.98822642447748,-0.13085635235413384,left,-0.0006822943687438965,-0.19580933443976098,-2.0159541843391953,-9.405631158795952,-0.10385267114349668,0.0024663342628628016,-0.0005926936864852905,1.9079872922256589,0.0007826238870620728
1746728690018296600,31.914296630859376,-0.2111402990405399,-0.0030509885400533676,-0.09828979821274927,-0.0014448973815888166,-0.05442803254577684,0.98822642447748,-0.13085635235413384,left,-0.0011608600616455078,-0.19580933443976098,-2.0159541843391953,-9.405631158795952,-0.10385267114349668,0.002930454211309552,-0.0002799183130264282,1.9079872922256589,0.0000772625207901001
1746728690058296300,31.95429638671875,-0.2118343286724493,-0.0031852442771196365,-0.09862202858047509,-0.01178542897105217,-0.054402786748192336,0.9881810158453206,-0.13090303767820452,left,0.004345297813415527,-0.1960297638845142,-2.022392985215038,-9.403818556416034,-0.10398262190349375,0.005932603031396866,-0.0009936541318893433,1.9101076453804968,-0.00008210539817810059
1746728690098296300,31.99429638671875,-0.2118343286724493,-0.0017539188265800476,-0.09862202858047509,0.011236017569899559,-0.054402786748192336,0.9881810158453206,-0.13090303767820452,left,-0.006347179412841797,-0.1960297638845142,-2.022392985215038,-9.403818556416034,-0.10398262190349375,0.005946348886936903,0.00023376941680908203,1.9101076453804968,0.0002839118242263794
1746728690138296300,32.03429638671875,-0.2118343286724493,0.0006055410485714674,-0.09862202858047509,0.0032246410846710205,-0.054402786748192336,0.9881810158453206,-0.13090303767820452,left,0.0001609325408935547,-0.1960297638845142,-2.022392985215038,-9.403818556416034,-0.10398262190349375,-0.003925920929759741,-0.0002567470073699951,1.9101076453804968,0.0003896951675415039
1746728690178296300,32.07429638671875,-0.2118343286724493,0.0045618535950779915,-0.09862202858047509,-0.002544180955737829,-0.054402786748192336,0.9881810158453206,-0.13090303767820452,left,0.0016139745712280273,-0.1960297638845142,-2.022392985215038,-9.403818556416034,-0.10398262190349375,0.00042169447988271713,-0.00047619640827178955,1.9101076453804968,0.0004928410053253174
1746728690218296300,32.11429638671875,-0.2118343286724493,0.008518165908753872,-0.09862202858047509,-0.008313002996146679,-0.054402786748192336,0.9881810158453206,-0.13090303767820452,left,0.0030670166015625,-0.1960297638845142,-2.022392985215038,-9.403818556416034,-0.10398262190349375,0.004769310355186462,-0.000695645809173584,1.9101076453804968,0.0005960017442703247
1746728690370177800,32.266177734375,-0.21353186276102187,0.0027095796540379524,-0.09951038964519932,-0.012964747846126556,-0.05363466936576101,0.9881095415168192,-0.12958459067137207,left,-0.0004669252666644752,-0.19653726594627596,-2.0381477498382328,-9.39942295180559,-0.10421357229650453,-0.004789330530911684,-0.0027434013318270445,1.9149889876812696,0.0009158593602478504
1746728690410046500,32.30604638671875,-0.21341615532558084,0.005156169179826975,-0.09945947708815192,0.011363414116203785,-0.05354869618305053,0.9881164126817861,-0.12940744891403105,left,-0.002882468979805708,-0.1966172826389413,-2.037027659767121,-9.399508876523376,-0.10424114012523147,0.0008302455535158515,-0.0004957939963787794,1.915758510749042,0.00016919997869990766
1746728690450046200,32.346046142578125,-0.21328513608732932,-0.0006881360895931721,-0.09939734606754949,0.009786378592252731,-0.05361309684076181,0.9881296112933257,-0.12950116532675393,left,-0.002462029457092285,-0.1964160071613241,-2.035877759079635,-9.40015243512392,-0.10414297248771348,0.0033911466598510742,0.00002014636993408203,1.9138227203808724,0.00036169588565826416
1746728690490046200,32.386046142578124,-0.21328513608732932,-0.005444902926683426,-0.09939734606754949,0.009851225651800632,-0.05361309684076181,0.9881296112933257,-0.12950116532675393,left,-0.0013236403465270996,-0.1964160071613241,-2.035877759079635,-9.40015243512392,-0.10414297248771348,0.002122743520885706,0.00023412704467773438,1.9138227203808724,-0.00006732344627380371
1746728690530046200,32.42604614257812,-0.21297643585764894,-0.007588809356093407,-0.09922431666234184,0.006980780512094498,-0.05387907553322644,0.9881378510837282,-0.1299917080424923,left,-0.0003179311752319336,-0.19628117196581876,-2.033030260694027,-9.401032725089788,-0.10409250847154476,0.0001334906555712223,0.0008451193571090698,1.9125258124381304,0.0002126246690750122
1746728690570046200,32.46604614257812,-0.21266764061842455,-0.009732715785503387,-0.09905126716285884,0.00411033583804965,-0.054145004426645264,0.9881459672471782,-0.13048218308423618,left,0.0006876587867736816,-0.1961464680693885,-2.0301815932646394,-9.401911846011876,-0.10404202244140161,-0.001855762442573905,0.0014559775590896606,1.91123021966964,0.000492483377456665
1746728690610046500,32.50604638671875,-0.21266764061842455,-0.0017154812812805176,-0.09905126716285884,0.0003843503072857857,-0.054145004426645264,0.9881459672471782,-0.13048218308423618,left,0.00022524595260620117,-0.1961464680693885,-2.0301815932646394,-9.401911846011876,-0.10404202244140161,0.0013806112110614777,0.0009999275207519531,1.91123021966964,0.0004420727491378784
1746728690650046500,32.54604638671875,-0.21266764061842455,0.006301754154264927,-0.09905126716285884,-0.003341635223478079,-0.054145004426645264,0.9881459672471782,-0.13048218308423618,left,-0.0002371668815612793,-0.1961464680693885,-2.0301815932646394,-9.401911846011876,-0.10404202244140161,0.004616985097527504,0.0005438774824142456,1.91123021966964,0.0003916621208190918
1746728690808722000,32.704721923828124,-0.21318986920457772,-0.003352843690663576,-0.09935557331793833,-0.0015351074980571866,-0.05387544285307914,0.9881564418465328,-0.1299371074659775,left,0.002042533364146948,-0.19566583495288384,-2.0352853461444376,-9.401747010838985,-0.1037919453485885,-0.004113326780498028,-0.0009696034248918295,1.9066069437831639,-0.0018630602862685919
1746728690848590300,32.74459033203125,-0.2133741173583307,-0.010164737701416016,-0.09943094524912052,0.002054926473647356,-0.054044454697018504,0.9881409791196628,-0.13029042063404994,left,-0.003409396391361952,-0.19559423747235014,-2.0370465105980635,-9.401505018776655,-0.10377914830482775,-0.0017554467776790261,0.000304808490909636,1.9059182308666407,-0.0008251499384641647
1746728690888590300,32.78459033203125,-0.21313188337889533,-0.003668663091957569,-0.09930026538402871,0.00007258937694132328,-0.05398170269521035,0.9881360824671834,-0.13018750568724843,left,0.00006240606307983398,-0.19603144840368203,-2.034592541574687,-9.401182947215437,-0.10398321153140522,-0.011893588118255138,0.000012531876564025879,1.9101238658629356,-0.0009756982326507568
1746728690928590600,32.82459057617187,-0.21288956992897243,0.0028274119831621647,-0.0991695756461951,-0.0019097477197647095,-0.05391890604839332,0.988131146323732,-0.13008439069122818,left,0.0035340189933776855,-0.19646863901100045,-2.032137841898948,-9.400858537566661,-0.10418726359673326,-0.02203172817826271,-0.00027979910373687744,1.914328916337341,-0.0011261999607086182
1746728690968590600,32.86459057617188,-0.2128683236188528,0.0047970665618777275,-0.09913653317366967,0.0013977293856441975,-0.05385773125176994,0.9881030555159919,-0.1300345188931662,left,0.001149296760559082,-0.19714175012929355,-2.0316654020816087,-9.399640393948554,-0.10451631754677994,-0.020185042172670364,0.0008667409420013428,1.9208024962656198,0.0005715042352676392
1746728691008590300,32.90459033203125,-0.21280504491543473,0.009562909603118896,-0.09909587198988348,-0.002221637638285756,-0.05371737098523501,0.988086487166434,-0.1298081028336159,left,0.0020560622215270996,-0.1977105859507576,-2.030839618781954,-9.398699313706159,-0.10478403259005463,-0.010100875981152058,-0.0004458874464035034,1.9262724521093069,0.003142639994621277
1746728691048590300,32.94459033203125,-0.21294357136396097,0.010804828256368637,-0.09918137128380201,-0.007957188412547112,-0.053466119708501715,0.988082919013618,-0.12933735971614785,left,0.0013625025749206543,-0.1979148559915173,-2.0320583469219504,-9.398032958751916,-0.10486519025158238,0.00010419636964797974,-0.00016310811042785645,1.9282365917891262,0.0019035488367080688
1746728691088590300,32.98459033203125,-0.21294357136396097,0.0073448671028018,-0.09918137128380201,-0.007749457843601704,-0.053466119708501715,0.988082919013618,-0.12933735971614785,left,-0.00038439035415649414,-0.1979148559915173,-2.0320583469219504,-9.398032958751916,-0.10486519025158238,0.0026560574769973755,-0.00029887259006500244,1.9282365917891262,0.0020423978567123413
1746728691128590300,33.02459033203125,-0.21340868353110765,0.0028063198551535606,-0.09944021622030272,-0.01104805152863264,-0.053196531807420386,0.9880764204424115,-0.128833038201683,left,-0.0003471970558166504,-0.19784436938835384,-2.0364580431856214,-9.397219888803363,-0.1048177824593367,0.007492069620639086,-0.0010741949081420898,1.9275588386580347,0.001317039132118225
1746728691168590600,33.064590576171874,-0.21353697545003195,0.00001994660124182701,-0.09952034147106417,-0.0091822799295187,-0.05313382320147807,0.9880853289671412,-0.12869119206567028,left,0.00028133392333984375,-0.1975929920769218,-2.03776620317474,-9.397431485727429,-0.10469010921095104,0.004659819416701794,-0.0006217807531356812,1.9251416945137083,0.0003515481948852539
1746728691208590600,33.10459057617187,-0.21353697545003195,-0.0027664266526699066,-0.09952034147106417,-0.007316508796066046,-0.05313382320147807,0.9880853289671412,-0.12869119206567028,left,0.0008882880210876465,-0.1975929920769218,-2.03776620317474,-9.397431485727429,-0.10469010921095104,0.0018275687471032143,-0.0003027617931365967,1.9251416945137083,-0.0008603930473327637
1746728691248590600,33.14459057617187,-0.21353697545003195,-0.001930063241161406,-0.09952034147106417,-0.00039688171818852425,-0.05313382320147807,0.9880853289671412,-0.12869119206567028,left,-0.0010273456573486328,-0.1975929920769218,-2.03776620317474,-9.397431485727429,-0.10469010921095104,-0.006443497724831104,-0.0005594193935394287,1.9251416945137083,-0.0004749298095703125
1746728691288590300,33.18459033203125,-0.21353697545003195,-0.0013585321139544249,-0.09952034147106417,0.004028284456580877,-0.05313382320147807,0.9880853289671412,-0.12869119206567028,left,-0.0012704730033874512,-0.1975929920769218,-2.03776620317474,-9.397431485727429,-0.10469010921095104,-0.009127013385295868,-0.0005706846714019775,1.9251416945137083,-0.000006198883056640625
1746728691328590300,33.22459033203125,-0.21353697545003195,-0.004624465014785528,-0.09952034147106417,0.0047407979145646095,-0.05313382320147807,0.9880853289671412,-0.12869119206567028,left,-0.0009421706199645996,-0.1975929920769218,-2.03776620317474,-9.397431485727429,-0.10469010921095104,-0.0060600475408136845,0.00003950297832489014,1.9251416945137083,0.0006069988012313843
1746728691368590300,33.26459033203125,-0.21353697545003195,-0.007139792200177908,-0.09952034147106417,0.005423726048320532,-0.05313382320147807,0.9880853289671412,-0.12869119206567028,left,-0.00045162439346313477,-0.1975929920769218,-2.03776620317474,-9.397431485727429,-0.10469010921095104,-0.001086187083274126,0.00045111775398254395,1.9251416945137083,0.0012212693691253662
1746728691408590600,33.304590576171876,-0.2133570405930955,-0.0060150339268147945,-0.09940292141650568,0.0012588677927851677,-0.05341700470916218,0.9880800583156181,-0.12924404674535633,left,0.0001303553581237793,-0.1975817716025233,-2.0360798575229944,-9.39781960826218,-0.1047072746204215,0.005862793419510126,0.00027811527252197266,1.925033850225061,0.0009482353925704956
1746728691448590600,33.344590576171875,-0.2133570405930955,0.0003558616153895855,-0.09940292141650568,-0.00288302730768919,-0.05341700470916218,0.9880800583156181,-0.12924404674535633,left,-0.0004050135612487793,-0.1975817716025233,-2.0360798575229944,-9.39781960826218,-0.1047072746204215,0.004340641666203737,-0.0001424252986907959,1.925033850225061,0.0007769167423248291
1746728691488590600,33.384590576171874,-0.2133570405930955,0.002089248038828373,-0.09940292141650568,-0.002700978424400091,-0.05341700470916218,0.9880800583156181,-0.12924404674535633,left,-0.00046700239181518555,-0.1975817716025233,-2.0360798575229944,-9.39781960826218,-0.1047072746204215,0.0022813649848103523,-0.00024209916591644287,1.925033850225061,0.0003207772970199585
1746728691528590300,33.42459033203125,-0.2133570405930955,0.0038226344622671604,-0.09940292141650568,-0.0025189295411109924,-0.05341700470916218,0.9880800583156181,-0.12924404674535633,left,-0.0005289912223815918,-0.1975817716025233,-2.0360798575229944,-9.39781960826218,-0.1047072746204215,0.00022208853624761105,-0.00034177303314208984,1.925033850225061,-0.0001353621482849121
1746728691885076700,33.78107666015625,-0.21327575724727696,-0.005648382939398289,-0.09933215919095233,0.001538651529699564,-0.053881656034425296,0.9880793368945724,-0.13012836040868822,left,-0.0010504053207114339,-0.19716219264319393,-2.035486713935435,-9.39877354798615,-0.1045420388738417,-0.008953726850450039,0.0024753364268690348,1.920999041751027,0.000631467264611274
1746728691924942600,33.820942626953126,-0.21340096972515818,0.008170133456587791,-0.09938167192467302,-0.0074522411450743675,-0.05389884666116783,0.9880608023250983,-0.13020215527348628,left,0.004466700833290815,-0.19738912041653547,-2.0365711481712756,-9.398091995462774,-0.1046610366768521,-0.003878413699567318,-0.0010318818967789412,1.9231813542261718,0.005434016231447458
1746728692084406500,33.980406494140624,-0.21452750850422111,-0.0016626237193122506,-0.09996813103221623,0.009713114239275455,-0.05330901083458755,0.9880038689496202,-0.12919700464827677,left,-0.004926727153360844,-0.19799847651936478,-2.046907248746604,-9.394645069879292,-0.1049417511257572,0.0014398627681657672,0.00003674370236694813,1.92904060164839,0.0007221767446026206
1746728692124272400,34.0202724609375,-0.21413471501724723,-0.006924999412149191,-0.09978561917327239,0.005009949207305908,-0.053329122182923336,0.9880364598661698,-0.12916572759467398,left,0.0012060471344739199,-0.1977325234343131,-2.0433258831284937,-9.395949138215183,-0.10479851267802288,0.011194150894880295,-0.0015608693938702345,1.926483464511484,-0.0009367536986246705
1746728692164272400,34.0602724609375,-0.21393780930948844,-0.00670689856633544,-0.09969037307888011,0.007934770546853542,-0.05351195426047326,0.9880598006041585,-0.12946143096051504,left,0.0002595186233520508,-0.1972620554067745,-2.0416680329188703,-9.397236255416274,-0.10457589447332266,0.008994298055768013,-0.0006155520677566528,1.921959411215782,-0.00015522539615631104
1746728692204272400,34.1002724609375,-0.2137037726319022,-0.006386497523635626,-0.09957202181307585,0.007057623006403446,-0.05368569777131652,0.9880788421235001,-0.12975060385974937,left,0.0008152127265930176,-0.19692981221011352,-2.0396039399959145,-9.398337494656444,-0.10442010742996476,0.003935554064810276,-0.00019168853759765625,1.9187642684362827,0.000615343451499939
1746728692244272000,34.14027221679687,-0.21341570786427616,-0.008071260526776314,-0.09941658277617672,0.006155151408165693,-0.05386027031365908,0.9880886698534975,-0.13006372364615304,left,0.0005624294281005859,-0.19684350408335488,-2.0369316520467398,-9.39908626719713,-0.10438535750994665,-0.001576409675180912,0.001045510172843933,1.9179342473529277,0.0006577223539352417
1746728692284272400,34.1802724609375,-0.21341570786427616,-0.00706749502569437,-0.09941658277617672,0.0022106566466391087,-0.05386027031365908,0.9880886698534975,-0.13006372364615304,left,0.0012998580932617188,-0.19684350408335488,-2.0369316520467398,-9.39908626719713,-0.10438535750994665,-0.002644008956849575,0.0008496791124343872,1.9179342473529277,0.0014819204807281494
1746728692324272400,34.2202724609375,-0.21341570786427616,-0.002872623037546873,-0.09941658277617672,-0.0014611601363867521,-0.05386027031365908,0.9880886698534975,-0.13006372364615304,left,0.0005590915679931641,-0.19684350408335488,-2.0369316520467398,-9.39908626719713,-0.10438535750994665,0.0019428441300988197,0.0002812594175338745,1.9179342473529277,0.001623690128326416
1746728692364272400,34.2602724609375,-0.21341570786427616,-0.0014881064416840672,-0.09941658277617672,-0.0017910466995090246,-0.05386027031365908,0.9880886698534975,-0.13006372364615304,left,0.0003439188003540039,-0.19684350408335488,-2.0369316520467398,-9.39908626719713,-0.10438535750994665,0.0037493756972253323,0.0002060532569885254,1.9179342473529277,0.0009649842977523804
1746728692404272400,34.3002724609375,-0.21341570786427616,-0.00010358996223658323,-0.09941658277617672,-0.002120933262631297,-0.05386027031365908,0.9880886698534975,-0.13006372364615304,left,0.00012874603271484375,-0.19684350408335488,-2.0369316520467398,-9.39908626719713,-0.10438535750994665,0.005555907264351845,0.00013083219528198242,1.9179342473529277,0.0003062933683395386
1746728692444272400,34.3402724609375,-0.21341570786427616,-0.00011191851808689535,-0.09941658277617672,-0.002983243903145194,-0.05386027031365908,0.9880886698534975,-0.13006372364615304,left,0.000027239322662353516,-0.19684350408335488,-2.0369316520467398,-9.39908626719713,-0.10438535750994665,0.006333287805318832,-0.000012636184692382812,1.9179342473529277,-0.00010867416858673096
1746728692484272000,34.380272216796875,-0.21355985691742002,-0.001442705630324781,-0.09948170588903252,-0.002867875387892127,-0.054042902364797446,0.9880866873334246,-0.1304119895672836,left,0.00001341104507446289,-0.1965208895199858,-2.0384175066903234,-9.399396648320556,-0.1042473996882625,0.0028828904032707214,-0.000006139278411865234,1.914831459031999,-0.000053495168685913086
1746728692524272000,34.420272216796874,-0.21355985691742002,-0.0020982238929718733,-0.09948170588903252,-0.002811047248542309,-0.054042902364797446,0.9880866873334246,-0.1304119895672836,left,-0.0007712244987487793,-0.1965208895199858,-2.0384175066903234,-9.399396648320556,-0.1042473996882625,0.0011832959717139602,-0.0007001310586929321,1.914831459031999,-0.0007131099700927734
1746728692564272400,34.4602724609375,-0.21355985691742002,-0.004125145263969898,-0.09948170588903252,0.00044269044883549213,-0.054042902364797446,0.9880866873334246,-0.1304119895672836,left,-0.001417696475982666,-0.1965208895199858,-2.0384175066903234,-9.399396648320556,-0.1042473996882625,-0.000412766938097775,-0.0006665289402008057,1.914831459031999,-0.0015403777360916138
1746728692604272400,34.5002724609375,-0.21355985691742002,-0.005976458080112934,-0.09948170588903252,0.001647711033001542,-0.054042902364797446,0.9880866873334246,-0.1304119895672836,left,-0.0000654458999633789,-0.1965208895199858,-2.0384175066903234,-9.399396648320556,-0.1042473996882625,-0.0022468329407274723,-0.0012252628803253174,1.914831459031999,-0.0012817084789276123
1746728692644272400,34.5402724609375,-0.21362587672103053,-0.006265411619096994,-0.09948283980179029,-0.002133637433871627,-0.05436635547939582,0.9880688154995437,-0.13106580775316454,left,0.001342177391052246,-0.19645169061455098,-2.0390660337269306,-9.399391387623547,-0.10424757042128746,-0.0021675173193216324,-0.0011709332466125488,1.9141659808605909,-0.0012222081422805786
1746728692684272400,34.5802724609375,-0.2136918532811628,-0.006554365623742342,-0.09948396349301188,-0.0059149861335754395,-0.05468984293092919,0.9880508148846743,-0.13171969072704265,left,0.002749919891357422,-0.19638243608509007,-2.0397144146330652,-9.39938671144843,-0.10424773030158864,-0.0020882016979157925,-0.0011166185140609741,1.9134997720368205,-0.0011626482009887695
1746728692724272000,34.62027221679688,-0.21338122981459115,-0.0036820846144109964,-0.0993141394373519,0.019788453355431557,-0.05489582055076522,0.9880597744363576,-0.1320943654755971,left,-0.0038318634033203125,-0.19629886947026137,-2.0368284839332103,-9.400175815999507,-0.10421661305553546,-0.0062162550166249275,0.0008446425199508667,1.9126960544385014,-0.00064811110496521
1746728692764272000,34.660272216796876,-0.21307613063857025,-0.0003906295169144869,-0.09912929557047763,0.013761108741164207,-0.05502242088929214,0.9880440384295504,-0.1323764857066956,left,-0.0025268197059631348,-0.19681071064656172,-2.0337530220106244,-9.399839131391047,-0.10447473463738889,-0.009180032648146152,0.0010031908750534058,1.9176188977934419,0.0009086579084396362
1746728692804272400,34.7002724609375,-0.21277114004357336,0.002900825347751379,-0.09894444148207099,0.0077337645925581455,-0.055148971428773896,0.9880281787957907,-0.13265838737247632,left,-0.0012221932411193848,-0.19732264587534207,-2.0306785830013454,-9.399497770607471,-0.10473284536651996,-0.012143809348344803,0.0011618584394454956,1.922542033409327,0.002465367317199707
1746728692844272400,34.7402724609375,-0.21274493956910437,0.007761756889522076,-0.09894300532617423,0.0007714251987636089,-0.05492209228147459,0.9880281847508915,-0.13222912333690073,left,-0.0008056163787841797,-0.1976119427702534,-2.030314718125015,-9.399007356742024,-0.10485360053066894,-0.005469676572829485,0.0007660388946533203,1.925323919212818,0.001625165343284607
1746728692884272400,34.7802724609375,-0.21271862104081835,0.012622687965631485,-0.09894156882148689,-0.006190915126353502,-0.05469520798013905,0.988028106570012,-0.13179982464473908,left,-0.00038909912109375,-0.1979012387821939,-2.0299496842049063,-9.398515773832797,-0.10497435600334497,0.001204456202685833,0.0003701150417327881,1.9281056588858365,0.0007849633693695068
1746728692924272400,34.8202724609375,-0.21298357209400526,0.008459854871034622,-0.09909392968830225,-0.008882207795977592,-0.05446523802366609,0.9880252193677951,-0.13136631743397695,left,-0.0009733438491821289,-0.1979353027840332,-2.032425865060091,-9.39791313176453,-0.10497693424471705,0.004688669461756945,0.00003966689109802246,1.9284332834050057,0.0011797845363616943
1746728693240584400,35.13658447265625,-0.21274606645327696,-0.005644933320581913,-0.09904225570202768,0.0041588181629776955,-0.0544855709256918,0.9881103678700477,-0.13120957702436442,left,0.000682569167111069,-0.1964100349643945,-2.0308124385140833,-9.401260104104876,-0.10421022174679177,-0.008079595863819122,0.00011386460391804576,1.9137652911052108,0.0006890633376315236
1746728693280584400,35.17658447265625,-0.21274606645327696,-0.003183848224580288,-0.09904225570202768,0.002082957187667489,-0.0544855709256918,0.9881103678700477,-0.13120957702436442,left,0.0006635785102844238,-0.1964100349643945,-2.0308124385140833,-9.401260104104876,-0.10421022174679177,-0.0018670153804123402,0.00013527274131774902,1.9137652911052108,0.0006183981895446777
1746728693320584400,35.21658447265625,-0.2127407880916828,-0.0002757392358034849,-0.09904106736091592,-0.00213178270496428,-0.054552023235654244,0.9881163890823319,-0.13132168396650018,left,0.0005949139595031738,-0.19621699262459663,-2.0308407878257335,-9.401631860026717,-0.10412037612388488,0.0019832891412079334,-0.00033496320247650146,1.9119085573226213,0.0008072704076766968
1746728693360584400,35.25658447265625,-0.2127407880916828,-0.00035749387461692095,-0.09904106736091592,-0.0053116269409656525,-0.054552023235654244,0.9881163890823319,-0.13132168396650018,left,0.00002491474151611328,-0.19621699262459663,-2.0308407878257335,-9.401631860026717,-0.10412037612388488,0.0027520409785211086,0.00031870603561401367,1.9119085573226213,0.0003822594881057739
1746728693400584400,35.29658447265625,-0.2127407880916828,-0.0007102740928530693,-0.09904106736091592,-0.004957359749823809,-0.054552023235654244,0.9881163890823319,-0.13132168396650018,left,-0.0003101229667663574,-0.19621699262459663,-2.0308407878257335,-9.401631860026717,-0.10412037612388488,0.001731238211505115,-0.00017412006855010986,1.9119085573226213,-0.00034387409687042236
1746728693440584400,35.33658447265625,-0.2127407880916828,0.00039307912811636925,-0.09904106736091592,-0.003798292251303792,-0.054552023235654244,0.9881163890823319,-0.13132168396650018,left,-0.0004264712333679199,-0.19621699262459663,-2.0308407878257335,-9.401631860026717,-0.10412037612388488,-0.003931241575628519,-0.0007756650447845459,1.9119085573226213,-0.0012605488300323486
1746728693480584400,35.37658447265625,-0.2127407880916828,-0.001126009039580822,-0.09904106736091592,-0.001338872592896223,-0.054552023235654244,0.9881163890823319,-0.13132168396650018,left,-0.0008752346038818359,-0.19621699262459663,-2.0308407878257335,-9.401631860026717,-0.10412037612388488,-0.005758296232670546,-0.0012003779411315918,1.9119085573226213,-0.00048238039016723633
1746728693520584700,35.416584716796876,-0.21325410674954143,-0.0031035556457936764,-0.0992806921929427,-0.0018271667649969459,-0.05458775582244237,0.9880793216060915,-0.13146734809650068,left,-0.0004316568374633789,-0.19638661904210208,-2.0355979192249474,-9.400270508545637,-0.10422529016168007,-0.005966877099126577,-0.000592157244682312,1.9135401040472089,-0.0002380460500717163
1746728693560584400,35.45658447265625,-0.21357765210966317,-0.0016379496082663536,-0.09942771972488558,-0.0020344776567071676,-0.05464194894066783,0.9880534109909209,-0.13162501651259065,left,-0.002406597137451172,-0.19650847142772546,-2.0385897945173084,-9.399383788838982,-0.10430207658800995,-0.0014903377741575241,-0.0004569590091705322,1.9147120704360305,-0.00037892162799835205
1746728693600584400,35.49658447265625,-0.21357765210966317,-0.00017234357073903084,-0.09942771972488558,-0.0022417886648327112,-0.05464194894066783,0.9880534109909209,-0.13162501651259065,left,-0.004291057586669922,-0.19650847142772546,-2.0385897945173084,-9.399383788838982,-0.10430207658800995,0.0029862006194889545,-0.0006268322467803955,1.9147120704360305,-0.0004003196954727173
1746728693640584400,35.53658447265625,-0.21357765210966317,0.00020140415290370584,-0.09942771972488558,0.006482178345322609,-0.05464194894066783,0.9880534109909209,-0.13162501651259065,left,-0.003299236297607422,-0.19650847142772546,-2.0385897945173084,-9.399383788838982,-0.10430207658800995,-0.003486235160380602,-0.0009073764085769653,1.9147120704360305,0.0004907399415969849
1746728693680584400,35.57658447265625,-0.21357765210966317,-0.003162842011079192,-0.09942771972488558,0.0012984736822545528,-0.05464194894066783,0.9880534109909209,-0.13162501651259065,left,-0.0011507868766784668,-0.19650847142772546,-2.0385897945173084,-9.399383788838982,-0.10430207658800995,-0.004971261601895094,0.0003791600465774536,1.9147120704360305,0.0013680756092071533
1746728693720584400,35.61658447265625,-0.21346950540267304,0.000162636861205101,-0.0993470944293737,-0.0012580242473632097,-0.05476786240360059,0.9880361124729691,-0.13190611778920827,left,0.0015296339988708496,-0.19683992704816697,-2.037438724786043,-9.398983391344547,-0.10447660540660936,-0.0012229753192514181,0.0005344748497009277,1.9178999066919087,0.0027814358472824097
1746728693760584700,35.65658471679688,-0.21364100998065502,0.0045774392783641815,-0.0994510000813363,-0.005240933038294315,-0.05455640250059602,0.9880362295091955,-0.1315020332988322,left,0.0005486607551574707,-0.19689120008379965,-2.03902979336977,-9.398537401142717,-0.1044865138481104,-0.0009206128306686878,0.00027617812156677246,1.9183929509058593,0.0013717859983444214
1746728693800584400,35.69658447265625,-0.21381256075559713,0.008992241695523262,-0.09955491595483508,-0.00922384113073349,-0.054344908260656445,0.9880364753264106,-0.13109791807215251,left,-0.0004324913024902344,-0.1969426184205393,-2.0406211542144415,-9.398091410940886,-0.10449643314233527,-0.0006182503420859575,0.000017896294593811035,1.9188874564245342,-0.000037983059883117676
1746728693840584400,35.73658447265625,-0.21418636878352332,0.006757153198122978,-0.09973271353894478,-0.006727142259478569,-0.05423141781477549,0.9880042842095409,-0.13095166888124318,left,-0.0022429227828979492,-0.19732845107309213,-2.0439766021221875,-9.396603802731633,-0.10468963816685346,-0.001468614093028009,-0.0001764148473739624,1.9225978552497922,0.0005349069833755493
1746728693880584400,35.77658447265625,-0.214560206587172,0.004522064700722694,-0.09991052134458395,-0.004230443388223648,-0.054117966859867084,0.9879720484476633,-0.13080565770041938,left,-0.004053652286529541,-0.19771437357884702,-2.0473310271166265,-9.395113271912932,-0.10488285404410166,-0.0023189778439700603,-0.0003708302974700928,1.92630883859694,0.001107722520828247
1746728693920584400,35.81658447265625,-0.214560206587172,0.004083544947206974,-0.09991052134458395,0.0011260118335485458,-0.054117966859867084,0.9879720484476633,-0.13080565770041938,left,-0.0017404556274414062,-0.19771437357884702,-2.0473310271166265,-9.395113271912932,-0.10488285404410166,0.0028386791236698627,-0.0010646581649780273,1.92630883859694,0.0013668835163116455
1746728693960584400,35.85658447265625,-0.214560206587172,0.0006896189879626036,-0.09991052134458395,0.00223451666533947,-0.054117966859867084,0.9879720484476633,-0.13080565770041938,left,-0.001428365707397461,-0.19771437357884702,-2.0473310271166265,-9.395113271912932,-0.10488285404410166,0.004842742346227169,-0.0005022585391998291,1.92630883859694,0.0009681731462478638
1746728694000584700,35.89658471679687,-0.214560206587172,-0.0027043065056204796,-0.09991052134458395,0.0033430212642997503,-0.054117966859867084,0.9879720484476633,-0.13080565770041938,left,-0.001116335391998291,-0.19771437357884702,-2.0473310271166265,-9.395113271912932,-0.10488285404410166,0.006846806034445763,0.00006014108657836914,1.92630883859694,0.000569462776184082
1746728694040584400,35.93658447265625,-0.214560206587172,-0.0034176455810666084,-0.09991052134458395,0.00489847781136632,-0.054117966859867084,0.9879720484476633,-0.13080565770041938,left,-0.0012864470481872559,-0.19771437357884702,-2.0473310271166265,-9.395113271912932,-0.10488285404410166,0.004757785703986883,0.0008603185415267944,1.92630883859694,-0.00025363266468048096
1746728694080584400,35.97658447265625,-0.214560206587172,-0.003541944082826376,-0.09991052134458395,0.004596177022904158,-0.054117966859867084,0.9879720484476633,-0.13080565770041938,left,-0.00040847063064575195,-0.19771437357884702,-2.0473310271166265,-9.395113271912932,-0.10488285404410166,0.00011349283158779144,0.0008293986320495605,1.92630883859694,-0.00008733570575714111
1746728694120584400,36.01658447265625,-0.21416041860459906,-0.003991361707448959,-0.09971096405615153,0.00037617841735482216,-0.05425428371737086,0.987997056316766,-0.13101257378745823,left,0.0004013180732727051,-0.19748089367385813,-2.043670458782464,-9.396370578497647,-0.104767166899184,-0.0012510528322309256,0.001883387565612793,1.9240638361491262,-0.0001598149538040161
1746728694160584400,36.05658447265625,-0.21416041860459906,-0.0014776720199733973,-0.09971096405615153,-0.001920794602483511,-0.05425428371737086,0.987997056316766,-0.13101257378745823,left,0.0001894831657409668,-0.19748089367385813,-2.043670458782464,-9.396370578497647,-0.104767166899184,-0.0003112336853519082,0.0008938908576965332,1.9240638361491262,-0.00013512372970581055
1746728694200584400,36.09658447265625,-0.21416041860459906,0.0010360174346715212,-0.09971096405615153,-0.004217767622321844,-0.05425428371737086,0.987997056316766,-0.13101257378745823,left,-0.000022292137145996094,-0.19748089367385813,-2.043670458782464,-9.396370578497647,-0.104767166899184,0.0006285855197347701,-0.00009560585021972656,1.9240638361491262,-0.00011044740676879883
1746728694240584400,36.13658447265625,-0.21416041860459906,0.004376742988824844,-0.09971096405615153,-0.005896531976759434,-0.05425428371737086,0.987997056316766,-0.13101257378745823,left,0.0002739429473876953,-0.19748089367385813,-2.043670458782464,-9.396370578497647,-0.104767166899184,0.0005226806388236582,-0.0006756335496902466,1.9240638361491262,0.0002869516611099243
1746728694280584400,36.17658447265625,-0.21416041860459906,0.0019336612895131111,-0.09971096405615153,-0.003915382083505392,-0.05425428371737086,0.987997056316766,-0.13101257378745823,left,-0.000256955623626709,-0.19748089367385813,-2.043670458782464,-9.396370578497647,-0.104767166899184,0.00048691005213186145,-0.0007246583700180054,1.9240638361491262,-0.00034148991107940674
1746728694320584400,36.21658447265625,-0.21416041860459906,-0.0005094201769679785,-0.09971096405615153,-0.0019342319574207067,-0.05425428371737086,0.987997056316766,-0.13101257378745823,left,-0.0007878541946411133,-0.19748089367385813,-2.043670458782464,-9.396370578497647,-0.104767166899184,0.00045113946544006467,-0.0007736831903457642,1.9240638361491262,-0.0009699314832687378
1746728694360584400,36.25658447265625,-0.21416041860459906,-0.004539432004094124,-0.09971096405615153,-0.0025088114198297262,-0.05425428371737086,0.987997056316766,-0.13101257378745823,left,-0.00033289194107055664,-0.19748089367385813,-2.043670458782464,-9.396370578497647,-0.104767166899184,0.00041477425838820636,-0.0009079575538635254,1.9240638361491262,-0.0012736320495605469
1746728694400584400,36.29658447265625,-0.21416041860459906,-0.005120960995554924,-0.09971096405615153,0.0009985733777284622,-0.05425428371737086,0.987997056316766,-0.13101257378745823,left,0.0005127787590026855,-0.19748089367385813,-2.043670458782464,-9.396370578497647,-0.104767166899184,-0.0040535335429012775,-0.0010896623134613037,1.9240638361491262,0.00013224780559539795
1746728694440584400,36.33658447265625,-0.21416041860459906,-0.0025863363407552242,-0.09971096405615153,0.0007941032527014613,-0.05425428371737086,0.987997056316766,-0.13101257378745823,left,-0.0029798150062561035,-0.19748089367385813,-2.043670458782464,-9.396370578497647,-0.104767166899184,-0.0028812044765800238,-0.0008701235055923462,1.9240638361491262,0.0003430992364883423
1746728694480584400,36.37658447265625,-0.21416041860459906,0.002807356882840395,-0.09971096405615153,0.017290301620960236,-0.05425428371737086,0.987997056316766,-0.13101257378745823,left,-0.0019431710243225098,-0.19748089367385813,-2.043670458782464,-9.396370578497647,-0.104767166899184,-0.012914985418319702,-0.000843539834022522,1.9240638361491262,0.0015767216682434082
1746728694520584700,36.416584716796876,-0.2139395591967421,0.0010390249080955982,-0.09956770992471514,0.011459734290838242,-0.05439704324965487,0.9879783458067054,-0.13133087285632325,left,-0.0005608797073364258,-0.19794418754382004,-2.041405582590401,-9.395949138215183,-0.10500556932144374,-0.01042146235704422,-0.0004332214593887329,1.9285186236009,0.0017465800046920776
1746728694560584400,36.45658447265625,-0.2139395591967421,-0.0007293069502338767,-0.09956770992471514,0.005629167892038822,-0.05439704324965487,0.9879783458067054,-0.13133087285632325,left,0.0008643865585327148,-0.19794418754382004,-2.041405582590401,-9.395949138215183,-0.10500556932144374,-0.007927939295768738,0.00020805001258850098,1.9285186236009,0.0023707300424575806
1746728694600584400,36.49658447265625,-0.2139395591967421,0.005380595102906227,-0.09956770992471514,-0.0004872330464422703,-0.05439704324965487,0.9879783458067054,-0.13133087285632325,left,0.002107381820678711,-0.19794418754382004,-2.041405582590401,-9.395949138215183,-0.10500556932144374,-0.0013117813505232334,-0.0003799945116043091,1.9285186236009,0.0037373751401901245
1746728694640584400,36.53658447265625,-0.2139395591967421,0.00409101415425539,-0.09956770992471514,-0.0018721926026046276,-0.05439704324965487,0.9879783458067054,-0.13133087285632325,left,0.001385033130645752,-0.19794418754382004,-2.041405582590401,-9.395949138215183,-0.10500556932144374,-0.0007487755501642823,-0.0006149560213088989,1.9285186236009,0.002804204821586609
1746728694680584400,36.57658447265625,-0.2139395591967421,0.002801433438435197,-0.09956770992471514,-0.003257152158766985,-0.05439704324965487,0.9879783458067054,-0.13133087285632325,left,0.0006627440452575684,-0.19794418754382004,-2.041405582590401,-9.395949138215183,-0.10500556932144374,-0.00018576974980533123,-0.0008499175310134888,1.9285186236009,0.0018710494041442871
1746728694720584400,36.61658447265625,-0.2139395591967421,-0.0019914472941309214,-0.09956770992471514,0.0025400472804903984,-0.05439704324965487,0.9879783458067054,-0.13133087285632325,left,-0.002844512462615967,-0.19794418754382004,-2.041405582590401,-9.395949138215183,-0.10500556932144374,0.004055431112647057,-0.00023193657398223877,1.9285186236009,0.0007093250751495361
1746728694760584700,36.65658471679688,-0.2139395591967421,-0.006745423190295696,-0.09956770992471514,0.00929361954331398,-0.05439704324965487,0.9879783458067054,-0.13133087285632325,left,-0.0015749335289001465,-0.19794418754382004,-2.041405582590401,-9.395949138215183,-0.10500556932144374,0.0055861081928014755,-0.001432865858078003,1.9285186236009,0.0009636729955673218
1746728694800584400,36.69658447265625,-0.2139395591967421,-0.009757688269019127,-0.09956770992471514,0.009660086594522,-0.05439704324965487,0.9879783458067054,-0.13133087285632325,left,-0.0008320808410644531,-0.19794418754382004,-2.041405582590401,-9.395949138215183,-0.10500556932144374,0.009972883388400078,-0.00035774707794189453,1.9285186236009,0.00028420984745025635
1746728694840584400,36.73658447265625,-0.21342286932376653,-0.008568611927330494,-0.09931448326228676,0.010631581768393517,-0.054603435695040795,0.9880175136504649,-0.13163906808966275,left,-0.0014810562133789062,-0.1974626498749221,-2.036746943129599,-9.397909624633192,-0.10476926927881032,0.009603699669241905,0.0003543049097061157,1.9238883334517478,0.0011310726404190063
1746728694880584400,36.77658447265625,-0.21292047276797793,-0.007054795511066914,-0.09906638791481187,0.010732317343354225,-0.05477514155081303,0.9880515434952666,-0.13189320159623633,left,-0.000684201717376709,-0.19710821634438866,-2.0321692599505186,-9.399597139328717,-0.10459328552221075,0.005789564456790686,0.0003988891839981079,1.9204799863129853,0.0012272745370864868
1746728694920584400,36.81658447265625,-0.21258050330908732,-0.009857652708888054,-0.09889114139632196,0.0081517668440938,-0.054953720302003,0.9880702465929533,-0.13219354309501613,left,-0.0008812546730041504,-0.19688597846768408,-2.029063549020141,-9.400704808309674,-0.10448917827551402,0.004863654263317585,0.0015166252851486206,1.9183426820233462,0.0009065866470336914
1746728694960584400,36.85658447265625,-0.21225911078840692,-0.013953113928437233,-0.09872911790542292,0.005057670176029205,-0.055285083863215366,0.9881015477704177,-0.1327530135634222,left,-0.00046193599700927734,-0.19620226130860868,-2.026317903573811,-9.402636068633198,-0.1041706522400944,0.014606163837015629,0.0017799288034439087,1.9117668107643722,0.0008340328931808472
1746728695000584700,36.89658471679687,-0.21193742025371254,-0.018048575147986412,-0.09856709371694128,0.0019635737407952547,-0.05561643196231889,0.9881325965399416,-0.1333126368627365,left,-0.0000432133674621582,-0.19551876630618856,-2.023567435821891,-9.404562652781605,-0.10385212682173275,0.024348672479391098,0.002042725682258606,1.90519225467965,0.0007613897323608398
1746728695040584400,36.93658447265625,-0.21180390140012015,-0.011420225724577904,-0.09851704246899363,0.0002230643294751644,-0.055897599150447515,0.9881723353414152,-0.13375317802841896,left,-0.000017523765563964844,-0.19450335950839867,-2.022717394863814,-9.40671953855455,-0.10336912301708352,0.025024686008691788,0.0014106333255767822,1.895423140337318,0.001767188310623169
1746728695080584400,36.97658447265625,-0.2119327960925815,-0.00046990253031253815,-0.09861529733287508,-0.004560787696391344,-0.05578030217301105,0.9881972556124327,-0.1334702250180331,left,0.0005777478218078613,-0.19397998730677274,-2.0241382214471697,-9.40742681004107,-0.10310053699877218,0.014934930950403214,0.0013302713632583618,1.8903871919967232,0.0004931837320327759
1746728695120584400,37.01658447265625,-0.21206183453616229,0.010480420663952827,-0.09871355184796714,-0.009344639256596565,-0.05566295539653015,0.9882220522564981,-0.13318714355642777,left,0.0011726617813110352,-0.19345667337600442,-2.025560070943832,-9.408131743440032,-0.10283195128899053,0.004845176823437214,0.0012500137090682983,1.8853512436561286,-0.0007808208465576172
1746728695160584400,37.05658447265625,-0.21238762146064455,0.00978932622820139,-0.09889455670837154,-0.012935264967381954,-0.05546327954775394,0.9882173937356021,-0.13281434795767544,left,-0.0005803704261779785,-0.1934337784010891,-2.0286342176921663,-9.407513319280744,-0.10281128123153345,-0.0026745847426354885,0.00014631450176239014,1.8851308789037167,-0.002193450927734375
1746728695200584400,37.09658447265625,-0.21238762146064455,0.004104887135326862,-0.09889455670837154,-0.0123599199578166,-0.05546327954775394,0.9882173937356021,-0.13281434795767544,left,-0.0014241933822631836,-0.1934337784010891,-2.0286342176921663,-9.407513319280744,-0.10281128123153345,-0.005592769011855125,-0.0015439391136169434,1.8851308789037167,-0.0016259104013442993
1746728695240584400,37.13658447265625,-0.21297388138900336,0.002095184288918972,-0.09918426095359276,-0.006719626951962709,-0.05529248707015492,0.9881803521278784,-0.13256750627061364,left,-0.0014758110046386719,-0.1937677566955564,-2.0340159107305107,-9.405706562119722,-0.10298008214331371,-0.006365180481225252,-0.001085817813873291,1.8883448725141583,-0.0006085038185119629
1746728695280584400,37.17658447265625,-0.21297388138900336,-0.0055283368565142155,-0.09918426095359276,-0.0023396024480462074,-0.05529248707015492,0.9881803521278784,-0.13256750627061364,left,-0.0024120211601257324,-0.1937677566955564,-2.0340159107305107,-9.405706562119722,-0.10298008214331371,-0.00496858824044466,-0.0009458661079406738,1.8883448725141583,-0.0012455880641937256
1746728695320584400,37.21658447265625,-0.21359400628921923,-0.00556640699505806,-0.09946890383987377,-0.013351582922041416,-0.055376504865787775,0.9881325994460379,-0.1328272246695026,left,0.002847433090209961,-0.19398812749990269,-2.039760007340461,-9.404036583080888,-0.10311886348326496,-0.0012557473964989185,-0.002419993281364441,1.8904655179299412,-0.0011003166437149048
1746728695360584400,37.25658447265625,-0.21359400628921923,0.0017314697615802288,-0.09946890383987377,0.0171099491417408,-0.055376504865787775,0.9881325994460379,-0.1328272246695026,left,-0.005888760089874268,-0.19398812749990269,-2.039760007340461,-9.404036583080888,-0.10311886348326496,-0.0004367819055914879,-0.0002763420343399048,1.8904655179299412,0.0003606528043746948
1746728695400584400,37.29658447265625,-0.21359400628921923,0.0018275098409503698,-0.09946890383987377,0.008000505156815052,-0.055376504865787775,0.9881325994460379,-0.1328272246695026,left,0.0014313459396362305,-0.19398812749990269,-2.039760007340461,-9.404036583080888,-0.10311886348326496,-0.008304780349135399,-0.000688016414642334,1.8904655179299412,-0.000457763671875
1746728695440584400,37.33658447265625,-0.2131326824961375,-0.0018184389919042587,-0.0992078622639727,0.006533517036587,-0.055469050885576576,0.9881234254958675,-0.1330334218007798,left,0.0007296204566955566,-0.1945792706791744,-2.0351846622489393,-9.4038828538239,-0.10340797968789406,-0.014939695596694946,0.00043579936027526855,1.896153646568954,0.0003481358289718628
1746728695480584400,37.37658447265625,-0.21297671327944423,0.0011611166410148144,-0.09909482825044721,0.0022066058591008186,-0.055547559295523866,0.9880960253804885,-0.13324974576595883,left,0.0018342137336730957,-0.19522994019614553,-2.033456669412553,-9.402992042464017,-0.10373539542821317,-0.014177634380757809,0.00044664740562438965,1.9024137298770247,0.0016774237155914307
1746728695520584700,37.416584716796876,-0.21297671327944423,0.006950032897293568,-0.09909482825044721,-0.0030676284804940224,-0.055547559295523866,0.9880960253804885,-0.13324974576595883,left,0.0016698837280273438,-0.19522994019614553,-2.033456669412553,-9.402992042464017,-0.10373539542821317,-0.011095943860709667,0.00041823089122772217,1.9024137298770247,0.002078622579574585
1746728695560584400,37.45658447265625,-0.2130410822374828,0.0037483149208128452,-0.09910746566898926,-0.0010543789248913527,-0.05537881880922158,0.9880621517029434,-0.1330092069223273,left,-0.000764012336730957,-0.1960612158726376,-2.0337268646560607,-9.401312126553059,-0.10413537115606647,-0.010731391608715057,0.00041863322257995605,1.9104101354584098,0.0008524060249328613
1746728695600584400,37.49658447265625,-0.21313566702674688,0.000733798136934638,-0.09913341720688823,-0.00525504257529974,-0.05529763664546799,0.9880300505074369,-0.13292920068676553,left,0.00024437904357910156,-0.19671662287153577,-2.034350841773301,-9.399894076448678,-0.10445736178277527,-0.007374524138867855,-0.000701606273651123,1.9167139117777345,0.0014826208353042603
1746728695640584400,37.53658447265625,-0.21313566702674688,0.0009166512172669172,-0.09913341720688823,-0.004249206278473139,-0.05529763664546799,0.9880300505074369,-0.13292920068676553,left,0.0005997419357299805,-0.19671662287153577,-2.034350841773301,-9.399894076448678,-0.10445736178277527,-0.002121304627507925,-0.0007623136043548584,1.9167139117777345,0.0012346357107162476
1746728695680584400,37.57658447265625,-0.21313566702674688,0.0010995042975991964,-0.09913341720688823,-0.0032433699816465378,-0.05529763664546799,0.9880300505074369,-0.13292920068676553,left,0.000955045223236084,-0.19671662287153577,-2.034350841773301,-9.399894076448678,-0.10445736178277527,0.003131914883852005,-0.0008230209350585938,1.9167139117777345,0.0009866505861282349
1746728695720584400,37.61658447265625,-0.21313566702674688,-0.0007563496474176645,-0.09913341720688823,0.0011330465786159039,-0.05529763664546799,0.9880300505074369,-0.13292920068676553,left,-0.00039511919021606445,-0.19671662287153577,-2.034350841773301,-9.399894076448678,-0.10445736178277527,0.003331044688820839,-0.00023692846298217773,1.9167139117777345,0.0005845576524734497
1746728695760584700,37.65658471679688,-0.21313566702674688,-0.002612203359603882,-0.09913341720688823,0.005509463604539633,-0.05529763664546799,0.9880300505074369,-0.13292920068676553,left,-0.0017452239990234375,-0.19671662287153577,-2.034350841773301,-9.399894076448678,-0.10445736178277527,0.003530174493789673,0.0003491640090942383,1.9167139117777345,0.00018246471881866455
1746728695800584400,37.69658447265625,-0.2125274969395609,-0.00881151482462883,-0.0988288707329309,0.013995962217450142,-0.05536012668505573,0.9880575540558223,-0.1329935758010386,left,-0.0021202564239501953,-0.19673581343016008,-2.0286260343857108,-9.401093515366314,-0.10445318426763178,-0.0037858346477150917,0.0014118105173110962,1.916898474564403,-0.00033758580684661865
1746728695840584400,37.73658447265625,-0.21193525414390751,-0.009561640210449696,-0.0985047610483845,0.011593264527618885,-0.05565702806235623,0.988068079938415,-0.13354065766965398,left,-0.000865638256072998,-0.19681305144103997,-2.0230267530739305,-9.402148577377199,-0.1045018425863114,-0.0008784427773207426,0.001143142580986023,1.917641401886195,0.0007510632276535034
1746728695880584400,37.77658447265625,-0.21134303074125357,-0.010311765596270561,-0.09818063092077221,0.009190566837787628,-0.055953874486574635,0.9880783980580751,-0.13408760968788766,left,0.0003886222839355469,-0.1968906105264954,-2.017427033370733,-9.403199547734856,-0.10455047919954362,0.0020289490930736065,0.000874444842338562,1.918387251817435,0.0018393844366073608
1746728695920584400,37.81658447265625,-0.2110289657401877,-0.0024462537840008736,-0.09801683954280471,0.004538514651358128,-0.056135143778644446,0.9880941494315002,-0.13439888702107997,left,0.0005550384521484375,-0.1966914019600565,-2.0145536698915065,-9.404206094428897,-0.1044586600551164,0.004231327213346958,0.0006924420595169067,1.9164714813239871,0.0019292831420898438
1746728695960584400,37.85658447265625,-0.2110289657401877,0.003126724623143673,-0.09801683954280471,0.000744211720302701,-0.056135143778644446,0.9880941494315002,-0.13439888702107997,left,0.001054227352142334,-0.1966914019600565,-2.0145536698915065,-9.404206094428897,-0.1044586600551164,0.0030714140739291906,0.0010951310396194458,1.9164714813239871,0.0013805627822875977
1746728696000584700,37.89658471679687,-0.2110289657401877,0.0022180001251399517,-0.09801683954280471,-0.002806782955303788,-0.056135143778644446,0.9880941494315002,-0.13439888702107997,left,0.0007339119911193848,-0.1966914019600565,-2.0145536698915065,-9.404206094428897,-0.1044586600551164,0.0023356396704912186,0.000978231430053711,1.9164714813239871,0.0007387548685073853
1746728696040584400,37.93658447265625,-0.2110289657401877,0.0013092753943055868,-0.09801683954280471,-0.006357777863740921,-0.056135143778644446,0.9880941494315002,-0.13439888702107997,left,0.00041359663009643555,-0.1966914019600565,-2.0145536698915065,-9.404206094428897,-0.1044586600551164,0.0015998654998838902,0.0008613318204879761,1.9164714813239871,0.00009694695472717285
1746728696080584400,37.97658447265625,-0.21133241764943178,0.00032440596260130405,-0.09818997198539814,-0.0030875112861394882,-0.055980529084606524,0.9880964847047049,-0.1340962408517313,left,-0.0011913180351257324,-0.19649807593257498,-2.0174850471682846,-9.403956503582,-0.10435694147492451,0.004170075990259647,0.001399502158164978,1.914612117192894,-0.0011241137981414795
1746728696120584400,38.01658447265625,-0.21133241764943178,-0.0024920471478253603,-0.09818997198539814,-0.0021233900915831327,-0.055980529084606524,0.9880964847047049,-0.1340962408517313,left,-0.0029379725456237793,-0.19649807593257498,-2.0174850471682846,-9.403956503582,-0.10435694147492451,0.0015521652530878782,0.0012194812297821045,1.914612117192894,-0.001809626817703247
1746728696160584400,38.05658447265625,-0.21133241764943178,-0.005308500491082668,-0.09818997198539814,-0.0011592688970267773,-0.055980529084606524,0.9880964847047049,-0.1340962408517313,left,-0.004684627056121826,-0.19649807593257498,-2.0174850471682846,-9.403956503582,-0.10435694147492451,-0.0010657459497451782,0.001039460301399231,1.914612117192894,-0.002495124936103821
1746728696200584400,38.09658447265625,-0.21133241764943178,0.0016764039173722267,-0.09818997198539814,0.010860037058591843,-0.055980529084606524,0.9880964847047049,-0.1340962408517313,left,-0.008179426193237305,-0.19649807593257498,-2.0174850471682846,-9.403956503582,-0.10435694147492451,-0.0037328239995986223,0.0016981065273284912,1.914612117192894,-0.0008014440536499023
1746728696240584400,38.13658447265625,-0.21133241764943178,0.008661308325827122,-0.09818997198539814,0.0228793416172266,-0.055980529084606524,0.9880964847047049,-0.1340962408517313,left,-0.011674225330352783,-0.19649807593257498,-2.0174850471682846,-9.403956503582,-0.10435694147492451,-0.006399902049452066,0.0023567527532577515,1.914612117192894,0.0008922368288040161
1746728696390222800,38.28622290039063,-0.21190612239323156,0.015173305757343769,-0.0984608189733908,-0.015473266132175922,-0.05530730321241171,0.9880155238634595,-0.1330008654493421,left,0.004618892911821604,-0.1983297017524515,-2.0221388643234968,-9.399353393700718,-0.10522266637137748,0.0026806476525962353,-0.0009915463160723448,1.932225223033875,0.002508562756702304
1746728696430222800,38.326222900390626,-0.21244580154166778,0.010288943536579609,-0.09876495505123326,-0.014146641828119755,-0.05494715393472397,0.9880099280935496,-0.1323236128499361,left,0.0015400052070617676,-0.1982794261778144,-2.0272316574178637,-9.398355614835022,-0.10517934138559988,-0.0012765699066221714,-0.0008478462696075439,1.9317419695615767,0.001369372010231018
1746728696470222600,38.36622265625,-0.2130544754118551,0.0025249505415558815,-0.09907886927585337,-0.015381235629320145,-0.054749565331453,0.987984197688619,-0.13199979950947677,left,0.0005309581756591797,-0.19837959620349085,-2.0329108720980584,-9.396931134989858,-0.10522942452009047,-0.0019307401962578297,-0.0020197778940200806,1.9327049693748353,0.0004833042621612549
1746728696510222800,38.406222900390624,-0.2130544754118551,0.0009477948769927025,-0.09907886927585337,-0.0017507290467619896,-0.054749565331453,0.987984197688619,-0.13199979950947677,left,-0.0022097229957580566,-0.19837959620349085,-2.0329108720980584,-9.396931134989858,-0.10522942452009047,-0.001040227827616036,-0.0017582178115844727,1.9327049693748353,0.0008375346660614014
1746728696550222800,38.44622290039062,-0.2130544754118551,-0.0022757556289434433,-0.09907886927585337,0.0016363239847123623,-0.054749565331453,0.987984197688619,-0.13199979950947677,left,-0.0011917352676391602,-0.19837959620349085,-2.0329108720980584,-9.396931134989858,-0.10522942452009047,0.000787589349783957,-0.002028539776802063,1.9327049693748353,0.0007721781730651855
1746728696590222800,38.48622290039062,-0.2130544754118551,-0.004005894530564547,-0.09907886927585337,0.00534482765942812,-0.054749565331453,0.987984197688619,-0.13199979950947677,left,-0.0008233189582824707,-0.19837959620349085,-2.0329108720980584,-9.396931134989858,-0.10522942452009047,0.000967318017501384,-0.001134827733039856,1.9327049693748353,0.0008626878261566162
1746728696630222800,38.52622290039063,-0.2130544754118551,-0.00573603343218565,-0.09907886927585337,0.009053331799805164,-0.054749565331453,0.987984197688619,-0.13199979950947677,left,-0.00045484304428100586,-0.19837959620349085,-2.0329108720980584,-9.396931134989858,-0.10522942452009047,0.001147046685218811,-0.00024110078811645508,1.9327049693748353,0.0009531974792480469
1746728696670222800,38.56622290039063,-0.21275439565281895,-0.00521462969481945,-0.09891223362248366,0.006971536669880152,-0.05498730003523267,0.987992520852636,-0.13243557365809777,left,-0.00014442205429077148,-0.19826032716051098,-2.030139653819054,-9.39776583224833,-0.10518392840240597,-0.0003058812581002712,0.000566437840461731,1.9315582835577427,0.000979393720626831
1746728696710222800,38.60622290039063,-0.21275439565281895,-0.004063233267515898,-0.09891223362248366,0.0021903933957219124,-0.05498730003523267,0.987992520852636,-0.13243557365809777,left,0.00011026859283447266,-0.19826032716051098,-2.030139653819054,-9.39776583224833,-0.10518392840240597,0.001198997488245368,0.0006029754877090454,1.9315582835577427,0.0012465715408325195
1746728696750222800,38.646222900390626,-0.21275439565281895,-0.002911836840212345,-0.09891223362248366,-0.0025907503440976143,-0.05498730003523267,0.987992520852636,-0.13243557365809777,left,0.0003649592399597168,-0.19826032716051098,-2.030139653819054,-9.39776583224833,-0.10518392840240597,0.0027038762345910072,0.0006395131349563599,1.9315582835577427,0.0015137642621994019
1746728696790222800,38.686222900390625,-0.2129773248424302,-0.0009451804216951132,-0.09901596862252139,-0.005823001265525818,-0.05512364838370063,0.9879835772021307,-0.13271116812674907,left,0.00041979551315307617,-0.19804737070367023,-2.032321527902782,-9.397714978843927,-0.10509865458756296,0.00377581175416708,0.0001529008150100708,1.9295107033781707,0.001338168978691101
1746728696830222800,38.726222900390624,-0.2129773248424302,0.0010214759968221188,-0.09901596862252139,-0.009055252186954021,-0.05512364838370063,0.9879835772021307,-0.13271116812674907,left,0.00047981739044189453,-0.19804737070367023,-2.032321527902782,-9.397714978843927,-0.10509865458756296,0.004847747273743153,-0.0005562007427215576,1.9295107033781707,0.0009537786245346069
1746728696870222800,38.76622290039062,-0.21326624537331698,0.0003185669775120914,-0.0991636020792636,-0.00666182953864336,-0.055170803957861204,0.987978577226139,-0.13280759518972604,left,0.00008624792098999023,-0.1977852076954245,-2.035143599586189,-9.397621455341577,-0.10498207019378056,0.0037481519393622875,-0.00040630996227264404,1.9269899527288972,0.00039727985858917236
1746728696910222800,38.80622290039062,-0.21326624537331698,-0.0003843421000055969,-0.0991636020792636,-0.004268406890332699,-0.055170803957861204,0.987978577226139,-0.13280759518972604,left,-0.00029784440994262695,-0.1977852076954245,-2.035143599586189,-9.397621455341577,-0.10498207019378056,0.0026485566049814224,-0.0005441904067993164,1.9269899527288972,-0.0004162639379501343
1746728696950222800,38.84622290039062,-0.2134612691823696,-0.0016429256647825241,-0.09925871523877432,-0.003333472879603505,-0.05529566363519508,0.9879757844866577,-0.13304723803498025,left,0.0011389851570129395,-0.19748747789201557,-2.0370978023938835,-9.3977845369488,-0.10485247901824671,0.0018142994958907366,-0.0008829981088638306,1.9241271106436848,-0.00010210275650024414
1746728696990222800,38.88622290039063,-0.2134612691823696,-0.002901509404182434,-0.09925871523877432,-0.0023985388688743114,-0.05529566363519508,0.9879757844866577,-0.13304723803498025,left,0.002559185028076172,-0.19748747789201557,-2.0370978023938835,-9.3977845369488,-0.10485247901824671,0.0009800425032153726,-0.0014210641384124756,1.9241271106436848,-0.00007987022399902344
1746728697030222800,38.92622290039063,-0.2138494690540269,-0.003188524628058076,-0.0994514337272738,0.001474559772759676,-0.05544855250658975,0.9879680233281387,-0.13334808591132852,left,-0.0033215880393981934,-0.1970495650245643,-2.040924521075189,-9.397815516608953,-0.1046621544286904,0.0038068266585469246,-0.00032645463943481445,1.9199159226894378,-0.0012781471014022827
1746728697070222800,38.966222900390626,-0.21361958251583646,-0.0037769703194499016,-0.09932075350630613,-0.0002956242533400655,-0.05553188668419977,0.9879649452572044,-0.13351705462266744,left,-0.0020841360092163086,-0.19726605389935564,-2.0386758653655646,-9.39787806045115,-0.10477096435125319,-0.0026010535657405853,0.00040765106678009033,1.921997843530029,-0.0010507255792617798
1746728697110222800,39.006222900390625,-0.21361958251583646,-0.004365416243672371,-0.09932075350630613,-0.0020658080466091633,-0.05553188668419977,0.9879649452572044,-0.13351705462266744,left,-0.0008530020713806152,-0.19726605389935564,-2.0386758653655646,-9.39787806045115,-0.10477096435125319,-0.00900893285870552,0.0013710707426071167,1.921997843530029,-0.0006110221147537231
1746728697150222800,39.046222900390624,-0.21335342194529128,0.0007117488421499729,-0.09916366460302717,-0.003567588049918413,-0.05562102429398953,0.9879545866417363,-0.13371457194042072,left,0.0016270279884338379,-0.19766467203212099,-2.0360120529837906,-9.39767055518031,-0.10496999874253497,-0.005685277748852968,0.0005419403314590454,1.925830991952121,0.0020023882389068604
1746728697190222800,39.086222900390624,-0.21345892758598592,0.002861935645341873,-0.09923262392672004,-0.005089615471661091,-0.05543719546767571,0.987957022498857,-0.13335905259812872,left,0.0003718137741088867,-0.197712292989365,-2.0369841128863393,-9.397366019275784,-0.10497878941428267,-0.0015005944296717644,0.0003893822431564331,1.9262889648526906,0.0010593235492706299
1746728697230222600,39.12622265625,-0.21345892758598592,0.005012122448533773,-0.09923262392672004,-0.006611643359065056,-0.05543719546767571,0.987957022498857,-0.13335905259812872,left,-0.0008524656295776367,-0.197712292989365,-2.0369841128863393,-9.397366019275784,-0.10497878941428267,0.0026840888895094395,0.00013768672943115234,1.9262889648526906,0.00016297399997711182
1746728697270222800,39.16622290039062,-0.21373744511999085,-0.00007642293348908424,-0.09937300477974162,-0.0011595683172345161,-0.055360342617384505,0.9879425176181852,-0.13324289049014904,left,-0.002661764621734619,-0.1977985828780324,-2.0395660922035574,-9.396635951435565,-0.10502329805420259,0.002688128501176834,0.0004881173372268677,1.9271186936751006,0.0002266615629196167
1746728697310222800,39.20622290039063,-0.21373744511999085,-0.005164967849850655,-0.09937300477974162,0.0042925067245960236,-0.055360342617384505,0.9879425176181852,-0.13324289049014904,left,-0.004396557807922363,-0.1977985828780324,-2.0395660922035574,-9.396635951435565,-0.10502329805420259,0.0026921683456748724,0.0005752593278884888,1.9271186936751006,0.0003749430179595947
1746728697350222800,39.24622290039063,-0.21373744511999085,-0.0038870840799063444,-0.09937300477974162,0.006083643063902855,-0.055360342617384505,0.9879425176181852,-0.13324289049014904,left,-0.0012691020965576172,-0.1977985828780324,-2.0395660922035574,-9.396635951435565,-0.10502329805420259,0.0028742612339556217,-0.0011881738901138306,1.9271186936751006,0.0011146515607833862
1746728697390222800,39.28622290039063,-0.21373744511999085,-0.005573206581175327,-0.09937300477974162,0.006973770912736654,-0.055360342617384505,0.9879425176181852,-0.13324289049014904,left,-0.0013164281845092773,-0.1977985828780324,-2.0395660922035574,-9.396635951435565,-0.10502329805420259,0.0019621453247964382,-0.000015541911125183105,1.9271186936751006,0.0009575784206390381
1746728697430222800,39.326222900390626,-0.21373744511999085,-0.007259329315274954,-0.09937300477974162,0.007863898761570454,-0.055360342617384505,0.9879425176181852,-0.13324289049014904,left,-0.0013637542724609375,-0.1977985828780324,-2.0395660922035574,-9.396635951435565,-0.10502329805420259,0.0010500294156372547,0.0011571049690246582,1.9271186936751006,0.0008005201816558838
1746728697470222600,39.36622265625,-0.2133428570215959,-0.00591118261218071,-0.0991647341960123,0.006431251298636198,-0.05554353498669017,0.9879572644472002,-0.13356173478174438,left,-0.001074671745300293,-0.19771004118140828,-2.0358942718230186,-9.397606842294335,-0.10498451045575384,-0.00012645777314901352,0.0011849403381347656,1.9262671914122997,0.0006336420774459839
1746728697510222800,39.406222900390624,-0.21294828175480154,-0.004563035909086466,-0.09895646396107209,0.0049986038357019424,-0.05572672735599591,0.9879720112762155,-0.13388063039793477,left,-0.00078582763671875,-0.1976216537042088,-2.032222013051063,-9.398575979587434,-0.10494572254878187,-0.00130294484551996,0.0012127310037612915,1.9254172965846954,0.00046660006046295166
1746728697550222800,39.44622290039062,-0.21294828175480154,-0.0043168505653738976,-0.09895646396107209,0.00019042054191231728,-0.05572672735599591,0.9879720112762155,-0.13388063039793477,left,0.0007437467575073242,-0.1976216537042088,-2.032222013051063,-9.398575979587434,-0.10494572254878187,-0.0009766651783138514,0.0012421756982803345,1.9254172965846954,0.0004976242780685425
1746728697590222800,39.48622290039062,-0.21294828175480154,-0.004263357259333134,-0.09895646396107209,-0.004105252679437399,-0.05572672735599591,0.9879720112762155,-0.13388063039793477,left,0.000345766544342041,-0.1976216537042088,-2.032222013051063,-9.398575979587434,-0.10494572254878187,0.0029162256978452206,0.0006463974714279175,1.9254172965846954,0.00026963651180267334
1746728697630222800,39.52622290039063,-0.21294828175480154,-0.0026294828858226538,-0.09895646396107209,-0.005006338004022837,-0.05572672735599591,0.9879720112762155,-0.13388063039793477,left,-0.0001933574676513672,-0.1976216537042088,-2.032222013051063,-9.398575979587434,-0.10494572254878187,0.005969257093966007,0.0003304332494735718,1.9254172965846954,0.00032064318656921387
1746728697670222800,39.56622290039063,-0.21294828175480154,-0.0009065500926226377,-0.09895646396107209,-0.003000947181135416,-0.05572672735599591,0.9879720112762155,-0.13388063039793477,left,-0.000819861888885498,-0.1976216537042088,-2.032222013051063,-9.398575979587434,-0.10494572254878187,0.004744685720652342,0.00024215877056121826,1.9254172965846954,0.0005012303590774536
1746728697825316900,39.72131689453125,-0.21345870938257328,-0.0019842558540403843,-0.09920540723047179,0.0024631861597299576,-0.05595911268088226,0.9879584935455954,-0.1343429981241903,left,0,-0.1970738711699724,-2.0372420331701635,-9.3985666272372,-0.10471268670108974,-0.0030114660039544106,0,1.9201497314453124,0
1746728697865181000,39.76118090820312,-0.21340227533394182,-0.011406422592699528,-0.09915462358425173,0.007117385044693947,-0.05611903275119185,0.9879455723880497,-0.1346767804807866,left,-0.0025746349710971117,-0.19721480928233,-2.0366542964100836,-9.398416989633441,-0.10479717726658164,-0.008197052404284477,0.00045900867553427815,1.921505091577023,-0.00306153972633183
1746728697905181200,39.80118115234375,-0.21340227533394182,0.0031271474435925484,-0.09915462358425173,0.0173869077116251,-0.05611903275119185,0.9879455723880497,-0.1346767804807866,left,-0.008258044719696045,-0.19721480928233,-2.0366542964100836,-9.398416989633441,-0.10479717726658164,-0.006195858120918274,0.0011220574378967285,1.921505091577023,0.0006112158298492432
1746728697945181200,39.84118115234375,-0.21286665364970045,0.009614460170269012,-0.09888211020405299,0.0040991827845573425,-0.056004549514798045,0.9879550767894794,-0.13444707530401828,left,-0.0006826519966125488,-0.19773369134313565,-2.0314092353634536,-9.398530971401929,-0.10502673151759721,-0.007020868360996246,-0.00018736720085144043,1.9264947165578603,-0.0001834779977798462
1746728697985181200,39.88118115234375,-0.21296613825494884,0.008631275035440922,-0.09892839985604694,-0.002394153270870447,-0.055892022936977905,0.9879406881642648,-0.13426630249045204,left,0.0001805424690246582,-0.19805483856678116,-2.03221339135319,-9.397723162150383,-0.10517897871691209,-0.003960741218179464,-0.0003164708614349365,1.929582599570602,0.0006732940673828125
1746728698025181000,39.92118090820313,-0.21296613825494884,0.007648089434951544,-0.09892839985604694,-0.008887489326298237,-0.055892022936977905,0.9879406881642648,-0.13426630249045204,left,0.0011260509490966797,-0.19805483856678116,-2.03221339135319,-9.397723162150383,-0.10517897871691209,-0.0009006140753626823,-0.0005275756120681763,1.929582599570602,0.0018449574708938599
1746728698065181000,39.961180908203126,-0.2132705265713195,0.0065543921664357185,-0.09909397221391958,-0.008238825015723705,-0.055692934159397814,0.9879311377100538,-0.13390664840806443,left,-0.0005017518997192383,-0.1981515414488834,-2.035034293992817,-9.396921782639621,-0.10521737810382181,-0.0009287663269788027,-0.0007155239582061768,1.9305122816361486,0.0015932917594909668
1746728698105181000,40.001180908203125,-0.21357495580623115,0.005460694432258606,-0.09925955479332577,-0.007590160705149174,-0.05549385053585467,0.9879216713918231,-0.1335470609976933,left,-0.0021296143531799316,-0.1982484169374243,-2.0378551966324445,-9.396119234085083,-0.10525578834345654,-0.000956918578594923,-0.0009034574031829834,1.9314437172673642,0.0013414472341537476
1746728698263784400,40.15978442382813,-0.21313112590777203,-0.005758038721978664,-0.0989716376523858,0.005578733514994383,-0.05584556427871762,0.9878881338480806,-0.13429793369462678,left,0.001209496520459652,-0.19900676363675054,-2.03337439795658,-9.395588488209247,-0.10565470013672436,0.0007566750282421708,-0.0006867378833703697,1.938734458797425,0.0016834131674841046
1746728698423242200,40.3192421875,-0.2123710576464012,-0.01226554811000824,-0.0986066432603499,0.003317860886454582,-0.05618388486140004,0.9879551119515291,-0.13479396137588934,left,0.0003130082623101771,-0.19805640745074768,-2.0266199552603066,-9.398927861765026,-0.10518914914392632,0.0031952261924743652,0.002266000024974346,1.9295976510092614,0.0006995105068199337
1746728698463106600,40.3591064453125,-0.21253266606306292,-0.004530151840299368,-0.09868031904606385,-0.009964392520487309,-0.05633629990752598,0.9879499556019454,-0.13509181253436797,left,0.002205073833465576,-0.19781011224096565,-2.028238934764266,-9.399064639887213,-0.1050868959802958,0.003701754380017519,0.0016931267455220222,1.9272294605731963,0.003071987070143223
1746728698503106600,40.3991064453125,-0.2128296204828224,0.0034651742316782475,-0.09885565507277404,-0.008536058478057384,-0.05610768323121817,0.9879539949875574,-0.13464530035901884,left,0.0004139542579650879,-0.19767532597357365,-2.0310848257146774,-9.39871568031907,-0.10500670341324202,0.005957030225545168,0.0007294118404388428,1.9259334294132888,0.00083942711353302
1746728698543106600,40.4391064453125,-0.2128296204828224,-0.0013462402857840061,-0.09885565507277404,-0.0049827126786112785,-0.05610768323121817,0.9879539949875574,-0.13464530035901884,left,0.00006651878356933594,-0.19767532597357365,-2.0310848257146774,-9.39871568031907,-0.10500670341324202,0.0048158057034015656,0.0003234446048736572,1.9259334294132888,0.0002936422824859619
1746728698583106600,40.4791064453125,-0.2128296204828224,-0.006157655268907547,-0.09885565507277404,-0.0014293664135038853,-0.05610768323121817,0.9879539949875574,-0.13464530035901884,left,-0.0002808570861816406,-0.19767532597357365,-2.0310848257146774,-9.39871568031907,-0.10500670341324202,0.003674581181257963,-0.00008252263069152832,1.9259334294132888,-0.0002521425485610962
1746728698623106600,40.5191064453125,-0.2128296204828224,-0.005799172446131706,-0.09885565507277404,0.0017966926097869873,-0.05610768323121817,0.9879539949875574,-0.13464530035901884,left,-0.0005542635917663574,-0.19767532597357365,-2.0310848257146774,-9.39871568031907,-0.10500670341324202,0.003125449176877737,-0.0004966706037521362,1.9259334294132888,0.00020885467529296875
1746728698663106600,40.5591064453125,-0.2128296204828224,-0.003870396176353097,-0.09885565507277404,0.0034568875562399626,-0.05610768323121817,0.9879539949875574,-0.13464530035901884,left,-0.0006664395332336426,-0.19767532597357365,-2.0310848257146774,-9.39871568031907,-0.10500670341324202,0.00046705245040357113,-0.000064849853515625,1.9259334294132888,0.00020019710063934326
1746728698703106600,40.5991064453125,-0.2128296204828224,-0.00429900037124753,-0.09885565507277404,0.00023566861636936665,-0.05610768323121817,0.9879539949875574,-0.13464530035901884,left,0.0004837512969970703,-0.19767532597357365,-2.0310848257146774,-9.39871568031907,-0.10500670341324202,-0.0019642936531454325,0.0005990117788314819,1.9259334294132888,-0.0009630769491195679
1746728698743106600,40.6391064453125,-0.2128296204828224,0.0003241966478526592,-0.09885565507277404,0.002117535099387169,-0.05610768323121817,0.9879539949875574,-0.13464530035901884,left,-0.0026001930236816406,-0.19767532597357365,-2.0310848257146774,-9.39871568031907,-0.10500670341324202,0.0016192926559597254,0.0009833574295043945,1.9259334294132888,-0.0011753439903259277
1746728698783106600,40.6791064453125,-0.2128296204828224,0.0049473936669528484,-0.09885565507277404,0.003999401815235615,-0.05610768323121817,0.9879539949875574,-0.13464530035901884,left,-0.0056841373443603516,-0.19767532597357365,-2.0310848257146774,-9.39871568031907,-0.10500670341324202,0.005202879197895527,0.0013677030801773071,1.9259334294132888,-0.0013876110315322876
1746728698823106600,40.7191064453125,-0.21233364961676282,0.006719610653817654,-0.09861330598887386,0.011384470388293266,-0.05611576118303507,0.9879803980172077,-0.13460703695111084,left,-0.0014091134071350098,-0.1976584428646145,-2.0264299856461583,-9.399753791195154,-0.10498256252648537,-0.003507722169160843,0.000459820032119751,1.9257710784584283,-0.0006131976842880249
1746728698863106600,40.7591064453125,-0.21233364961676282,0.005117964465171099,-0.09861330598887386,0.004937703255563974,-0.05611576118303507,0.9879803980172077,-0.13460703695111084,left,0.00010055303573608398,-0.1976584428646145,-2.0264299856461583,-9.399753791195154,-0.10498256252648537,-0.0018963925540447235,-0.00041547417640686035,1.9257710784584283,0.001270979642868042
1746728698903106600,40.7991064453125,-0.21233364961676282,0.0035163182765245438,-0.09861330598887386,-0.0015090634115040302,-0.05611576118303507,0.9879803980172077,-0.13460703695111084,left,0.0016102194786071777,-0.1976584428646145,-2.0264299856461583,-9.399753791195154,-0.10498256252648537,-0.00028506305534392595,-0.0012907683849334717,1.9257710784584283,0.003155156970024109
1746728698943106300,40.83910620117187,-0.21233364961676282,0.00609444547444582,-0.09861330598887386,-0.005056755617260933,-0.05611576118303507,0.9879803980172077,-0.13460703695111084,left,0.0018134117126464844,-0.1976584428646145,-2.0264299856461583,-9.399753791195154,-0.10498256252648537,0.008329394273459911,-0.0010631680488586426,1.9257710784584283,0.0028977692127227783
1746728698983106600,40.8791064453125,-0.21273343199031167,0.004521896596997976,-0.0988144893724777,-0.009572818875312805,-0.0559768756707729,0.9879575743400073,-0.13439093200385283,left,0.001786351203918457,-0.19785756355727158,-2.030106628332287,-9.398567796280979,-0.1050813335837042,0.0005157487466931343,-0.001503095030784607,1.9276856799080966,0.0019353628158569336
1746728699023106600,40.9191064453125,-0.21313325743896183,0.0029493472538888454,-0.09901568297761508,-0.014088882133364677,-0.055837995312547725,0.9879348347987875,-0.13417494374282307,left,0.0017591118812561035,-0.19805683471398836,-2.0337829787574706,-9.397380047801136,-0.10518011549364806,-0.007297897711396217,-0.0019430369138717651,1.9296017426624894,0.0009728372097015381
1746728699063106600,40.9591064453125,-0.2136118586003231,0.00461655342951417,-0.09924477996394705,-0.005380098707973957,-0.055726319642357906,0.9878978032149821,-0.13404220073096196,left,-0.002024233341217041,-0.198429272854923,-2.0381278760939834,-9.395702469977737,-0.1053705966133985,-0.005741842556744814,-0.0009848624467849731,1.9331825237587092,0.0004903227090835571
1746728699103106600,40.9991064453125,-0.2136118586003231,0.004506838973611593,-0.09924477996394705,-0.0021480137947946787,-0.055726319642357906,0.9878978032149821,-0.13404220073096196,left,-0.0006623268127441406,-0.198429272854923,-2.0381278760939834,-9.395702469977737,-0.1053705966133985,-0.0019459740724414587,-0.001148611307144165,1.9331825237587092,0.0002859383821487427
1746728699143106600,41.0391064453125,-0.2136118586003231,0.00024207355454564095,-0.09924477996394705,0.0019140320364385843,-0.055726319642357906,0.9878978032149821,-0.13404220073096196,left,-0.0009173154830932617,-0.198429272854923,-2.0381278760939834,-9.395702469977737,-0.1053705966133985,0.0014485821593552828,-0.00023730099201202393,1.9331825237587092,-0.0006340891122817993
1746728699183106300,41.079106201171875,-0.2134307100666883,-0.001444852794520557,-0.09915632132637417,0.002947798930108547,-0.055766705397337274,0.9879098127150707,-0.13409359686529412,left,-0.001068711280822754,-0.1983321487296595,-2.0364656419701874,-9.39625484316349,-0.10532018711888576,0.00036914320662617683,0.0000639110803604126,1.932248750039935,0.000005334615707397461
1746728699223106600,41.1191064453125,-0.2134307100666883,-0.003131778910756111,-0.09915632132637417,0.003981566056609154,-0.055766705397337274,0.9879098127150707,-0.13409359686529412,left,-0.0012764930725097656,-0.1983321487296595,-2.0364656419701874,-9.39625484316349,-0.10532018711888576,-0.0007102957461029291,0.0005346238613128662,1.932248750039935,0.00054951012134552
1746728699263106600,41.1591064453125,-0.2131144107168975,-0.003949728328734636,-0.09899226194053735,0.0031246887519955635,-0.05588944160871923,0.9879233647923569,-0.13429942778009166,left,-0.0012399554252624512,-0.19825354472452816,-2.0335256429955364,-9.397046870324015,-0.10528277705498484,-0.0016852740664035082,0.0010661929845809937,1.9314931093670427,0.0007500499486923218
1746728699303106600,41.1991064453125,-0.2131144107168975,-0.003064668271690607,-0.09899226194053735,0.002480858936905861,-0.05588944160871923,0.9879233647923569,-0.13429942778009166,left,-0.0007271766662597656,-0.19825354472452816,-2.0335256429955364,-9.397046870324015,-0.10528277705498484,-0.0008878851658664644,0.0014163404703140259,1.9314931093670427,0.0002926439046859741
1746728699343106600,41.2391064453125,-0.2131144107168975,-0.002179607981815934,-0.09899226194053735,0.0018370288889855146,-0.05588944160871923,0.9879233647923569,-0.13429942778009166,left,-0.00021439790725708008,-0.19825354472452816,-2.0335256429955364,-9.397046870324015,-0.10528277705498484,-0.00009049632353708148,0.001766487956047058,1.9314931093670427,-0.0001647472381591797
1746728699383106600,41.2791064453125,-0.2131144107168975,-0.00837656483054161,-0.09899226194053735,-0.007965252734720707,-0.05588944160871923,0.9879233647923569,-0.13429942778009166,left,0.0003389716148376465,-0.19825354472452816,-2.0335256429955364,-9.397046870324015,-0.10528277705498484,0.001508988905698061,0.0011062175035476685,1.9314931093670427,-0.000581890344619751
1746728699539537400,41.43553735351563,-0.214228636662697,0.0034624997060745955,-0.09953276028275285,-0.002504974603652954,-0.0560540960168149,0.987870545747008,-0.13471587396040385,left,0,-0.19794104191337797,-2.044123024855554,-9.395364616325496,-0.10518049849896574,-0.005597075447440147,0,1.9284883745931087,0
1746728699699004000,41.59500390625,-0.21364272959626823,0.009457097388803959,-0.09923201482280532,-0.0030630386900156736,-0.05603504735783339,0.9878842537288983,-0.1346575043499737,left,0.0054536545649170876,-0.19831498108636716,-2.0384647068329156,-9.395855614712834,-0.10534562087152545,-0.021403897553682327,-0.0008373461896553636,1.932083768736571,0.0002721729688346386
1746728699858490000,41.754489990234376,-0.21503629421550954,-0.002121507888659835,-0.09995747965192896,-0.014458066783845425,-0.05528039695172546,0.9878141079625373,-0.13337002230215964,left,-0.00288074417039752,-0.19911637646418123,-2.0512254042066633,-9.391489820718764,-0.1057155491487319,-0.00029411609284579754,-0.000058728212025016546,1.939788059503585,0.0014792834408581257
1746728699898490400,41.79449047851563,-0.21543070815184842,0.003364135744050145,-0.10016478676489539,-0.003669450059533119,-0.05519784361161691,0.9878044282193444,-0.13322980148275648,left,-0.002694368362426758,-0.19898306385040382,-2.0549847567401827,-9.390932771357893,-0.1056536686891204,0.0023739109747111797,-0.0009190738201141357,1.9385064952604472,0.0021312683820724487
1746728699938490400,41.834490478515626,-0.21543070815184842,0.004197401460260153,-0.10016478676489539,-0.003301729680970311,-0.05519784361161691,0.9878044282193444,-0.13322980148275648,left,-0.0010510683059692383,-0.19898306385040382,-2.0549847567401827,-9.390932771357893,-0.1056536686891204,0.003402944654226303,-0.001072719693183899,1.9385064952604472,0.0014527440071105957
1746728699978490400,41.874490478515625,-0.21543070815184842,-0.0009629069827497005,-0.10016478676489539,0.0030966477934271097,-0.05519784361161691,0.9878044282193444,-0.13322980148275648,left,-0.0012153983116149902,-0.19898306385040382,-2.0549847567401827,-9.390932771357893,-0.1056536686891204,0.003968607634305954,-0.0006103515625,1.9385064952604472,0.0006880462169647217
1746728700018490400,41.914490478515624,-0.21543070815184842,-0.006123215425759554,-0.10016478676489539,0.009495025500655174,-0.05519784361161691,0.9878044282193444,-0.13322980148275648,left,-0.0013797283172607422,-0.19898306385040382,-2.0549847567401827,-9.390932771357893,-0.1056536686891204,0.004534270614385605,-0.00014799833297729492,1.9385064952604472,-0.00007665157318115234
1746728700058490400,41.95449047851562,-0.21543070815184842,-0.00847524031996727,-0.10016478676489539,0.009000793099403381,-0.05519784361161691,0.9878044282193444,-0.13322980148275648,left,-0.0007420182228088379,-0.19898306385040382,-2.0549847567401827,-9.390932771357893,-0.1056536686891204,0.0003933594562113285,0.000628158450126648,1.9385064952604472,-0.0006064772605895996
1746728700098490000,41.99448999023438,-0.21504101057309555,-0.009487384930253029,-0.09997179561866736,0.005795927718281746,-0.05537109978602868,0.9878327470546815,-0.13349808978422467,left,-0.00028693675994873047,-0.19862666303149945,-2.0514722185745833,-9.392406935563683,-0.10548054788018701,-0.0016188789159059525,0.0009941905736923218,1.9350803202040492,0.00020866096019744873
1746728700376764400,42.27276440429687,-0.21567787269283722,-0.0010642033303156495,-0.10034685849432534,-0.009849200025200844,-0.05542318484031089,0.9878723733822709,-0.1334912231744971,left,0.006288415752351284,-0.1970560036701508,-2.0581014274559912,-9.394055871814489,-0.10472316675636775,-0.0010211894987151027,-0.0006831460050307214,1.9199778820097446,-0.0019642168190330267
1746728700416631300,42.31263134765625,-0.21610115096373544,-0.00040369166526943445,-0.10056677432437733,0.017751488834619522,-0.055416793646070855,0.9878638552318596,-0.13349067206253715,left,-0.012120255269110203,-0.19677352014588184,-2.062193665205687,-9.393713341987132,-0.10459554339833259,0.012252124957740307,0.001487298752181232,1.9172611703969538,-0.004847926553338766
1746728700576100600,42.4721005859375,-0.21568989441680245,0.014133249409496784,-0.10030818088248564,-0.006981298327445984,-0.05507101942125575,0.9878013452186111,-0.1329922337429698,left,-0.00031128351110965014,-0.1989089820027885,-2.057449393288046,-9.390539972648025,-0.10561237391362847,0.007778379134833813,-0.0018289341824129224,1.9377944014683364,0.0006105729262344539
1746728700615967500,42.511967529296875,-0.2157947681461048,0.0006225670222193003,-0.10038962345852645,-0.0012211458524689078,-0.05485078750521009,0.9878154274316341,-0.13254013346548113,left,-0.002882468979805708,-0.1987574006988318,-2.058497002644837,-9.390610699796676,-0.10551781319911442,0.0036578683648258448,-0.0004957939963787794,1.936337188397348,0.00016919997869990766
1746728700655967500,42.551967529296874,-0.21570819736555177,-0.001967949327081442,-0.10033236169470001,0.0005921260453760624,-0.055008115169724446,0.9878132637660543,-0.1328447121858211,left,-0.0014618635177612305,-0.1987163855390496,-2.057701029961556,-9.39086672038436,-0.10551049256929901,0.002611419651657343,-0.0002537965774536133,1.9359429283827543,0.0005735605955123901
1746728700695967500,42.59196752929687,-0.21570819736555177,-0.004558465909212828,-0.10033236169470001,0.0024053980596363544,-0.055008115169724446,0.9878132637660543,-0.1328447121858211,left,-0.0000673532485961914,-0.1987163855390496,-2.057701029961556,-9.39086672038436,-0.10551049256929901,0.0015649707056581974,0.00006936490535736084,1.9359429283827543,0.0009377151727676392
1746728700735967500,42.63196752929687,-0.21543856421104232,-0.006529565900564194,-0.10017755647048009,0.007890656590461731,-0.05524534317770829,0.9878167619976649,-0.13329054912916063,left,-0.00037616491317749023,-0.19866694711253835,-2.055189339401573,-9.39151437063813,-0.10550102461825707,0.0026888109277933836,0.00019715726375579834,1.9354675659559666,0.0007783621549606323
1746728700775967200,42.67196728515625,-0.21506982885334366,-0.006449244916439056,-0.0999790457490207,0.011303838342428207,-0.05544289696029004,0.9878281377445677,-0.13364434651450163,left,-0.0008729696273803711,-0.19860758730791753,-2.051750743255019,-9.392384139209986,-0.10547924755501661,0.0011925913859158754,0.0004236847162246704,1.93489692646116,0.0010121911764144897
1746728700934947600,42.83094750976562,-0.2141522045299826,-0.0021077096462249756,-0.09946553268543305,-0.003977399319410324,-0.05610094868318364,0.9878447470023708,-0.1348663217534243,left,0.000995577429421246,-0.19849948056217354,-2.0431756610028446,-9.394467375224828,-0.10546126851454123,0.0032024099491536617,0.002379864454269409,1.9338576465412973,0.0013885737862437963
1746728700974815700,42.870815673828126,-0.2142779665005084,0.0022920898627489805,-0.09954106194626693,-0.0056939260102808475,-0.0560241411020229,0.9878489031720105,-0.13470908931233508,left,-0.000680844415910542,-0.19836679617619132,-2.0444116325385866,-9.394460945484042,-0.1053915342693784,0.003966268617659807,0.00032320115133188665,1.9325819275170564,0.000621020095422864
1746728701014816000,42.91081591796875,-0.21452700261315943,0.0020838857162743807,-0.09967683307833719,-0.005285539664328098,-0.05586200877416228,0.9878415647650165,-0.1344154307742506,left,-0.0006808042526245117,-0.19843700206825882,-2.0467222475685176,-9.393818555927275,-0.10541849543016764,0.0027429729234427214,0.00032326579093933105,1.9332569041691718,0.0006210654973983765
1746728701054816000,42.95081591796875,-0.21477602252702677,0.001875681453384459,-0.09981260386161689,-0.004877153784036636,-0.05569987129226538,0.9878341422220424,-0.13412177840504,left,-0.0006808042526245117,-0.19850728157147682,-2.0490324242070317,-9.39317616637051,-0.10544545689948395,0.0015196771128103137,0.0003232806921005249,1.9339326114736497,0.0006210654973983765
1746728701094816000,42.99081591796875,-0.21477602252702677,-0.00044249987695366144,-0.09981260386161689,-0.003809703513979912,-0.05569987129226538,0.9878341422220424,-0.13412177840504,left,0.00030988454818725586,-0.19850728157147682,-2.0490324242070317,-9.39317616637051,-0.10544545689948395,0.0005255903815850616,-0.0008233189582824707,1.9339326114736497,-0.00017374753952026367
1746728701134816000,43.03081591796875,-0.21477602252702677,-0.0049712094478309155,-0.09981260386161689,-0.0008636678103357553,-0.05569987129226538,0.9878341422220424,-0.13412177840504,left,-0.0015927553176879883,-0.19850728157147682,-2.0490324242070317,-9.39317616637051,-0.10544545689948395,-0.0027942988090217113,-0.0007936358451843262,1.9339326114736497,0.00023823976516723633
1746728701174816000,43.07081591796875,-0.21526259158951927,-0.001839126693084836,-0.10004705915267109,-0.006953216157853603,-0.05576262399492107,0.9878087206750548,-0.13429158526941076,left,-0.0009455680847167969,-0.19842714222684502,-2.0536358263492582,-9.392329194152355,-0.10542797865443358,0.0005453075282275677,-0.0013164132833480835,1.9331620654925703,0.0004262477159500122
1746728701214815700,43.11081567382813,-0.21526259158951927,0.0018345052376389503,-0.10004705915267109,0.01677868142724037,-0.05576262399492107,0.9878087206750548,-0.13429158526941076,left,-0.004395127296447754,-0.19842714222684502,-2.0536358263492582,-9.392329194152355,-0.10542797865443358,-0.002943767234683037,-0.000035509467124938965,1.9331620654925703,0.0010642409324645996
1746728701254816000,43.15081591796875,-0.21477371353598615,-0.0028686202131211758,-0.09980234100904947,0.005405285395681858,-0.055777839575563495,0.987828943751468,-0.13428148168188034,left,0.0006728768348693848,-0.19852558548269997,-2.049003198112547,-9.393146355754137,-0.10546239317800238,-0.0038824640214443207,-0.00019988417625427246,1.9341085525624453,-0.00015547871589660645
1746728701294816000,43.19081591796875,-0.21477371353598615,0.002403589431196451,-0.09980234100904947,0.002532403450459242,-0.055777839575563495,0.987828943751468,-0.13428148168188034,left,0.0008835792541503906,-0.19852558548269997,-2.049003198112547,-9.393146355754137,-0.10546239317800238,0.0005599185824394226,0.0002896338701248169,1.9341085525624453,0.0011827200651168823
1746728701334816000,43.23081591796875,-0.21477371353598615,0.007675800006836653,-0.09980234100904947,-0.00034047896042466164,-0.055777839575563495,0.987828943751468,-0.13428148168188034,left,0.001094222068786621,-0.19852558548269997,-2.049003198112547,-9.393146355754137,-0.10546239317800238,0.005002301186323166,0.0007791519165039062,1.9341085525624453,0.002520918846130371
1746728701374816000,43.27081591796875,-0.21477371353598615,0.010268732905387878,-0.09980234100904947,-0.004423612263053656,-0.055777839575563495,0.987828943751468,-0.13428148168188034,left,0.0011034607887268066,-0.19852558548269997,-2.049003198112547,-9.393146355754137,-0.10546239317800238,0.006299884058535099,-0.0003880411386489868,1.9341085525624453,0.0005541890859603882
1746728701414816000,43.31081591796875,-0.21477371353598615,0.0056627057492733,-0.09980234100904947,-0.003446887480095029,-0.055777839575563495,0.987828943751468,-0.13428148168188034,left,-0.0010243058204650879,-0.19852558548269997,-2.049003198112547,-9.393146355754137,-0.10546239317800238,0.002778740134090185,-0.000010922551155090332,1.9341085525624453,-0.00030037760734558105
1746728701454815700,43.35081567382812,-0.21477371353598615,0.001056678593158722,-0.09980234100904947,-0.002470162697136402,-0.055777839575563495,0.987828943751468,-0.13428148168188034,left,-0.003152012825012207,-0.19852558548269997,-2.049003198112547,-9.393146355754137,-0.10546239317800238,-0.0007424037903547287,0.0003661811351776123,1.9341085525624453,-0.0011549443006515503
1746728701494815700,43.39081567382812,-0.21477371353598615,-0.0011946081649512053,-0.09980234100904947,0.002030982170253992,-0.055777839575563495,0.987828943751468,-0.13428148168188034,left,-0.0012531876564025879,-0.19852558548269997,-2.049003198112547,-9.393146355754137,-0.10546239317800238,-0.001125464797951281,-0.00035390257835388184,1.9341085525624453,-0.0001070946455001831
1746728701534816000,43.43081591796875,-0.21477371353598615,-0.000893753080163151,-0.09980234100904947,0.0024380229879170656,-0.055777839575563495,0.987828943751468,-0.13428148168188034,left,-0.0010704398155212402,-0.19852558548269997,-2.049003198112547,-9.393146355754137,-0.10546239317800238,-0.001067564357072115,-0.0002569258213043213,1.9341085525624453,-0.0003408193588256836
1746728701574816000,43.47081591796875,-0.21477371353598615,-0.0005928979953750968,-0.09980234100904947,0.002845063805580139,-0.055777839575563495,0.987828943751468,-0.13428148168188034,left,-0.0008876919746398926,-0.19852558548269997,-2.049003198112547,-9.393146355754137,-0.10546239317800238,-0.0010096640326082706,-0.00015994906425476074,1.9341085525624453,-0.0005745440721511841
1746728701614816000,43.51081591796875,-0.21477371353598615,-0.0007664908189326525,-0.09980234100904947,0.003671524114906788,-0.055777839575563495,0.987828943751468,-0.13428148168188034,left,-0.0010822415351867676,-0.19852558548269997,-2.049003198112547,-9.393146355754137,-0.10546239317800238,-0.00286285113543272,0.00040562450885772705,1.9341085525624453,-0.0011482089757919312
1746728701654816000,43.55081591796875,-0.21477371353598615,-0.003443880006670952,-0.09980234100904947,0.0015372552443295717,-0.055777839575563495,0.987828943751468,-0.13428148168188034,left,-0.0002974867820739746,-0.19852558548269997,-2.049003198112547,-9.393146355754137,-0.10546239317800238,-0.007393638603389263,0.0017885565757751465,1.9341085525624453,-0.0009048432111740112
1746728701694816000,43.59081591796875,-0.2146373602422109,-0.0030154474079608917,-0.09970841258788675,-0.000059129903092980385,-0.055897278049998174,0.9878134775601083,-0.1345461801204455,left,0.0005615353584289551,-0.19885289649318005,-2.0475874860957264,-9.392806164014338,-0.10563321162830701,-0.007922088727355003,0.0012086033821105957,1.9372551800251006,0.000949472188949585
1746728701734815700,43.630815673828124,-0.2146373602422109,0.0018419688567519188,-0.09970841258788675,-0.003543850965797901,-0.055897278049998174,0.9878134775601083,-0.1345461801204455,left,0.000517427921295166,-0.19885289649318005,-2.0475874860957264,-9.392806164014338,-0.10563321162830701,-0.0023268479853868484,-0.00011342763900756836,1.9372551800251006,0.0020276159048080444
1746728701774816000,43.67081591796875,-0.2146373602422109,0.0023992336355149746,-0.09970841258788675,-0.0039327749982476234,-0.055897278049998174,0.9878134775601083,-0.1345461801204455,left,0.00021523237228393555,-0.19885289649318005,-2.0475874860957264,-9.392806164014338,-0.10563321162830701,0.003278807271271944,-0.00036935508251190186,1.9372551800251006,0.0019629299640655518
1746728701814816000,43.71081591796875,-0.2146373602422109,0.0010906598763540387,-0.09970841258788675,-0.00523363146930933,-0.055897278049998174,0.9878134775601083,-0.1345461801204455,left,-0.00019115209579467773,-0.19885289649318005,-2.0475874860957264,-9.392806164014338,-0.10563321162830701,0.004801292438060045,-0.00023412704467773438,1.9372551800251006,0.0013131797313690186
1746728701854816000,43.75081591796875,-0.21502918887838426,0.0006821040879003704,-0.09991068261028815,-0.005554373376071453,-0.05577395623101204,0.9877972589003537,-0.13434412831361175,left,-0.00017267465591430664,-0.19890297103522747,-2.051247031516582,-9.391908338391781,-0.10565876562114344,0.0023484150879085064,-0.0005876123905181885,1.93773667993173,0.0007894933223724365
1746728701894816000,43.79081591796875,-0.2151990516365758,0.00044947260175831616,-0.10000641045594966,-0.0027522770687937737,-0.05569627796855236,0.9877975414025539,-0.1341934826600211,left,-0.00011342763900756836,-0.19880232939415532,-2.052883985068649,-9.391750517481565,-0.10560633762616463,0.0018430552445352077,-0.00038617849349975586,1.9367691500738262,0.0005188882350921631
1746728701934816000,43.83081591796875,-0.2151990516365758,0.00021684111561626196,-0.10000641045594966,0.00004981923848390579,-0.05569627796855236,0.9877975414025539,-0.1341934826600211,left,-0.00003808736801147461,-0.19880232939415532,-2.052883985068649,-9.391750517481565,-0.10560633762616463,0.001337695401161909,-0.00035168230533599854,1.9367691500738262,0.00014962255954742432
1746728701974815700,43.870815673828126,-0.2151990516365758,-0.000609687645919621,-0.10000641045594966,-0.0006962324259802699,-0.05569627796855236,0.9877975414025539,-0.1341934826600211,left,-0.000006020069122314453,-0.19880232939415532,-2.052883985068649,-9.391750517481565,-0.10560633762616463,0.0005198159487918019,-0.0003274381160736084,1.9367691500738262,-0.00003869831562042236
1746728702014816000,43.91081591796875,-0.2151990516365758,-0.0054494165815413,-0.10000641045594966,-0.0009472313104197383,-0.05569627796855236,0.9877975414025539,-0.1341934826600211,left,-0.000525355339050293,-0.19880232939415532,-2.052883985068649,-9.391750517481565,-0.10560633762616463,-0.00017127528553828597,0.0004528313875198364,1.9367691500738262,-0.001161426305770874
1746728702054816000,43.95081591796875,-0.2151990516365758,-0.002994365058839321,-0.10000641045594966,-0.011429297737777233,-0.05569627796855236,0.9877975414025539,-0.1341934826600211,left,0.004109442234039307,-0.19880232939415532,-2.052883985068649,-9.391750517481565,-0.10560633762616463,-0.0014911568723618984,-0.0007748156785964966,1.9367691500738262,-0.00034880638122558594
1746728702210715100,44.10671508789063,-0.2151313933273944,-0.005220544524490833,-0.09990348671925026,0.002128330059349537,-0.05572593269891428,0.9877260521774593,-0.1344177604271799,left,-0.002567735966295004,-0.20029818432854485,-2.05162770139724,-9.389048272785544,-0.10635337194173874,-0.015086932107806206,0.0022072717547416687,1.9511473656468092,0.0021787940058857203
1746728702250582300,44.14658227539063,-0.21533037249973017,0.011204794049263,-0.09998604259390645,-0.010546894744038582,-0.05569962976148399,0.9876978520081651,-0.13443062049955906,left,0.0037875808775424957,-0.20068759400067027,-2.053333482401818,-9.387897349184751,-0.10655158475681593,-0.003342284355312586,-0.0002716149901971221,1.9548896209150552,0.007365119643509388
1746728702290582500,44.18658251953125,-0.21566585473479716,0.006041898392140865,-0.10018675491022255,-0.014061430469155312,-0.05544277606174403,0.9877048456964918,-0.13392283370202565,left,0.002872943878173828,-0.20047983225039884,-2.0565696878440676,-9.387604503718018,-0.10643303007352897,-0.0015441887080669403,-0.0008624792098999023,1.9528930402703581,0.005128994584083557
1746728702330582300,44.226582275390626,-0.2160013596560215,0.0008790032006800175,-0.10038743656193799,-0.01757596619427204,-0.05518590689989325,0.9877115869768773,-0.13341495524981842,left,0.001958131790161133,-0.2002721725372135,-2.05980603941679,-9.387309904685615,-0.106314442832067,0.00025390705559402704,-0.0014533251523971558,1.9508973364084958,0.0028927773237228394
1746728702370582300,44.266582275390626,-0.2160013596560215,-0.0002418489893898368,-0.10038743656193799,-0.0028292005881667137,-0.05518590689989325,0.9877115869768773,-0.13341495524981842,left,-0.0015778541564941406,-0.2002721725372135,-2.05980603941679,-9.387309904685615,-0.106314442832067,0.00221135001629591,-0.0013768523931503296,1.9508973364084958,0.0017652958631515503
1746728702410582300,44.306582275390625,-0.21601808474504258,-0.003360284958034754,-0.10041452407099584,0.00015833345241844654,-0.05516832136536426,0.9877305679916537,-0.1333370450393524,left,-0.0012250542640686035,-0.1998888178171753,-2.060123142541945,-9.388004901212453,-0.1061219384551302,0.0026943229604512453,-0.0006461590528488159,1.9472129488073289,0.0008392035961151123
1746728702450582300,44.346582275390624,-0.21601808474504258,-0.006478720344603062,-0.10041452407099584,0.003145867493003607,-0.05516832136536426,0.9877305679916537,-0.1333370450393524,left,-0.0009431838989257812,-0.1998888178171753,-2.060123142541945,-9.388004901212453,-0.1061219384551302,0.0031772959046065807,0.00005218386650085449,1.9472129488073289,-0.0004625767469406128
1746728702490582300,44.38658227539062,-0.21601808474504258,-0.00471635302528739,-0.10041452407099584,0.004671572241932154,-0.05516832136536426,0.9877305679916537,-0.1333370450393524,left,-0.0010651350021362305,-0.1998888178171753,-2.060123142541945,-9.388004901212453,-0.1061219384551302,0.00023644301109015942,0.0007431358098983765,1.9472129488073289,-0.0012051165103912354
1746728702530582500,44.42658251953125,-0.21601808474504258,-0.002953985705971718,-0.10041452407099584,0.006197276990860701,-0.05516832136536426,0.9877305679916537,-0.1333370450393524,left,-0.0011870861053466797,-0.1998888178171753,-2.060123142541945,-9.388004901212453,-0.1061219384551302,-0.0027044096495956182,0.0014340877532958984,1.9472129488073289,-0.001947656273841858
1746728702570582300,44.46658227539063,-0.21558725953627883,-0.0017097715754061937,-0.10020117667309836,0.005610697902739048,-0.05529566492509864,0.9877579834882879,-0.13352110503244075,left,-0.001118481159210205,-0.19964937622642814,-2.0561780581779776,-9.389346963471173,-0.10600120111893511,-0.00678583700209856,0.001740783452987671,1.9449115399971604,-0.0013034939765930176
1746728702610582300,44.50658227539063,-0.21558725953627883,-0.0031781457364559174,-0.10020117667309836,0.0032194152008742094,-0.05529566492509864,0.9877579834882879,-0.13352110503244075,left,0.0006043910980224609,-0.19964937622642814,-2.0561780581779776,-9.389346963471173,-0.10600120111893511,-0.00914646964520216,0.0020161718130111694,1.9449115399971604,-0.0004850327968597412
1746728702650582300,44.54658227539063,-0.21558725953627883,-0.002256618347018957,-0.10020117667309836,-0.00045624258928000927,-0.05529566492509864,0.9877579834882879,-0.13352110503244075,left,0.00027740001678466797,-0.19964937622642814,-2.0561780581779776,-9.389346963471173,-0.10600120111893511,-0.005049708765000105,0.0014250874519348145,1.9449115399971604,0.000557243824005127
1746728702690582300,44.586582275390626,-0.21558725953627883,0.0012924442999064922,-0.10020117667309836,-0.005420371890068054,-0.05529566492509864,0.9877579834882879,-0.13352110503244075,left,-0.00002491474151611328,-0.19964937622642814,-2.0561780581779776,-9.389346963471173,-0.10600120111893511,-0.002488867612555623,0.0003274083137512207,1.9449115399971604,0.002025812864303589
1746728702730582300,44.626582275390625,-0.21558725953627883,0.0038316939026117325,-0.10020117667309836,-0.00652169669046998,-0.05529566492509864,0.9877579834882879,-0.13352110503244075,left,-0.00024139881134033203,-0.19964937622642814,-2.0561780581779776,-9.389346963471173,-0.10600120111893511,-0.001720915548503399,-0.0002509504556655884,1.9449115399971604,0.0013676285743713379
1746728702770582300,44.666582275390624,-0.21558725953627883,0.006370943505316973,-0.10020117667309836,-0.007623021490871906,-0.05529566492509864,0.9877579834882879,-0.13352110503244075,left,-0.00045794248580932617,-0.19964937622642814,-2.0561780581779776,-9.389346963471173,-0.10600120111893511,-0.0009529636008664966,-0.0008293092250823975,1.9449115399971604,0.0007094442844390869
1746728703008070100,44.904070068359374,-0.216715610494339,-0.002702680416405201,-0.10070688985454161,0.018205082044005394,-0.055358598656770064,0.9876521106173549,-0.13386896712300547,left,-0.012270722538232803,-0.20050980386377845,-2.066410698378831,-9.38538273601532,-0.10647419724941333,0.006537593901157379,0.0018840288976207376,1.9531810634315012,-0.000612389063462615
1746728703047839000,44.9438388671875,-0.2156342354409691,0.005813667085021734,-0.10015374680100475,0.01173342764377594,-0.055389577258002455,0.9876835713614861,-0.13387180563773715,left,0.0029424710664898157,-0.20100297342104761,-2.0560539934068918,-9.386669853216409,-0.10668758949495454,-0.022101368755102158,-0.0030482097063213587,1.9579202207826076,0.0017410092987120152
1746728703087839000,44.9838388671875,-0.21576113881591824,0.011081716045737267,-0.10022359264285204,0.0029884371906518936,-0.055228957634870054,0.9876754224532536,-0.13358463359834352,left,0.0026946663856506348,-0.20121487911356906,-2.057156255560368,-9.386003498262166,-0.1067812008962564,-0.011965152807533741,-0.001754671335220337,1.9599565489158033,0.001309812068939209
1746728703127839000,45.0238388671875,-0.21588793846689525,0.01634976454079151,-0.10029341804163366,-0.005756553262472153,-0.05506833285769999,0.9876671894090403,-0.13329745736650625,left,0.0024469494819641113,-0.20142677788969485,-2.0582573486700655,-9.385336558786035,-0.10687479059210439,-0.001828937791287899,-0.0004612356424331665,1.9619925847880542,0.0008786320686340332
1746728703167839000,45.0638388671875,-0.21619826618395663,0.01132592186331749,-0.10046594013176928,-0.010238880291581154,-0.054838182441474606,0.9876592883857582,-0.132874927838675,left,0.000186920166015625,-0.20151307020490072,-2.061133488628268,-9.384532256665825,-0.10690465525081609,-0.0007678696420043707,0.0002591162919998169,1.9628217290885746,0.0013742595911026
1746728703207839000,45.1038388671875,-0.21668721491588533,0.004758658353239298,-0.10071137128198202,-0.013390467502176762,-0.054694938853886606,0.9876314956706722,-0.1326604062816184,left,0.0002791285514831543,-0.20170909906633297,-2.0656389833539723,-9.383147524309157,-0.10700391604010201,-0.004062626976519823,-0.0009567439556121826,1.9647050586171446,0.0006759911775588989
1746728703247839000,45.1438388671875,-0.21668721491588533,0.0009809148032218218,-0.10071137128198202,-0.0040480224415659904,-0.054694938853886606,0.9876314956706722,-0.1326604062816184,left,-0.002250969409942627,-0.20170909906633297,-2.0656389833539723,-9.383147524309157,-0.10700391604010201,-0.0009158167522400618,-0.000583454966545105,1.9647050586171446,0.001464545726776123
1746728703287839000,45.1838388671875,-0.21668721491588533,0.00042558228597044945,-0.10071137128198202,-0.0026070168241858482,-0.054694938853886606,0.9876314956706722,-0.1326604062816184,left,-0.00027102231979370117,-0.20170909906633297,-2.0656389833539723,-9.383147524309157,-0.10700391604010201,0.0035765336360782385,-0.002183258533477783,1.9647050586171446,0.0008615106344223022
1746728703327839000,45.2238388671875,-0.21668721491588533,-0.0024679694324731827,-0.10071137128198202,0.0016629360616207123,-0.054694938853886606,0.9876314956706722,-0.1326604062816184,left,-0.0007106661796569824,-0.20170909906633297,-2.0656389833539723,-9.383147524309157,-0.10700391604010201,0.0039725699461996555,-0.0012082457542419434,1.9647050586171446,0.0006666034460067749
1746728703367839000,45.2638388671875,-0.21668721491588533,-0.005361521150916815,-0.10071137128198202,0.005932888947427273,-0.054694938853886606,0.9876314956706722,-0.1326604062816184,left,-0.0011503100395202637,-0.20170909906633297,-2.0656389833539723,-9.383147524309157,-0.10700391604010201,0.004368606489151716,-0.00023323297500610352,1.9647050586171446,0.00047169625759124756
1746728703407839000,45.3038388671875,-0.21654572044403464,-0.004644183907657862,-0.10063613954761563,0.0038173142820596695,-0.05482063856274504,0.9876403480391764,-0.13288031150292384,left,-0.00047910213470458984,-0.2015416765290834,-2.0643819690302014,-9.383760687771439,-0.10692855705297284,-0.001181820873171091,0.0001926422119140625,1.9630964543767273,0.00044205784797668457
1746728703447839000,45.3438388671875,-0.21654572044403464,-0.003926846664398909,-0.10063613954761563,0.0017017396166920662,-0.05482063856274504,0.9876403480391764,-0.13288031150292384,left,0.00012958049774169922,-0.2015416765290834,-2.0643819690302014,-9.383760687771439,-0.10692855705297284,-0.006732248235493898,0.0007467120885848999,1.9630964543767273,0.0002483576536178589
1746728703487839000,45.3838388671875,-0.21654572044403464,-0.0026264030020684004,-0.10063613954761563,-0.005219504237174988,-0.05482063856274504,0.9876403480391764,-0.13288031150292384,left,0.00041794776916503906,-0.2015416765290834,-2.0643819690302014,-9.383760687771439,-0.10692855705297284,-0.0051969802007079124,0.0003971606492996216,1.9630964543767273,0.0004745572805404663
1746728703527839000,45.4238388671875,-0.21654572044403464,0.0005827534478157759,-0.10063613954761563,-0.0074367281049489975,-0.05482063856274504,0.9876403480391764,-0.13288031150292384,left,-0.00009077787399291992,-0.2015416765290834,-2.0643819690302014,-9.383760687771439,-0.10692855705297284,-0.0012894263491034508,0.0005756467580795288,1.9630964543767273,0.0018915235996246338
1746728703567839000,45.4638388671875,-0.21654572044403464,0.002791593549773097,-0.10063613954761563,-0.009773091413080692,-0.05482063856274504,0.9876403480391764,-0.13288031150292384,left,-0.0000546574592590332,-0.2015416765290834,-2.0643819690302014,-9.383760687771439,-0.10692855705297284,0.004370510578155518,-0.0003730505704879761,1.9630964543767273,0.0016458779573440552
1746728703607839000,45.5038388671875,-0.2171993283366616,0.005271791480481625,-0.1009725344593385,-0.009500698186457157,-0.054785554913378734,0.987622524366805,-0.13284459480120436,left,-0.00045555830001831055,-0.2012352873646623,-2.070644390425831,-9.382996133139729,-0.10679359280867917,0.007370063569396734,-0.0004849731922149658,1.9601526560097933,0.0012766867876052856
1746728703647839000,45.5438388671875,-0.21762384900103868,0.0039021146949380636,-0.10120091400356973,-0.006511341314762831,-0.054688142240099165,0.9876170484965208,-0.13266540574375849,left,-0.0006520748138427734,-0.20099513455274579,-2.074729029390961,-9.382575861901044,-0.10667774045607202,0.007009919732809067,-0.0007642507553100586,1.9578449635893105,0.00042332708835601807
1746728703805259000,45.70125903320312,-0.21820152299185772,-0.0056518325582146645,-0.10146800056524141,-0.0010815155692398548,-0.0549277935580716,0.9875849707779617,-0.13318432196756524,left,0.004090240690857172,-0.2007470821370361,-2.080253784161806,-9.381849301192164,-0.10659755794393866,-0.00982785876840353,-0.0006280096713453531,1.9554612833231686,0.00020412984304130077
1746728704004580900,45.90058081054688,-0.21763844065926466,0.01612095534801483,-0.10117298020227718,-0.00682431785389781,-0.054644742005802036,0.9875744410308446,-0.1326827843890536,left,0.0006842939183115959,-0.20188995504168541,-2.074486891198158,-9.38083106406033,-0.10712022843935652,0.011663977056741714,0.0005509303882718086,1.9664426960647106,0.001999146770685911
1746728704044444700,45.94044458007812,-0.21786887237404373,0.004276345483958721,-0.1013301963471324,-0.008157111704349518,-0.054347815827484804,0.9875924613424951,-0.13207356741571818,left,-0.000682569167111069,-0.20160643295025746,-2.0767688646554947,-9.380896530511976,-0.10695587652969803,0.006977734621614218,-0.00011386460391804576,1.9637186779282987,-0.0006890633376315236
1746728704084444700,45.98044458007813,-0.21820555966863223,0.00009026983752846718,-0.10148432014688688,-0.0008931015618145466,-0.05434846732963147,0.9875631166927975,-0.13213783151625794,left,-0.003150045871734619,-0.2018343904479275,-2.0798301519222555,-9.379759635436534,-0.10708067729373896,0.004892001859843731,-0.00009542703628540039,1.9659088814489543,-0.000327378511428833
1746728704124444700,46.02044458007813,-0.21820555966863223,-0.001321263494901359,-0.10148432014688688,0.0008011421887204051,-0.05434846732963147,0.9875631166927975,-0.13213783151625794,left,-0.00044280290603637695,-0.2018343904479275,-2.0798301519222555,-9.379759635436534,-0.10708067729373896,0.003086378797888756,-0.0015180855989456177,1.9659088814489543,0.0004546046257019043
1746728704164444700,46.060444580078126,-0.21820555966863223,-0.005974851083010435,-0.10148432014688688,0.005084713455289602,-0.05434846732963147,0.9875631166927975,-0.13213783151625794,left,-0.0005310773849487305,-0.2018343904479275,-2.0798301519222555,-9.379759635436534,-0.10708067729373896,0.005053030326962471,-0.00022359192371368408,1.9659088814489543,-0.00035631656646728516
1746728704204445000,46.10044482421875,-0.21788578775194406,-0.006394419353455305,-0.10131528729799427,0.005651199724525213,-0.054565151113307696,0.987580034472723,-0.13251454428803053,left,-0.0006063580513000488,-0.20159788014985375,-2.076931215610355,-9.380877825811504,-0.10697445573180592,0.004136465489864349,0.000051721930503845215,1.9636365526027977,0.00013561546802520752
1746728704244445000,46.14044482421875,-0.21759080979130202,-0.0036379850935190916,-0.10116199839273664,0.006367525085806847,-0.05472362122683115,0.987595831260517,-0.1327831123449371,left,-0.0004877448081970215,-0.20142175061016918,-2.074238615525514,-9.381827673882245,-0.1068931413389168,0.00016626715660095215,0.0008903741836547852,1.9619442156016826,-0.0005879700183868408
1746728704284445000,46.18044482421875,-0.21759080979130202,-0.0037927990779280663,-0.10116199839273664,0.001959690824151039,-0.05472362122683115,0.987595831260517,-0.1327831123449371,left,-0.00033742189407348633,-0.20142175061016918,-2.074238615525514,-9.381827673882245,-0.1068931413389168,-0.0004127026186324656,0.000686153769493103,1.9619442156016826,-0.0003549307584762573
1746728704324444700,46.22044458007812,-0.21759080979130202,-0.003947612829506397,-0.10116199839273664,-0.0024481439031660557,-0.05472362122683115,0.987595831260517,-0.1327831123449371,left,-0.00018709897994995117,-0.20142175061016918,-2.074238615525514,-9.381827673882245,-0.1068931413389168,-0.0009916725102812052,0.0004819333553314209,1.9619442156016826,-0.00012190639972686768
1746728704364444700,46.26044458007812,-0.21759080979130202,-0.0016355749685317278,-0.10116199839273664,-0.004481545649468899,-0.05472362122683115,0.987595831260517,-0.1327831123449371,left,-0.0011266469955444336,-0.20142175061016918,-2.074238615525514,-9.381827673882245,-0.1068931413389168,0.00047829269897192717,0.0007173717021942139,1.9619442156016826,0.0008740127086639404
1746728704404444700,46.30044458007813,-0.21759080979130202,-0.0006647123955190182,-0.10116199839273664,-0.0037942719645798206,-0.05472362122683115,0.987595831260517,-0.1327831123449371,left,-0.0009899735450744629,-0.20142175061016918,-2.074238615525514,-9.381827673882245,-0.1068931413389168,0.0027826623991131783,0.0002237856388092041,1.9619442156016826,-0.0002238452434539795
1746728704444445000,46.34044482421875,-0.21759080979130202,0.00030615023570135236,-0.10116199839273664,-0.0031069982796907425,-0.05472362122683115,0.987595831260517,-0.1327831123449371,left,-0.0008533000946044922,-0.20142175061016918,-2.074238615525514,-9.381827673882245,-0.1068931413389168,0.0050870319828391075,-0.00026980042457580566,1.9619442156016826,-0.0013217180967330933
1746728704484445000,46.38044482421875,-0.21759080979130202,-0.0024699352215975523,-0.10116199839273664,-0.003308593761175871,-0.05472362122683115,0.987595831260517,-0.1327831123449371,left,-0.0005280971527099609,-0.20142175061016918,-2.074238615525514,-9.381827673882245,-0.1068931413389168,0.00340931280516088,-0.0007719546556472778,1.9619442156016826,-0.0008214563131332397
1746728704524445000,46.42044482421875,-0.21784937817873645,-0.0031367114279419184,-0.1012917070018841,-0.001368408091366291,-0.05485981530302576,0.9875947088386322,-0.13303931244387104,left,-0.0002586841583251953,-0.20101137643067402,-2.0768381304994223,-9.382076680207252,-0.10671084608143641,0.0031464865896850824,-0.00037814676761627197,1.958001030933857,-0.0004025399684906006
1746728704564444700,46.460444580078125,-0.21784937817873645,-0.0034639518707990646,-0.1012917070018841,-0.0004162034601904452,-0.05485981530302576,0.9875947088386322,-0.13303931244387104,left,-0.0004992485046386719,-0.20101137643067402,-2.0768381304994223,-9.382076680207252,-0.10671084608143641,0.003017496783286333,-0.00039893388748168945,1.958001030933857,-0.0008294880390167236
1746728704722346500,46.618346435546876,-0.21809205227366513,-0.0021111592650413513,-0.10137057282448315,-0.006597566418349743,-0.055401548354522025,0.9875722484926984,-0.13411339611253523,left,0.006134498864412308,-0.20058748516737882,-2.0792942914798855,-9.382381800633668,-0.10656296020903046,0.002328278496861458,-0.0011605473700910807,1.9539276440151034,-0.00034884712658822536
1746728704762215200,46.658215087890625,-0.21817841366018678,0.00548469927161932,-0.10143641304823617,0.02385367453098297,-0.055285957777193445,0.9875864233237988,-0.13385946335335014,left,-0.013632411137223244,-0.2003364970613759,-2.0802106756724417,-9.382680491319299,-0.10642872491845164,0.007029837463051081,0.00253043114207685,1.9515154683068394,0.0006296511273831129
1746728704802215200,46.698215087890624,-0.21781684234661364,0.005576110910624266,-0.10124270174729773,0.014010720886290073,-0.055327697993947426,0.9875895246584317,-0.13393809383020838,left,-0.007631480693817139,-0.20062150261347048,-2.0766976991154253,-9.382888581112027,-0.10656322911653368,0.0044258274137973785,0.0010333061218261719,1.9542545378819107,0.002338409423828125
1746728704842215200,46.73821508789062,-0.21745523369320618,0.005667522549629211,-0.10104897035208009,0.004167769104242325,-0.05536947254763579,0.9875924972120756,-0.13401668444022197,left,-0.0016306638717651367,-0.20090648216319162,-2.073184430297464,-9.383094917339086,-0.10669771130063989,0.0018218180630356073,-0.000463828444480896,1.9569930229350923,0.004047229886054993
1746728704882215200,46.77821508789062,-0.21751488823454593,0.00534465117380023,-0.1010950009713478,0.00023461272940039635,-0.05515868064650614,0.9875945579453459,-0.13361145857182274,left,-0.00159376859664917,-0.20103779366346075,-2.073688580427319,-9.382720238807797,-0.10674363409690808,0.0014942714478820562,-0.0006911754608154297,1.9582548595644533,0.0023312270641326904
1746728704922215200,46.81821508789063,-0.2175745521885379,0.005021779797971249,-0.1011410418121464,-0.003698543645441532,-0.054947933390385374,0.9875966581695886,-0.13320634309301835,left,-0.001556992530822754,-0.20116916879666435,-2.0741928766876456,-9.382344975754618,-0.10678956774590247,0.0011667247163131833,-0.0009185075759887695,1.9595172807157037,0.0006151646375656128
1746728704962215200,46.85821508789063,-0.2175745521885379,-0.00017806235700845718,-0.1011410418121464,0.002839613240212202,-0.054947933390385374,0.9875966581695886,-0.13320634309301835,left,-0.0021592378616333008,-0.20116916879666435,-2.0741928766876456,-9.382344975754618,-0.10678956774590247,0.0010389341041445732,-0.0008471161127090454,1.9595172807157037,0.0008270144462585449
1746728705002215200,46.89821508789063,-0.2175745521885379,-0.005377904511988163,-0.1011410418121464,0.009377770125865936,-0.054947933390385374,0.9875966581695886,-0.13320634309301835,left,-0.0027614831924438477,-0.20116916879666435,-2.0741928766876456,-9.382344975754618,-0.10678956774590247,0.0009111434337683022,-0.0007757246494293213,1.9595172807157037,0.001038879156112671
1746728705042215200,46.938215087890626,-0.2175745521885379,-0.00437834020704031,-0.1011410418121464,0.007733600214123726,-0.054947933390385374,0.9875966581695886,-0.13320634309301835,left,-0.0022336840629577637,-0.20116916879666435,-2.0741928766876456,-9.382344975754618,-0.10678956774590247,0.0019495782908052206,-0.00011892616748809814,1.9595172807157037,0.000604778528213501
1746728705082215200,46.978215087890625,-0.2175745521885379,-0.003378775902092457,-0.1011410418121464,0.0060894303023815155,-0.054947933390385374,0.9875966581695886,-0.13320634309301835,left,-0.0017058849334716797,-0.20116916879666435,-2.0741928766876456,-9.382344975754618,-0.10678956774590247,0.0029880129732191563,0.0005378574132919312,1.9595172807157037,0.00017067790031433105
1746728705122215000,47.01821484375,-0.21737692767982933,-0.0016539037460461259,-0.10103419790999006,0.008322048932313919,-0.055060049316760076,0.9876029645939838,-0.1334075306729744,left,-0.0015317797660827637,-0.20113035378218921,-2.0723551398664712,-9.382828959879278,-0.10677515611157887,0.003246554173529148,0.00037086009979248047,1.9591443557500838,0.00004932284355163574
1746728705162215200,47.05821508789062,-0.21718214391212046,-0.0019769705832004547,-0.10092575591914905,0.005870293825864792,-0.055154779810684104,0.9876046355344346,-0.1335864486730908,left,-0.0010339617729187012,-0.20120069655286646,-2.0704976754315196,-9.383097839948535,-0.10681350510349702,-0.00039837672375142574,0.001590430736541748,1.9598202091850339,-0.00017008185386657715
1746728705202215200,47.09821508789062,-0.21718214391212046,-0.0023000373039394617,-0.10092575591914905,0.003418539185076952,-0.055154779810684104,0.9876046355344346,-0.1335864486730908,left,-0.0005635619163513184,-0.20120069655286646,-2.0704976754315196,-9.383097839948535,-0.10681350510349702,-0.004043307155370712,0.0029993951320648193,1.9598202091850339,-0.00032053887844085693
1746728705242215200,47.13821508789062,-0.21716823847435335,-0.0009584488580003381,-0.10089997588667596,-0.0010272799991071224,-0.055243615077768635,0.9875900306225841,-0.13378915370392164,left,-0.00014102458953857422,-0.20141080461560035,-2.0702784797228873,-9.382724330461025,-0.10692694710611143,-0.0031618918292224407,0.0021704435348510742,1.961839001661539,0.0004647672176361084
1746728705282215200,47.17821508789063,-0.21716823847435335,0.00038313958793878555,-0.10089997588667596,-0.005473099648952484,-0.055243615077768635,0.9875900306225841,-0.13378915370392164,left,0.00031960010528564453,-0.20141080461560035,-2.0702784797228873,-9.382724330461025,-0.10692694710611143,-0.002280476037412882,0.0013638585805892944,1.961839001661539,0.001455947756767273
1746728705322215200,47.21821508789063,-0.21716823847435335,0.004373864736407995,-0.10089997588667596,-0.007831225171685219,-0.055243615077768635,0.9875900306225841,-0.13378915370392164,left,0.0003666877746582031,-0.20141080461560035,-2.0702784797228873,-9.382724330461025,-0.10692694710611143,-0.003547938307747245,-0.000639498233795166,1.961839001661539,0.0024892687797546387
1746728705362215200,47.258215087890626,-0.21750898438492983,0.005242838058620691,-0.10105717420704052,-0.008333628997206688,-0.055166201833054374,0.9875567273465723,-0.1337145819658134,left,-0.0002511143684387207,-0.2018018521731267,-2.073309810242802,-9.381268870955704,-0.10712540227037697,-0.0016240514814853668,-0.0006146878004074097,1.9655963083684442,0.001686587929725647
1746728705402215200,47.298215087890625,-0.21750898438492983,0.0025403527542948723,-0.10105717420704052,-0.008090229704976082,-0.055166201833054374,0.9875567273465723,-0.1337145819658134,left,-0.0003509521484375,-0.2018018521731267,-2.073309810242802,-9.381268870955704,-0.10712540227037697,-0.0021376460790634155,-0.000704348087310791,1.9655963083684442,0.0006801784038543701
1746728705442215200,47.338215087890624,-0.21802108452447286,0.0006882034940645099,-0.10130560728489275,-0.004946019500494003,-0.055080479675175556,0.9875222017965721,-0.1336244509824169,left,-0.0003312230110168457,-0.20204225736535222,-2.0780114120624957,-9.379743853345513,-0.10725348036993948,-0.0002109598135575652,-0.0015090107917785645,1.9679059004850685,-0.000030800700187683105
1746728705482215200,47.378215087890624,-0.21802108452447286,-0.0013618922093883157,-0.10130560728489275,-0.0002648136578500271,-0.055080479675175556,0.9875222017965721,-0.1336244509824169,left,-0.00016617774963378906,-0.20204225736535222,-2.0780114120624957,-9.379743853345513,-0.10725348036993948,-0.0016736240359023213,-0.0012934952974319458,1.9679059004850685,-0.0003740936517715454
1746728705522215200,47.41821508789062,-0.21802108452447286,-0.0034119877964258194,-0.10130560728489275,0.004416391719132662,-0.055080479675175556,0.9875222017965721,-0.1336244509824169,left,-0.0000011920928955078125,-0.20204225736535222,-2.0780114120624957,-9.379743853345513,-0.10725348036993948,-0.0031362883746623993,-0.0010779798030853271,1.9679059004850685,-0.0007173717021942139
1746728705562215200,47.45821508789062,-0.21802108452447286,-0.0031561818905174732,-0.10130560728489275,0.004353467375040054,-0.055080479675175556,0.9875222017965721,-0.1336244509824169,left,0.0007795095443725586,-0.20204225736535222,-2.0780114120624957,-9.379743853345513,-0.10725348036993948,-0.005913526751101017,-0.0008921027183532715,1.9679059004850685,-0.0006728470325469971
1746728705602215200,47.49821508789063,-0.21802236547724044,-0.004126204177737236,-0.10126914873235118,0.002259489381685853,-0.055239509702354736,0.9874913047286419,-0.1339980193373498,left,0.0010825395584106445,-0.2024842846298399,-2.077835032582283,-9.37889103590846,-0.10749036209080905,-0.005593061912804842,-0.0005378872156143188,1.9721523058831691,-0.00028850138187408447
1746728705642215200,47.53821508789063,-0.21776315611353345,-0.000504066701978445,-0.10111838321196288,0.009570270776748657,-0.05540489038965944,0.9874889433341814,-0.13432102822419476,left,0.0017205476760864258,-0.20262452089751312,-2.0753440925493836,-9.379159331455826,-0.10756867514287721,-0.008496261201798916,-0.0010980963706970215,1.9734994827084242,0.0013034641742706299
1746728705682215200,47.57821508789063,-0.21750398786454803,0.0031180703081190586,-0.1009676081676181,0.016881052404642105,-0.05557031056793536,0.9874865372947125,-0.1346440946731526,left,0.002358555793762207,-0.20276482227131754,-2.072853444777429,-9.379426457959413,-0.10764697672517129,-0.011399459093809128,-0.0016582459211349487,1.974847244055569,0.002895355224609375
1746728705722215200,47.618215087890626,-0.21750398786454803,0.006462850607931614,-0.1009676081676181,0.003543481230735779,-0.05557031056793536,0.9874865372947125,-0.1346440946731526,left,0.0014153718948364258,-0.20276482227131754,-2.072853444777429,-9.379426457959413,-0.10764697672517129,-0.007814323529601097,-0.0008085817098617554,1.974847244055569,0.0028229057788848877
1746728705762215200,47.658215087890625,-0.21750398786454803,0.0067451111972332,-0.1009676081676181,-0.0024977391585707664,-0.05557031056793536,0.9874865372947125,-0.1346440946731526,left,0.002485513687133789,-0.20276482227131754,-2.072853444777429,-9.379426457959413,-0.10764697672517129,-0.00030576344579458237,-0.0002056211233139038,1.974847244055569,0.0027114152908325195
1746728705802215200,47.698215087890624,-0.21772774624774952,0.004637101665139198,-0.10109127149930146,-0.0038609302137047052,-0.055393778937843176,0.9874791942240239,-0.13432321289439353,left,0.001343071460723877,-0.20287051610949294,-2.0749070163063705,-9.3787583494395,-0.1076890843190068,0.00045613577822223306,-0.00033818185329437256,1.9758624124474822,0.0020975321531295776
1746728705842215200,47.73821508789062,-0.2179514735499152,0.00252909236587584,-0.10121492495824183,-0.005224121268838644,-0.05521724730775027,0.9874718511533349,-0.13400235639539784,left,0.00020062923431396484,-0.2029762787433789,-2.0769601494438943,-9.37809024091959,-0.10773118075159024,0.0012180350022390485,-0.00047078728675842285,1.9768783114917574,0.0014835894107818604
1746728705882215200,47.77821508789062,-0.2179514735499152,0.0011513408971950412,-0.10121492495824183,-0.0006994805298745632,-0.05521724730775027,0.9874718511533349,-0.13400235639539784,left,-0.0011943578720092773,-0.2029762787433789,-2.0769601494438943,-9.37809024091959,-0.10773118075159024,0.004669456742703915,0.00024777650833129883,1.9768783114917574,0.0012572109699249268
1746728705922215200,47.81821508789063,-0.2179514735499152,-0.000226410455070436,-0.10121492495824183,0.0038251597434282303,-0.05521724730775027,0.9874718511533349,-0.13400235639539784,left,-0.002589285373687744,-0.2029762787433789,-2.0769601494438943,-9.37809024091959,-0.10773118075159024,0.008120878599584103,0.0009663552045822144,1.9768783114917574,0.0010308325290679932
1746728705962215200,47.85821508789063,-0.2179514735499152,-0.003036714158952236,-0.10121492495824183,0.005175612401217222,-0.05521724730775027,0.9874718511533349,-0.13400235639539784,left,-0.00064849853515625,-0.2029762787433789,-2.0769601494438943,-9.37809024091959,-0.10773118075159024,0.009860243648290634,-0.00036588311195373535,1.9768783114917574,-0.0002870410680770874
1746728706002215200,47.89821508789063,-0.2178817500062534,-0.004758663475513458,-0.1012085974847354,0.005826625972986221,-0.05522119257282043,0.9875066146915008,-0.1339299080603331,left,-0.0006654262542724609,-0.20234897947209154,-2.0765739266052843,-9.379443993616103,-0.10741632136876451,0.012956492602825165,-0.000002115964889526367,1.970852621461451,0.00019219517707824707
1746728706042215200,47.938215087890626,-0.21769177859992245,-0.002360297366976738,-0.10114314918361866,0.0056327711790800095,-0.055251014246620545,0.9875488294145581,-0.1338906785723952,left,-0.0010333061218261719,-0.2016682257076956,-2.0750813499599694,-9.38114612135887,-0.1070734644733718,0.015912309288978577,0.0003408193588256836,1.9643124060377477,0.0007472634315490723
1746728706082215200,47.978215087890625,-0.2174427784403284,-0.00022031832486391068,-0.10104526270533427,0.004443622659891844,-0.05524517410457568,0.9875879082701798,-0.13379229015012062,left,-0.000764012336730957,-0.20115401883178036,-2.0729628965012727,-9.382647173571586,-0.10680808160769077,0.009036317467689514,0.0008158981800079346,1.9593717347651718,0.0005186349153518677
1746728706122215200,48.018215087890624,-0.2174427784403284,-0.0023779214825481176,-0.10104526270533427,0.0022432347759604454,-0.05524517410457568,0.9875879082701798,-0.13379229015012062,left,-0.0009075403213500977,-0.20115401883178036,-2.0729628965012727,-9.382647173571586,-0.10680808160769077,-0.0008521080017089844,0.0018698126077651978,1.9593717347651718,-0.00115947425365448
1746728706162215200,48.05821508789062,-0.2174427784403284,-0.006293079815804958,-0.10104526270533427,-0.00032880203798413277,-0.05524517410457568,0.9875879082701798,-0.13379229015012062,left,-0.0003730654716491699,-0.20115401883178036,-2.0729628965012727,-9.382647173571586,-0.10680808160769077,-0.005521465092897415,0.0014943033456802368,1.9593717347651718,-0.0007121413946151733
1746728706202215200,48.09821508789062,-0.21732833588426875,-0.0054525891318917274,-0.10095847897846458,-0.00030977523420006037,-0.05550860573672961,0.9875766268445372,-0.13431969790877302,left,0.00010609626770019531,-0.20120838566209584,-2.0718661873057482,-9.382780444562435,-0.10685834746034734,-0.004427533596754074,0.000272408127784729,1.9598941512040793,0.00019647181034088135
1746728706356945200,48.252945068359374,-0.21777115360733612,0.007431010715663433,-0.1011355313998222,-0.007431346923112869,-0.05578693850042631,0.9875273582990368,-0.13495431485836912,left,-0.00015391700435429811,-0.20140671787484182,-2.0759367977455256,-9.38148222144544,-0.10700052637016963,0.00042585679329931736,-0.0004774013359565288,1.96179983869493,0.001615369925275445
1746728706596157000,48.492156982421875,-0.21872467963349004,0.008133353665471077,-0.10163868735817289,0.02700083889067173,-0.05552129232160497,0.9875011099131739,-0.13449604938394477,left,-0.007804021239280701,-0.20120440172854978,-2.084967514810711,-9.379885892164706,-0.10690408381387931,-0.011142048053443432,0.0008521470008417964,1.9598558650203048,0.0048216269351542
1746728706636025900,48.53202587890625,-0.21851955933200268,0.004502555821090937,-0.10151742880585679,-0.010996942408382893,-0.05539688174149735,0.9874809042882272,-0.13431171784830911,left,0.004088515881448984,-0.2019761795986412,-2.0827149135783314,-9.37883375276327,-0.1072695311156278,-0.010694806464016438,-0.001065075397491455,1.9672711097128688,-0.0011059537064284086
1746728706676025900,48.57202587890625,-0.21878686999457858,0.005793087184429169,-0.1016767013035557,-0.011293346993625164,-0.055192441343480884,0.9874853206110852,-0.13390942161182237,left,0.0024930238723754883,-0.20182800627735206,-2.085285056327283,-9.378561365562676,-0.10718343455013092,-0.005433050915598869,-0.0007470101118087769,1.9658475066505372,-0.0009664148092269897
1746728706716025900,48.61202587890625,-0.21905426645547205,0.0070836180821061134,-0.1018359738012546,-0.01158975251019001,-0.05498800094546447,0.9874897369339432,-0.13350711744430424,left,0.0008974075317382812,-0.20167996883736872,-2.0878560758590696,-9.378287224796415,-0.10709733798463403,-0.00017129536718130112,-0.0004288405179977417,1.9644252187624573,-0.0008270293474197388
1746728706756025900,48.65202587890625,-0.2193751523381349,0.004572260193526745,-0.10200856291203611,-0.009029685519635677,-0.054835832672699,0.9874803102380502,-0.13323500026332535,left,0.0002899169921875,-0.201690911206378,-2.0908606645025314,-9.377595735400915,-0.1070976799892823,-0.0034567073453217745,-0.0009135454893112183,1.9645304327026007,0.0005559623241424561
1746728706796025900,48.69202587890625,-0.21982598309532433,0.0032657929696142673,-0.1022340209834208,-0.00704016350209713,-0.05474237891856382,0.987456054708649,-0.13310679147702958,left,-0.0009652376174926758,-0.20179490785867601,-2.095043503145128,-9.376452995106577,-0.10715474630401906,-0.0006365019362419844,-0.0006454735994338989,1.9655295267425477,0.000708356499671936
1746728706836025600,48.73202563476563,-0.21982598309532433,0.0020969235338270664,-0.1022340209834208,0.0022056149318814278,-0.05474237891856382,0.987456054708649,-0.13310679147702958,left,-0.0007003545761108398,-0.20179490785867601,-2.095043503145128,-9.376452995106577,-0.10715474630401906,0.004662714898586273,-0.0017945915460586548,1.9655295267425477,0.0007808059453964233
1746728706876025900,48.77202587890625,-0.21982598309532433,-0.000929810106754303,-0.1022340209834208,0.0033840995747596025,-0.05474237891856382,0.987456054708649,-0.13310679147702958,left,-0.0010651946067810059,-0.20179490785867601,-2.095043503145128,-9.376452995106577,-0.10715474630401906,0.008679786697030067,-0.0006261467933654785,1.9655295267425477,0.000798344612121582
1746728706916025900,48.81202587890625,-0.21970267894816434,-0.005185941234230995,-0.10220167920988776,0.007812144234776497,-0.0547142855081677,0.9874916830147445,-0.13297159233251474,left,-0.0008703470230102539,-0.20123979632601785,-2.094124926995486,-9.377774599099158,-0.10687079601849372,0.012421143241226673,-0.00014515221118927002,1.96019591062963,0.0007084757089614868
1746728706956025900,48.85202587890625,-0.21941724680324604,-0.006756682880222797,-0.10207032993481986,0.007432163693010807,-0.05483179902035017,0.9875233743274602,-0.13312465278113994,left,-0.00041937828063964844,-0.20077700217911962,-2.091645239008963,-9.379256362089514,-0.10664263232799227,0.008848886005580425,0.0008285045623779297,1.9557488680928945,0.00016103684902191162
1746728706996025900,48.89202587890625,-0.21913180794645817,-0.0083274245262146,-0.10193898100854372,0.00705218268558383,-0.05494927304156072,0.9875551102851838,-0.1332777812872481,left,0.00003135204315185547,-0.20031430235548853,-2.089164528109133,-9.38073520247042,-0.10641446832896642,0.005276628769934177,0.0018020719289779663,1.951302263947576,-0.0003864765167236328
1746728707154316500,49.05031665039063,-0.2188094837361104,0.00019127922132611275,-0.10178216986101883,-0.004430991131812334,-0.055340888759746285,0.9875973728768317,-0.1339249422246603,left,-0.0006791196647100151,-0.19935965095287866,-2.0865441164776684,-9.383222343111038,-0.10596784815108899,0.008916941471397877,0.0007602669065818191,1.9421265854537486,0.0019311035284772515
1746728707353663200,49.24966333007813,-0.22001099874521504,-0.003349394304677844,-0.10242125783178505,0.0010850593680515885,-0.0549582948956923,0.9875665919546681,-0.13324865638158453,left,-0.001361688831821084,-0.19909991394564794,-2.0979268034964798,-9.381200481894611,-0.10583838257829133,-0.003239195328205824,0.0006464023026637733,1.9396298002019523,0.001242040190845728
1746728707393663200,49.28966333007813,-0.22001099874521504,0.003312061307951808,-0.10242125783178505,0.01638716831803322,-0.0549582948956923,0.9875665919546681,-0.13324865638158453,left,-0.0035941600799560547,-0.19909991394564794,-2.0979268034964798,-9.381200481894611,-0.10583838257829133,-0.009727593511343002,0.0004265308380126953,1.9396298002019523,0.002156957983970642
1746728707433663200,49.32966333007813,-0.21971441721091334,0.0005460006650537252,-0.10226930024321032,0.005034277215600014,-0.0548392216551567,0.9875673411963295,-0.13302813538107025,left,-0.0006835460662841797,-0.19954826864502115,-2.094954655817896,-9.380972518357634,-0.10604002008206402,-0.013029610738158226,0.00018459558486938477,1.9439396262250839,-0.000016480684280395508
1746728707473663000,49.3696630859375,-0.21971441721091334,-0.00004214502405375242,-0.10226930024321032,0.0031151100993156433,-0.0548392216551567,0.9875673411963295,-0.13302813538107025,left,0.0007379055023193359,-0.19954826864502115,-2.094954655817896,-9.380972518357634,-0.10604002008206402,-0.008312767371535301,0.00042225420475006104,1.9439396262250839,0.0014280974864959717
1746728707513663000,49.4096630859375,-0.21974232143788006,0.006945495493710041,-0.10227264300824931,-0.002987945917993784,-0.05476836641530246,0.9875501042729188,-0.13293461641217125,left,0.00200808048248291,-0.1999501274180499,-2.0950459873631595,-9.380151265102624,-0.10623413554537828,-0.0015633711591362953,0.00003546476364135742,1.947802146872133,0.002598896622657776
1746728707553663000,49.4496630859375,-0.21974232143788006,0.011260995641350746,-0.10227264300824931,-0.006954795680940151,-0.05476836641530246,0.9875501042729188,-0.13293461641217125,left,0.0010485649108886719,-0.1999501274180499,-2.0950459873631595,-9.380151265102624,-0.10623413554537828,0.0023861355148255825,-0.00010316073894500732,1.947802146872133,0.0014189332723617554
1746728707593663200,49.48966333007812,-0.2200613307413289,0.009855059906840324,-0.10246078285079417,-0.007515241391956806,-0.05437505543945308,0.9875435841337264,-0.13219842527590503,left,0.00017386674880981445,-0.20017261036096934,-2.097943462370336,-9.37905937821269,-0.1063148616171431,0.00014256197027862072,0.00011259317398071289,1.9499404740750788,0.0010154545307159424
1746728707633663200,49.52966333007812,-0.2204367652253931,0.0050196717493236065,-0.1026587158725976,-0.004016966558992863,-0.05412866977518218,0.987523629870654,-0.1317711489691802,left,-0.0019865036010742188,-0.20043963389823277,-2.101350640465319,-9.377762324139475,-0.10643479060935584,0.000996968476101756,0.00037382543087005615,1.9525066713012753,0.00039759278297424316
1746728707673663200,49.56966333007812,-0.2204367652253931,-0.0016740821301937103,-0.1026587158725976,0.0018035932444036007,-0.05412866977518218,0.987523629870654,-0.1317711489691802,left,-0.0007000565528869629,-0.20043963389823277,-2.101350640465319,-9.377762324139475,-0.10643479060935584,0.0024592862464487553,-0.00041347742080688477,1.9525066713012753,0.00012502074241638184
1746728707713663000,49.6096630859375,-0.220385918937385,-0.007967895828187466,-0.1026356089895504,0.002904987893998623,-0.05416491037251488,0.9875306995148365,-0.13182420277297183,left,-0.0006111860275268555,-0.20031277607275613,-2.1009280311390754,-9.37811069918573,-0.10637358396788768,0.006279775872826576,0.0004259347915649414,1.9512875047698617,0.000221937894821167
1746728707753663000,49.6496630859375,-0.2201454227836989,-0.0048789288848638535,-0.10251233707954584,0.004770924337208271,-0.05430109469056255,0.9875459613305477,-0.1320509469504771,left,-0.0006346702575683594,-0.20011499009769598,-2.098756824579835,-9.378992158195375,-0.10628117571128683,0.0015189703553915024,0.0003913193941116333,1.949386639584601,0.00035677850246429443
1746728707793663000,49.6896630859375,-0.2201454227836989,-0.001789962174370885,-0.10251233707954584,0.006636860780417919,-0.05430109469056255,0.9875459613305477,-0.1320509469504771,left,-0.000747978687286377,-0.20011499009769598,-2.098756824579835,-9.378992158195375,-0.10628117571128683,-0.0032418356277048588,0.0005781054496765137,1.949386639584601,0.00029778480529785156
1746728707833663200,49.729663330078125,-0.2201454227836989,-0.001670644385740161,-0.10251233707954584,0.0048057991079986095,-0.05430109469056255,0.9875459613305477,-0.1320509469504771,left,-0.0003654360771179199,-0.20011499009769598,-2.098756824579835,-9.378992158195375,-0.10628117571128683,-0.006257591303437948,0.0010624676942825317,1.949386639584601,-0.00005488097667694092
1746728707873663200,49.769663330078124,-0.22004529119790306,-0.0021399168763309717,-0.10244024681738148,-0.0011018677614629269,-0.05444071396022461,0.9875345793499536,-0.13234454114052877,left,-0.0000623464584350586,-0.2002996605192057,-2.097739025839418,-9.378850703898072,-0.10638455294327492,-0.006096049211919308,0.000579148530960083,1.9511615403026341,0.0007446855306625366
1746728707913663200,49.80966333007812,-0.22004529119790306,-0.002609189599752426,-0.10244024681738148,-0.007009534630924463,-0.05444071396022461,0.9875345793499536,-0.13234454114052877,left,0.0002551078796386719,-0.2002996605192057,-2.097739025839418,-9.378850703898072,-0.10638455294327492,-0.005934507120400667,0.00019960105419158936,1.9511615403026341,0.0017252415418624878
1746728707953663200,49.84966333007812,-0.22004529119790306,-0.0013000653125345707,-0.10244024681738148,-0.005458266474306583,-0.05444071396022461,0.9875345793499536,-0.13234454114052877,left,0.00013434886932373047,-0.2002996605192057,-2.097739025839418,-9.378850703898072,-0.10638455294327492,-0.0014340505003929138,-0.00022371113300323486,1.9511615403026341,0.001284763216972351
1746728707993663000,49.8896630859375,-0.22004529119790306,0.000009058858267962933,-0.10244024681738148,-0.003906998783349991,-0.05444071396022461,0.9875345793499536,-0.13234454114052877,left,0.000013589859008789062,-0.2002996605192057,-2.097739025839418,-9.378850703898072,-0.10638455294327492,0.0030664056539535522,-0.0006470233201980591,1.9511615403026341,0.0008442848920822144
1746728708033663000,49.9296630859375,-0.22004529119790306,-0.001779570709913969,-0.10244024681738148,-0.0006033973768353462,-0.05444071396022461,0.9875345793499536,-0.13234454114052877,left,-0.00006908178329467773,-0.2002996605192057,-2.097739025839418,-9.378850703898072,-0.10638455294327492,0.004370267037302256,-0.0008535236120223999,1.9511615403026341,0.0005142241716384888
1746728708073663000,49.9696630859375,-0.22012119637230362,-0.005079477094113827,-0.10246698951502595,0.00220181280747056,-0.05460335069096619,0.9875294724525537,-0.1326630919110034,left,-0.00003343820571899414,-0.2001373202171131,-2.098520093214512,-9.379000926023721,-0.10632289954886226,0.0036652914714068174,-0.0004129856824874878,1.949601305248588,0.00024881958961486816
1746728708113663200,50.009663330078126,-0.22012119637230362,-0.004020580090582371,-0.10246698951502595,0.004017941653728485,-0.05460335069096619,0.9875294724525537,-0.1326630919110034,left,0.00030034780502319336,-0.2001373202171131,-2.098520093214512,-9.379000926023721,-0.10632289954886226,0.0019451739499345422,-0.00009021162986755371,1.949601305248588,0.00035560131072998047
1746728708153663200,50.049663330078126,-0.22012119637230362,-0.004927465226501226,-0.10246698951502595,-0.0006012003868818283,-0.05460335069096619,0.9875294724525537,-0.1326630919110034,left,0.0002614259719848633,-0.2001373202171131,-2.098520093214512,-9.379000926023721,-0.10632289954886226,-0.000480957911349833,0.0009694993495941162,1.949601305248588,-0.0002884417772293091
1746728708193663200,50.089663330078125,-0.22012119637230362,-0.0028621170204132795,-0.10246698951502595,-0.004777624737471342,-0.05460335069096619,0.9875294724525537,-0.1326630919110034,left,0.002943575382232666,-0.2001373202171131,-2.098520093214512,-9.379000926023721,-0.10632289954886226,-0.00489331129938364,0.00009681284427642822,1.949601305248588,0.00001265108585357666
1746728708233663000,50.1296630859375,-0.22034094304303828,0.0007582574617117643,-0.10254856469419793,0.0025792960077524185,-0.05483275649814739,0.9875038495342877,-0.13315389361050028,left,-0.004611492156982422,-0.20015885139755643,-2.1005717650473117,-9.37849823719859,-0.10636467609047841,-0.00108562340028584,0.0008578747510910034,1.9498082259975373,-0.0006351768970489502
1746728708273663000,50.1696630859375,-0.21980826379810375,0.0030076743569225073,-0.10227101913096294,0.008721407502889633,-0.054905316668912255,0.9875178995470557,-0.13326908323998812,left,-0.0011436939239501953,-0.20037777851098762,-2.0954826252147556,-9.379199078944325,-0.1064638981132972,-0.009332600980997086,0.0005890578031539917,1.9519122125394641,0.0007720291614532471
1746728708313663000,50.2096630859375,-0.21980826379810375,-0.003094018204137683,-0.10227101913096294,0.003855524118989706,-0.054905316668912255,0.9875178995470557,-0.13326908323998812,left,-0.0017712712287902832,-0.20037777851098762,-2.0954826252147556,-9.379199078944325,-0.1064638981132972,-0.01032655406743288,0.0016107559204101562,1.9519122125394641,0.0003196150064468384
1746728708353663200,50.24966333007813,-0.21953684631198228,-0.0002170703373849392,-0.10210088568080664,0.0008621006272733212,-0.05504863771059522,0.9875000836097844,-0.13358819056779736,left,0.001294255256652832,-0.20087502919376696,-2.092725289330631,-9.378819139716029,-0.10671790024360571,-0.006562032736837864,0.0011260807514190674,1.9566908251181243,0.0023128241300582886
1746728708393663200,50.28966333007813,-0.21953684631198228,0.0076807704754173756,-0.10210088568080664,-0.0032540843822062016,-0.05504863771059522,0.9875000836097844,-0.13358819056779736,left,0.0016425848007202148,-0.20087502919376696,-2.092725289330631,-9.378819139716029,-0.10671790024360571,-0.0013090986758470535,0.0003073960542678833,1.9566908251181243,0.002588927745819092
1746728708589561300,50.485561279296874,-0.21988821139633705,-0.0034728480968624353,-0.10225382722378024,-0.005355526227504015,-0.054568978566074816,0.9874295182006323,-0.1328394187260361,left,0.0018903410527855158,-0.20245350871814877,-2.095344239657372,-9.375057156834005,-0.10746747094895026,0.0029746806249022484,-0.0010099390055984259,1.97185668393746,0.0010623930720612407
1746728708629430300,50.52543017578125,-0.2200265656993378,-0.0042016212828457355,-0.10232880784174829,0.002525869058445096,-0.054641102325638555,0.987435065306909,-0.13296036135604597,left,-0.002044257940724492,-0.20211029954575954,-2.0967888855077326,-9.375427159190178,-0.1073082403626884,0.009901345707476139,0.0005325376987457275,1.9685595420882105,0.0005529768532142043
1746728708669430300,50.56543017578125,-0.2197624472647854,-0.0036144894547760487,-0.10220738797258754,0.00412559462711215,-0.054705748981434994,0.9874619300237598,-0.1330246826393637,left,-0.0009405612945556641,-0.201786166174997,-2.0944515286013483,-9.376602632710338,-0.10714450436305903,0.005103929899632931,0.0007242113351821899,1.9654455017209052,0.00012239813804626465
1746728708709430500,50.60543041992187,-0.2197624472647854,-0.0027953353710472584,-0.10220738797258754,0.003290273481979966,-0.054705748981434994,0.9874619300237598,-0.1330246826393637,left,-0.0003916621208190918,-0.201786166174997,-2.0944515286013483,-9.376602632710338,-0.10714450436305903,0.001026134006679058,0.001485779881477356,1.9654455017209052,-0.0004086047410964966
1746728708749430500,50.64543041992187,-0.2197624472647854,-0.00207724841311574,-0.10220738797258754,-0.00037808739580214024,-0.054705748981434994,0.9874619300237598,-0.1330246826393637,left,0.0004988312721252441,-0.201786166174997,-2.0944515286013483,-9.376602632710338,-0.10714450436305903,-0.000044893124140799046,0.001486256718635559,1.9654455017209052,0.00017784535884857178
1746728708908511000,50.804510986328125,-0.22016283479767376,0.004591078497469425,-0.10245515217626423,-0.0061475178226828575,-0.05452496869467397,0.9874865588144305,-0.1326157441455543,left,-0.000680844415910542,-0.20105018283346238,-2.098520969997346,-9.377172541552781,-0.10677168017870377,0.009680800139904022,0.00032320115133188665,1.9583739558994768,0.000621020095422864
1746728708948511000,50.844510986328125,-0.22041932727773694,0.0026003140956163406,-0.1025987993566216,-0.0036762524396181107,-0.054463952909392134,0.9874893253412629,-0.1324885456723479,left,-0.0005254745483398438,-0.20078273547502298,-2.10104055160284,-9.377145069023966,-0.10664027938524615,0.00665945652872324,0.001021459698677063,1.9558039592809975,-0.00034248828887939453
1746728708988510700,50.8845107421875,-0.22041932727773694,0.0012919997097924352,-0.1025987993566216,-0.0031456006690859795,-0.054463952909392134,0.9874893253412629,-0.1324885456723479,left,-0.0005241632461547852,-0.20078273547502298,-2.10104055160284,-9.377145069023966,-0.10664027938524615,0.0028740507550537586,0.0007344186305999756,1.9558039592809975,-0.0008497387170791626
1746728709028511000,50.92451098632812,-0.22041932727773694,-0.00014333648141473532,-0.1025987993566216,-0.0013446534285321832,-0.054463952909392134,0.9874893253412629,-0.1324885456723479,left,0.00018322467803955078,-0.20078273547502298,-2.10104055160284,-9.377145069023966,-0.10664027938524615,-0.003614884801208973,0.0006981194019317627,1.9558039592809975,-0.0003231167793273926
1746728709068511000,50.96451098632812,-0.22041932727773694,0.0016139865620061755,-0.1025987993566216,-0.0038556093350052834,-0.054463952909392134,0.9874893253412629,-0.1324885456723479,left,-0.0022048354148864746,-0.20078273547502298,-2.10104055160284,-9.377145069023966,-0.10664027938524615,-0.00104087358340621,-0.00035944581031799316,1.9558039592809975,-0.001958206295967102
1746728709108511000,51.00451098632813,-0.22041932727773694,0.007029457483440638,-0.1025987993566216,0.011773447506129742,-0.054463952909392134,0.9874893253412629,-0.1324885456723479,left,-0.0027568936347961426,-0.20078273547502298,-2.10104055160284,-9.377145069023966,-0.10664027938524615,-0.010700048878788948,-0.0014339685440063477,1.9558039592809975,0.0009510517120361328
1746728709148511000,51.04451098632813,-0.22041932727773694,0.00305353756994009,-0.1025987993566216,0.00205075740814209,-0.054463952909392134,0.9874893253412629,-0.1324885456723479,left,-0.0005903244018554688,-0.20078273547502298,-2.10104055160284,-9.377145069023966,-0.10664027938524615,-0.01385902427136898,-0.0008017420768737793,1.9558039592809975,0.0009127259254455566
1746728709188511000,51.08451098632813,-0.22043473782791925,0.00479997880756855,-0.10258858241134822,-0.0004977763164788485,-0.054360730669633595,0.9874620790318931,-0.13235733850205939,left,0.0017830133438110352,-0.20143246893476138,-2.100906696090102,-9.37587022678256,-0.10695429550763726,-0.008958650752902031,-0.00027073919773101807,1.9620472375847398,0.001881137490272522
1746728709228511000,51.124510986328126,-0.22061330302003804,0.01198301836848259,-0.10267691740127681,-0.007019400596618652,-0.054175074116151974,0.9874415715446503,-0.13205057833944642,left,0.0018384456634521484,-0.20185789014038505,-2.1023981036916375,-9.374680140215158,-0.10715312592620466,-0.004076875746250153,-0.0004239678382873535,1.9661346530288457,0.002130478620529175
1746728709268511000,51.164510986328125,-0.22092952517265782,0.011902138590812683,-0.10284900633191348,-0.010765223763883114,-0.053898543810878496,0.987425828542551,-0.13155714599720886,left,0.0004787445068359375,-0.20213323199649266,-2.105243702381104,-9.373485961994529,-0.10727206225301694,-0.002288385760039091,-0.000508919358253479,1.9687799068406222,0.0015184283256530762
1746728709308511000,51.204510986328124,-0.22142536660475687,0.0030507268384099007,-0.10309772993882155,-0.016095547005534172,-0.05370137908976884,0.9873932315890358,-0.13125048235959208,left,0.000770866870880127,-0.20246294777200236,-2.1097486125849185,-9.371807215127347,-0.10743215182369502,-0.004257578402757645,-0.0012875199317932129,1.9719474309608338,0.0010908693075180054
1746728709348511000,51.24451098632812,-0.22202452596499897,0.001972801284864545,-0.10338972227942615,-0.007484087720513344,-0.053598175315228584,0.9873531897015463,-0.13113735768342372,left,-0.0022928714752197266,-0.20272323696112976,-2.1152502787411214,-9.370040205454826,-0.10757069886170528,0.0011582542210817337,-0.001321941614151001,1.9744477233439683,0.0018824338912963867
1746728709388511000,51.28451098632812,-0.2219922776630122,-0.002175096655264497,-0.10338287818326154,-0.0011067027226090431,-0.053594703799852934,0.9873647611114967,-0.13110413814862124,left,-0.0021564364433288574,-0.20253111284717792,-2.1150316675543785,-9.370478596872092,-0.107473402277237,0.004053906537592411,-0.0005316883325576782,1.9726022416077553,0.0008844733238220215
1746728709428511000,51.32451098632812,-0.2219922776630122,-0.006322994828224182,-0.10338287818326154,0.005270682275295258,-0.053594703799852934,0.9873647611114967,-0.13110413814862124,left,-0.0020647048950195312,-0.20253111284717792,-2.1150316675543785,-9.370478596872092,-0.107473402277237,0.006949558388441801,0.0002808570861816406,1.9726022416077553,-0.00030168890953063965
1746728709468511000,51.36451098632813,-0.22172115576817875,-0.00866621732711792,-0.10325553140839695,0.010356977581977844,-0.053718362582070064,0.9873933735211775,-0.131276247379649,left,-0.0017045140266418457,-0.20211671615448443,-2.112670637511462,-9.371848131659627,-0.10727074374133531,0.006934115197509527,0.0002442300319671631,1.9686212091475723,-0.00018173456192016602
1746728709508510700,51.4045107421875,-0.2213393362067746,-0.007969154976308346,-0.10306267384130578,0.010817218571901321,-0.053880689507045165,0.987417674797564,-0.13153422533225334,left,-0.0007476210594177246,-0.20186749250355446,-2.109199746530503,-9.373132326251268,-0.10715092080327741,-0.0004973080940544605,0.0005890727043151855,1.9662268613569438,-0.0002452582120895386
1746728709548511000,51.444510986328126,-0.22099831306963438,-0.007092371117323637,-0.10287486882421755,0.008015653118491173,-0.05406966984785093,0.9874248886717292,-0.13188240736679857,left,-0.00020200014114379883,-0.20188803069767255,-2.1059942284874618,-9.373812125208973,-0.10716976764525804,-0.006288839969784021,0.0012279301881790161,1.9664242836251853,-0.00043345987796783447
1746728709588511000,51.484510986328125,-0.22099831306963438,-0.005005066283047199,-0.10287486882421755,0.00006593111902475357,-0.05406966984785093,0.9874248886717292,-0.13188240736679857,left,0.0003464818000793457,-0.20188803069767255,-2.1059942284874618,-9.373812125208973,-0.10716976764525804,-0.005124288145452738,0.001224219799041748,1.9664242836251853,0.0001498013734817505
1746728709628511000,51.524510986328124,-0.22104871439785145,-0.0017786724492907524,-0.1028755628642399,-0.005295347422361374,-0.05422566965678204,0.9874058737846797,-0.13222224461621251,left,0.0002487301826477051,-0.20204441067773382,-2.1063993021570147,-9.373405297973752,-0.10726570045545339,-0.00004795938730239868,0.001290053129196167,1.9679266510121523,0.0005918443202972412
1746728709668511000,51.56451098632812,-0.22104871439785145,0.005366209428757429,-0.1028755628642399,-0.012300369329750538,-0.05422566965678204,0.9874058737846797,-0.13222224461621251,left,-0.00026112794876098633,-0.20204441067773382,-2.1063993021570147,-9.373405297973752,-0.10726570045545339,0.004306325223296881,0.0002495795488357544,1.9679266510121523,0.001374945044517517
1746728709708511000,51.60451098632812,-0.2215956294799669,0.008819842711091042,-0.10316937250678201,-0.012963761575520039,-0.05405092020945546,0.9873945367527924,-0.1319064986355245,left,-0.0005595088005065918,-0.20186456193619456,-2.111603154410422,-9.372597488722205,-0.10717558705821636,0.007316026836633682,-0.00018671154975891113,1.9661988043062388,0.0011422187089920044
1746728709944921000,51.840921142578125,-0.22162346337870825,0.004585780203342438,-0.10317407543900999,0.027276553213596344,-0.05420848830384132,0.9873935406786384,-0.13220689896764434,left,-0.0014556036330759525,-0.20167977594983283,-2.111943930672109,-9.372892672276496,-0.1071007428194492,-0.025046447291970253,-0.003375002881512046,1.9644233190663158,0.004767619073390961
1746728710104377900,52.0003779296875,-0.22127255035049134,-0.000862575601786375,-0.10301666656056747,-0.006419690791517496,-0.05401375675710923,0.9874151393489468,-0.13179381243978672,left,-0.001209496520459652,-0.20184464019545353,-2.1085835143283007,-9.373317035168409,-0.10715123147005942,0.010518146678805351,0.0006867378833703697,1.9660073733873664,-0.0016834131674841046
1746728710144242400,52.04024243164063,-0.22171302612944885,-0.007458606734871864,-0.10321871296885494,-0.013529988937079906,-0.05412375257802984,0.9873840790861836,-0.13206684877038477,left,0.002723377663642168,-0.20186526956589787,-2.112703224606812,-9.372347897875308,-0.10718738793484497,-0.0074189091101288795,-0.0012928046053275466,1.96620552630797,-0.002484080381691456
1746728710184242400,52.08024243164063,-0.22160815487949098,-0.007656453177332878,-0.10314805024949296,-0.005234243348240852,-0.05419811311211538,0.9873730633297376,-0.13223631389299065,left,0.000899970531463623,-0.20212167713987295,-2.1116094380207358,-9.372077264240383,-0.10731968198893803,-0.00601101852953434,-0.0008665472269058228,1.968668847681582,-0.0021369606256484985
1746728710224242400,52.12024243164063,-0.22160815487949098,-0.007854299619793892,-0.10314805024949296,0.0030615031719207764,-0.05419811311211538,0.9873730633297376,-0.13223631389299065,left,-0.0008959174156188965,-0.20212167713987295,-2.1116094380207358,-9.372077264240383,-0.10731968198893803,-0.0046031279489398,-0.000328749418258667,1.968668847681582,-0.0015386492013931274
1746728710264242400,52.160242431640626,-0.22123478755079612,-0.01122540794312954,-0.10293399916320688,0.00869506224989891,-0.054402891863475224,0.9873714131886079,-0.1326359540130058,left,-0.0011302828788757324,-0.20233770631408862,-2.108016674225777,-9.372450189206004,-0.10743662683661746,-0.0017938800156116486,0.0001621544361114502,1.9707443387813866,-0.00013874471187591553
1746728710304242400,52.200242431640625,-0.22079356041511963,-0.01030449103564024,-0.10269090695629589,0.008482872508466244,-0.05465213780224897,0.9873808469086821,-0.13309469890378853,left,-0.00029206275939941406,-0.20235380520381288,-2.1038741675935686,-9.373348014828562,-0.10745611482279506,-0.0005040019750595093,0.0003308802843093872,1.9708989448212086,0.0008102208375930786
1746728710344242400,52.240242431640624,-0.22035233392745926,-0.00938357412815094,-0.10244780417906339,0.008270682767033577,-0.05490133394197761,0.9873901570018041,-0.13355335123791473,left,0.0005460381507873535,-0.2023701155226383,-2.09973107643947,-9.37424408688545,-0.10747559226477353,0.00078587606549263,0.0004995763301849365,1.9710555966876446,0.0017589777708053589
1746728710503170600,52.399170654296874,-0.22002756483974925,-0.002730276668444276,-0.10223630922281361,-0.0027562533505260944,-0.05539429764822279,0.9873808184065985,-0.13451494335630343,left,0.0000034495024010539055,-0.20235671969937566,-2.0966922932654617,-9.374951358371973,-0.10750924682747703,-0.00045545841567218304,0.0008741315104998648,1.9709268557414412,0.002620166866108775
1746728710543170600,52.43917065429687,-0.22002756483974925,-0.0008303024806082249,-0.10223630922281361,0.0009383310098201036,-0.05539429764822279,0.9873808184065985,-0.13451494335630343,left,-0.0002796053886413574,-0.20235671969937566,-2.0966922932654617,-9.374951358371973,-0.10750924682747703,-0.0005917093367315829,0.00046262145042419434,1.9709268557414412,0.0017597377300262451
1746728710702519000,52.59851904296875,-0.22061627834017197,0.002165186684578657,-0.10250846859247138,-0.01475467812269926,-0.05557127079566966,0.9873436706009799,-0.13492649241429938,left,0.0032520298846066,-0.20226274238169983,-2.102251680958271,-9.373896296361089,-0.10750031450369288,0.009306013584136963,-0.00165634136646986,1.9700240616828202,-0.0001796471478883177
1746728710742518800,52.63851879882812,-0.22005144792015902,0.0009744693525135517,-0.10223813218040642,-0.011702364310622215,-0.0555197582547618,0.9873768065374295,-0.13476169740491029,left,0.005116760730743408,-0.20227157260533635,-2.09695284389779,-9.375065340140461,-0.10748053836189264,-0.0020275386050343513,-0.0013302117586135864,1.9701089634872972,-0.0013864189386367798
1746728710782518800,52.67851879882812,-0.22005144792015902,0.004715515300631523,-0.10223813218040642,-0.009297195822000504,-0.0555197582547618,0.9873768065374295,-0.13476169740491029,left,0.0037630796432495117,-0.20227157260533635,-2.09695284389779,-9.375065340140461,-0.10748053836189264,0.00024713180027902126,-0.001186266541481018,1.9701089634872972,0.00030416250228881836
1746728710822518800,52.71851879882813,-0.22005144792015902,0.008456561714410782,-0.10223813218040642,-0.006892026402056217,-0.0555197582547618,0.9873768065374295,-0.13476169740491029,left,0.00240933895111084,-0.20227157260533635,-2.09695284389779,-9.375065340140461,-0.10748053836189264,0.0025218019727617502,-0.0010423362255096436,1.9701089634872972,0.0019947439432144165
1746728710862518800,52.75851879882813,-0.22002324692888042,0.00896203052252531,-0.10223879534199953,-0.00641975924372673,-0.055301024974558,0.9873801982663817,-0.1343400175940052,left,0.001144111156463623,-0.20248018430075554,-2.0965986236326395,-9.374722810313106,-0.10756104068460352,-0.0016069372650235891,-0.0004756450653076172,1.9721129967860875,0.0017421692609786987
1746728710902519000,52.79851904296875,-0.21999497913440047,0.00946749933063984,-0.10223945850359266,-0.0059474920853972435,-0.05508229169435421,0.987383589995334,-0.13391832858766345,left,-0.00012111663818359375,-0.20268880663803132,-2.0962438188455996,-9.374380280485749,-0.10764154300731443,-0.005735676735639572,0.00009098649024963379,1.974117030084878,0.001489594578742981
1746728710942519000,52.83851904296875,-0.22017543620819666,0.0062088435515761375,-0.1023331634817004,-0.008480127900838852,-0.05488871618991865,0.9873675368387368,-0.13358622014248936,left,-0.0001385211944580078,-0.2030326284775533,-2.097787102764845,-9.373339247000217,-0.10779899808391771,-0.003889978863298893,-0.0004174262285232544,1.9774195787616073,0.0008906275033950806
1746728710982518800,52.878518798828125,-0.22017543620819666,0.0027033528313040733,-0.1023331634817004,-0.00565732317045331,-0.05488871618991865,0.9873675368387368,-0.13358622014248936,left,-0.0003159046173095703,-0.2030326284775533,-2.097787102764845,-9.373339247000217,-0.10779899808391771,0.0004581557586789131,-0.000361710786819458,1.9774195787616073,0.0003368109464645386
1746728711022518800,52.918518798828124,-0.22017543620819666,-0.0008021376561373472,-0.1023331634817004,-0.0028345182072371244,-0.05488871618991865,0.9873675368387368,-0.13358622014248936,left,-0.0004933476448059082,-0.2030326284775533,-2.097787102764845,-9.373339247000217,-0.10779899808391771,0.004806290380656719,-0.0003059953451156616,1.9774195787616073,-0.00021700561046600342
1746728711062518800,52.95851879882812,-0.22017543620819666,-0.0026881920639425516,-0.1023331634817004,0.00020031421445310116,-0.05488871618991865,0.9873675368387368,-0.13358622014248936,left,-0.0007112622261047363,-0.2030326284775533,-2.097787102764845,-9.373339247000217,-0.10779899808391771,0.00646634679287672,-0.000482216477394104,1.9774195787616073,0.000124320387840271
1746728711102518800,52.99851879882812,-0.22017543620819666,-0.002326302696019411,-0.1023331634817004,0.004020229913294315,-0.05488871618991865,0.9873675368387368,-0.13358622014248936,left,-0.0011400580406188965,-0.2030326284775533,-2.097787102764845,-9.373339247000217,-0.10779899808391771,0.0025311983190476894,-0.0000232011079788208,1.9774195787616073,-0.0003196299076080322
1746728711142519000,53.03851904296875,-0.22017543620819666,-0.0031637519132345915,-0.1023331634817004,0.004482319578528404,-0.05488871618991865,0.9873675368387368,-0.13358622014248936,left,-0.0005729794502258301,-0.2030326284775533,-2.097787102764845,-9.373339247000217,-0.10779899808391771,-0.001831004861742258,0.000651136040687561,1.9774195787616073,-0.000548630952835083
1746728711182519000,53.07851904296875,-0.22017543620819666,-0.00255731213837862,-0.1023331634817004,0.0007250506896525621,-0.05488871618991865,0.9873675368387368,-0.13358622014248936,left,-0.000007748603820800781,-0.2030326284775533,-2.097787102764845,-9.373339247000217,-0.10779899808391771,-0.0018800785765051842,0.0003419220447540283,1.9774195787616073,0.00017848610877990723
1746728711222519000,53.11851904296875,-0.22017543620819666,-0.0019508725963532925,-0.1023331634817004,-0.0030322179663926363,-0.05488871618991865,0.9873675368387368,-0.13358622014248936,left,0.0005574822425842285,-0.2030326284775533,-2.097787102764845,-9.373339247000217,-0.10779899808391771,-0.0019291522912681103,0.000032708048820495605,1.9774195787616073,0.0009056031703948975
1746728711262518800,53.158518798828126,-0.22017543620819666,0.0012423545122146606,-0.1023331634817004,-0.004315894562751055,-0.05488871618991865,0.9873675368387368,-0.13358622014248936,left,0.00015616416931152344,-0.2030326284775533,-2.097787102764845,-9.373339247000217,-0.10779899808391771,0.0030836351215839386,-0.00011657178401947021,1.9774195787616073,0.00121404230594635
1746728711302518800,53.198518798828125,-0.22017543620819666,0.0018829763866961002,-0.1023331634817004,-0.004607833456248045,-0.05488871618991865,0.9873675368387368,-0.13358622014248936,left,0.00010341405868530273,-0.2030326284775533,-2.097787102764845,-9.373339247000217,-0.10779899808391771,0.0090117696672678,0.00044490396976470947,1.9774195787616073,0.0002193152904510498
1746728711342518800,53.238518798828125,-0.22017543620819666,0.0013949197018519044,-0.1023331634817004,-0.003180308034643531,-0.05488871618991865,0.9873675368387368,-0.13358622014248936,left,-0.0003682374954223633,-0.2030326284775533,-2.097787102764845,-9.373339247000217,-0.10779899808391771,0.007199171930551529,0.00036659836769104004,1.9774195787616073,0.00008445978164672852
1746728711382519000,53.27851904296875,-0.22017543620819666,0.00007002672646194696,-0.1023331634817004,-0.005883929319679737,-0.05488871618991865,0.9873675368387368,-0.13358622014248936,left,-0.0003216862678527832,-0.2030326284775533,-2.097787102764845,-9.373339247000217,-0.10779899808391771,0.0075164115987718105,-0.0004658550024032593,1.9774195787616073,-0.00028474628925323486
1746728711422519000,53.31851904296875,-0.2204921118814435,0.0017584380693733692,-0.10252614342824466,-0.006111700087785721,-0.054781456958138734,0.9873860572684041,-0.13333334088627463,left,0.0001958012580871582,-0.20243476981799885,-2.1010135174654425,-9.373826153734326,-0.10750001863947878,0.004407600034028292,-0.00039230287075042725,1.9716766511954367,-0.0004582405090332031
1746728711462519000,53.35851904296875,-0.2204921118814435,0.0012589336838573217,-0.10252614342824466,-0.008703944273293018,-0.054781456958138734,0.9873860572684041,-0.13333334088627463,left,0.0003558993339538574,-0.20243476981799885,-2.1010135174654425,-9.373826153734326,-0.10750001863947878,0.0020372001454234123,-0.0009776502847671509,1.9716766511954367,-0.0004997402429580688
1746728711502518800,53.39851879882813,-0.2204921118814435,0.0007594291237182915,-0.10252614342824466,-0.01129618939012289,-0.054781456958138734,0.9873860572684041,-0.13333334088627463,left,0.0005159974098205566,-0.20243476981799885,-2.1010135174654425,-9.373826153734326,-0.10750001863947878,-0.0003331999760121107,-0.0015629976987838745,1.9716766511954367,-0.0005412548780441284
1746728711542518800,53.43851879882813,-0.2204921118814435,0.0016628617886453867,-0.10252614342824466,0.016145221889019012,-0.054781456958138734,0.9873860572684041,-0.13333334088627463,left,-0.004501760005950928,-0.20243476981799885,-2.1010135174654425,-9.373826153734326,-0.10750001863947878,-0.00831211544573307,-0.0007409900426864624,1.9716766511954367,0.0007721930742263794
1746728711582518800,53.47851879882813,-0.2204921118814435,-0.003490675939247012,-0.10252614342824466,0.00775280874222517,-0.054781456958138734,0.9873860572684041,-0.13333334088627463,left,0.0011140704154968262,-0.20243476981799885,-2.1010135174654425,-9.373826153734326,-0.10750001863947878,-0.01301610842347145,-0.00045593082904815674,1.9716766511954367,-0.00031569600105285645
1746728711622519000,53.51851904296875,-0.22024542127962274,-0.0024846179876476526,-0.10236470750102944,0.005308246240019798,-0.054925909378458995,0.9873632738270404,-0.13366537327555716,left,0.001246631145477295,-0.2030000234253581,-2.0984572571113707,-9.373255075848101,-0.1077889009998305,-0.011002473533153534,0.00035427510738372803,1.9771064211592078,0.0019281208515167236
1746728711662519000,53.55851904296875,-0.22024542127962274,0.0034673551563173532,-0.10236470750102944,0.0010868110693991184,-0.054925909378458995,0.9873632738270404,-0.13366537327555716,left,0.00025451183319091797,-0.2030000234253581,-2.0984572571113707,-9.373255075848101,-0.1077889009998305,-0.006038235500454903,-0.0005101561546325684,1.9771064211592078,0.002277165651321411
1746728711702519000,53.59851904296875,-0.22024542127962274,0.009419328533113003,-0.10236470750102944,-0.0031346241012215614,-0.054925909378458995,0.9873632738270404,-0.13366537327555716,left,-0.000737607479095459,-0.2030000234253581,-2.0984572571113707,-9.373255075848101,-0.1077889009998305,-0.0010739974677562714,-0.0013745874166488647,1.9771064211592078,0.002626195549964905
1746728711742518800,53.63851879882812,-0.22039985634151918,0.00592076638713479,-0.10244022235794158,-0.001424832153134048,-0.054716306596504644,0.9873413196656319,-0.13331709160312374,left,-0.0008705854415893555,-0.20350637362913326,-2.0996856298625466,-9.37195276107788,-0.10802489425507472,-0.0007314210524782538,-0.0014430135488510132,1.9819697894118724,0.0018971413373947144
1746728711782518800,53.67851879882812,-0.22039985634151918,0.002370546106249094,-0.10244022235794158,-0.002668315079063177,-0.054716306596504644,0.9873413196656319,-0.13331709160312374,left,-0.0013793110847473145,-0.20350637362913326,-2.0996856298625466,-9.37195276107788,-0.10802489425507472,0.005617028102278709,-0.0009154081344604492,1.9819697894118724,0.0007170140743255615
1746728711938519000,53.83451904296875,-0.22044230934535877,-0.006610266398638487,-0.10249869128041865,0.007019543554633856,-0.0548917115869219,0.9873923088047742,-0.13352810302931134,left,-0.0012077719438821077,-0.20223765648965722,-2.1006316785410046,-9.374309553337097,-0.10741148134951582,0.013897215947508812,0.0011238036677241325,1.969783092533797,-0.0003733297053258866
1746728711978390300,53.874390380859374,-0.22006751484855694,0.003048459067940712,-0.10233882222953955,0.0073860143311321735,-0.05489732278167532,0.9874384135016678,-0.13343698078330146,left,0,-0.20171088463378162,-2.0973441813029345,-9.376107542669773,-0.10713684614712425,0.004032655619084835,0,1.9647223020128906,0
1746728712018390500,53.914390625,-0.2200656653861661,0.0007333646062761545,-0.10231982583366035,0.0012694220058619976,-0.05493086503925104,0.9874207351981283,-0.13354251999519307,left,0.00015616416931152344,-0.20203349157114442,-2.0971884062193333,-9.375492625641822,-0.1073012249607119,-0.003892817534506321,0.0009174346923828125,1.9678217293329536,-0.0003063082695007324
1746728712058390300,53.95439038085937,-0.2200656653861661,0.0016079931519925594,-0.10231982583366035,-0.00039596972055733204,-0.05493086503925104,0.9874207351981283,-0.13354251999519307,left,-0.00015372037887573242,-0.20203349157114442,-2.0971884062193333,-9.375492625641822,-0.1073012249607119,-0.0017978304531425238,-0.00001582503318786621,1.9678217293329536,0.0004331916570663452
1746728712098390300,53.99439038085937,-0.2200656653861661,0.0024826216977089643,-0.10231982583366035,-0.0020613614469766617,-0.05493086503925104,0.9874207351981283,-0.13354251999519307,left,-0.0004636049270629883,-0.20203349157114442,-2.0971884062193333,-9.375492625641822,-0.1073012249607119,0.0002971566282212734,-0.0009490698575973511,1.9678217293329536,0.0011726915836334229
1746728712138390300,54.03439038085938,-0.2200656653861661,0.0013276268728077412,-0.10231982583366035,-0.0032558185048401356,-0.05493086503925104,0.9874207351981283,-0.13354251999519307,left,-0.00046509504318237305,-0.20203349157114442,-2.0971884062193333,-9.375492625641822,-0.1073012249607119,0.004642123356461525,-0.0007839351892471313,1.9678217293329536,0.0004798024892807007
1746728712178390300,54.07439038085938,-0.2200656653861661,0.0003824655432254076,-0.10231982583366035,-0.002515708329156041,-0.05493086503925104,0.9874207351981283,-0.13354251999519307,left,-0.0008330345153808594,-0.20203349157114442,-2.0971884062193333,-9.375492625641822,-0.1073012249607119,0.009414944797754288,-0.0005709975957870483,1.9678217293329536,0.0003031045198440552
1746728712218390300,54.114390380859376,-0.22035387675056867,0.00016963639063760638,-0.10248699448255948,-0.0033732112497091293,-0.05481916164468207,0.9874273668307929,-0.133309782570816,left,0.0006221532821655273,-0.20171117686625437,-2.100029036472738,-9.375506069645285,-0.10713831503412616,0.017658332362771034,-0.0005515217781066895,1.9647250784918664,-0.00012983381748199463
1746728712258390500,54.154390625,-0.22060808525154185,-0.007311524357646704,-0.10264813960839178,-0.0005601325538009405,-0.054790434294607865,0.9874526464034951,-0.1331899148600529,left,-0.0016866326332092285,-0.20095090903263388,-2.1027385876923796,-9.37642669162154,-0.10676434361698099,0.020906196907162666,0.0002877563238143921,1.9574200161755084,-0.0009857416152954102
1746728712298390300,54.194390380859375,-0.2208927561758565,-0.0058458358980715275,-0.10278855169439097,0.010919350199401379,-0.054954867136264816,0.987449287409051,-0.13350309734301324,left,-0.006044149398803711,-0.20052000135384898,-2.1055922235578297,-9.376649978983401,-0.10657580340882816,0.007961414754390717,0.0009780824184417725,1.9532791169784962,0.00129777193069458
1746728712338390300,54.234390380859374,-0.22117728311134463,-0.004380147438496351,-0.10292896343160221,0.02239883318543434,-0.055119255332913515,0.9874458889236349,-0.1338160547503958,left,-0.010402023792266846,-0.20008904122791377,-2.108444544249028,-9.376870928257704,-0.10638726350920118,-0.004983367398381233,0.0016682446002960205,1.9491373409986494,0.003581419587135315
1746728712378390300,54.27439038085937,-0.220943923253515,0.002089043613523245,-0.10278448081512885,0.011291970498859882,-0.05521970310349024,0.9874312904948314,-0.1340462020352639,left,-0.001794278621673584,-0.20052994603948038,-2.10606773211509,-9.37652313773334,-0.1066100215427074,-0.021119054406881332,-0.0004222989082336426,1.95337468630746,0.0029091984033584595
1746728712576452900,54.47245288085937,-0.22158073754126936,0.0011600611032918096,-0.10304167457542097,-0.004671549424529076,-0.05442824145632168,0.9872861686984558,-0.13287869588477033,left,-0.00288074417039752,-0.20364147132531088,-2.11069246930629,-9.369205508196353,-0.10810120261763423,-0.012185738421976566,-0.000058728212025016546,1.9832672818765043,0.0014792834408581257
1746728712616285200,54.51228515625,-0.22216821444490922,-0.002744074910879135,-0.10331010745761703,-0.013236921280622482,-0.05445144760376904,0.9872355540110039,-0.13303100391494535,left,0,-0.2039878344287803,-2.1160447901196777,-9.367293537095188,-0.10829576230098725,-0.003951984457671642,0,1.9865936498202383,0
1746728712656285000,54.55228491210938,-0.22216821444490922,0.0005272720009088516,-0.10331010745761703,-0.006845258176326752,-0.05445144760376904,0.9872355540110039,-0.13303100391494535,left,-0.0006600618362426758,-0.2039878344287803,-2.1160447901196777,-9.367293537095188,-0.10829576230098725,-0.003421262139454484,0.00040650367736816406,1.9865936498202383,0.0008189231157302856
1746728712696285000,54.59228491210938,-0.22193929315784494,-0.000559866544790566,-0.10319994587160683,-0.002844652161002159,-0.05441149018375415,0.9872470803004367,-0.1329325848403664,left,-0.00033485889434814453,-0.20405245737576921,-2.1138721222557124,-9.367652433535456,-0.10831629517831286,-0.0015503749018535018,0.0008827745914459229,1.987214265936613,0.0003402978181838989
1746728712736285000,54.63228491210938,-0.22193929315784494,-0.0016470050904899836,-0.10319994587160683,0.0011559538543224335,-0.05441149018375415,0.9872470803004367,-0.1329325848403664,left,-0.000046193599700927734,-0.20405245737576921,-2.1138721222557124,-9.367652433535456,-0.10831629517831286,0.0003205126849934459,0.0015805959701538086,1.987214265936613,-0.0000750422477722168
1746728712776285000,54.672284912109376,-0.22193929315784494,-0.0025052078999578953,-0.10319994587160683,0.0011202148161828518,-0.05441149018375415,0.9872470803004367,-0.1329325848403664,left,-0.0004233717918395996,-0.20405245737576921,-2.1138721222557124,-9.367652433535456,-0.10831629517831286,-0.0014739956241101027,0.0012565255165100098,1.987214265936613,0.00033499300479888916
1746728712816285000,54.712284912109375,-0.22193929315784494,-0.0015580484177917242,-0.10319994587160683,-0.001474936492741108,-0.05441149018375415,0.9872470803004367,-0.1329325848403664,left,-0.0002211928367614746,-0.20405245737576921,-2.1138721222557124,-9.367652433535456,-0.10831629517831286,-0.003459535539150238,0.0010624974966049194,1.987214265936613,0.0010020285844802856
1746728712856285200,54.75228515625,-0.22193929315784494,0.0012944017071276903,-0.10319994587160683,-0.003938785754144192,-0.05441149018375415,0.9872470803004367,-0.1329325848403664,left,0.00019800662994384766,-0.20405245737576921,-2.1138721222557124,-9.367652433535456,-0.10831629517831286,-0.0031326995231211185,0.0002027750015258789,1.987214265936613,0.0012781471014022827
1746728712896285200,54.79228515625,-0.22193929315784494,0.0024862242862582207,-0.10319994587160683,-0.008112112060189247,-0.05441149018375415,0.9872470803004367,-0.1329325848403664,left,0.0007187128067016602,-0.20405245737576921,-2.1138721222557124,-9.367652433535456,-0.10831629517831286,-0.0007493847515434027,-0.0005429089069366455,1.987214265936613,0.002651035785675049
1746728712936285000,54.83228491210937,-0.2222049480891655,0.0040856474079191685,-0.1033253292412967,-0.008765235543251038,-0.054311434260023585,0.9872212023751556,-0.1327989844601065,left,-0.00007039308547973633,-0.20439018992557553,-2.1162125479020175,-9.366435458961128,-0.10848307044940723,0.002843808615580201,-0.0005673915147781372,1.990457485641539,0.0017758011817932129
1746728712976285000,54.87228491210937,-0.2222049480891655,0.001535594230517745,-0.1033253292412967,-0.007614882197231054,-0.054311434260023585,0.9872212023751556,-0.1327989844601065,left,-0.0009166598320007324,-0.20439018992557553,-2.1162125479020175,-9.366435458961128,-0.10848307044940723,0.0028879616875201464,-0.00044693052768707275,1.990457485641539,0.001139819622039795
1746728713016285000,54.91228491210938,-0.2222049480891655,-0.0010144587140530348,-0.1033253292412967,-0.006464528851211071,-0.054311434260023585,0.9872212023751556,-0.1327989844601065,left,-0.001762986183166504,-0.20439018992557553,-2.1162125479020175,-9.366435458961128,-0.10848307044940723,0.0029321147594600916,-0.0003264695405960083,1.990457485641539,0.0005038231611251831
1746728713056285000,54.95228491210938,-0.2222049480891655,-0.001955999294295907,-0.1033253292412967,-0.01053055003285408,-0.054311434260023585,0.9872212023751556,-0.1327989844601065,left,0.0034709572792053223,-0.20439018992557553,-2.1162125479020175,-9.366435458961128,-0.10848307044940723,0.0034819114953279495,-0.0009441077709197998,1.990457485641539,-0.0003843456506729126
1746728713096285000,54.992284912109376,-0.22283461868520005,-0.00008979893755167723,-0.10365129513812725,0.0032721953466534615,-0.05421639237183588,0.9872013511613169,-0.13265325681680526,left,-0.0045705437660217285,-0.2042015419716836,-2.1221927913554013,-9.365466906189917,-0.10839964629113917,0.005433129146695137,0.0005006641149520874,1.9886459061749278,-0.0005008131265640259
1746728713136285200,55.03228515625,-0.22283461868520005,0.0014760539634153247,-0.10365129513812725,0.006918021943420172,-0.05421639237183588,0.9872013511613169,-0.13265325681680526,left,-0.001323103904724121,-0.2042015419716836,-2.1221927913554013,-9.365466906189917,-0.10839964629113917,-0.0043678609654307365,-0.000003471970558166504,1.9886459061749278,0.0003095567226409912
1746728713176285000,55.072284912109374,-0.22283461868520005,-0.0007762032328173518,-0.10365129513812725,0.005573525093495846,-0.05421639237183588,0.9872013511613169,-0.13265325681680526,left,-0.0019662976264953613,-0.2042015419716836,-2.1221927913554013,-9.365466906189917,-0.10839964629113917,-0.006484929472208023,0.0013405382633209229,1.9886459061749278,0.0014674961566925049
1746728713216285000,55.112284912109374,-0.22269337758167268,0.0023282873444259167,-0.10358588242821859,0.0005347193218767643,-0.05411822796897093,0.9872063511400998,-0.13245822084612718,left,-0.000782012939453125,-0.20436473820772932,-2.120798268257081,-9.365449955055118,-0.10846614154539354,-0.0022744578309357166,0.0012732446193695068,1.9902130093611776,0.001333385705947876
1746728713256285000,55.15228491210937,-0.22269337758167268,0.005432778038084507,-0.10358588242821859,-0.0045040869154036045,-0.05411822796897093,0.9872063511400998,-0.13245822084612718,left,0.00040405988693237305,-0.20436473820772932,-2.120798268257081,-9.365449955055118,-0.10846614154539354,0.0019360138103365898,0.001348152756690979,1.9902130093611776,0.0013590902090072632
1746728713296285000,55.19228491210937,-0.2228111273835906,0.004505866672843695,-0.10365202552177911,-0.007383892312645912,-0.05397951643533938,0.9872001537924073,-0.13220741559429863,left,0.00016117095947265625,-0.20451046149564434,-2.1218369636550545,-9.364916871091722,-0.10852815363171969,-0.0003531314432621002,0.00041556358337402344,1.9916123547650872,0.0015502572059631348
1746728713336285000,55.23228491210938,-0.2228111273835906,0.0035789557732641697,-0.10365202552177911,-0.010263697244226933,-0.05397951643533938,0.9872001537924073,-0.13220741559429863,left,-0.000027418136596679688,-0.20451046149564434,-2.1218369636550545,-9.364916871091722,-0.10852815363171969,-0.0026422766968607903,-0.0006229281425476074,1.9916123547650872,0.0018841028213500977
1746728713376285200,55.27228515625,-0.2228111273835906,0.002443585079163313,-0.10365202552177911,0.002525375224649906,-0.05397951643533938,0.9872001537924073,-0.13220741559429863,left,-0.0017409324645996094,-0.20451046149564434,-2.1218369636550545,-9.364916871091722,-0.10852815363171969,0.0011003026738762856,0.0000011622905731201172,1.9916123547650872,0.0012326538562774658
1746728713416285000,55.31228491210938,-0.2228111273835906,-0.000036108773201704025,-0.10365202552177911,0.004732233006507158,-0.05397951643533938,0.9872001537924073,-0.13220741559429863,left,-0.001384139060974121,-0.20451046149564434,-2.1218369636550545,-9.364916871091722,-0.10852815363171969,0.003453828627243638,0.0003781914710998535,1.9916123547650872,0.00031094253063201904
1746728713456285000,55.352284912109376,-0.2228111273835906,-0.0025158028583973646,-0.10365202552177911,0.00693909078836441,-0.05397951643533938,0.9872001537924073,-0.13220741559429863,left,-0.0010272860527038574,-0.20451046149564434,-2.1218369636550545,-9.364916871091722,-0.10852815363171969,0.005807355046272278,0.0007552355527877808,1.9916123547650872,-0.0006107836961746216
1746728713496285000,55.392284912109375,-0.22255767662162437,-0.0030076312832534313,-0.10355247835918403,0.004635476507246494,-0.05393140040122366,0.9872377264960311,-0.1320323604119713,left,-0.000847160816192627,-0.20409066081154875,-2.119647783047706,-9.366269454744458,-0.1083053412305329,0.005698110442608595,0.0005308240652084351,1.9875811995528636,0.00002911686897277832
1746728713692639000,55.588638916015626,-0.2224584142092862,-0.0011738591128960252,-0.10352682480317776,-0.005809118039906025,-0.05408547740670341,0.9872790012154788,-0.1322285940136123,left,-0.00015219225315377116,-0.2032035029021016,-2.119106223516911,-9.368195454370975,-0.10787555866306342,0.00868921261280775,-0.000040335580706596375,1.9790609162278472,0.0029254532419145107
1746728713732504000,55.628504150390626,-0.22264664493166744,0.0026068228762596846,-0.10363659454613758,-0.0036843318957835436,-0.05403387983538647,0.9872852444798295,-0.13211194236983384,left,-0.0004669252666644752,-0.2029274727000799,-2.120990137567371,-9.368329309883713,-0.10773855343366022,0.006669334601610899,-0.0027434013318270445,1.9764095249362288,0.0009158593602478504
1746728713772504000,55.668504150390625,-0.2228154819846256,-0.00009028380736708641,-0.10372692926084238,-0.003419437911361456,-0.054005244282370225,0.9872830716398996,-0.1320594412591257,left,-0.0004881620407104492,-0.20281843737536984,-2.1226193462044,-9.368180841323733,-0.10768663859074357,0.0044263675808906555,-0.0018503814935684204,1.975362207840383,-0.0005994439125061035
1746728713812504000,55.708504150390624,-0.2228154819846256,-0.0027873902581632137,-0.10372692926084238,-0.0031545436941087246,-0.054005244282370225,0.9872830716398996,-0.1320594412591257,left,-0.0004942417144775391,-0.20281843737536984,-2.1226193462044,-9.368180841323733,-0.10768663859074357,0.0021834010258316994,-0.0011234879493713379,1.975362207840383,-0.002221539616584778
1746728713852504000,55.74850415039062,-0.2228154819846256,-0.0025397902354598045,-0.10372692926084238,-0.00001918966881930828,-0.054005244282370225,0.9872830716398996,-0.1320594412591257,left,0.00030052661895751953,-0.20281843737536984,-2.1226193462044,-9.368180841323733,-0.10768663859074357,-0.0013524102978408337,-0.0015488117933273315,1.975362207840383,-0.00022758543491363525
1746728713892504000,55.78850415039062,-0.2228154819846256,0.0010789476800709963,-0.10372692926084238,0.007692944258451462,-0.054005244282370225,0.9872830716398996,-0.1320594412591257,left,0.0006197094917297363,-0.20281843737536984,-2.1226193462044,-9.368180841323733,-0.10768663859074357,-0.007896678522229195,-0.0007786750793457031,1.975362207840383,0.00031732022762298584
1746728713932504000,55.82850415039063,-0.2228154819846256,0.004697686061263084,-0.10372692926084238,0.01540507934987545,-0.054005244282370225,0.9872830716398996,-0.1320594412591257,left,0.0009388923645019531,-0.20281843737536984,-2.1226193462044,-9.368180841323733,-0.10768663859074357,-0.014440948143601418,-0.000008538365364074707,1.975362207840383,0.0008622109889984131
1746728713972504000,55.86850415039063,-0.22267806365740409,0.004947327077388763,-0.10363669116293751,0.006789538078010082,-0.05407504935424264,0.9872693791364111,-0.13222723319966026,left,0.0020008087158203125,-0.20316771388290997,-2.1211795226596295,-9.367799148529768,-0.10786378177206336,-0.011041268706321716,0.00022411346435546875,1.9787170712262392,0.0019628703594207764
1746728714012504000,55.90850415039063,-0.22267806365740409,0.0051969680935144424,-0.10363669116293751,-0.0018260031938552856,-0.05407504935424264,0.9872693791364111,-0.13222723319966026,left,0.003101646900177002,-0.20316771388290997,-2.1211795226596295,-9.367799148529768,-0.10786378177206336,-0.00764159020036459,0.0006035715341567993,1.9787170712262392,0.0034056007862091064
1746728714171016700,56.0670166015625,-0.22319377212725752,-0.0070273191668093204,-0.10389628679527249,-0.010320143774151802,-0.053584023844290826,0.9872166114693638,-0.13141042394076752,left,0.0018903410527855158,-0.2041920012111293,-2.12556051422283,-9.364722225302458,-0.1083401419623912,-0.012677982449531555,-0.0010099390055984259,1.9885542823687195,0.0010623930720612407
1746728714210882000,56.10688208007812,-0.22347035936959875,-0.005751139484345913,-0.10401690410044963,0.010819068178534508,-0.05366848195519447,0.9871912115170408,-0.13162518973770176,left,-0.0054536545649170876,-0.20430393464939858,-2.1281012847468257,-9.36391733866036,-0.10841389003558438,0.002504938282072544,0.0008373461896553636,1.989629218123853,-0.0002721729688346386
1746728714250881800,56.1468818359375,-0.22312717874550958,-0.005012971349060535,-0.10383650221217751,0.008169046603143215,-0.05379642944314943,0.9872043599096803,-0.13184403359530059,left,-0.0030591487884521484,-0.20428128160023779,-2.1248976663999257,-9.364691245642303,-0.10840486178247248,-0.0026910328306257725,0.0005794614553451538,1.9894116298504172,0.00017595291137695312
1746728714290882000,56.18688208007813,-0.22280228056958287,-0.007419312838464975,-0.1036487066047736,0.012172980234026909,-0.05395395964379724,0.9871999881016194,-0.13215947778195247,left,-0.003763735294342041,-0.204551044254186,-2.121736279759556,-9.364857249858975,-0.10854543314374829,-0.012467710301280022,0.0014657080173492432,1.9920020847350357,-0.0006681233644485474
1746728714330882000,56.22688208007813,-0.2222910917491245,-0.015398580580949783,-0.10332677173898833,0.020506739616394043,-0.05427853354240159,0.9871687042654304,-0.13285829822780615,left,-0.0031645894050598145,-0.20537461999705095,-2.1165863496504724,-9.364337025377154,-0.10897365961699199,-0.03191868215799332,0.0009587258100509644,1.9999094968587159,-0.0018728524446487427
1746728714370882000,56.266882080078126,-0.22162941771199315,-0.028438830748200417,-0.10287163767082969,0.029940934851765633,-0.05488483516651085,0.9870980781329272,-0.13418478235535392,left,-0.005193829536437988,-0.20682373012279343,-2.1097505122810603,-9.362898517006634,-0.10973810705659746,-0.053009819239377975,0.001426398754119873,2.0138196565285322,-0.003076404333114624
1746728714410882000,56.306882080078125,-0.22024501269968488,-0.04768326133489609,-0.10198630314887099,0.05354776978492737,-0.055891916083100124,0.9870069968305617,-0.13632420127436087,left,-0.003870368003845215,-0.208974383126348,-2.095835384175181,-9.361562299966812,-0.11086908495667286,-0.07606413215398788,0.00005291402339935303,2.034456201843917,-0.005714967846870422
1746728714450882000,56.346882080078124,-0.21867358504262993,-0.06313546001911163,-0.10093476613707236,0.05040217190980911,-0.0573282547268981,0.986871631685195,-0.13937042219907123,left,0.001962125301361084,-0.21164293256532815,-2.079936681036651,-9.35951062813401,-0.11229387768092489,-0.08933290839195251,-0.001313239336013794,2.0600492005228994,-0.006432756781578064
1746728714490881800,56.3868818359375,-0.21807314382982176,-0.060305867344141006,-0.10034919892414935,0.036973003298044205,-0.05886702308957196,0.9866837123117048,-0.14271063826597044,left,-0.0003666877746582031,-0.21412164168183828,-2.07320532695502,-9.35574396907687,-0.11366546604032465,-0.08302520960569382,0.0010638535022735596,2.0838082617729903,-0.0024602115154266357
1746728714530882000,56.42688208007812,-0.21748088517218686,-0.05747627466917038,-0.09976317797916082,0.023543834686279297,-0.06040547364328463,0.9864912942402813,-0.1460510636903762,left,-0.002703845500946045,-0.21660234566841627,-2.0665422158040103,-9.351893723389505,-0.11503654061596429,-0.07671751081943512,0.003447920083999634,2.107573606633395,0.0015116631984710693
1746728714570882000,56.46688208007812,-0.21734356650644138,-0.05263770744204521,-0.09942569081883511,0.011621148325502872,-0.06178526902759312,0.9862945339124439,-0.14909252178403887,left,-0.0007879734039306641,-0.2188215994096702,-2.06424431412518,-9.347587550628186,-0.1162764021908915,-0.06217212229967117,0.001321837306022644,2.128823315411061,0.0030865371227264404
1746728714610882000,56.50688208007813,-0.21732759249757422,-0.03596334159374237,-0.09921458352006413,0.005425061099231243,-0.0628442393649818,0.9861440713121543,-0.15142170568934904,left,-0.0006176233291625977,-0.22038645353634537,-2.0633742532923818,-9.344355729100108,-0.11716182380885994,-0.036301616579294205,0.0005852878093719482,2.143800812051445,0.005985066294670105
1746728714650882000,56.54688208007813,-0.21771514766270944,-0.013926401734352112,-0.09935259453277737,-0.007071339525282383,-0.06304188168314778,0.986081757528989,-0.15193143596082237,left,0.0006936192512512207,-0.2209207339230661,-2.0667478213787076,-9.342436159214376,-0.11746227916139787,-0.018676800653338432,0.0002703815698623657,2.1489131866291165,0.005228936672210693
1746728714690882000,56.58688208007813,-0.21810307301708579,0.008110543712973595,-0.09949059567274762,-0.019567742943763733,-0.06323952400131312,0.9860194437458234,-0.15244148153633205,left,0.0020044445991516113,-0.22145486854227084,-2.070123143030703,-9.340511328631639,-0.11776272335268376,-0.0010519828647375107,-0.00004433095455169678,2.1540236615106463,0.004473000764846802
1746728714730882000,56.626882080078126,-0.2186108986521732,0.01669924333691597,-0.09975541894606507,-0.020166169852018356,-0.06301677365430124,0.985997239326677,-0.15207036214966954,left,0.0026451945304870605,-0.2216246492694318,-2.07478689705804,-9.339102046355604,-0.1178438161380324,0.004443544894456863,-0.00019809603691101074,2.155648047842085,0.004103720188140869
1746728714770882000,56.666882080078125,-0.2191031258330825,0.010007684119045734,-0.10002372865350923,-0.012278669513761997,-0.06279162327237103,0.9859875541001621,-0.15166732576833494,left,0.0016968846321105957,-0.22158098098788664,-2.079404035464674,-9.338171487507223,-0.11781767864554453,0.0027549895457923412,-0.0001445561647415161,2.1552302608214315,0.003704369068145752
1746728714810882000,56.706882080078124,-0.2195953395297012,0.0033161239698529243,-0.10029201878985909,-0.0043911682441830635,-0.06256646258236702,0.9859777006016863,-0.15126425632813412,left,0.0007483363151550293,-0.22153748042858284,-2.084020589349419,-9.337238006049395,-0.11779151867629858,0.0010664343135431409,-0.00009106099605560303,2.154814081235975,0.0033048242330551147
1746728714850882000,56.74688208007812,-0.22012669146780497,-0.003682541660964489,-0.10055590542114823,-0.009774595499038696,-0.06252518866868087,0.9859525710373693,-0.15124224138495493,left,0.0005564689636230469,-0.22152247271930958,-2.08898873315081,-9.33616131672859,-0.11779963234065192,0.0010127132991328835,-0.0004763752222061157,2.1546704349815844,0.003620848059654236
1746728714890882000,56.78688208007812,-0.22012669146780497,0.0031603537499904633,-0.10055590542114823,-0.010768536478281021,-0.06252518866868087,0.9859525710373693,-0.15124224138495493,left,0.0019721388816833496,-0.22152247271930958,-2.08898873315081,-9.33616131672859,-0.11779963234065192,0.007301251869648695,-0.0026876628398895264,2.1546704349815844,0.006071180105209351
1746728714930882000,56.82688208007813,-0.22073797923816818,0.017713461071252823,-0.10091430056832343,-0.01421293430030346,-0.06219068603091979,0.9859637724325071,-0.15058603561987624,left,0.002474546432495117,-0.22109678195340923,-2.0948960574984548,-9.335776701325178,-0.11757617468686599,0.02144005335867405,-0.0024228841066360474,2.150597632584721,0.00518953800201416
1746728714970882000,56.86688208007813,-0.2214492976698741,0.0178642850369215,-0.10137089895483897,-0.020707564428448677,-0.061572109820156,0.9860042834035153,-0.1493272393761724,left,0.0022224783897399902,-0.22035247731125449,-2.101887231560051,-9.335843336820602,-0.11716826963203317,0.022802453488111496,-0.0025516897439956665,2.143475671750307,0.0029936283826828003
1746728715010882000,56.90688208007813,-0.22216143009175648,0.01801511086523533,-0.10182740944582476,-0.027202194556593895,-0.06095348722305976,0.9860440371506997,-0.14806810405576026,left,0.001968979835510254,-0.21960902136754526,-2.1088855660147963,-9.335895943790673,-0.11676026327752749,0.024164853617548943,-0.002679765224456787,2.136360579048097,0.0007970333099365234
1746728715050882000,56.946882080078126,-0.2229893605146147,0.017453422769904137,-0.10233091064233855,-0.020928150042891502,-0.060381970120095156,0.986070391053688,-0.14692575205926045,left,-0.0015253424644470215,-0.2189324126671621,-2.1169335556529463,-9.335553998485207,-0.11639408769447637,0.023750128224492073,-0.0012511909008026123,2.1298840765103697,-0.0007576197385787964
1746728715207668700,57.10366870117188,-0.22351810604136288,-0.008594522252678871,-0.10284773623683051,0.009482729248702526,-0.05931601928849904,0.9862530350786528,-0.1444957235662316,left,-0.0003730104072019458,-0.21617951254603557,-2.123161051865667,-9.34011560731232,-0.11493027858346799,0.010885749943554401,0.0012780037941411138,2.1035237467207013,-0.002609719755128026
1746728715247537400,57.143537353515626,-0.22330615209679963,-0.0005060122348368168,-0.1027283574646854,0.0024213972501456738,-0.05947777377115443,0.9862576519514977,-0.14479270758125343,left,0.0013668631436303258,-0.21612671923766083,-2.1212058261446654,-9.340673825716971,-0.11491326749451984,-0.011620007455348969,0.0006647949339821935,2.1030181352861224,0.0026882102247327566
1746728715287537400,57.183537353515625,-0.2234312159812046,-0.002514222636818886,-0.10277963157354911,-0.00002072751522064209,-0.05941773418485235,0.9862363744080165,-0.14472637835691612,left,0.0002250075340270996,-0.21646728630067624,-2.1222151493176815,-9.339709364598988,-0.11508121873824309,-0.007210792042315006,0.00032830238342285156,2.1062800596915183,0.00109785795211792
1746728715327537400,57.223537353515624,-0.2235562818718142,-0.004522433038800955,-0.1028309056388142,-0.002462852280586958,-0.059357694598550205,0.9862150968645355,-0.1446600980699709,left,-0.000916898250579834,-0.21680787692767295,-2.1232241802297533,-9.338743734437227,-0.11524917002053177,-0.002801576629281044,-0.000008225440979003906,2.109542130227387,-0.0004924982786178589
1746728715526622700,57.422622802734374,-0.2232215109182938,-0.0174860917031765,-0.10244210768868299,0.005446191411465406,-0.06109795958009463,0.986102917212604,-0.14820475225724278,left,0.0008416604832746089,-0.21726164593024103,-2.119885537326336,-9.338519862553477,-0.1156443506003887,-0.01189170591533184,0.0019024631474167109,2.1138876120857892,0.003003943944349885
1746728715566492400,57.46249243164063,-0.22318983649701132,0.0019739072304219007,-0.10240113585285705,-0.01032368652522564,-0.061280864235026024,0.9860888414097805,-0.14858197140961193,left,0.005460553336888552,-0.21734468220612235,-2.11955089854449,-9.338415233135223,-0.11570357028289335,0.0003890714142471552,0.0009109168313443661,2.1146828541167078,0.005512506701052189
1746728715765838600,57.661838623046876,-0.22490109061085678,-0.018303388729691505,-0.10322710545248125,0.008478161878883839,-0.06070391912256633,0.9859507625863161,-0.147792692777854,left,-0.0033990477677434683,-0.21883433471467634,-2.1348232864782215,-9.331693815925718,-0.11644825164300687,-0.025340646505355835,0.0029272029642015696,2.128945334355533,0.007035350892692804
1746728715805708300,57.70170825195312,-0.22452656855523373,0.004325075075030327,-0.10298681162017058,0.003914716187864542,-0.06088731431062879,0.9859205687014684,-0.14820935652569664,left,0.006670049857348204,-0.21957015850045972,-2.1309788860097525,-9.330962579041719,-0.11682041624896572,-0.0161152221262455,0.0002241789479739964,2.1359885308653115,0.007195919752120972
1746728715845708000,57.7417080078125,-0.2247171667835761,-0.004823894239962101,-0.10305186779702581,0.0013998262584209442,-0.060802663210214554,0.9858745765739633,-0.14815162948196622,left,0.0007458925247192383,-0.22032611356770743,-2.1323969361141324,-9.328979880791902,-0.11719519215847,-0.02167510613799095,0.0016685426235198975,2.143223304424435,0.003800615668296814
1746728715885708000,57.7817080078125,-0.22512050317154522,-0.0183271374553442,-0.10318551808532775,-0.010973143391311169,-0.061017108277917266,0.985799114665794,-0.14872403468989367,left,0.0013194680213928223,-0.2210639532319588,-2.1358058677747844,-9.326574573215842,-0.11760001050048441,-0.013017630204558372,-0.00011652708053588867,2.150283598199487,0.0011081546545028687
1746728715925708300,57.821708251953126,-0.2254473366052085,-0.02213466539978981,-0.10328857867407096,-0.0014861393719911575,-0.06143183772081007,0.9857485846203771,-0.1496195616531663,left,-0.0012143850326538086,-0.22118831643642847,-2.138794235935807,-9.325615372794866,-0.11771741889089138,-0.0029249051585793495,-0.0001650303602218628,2.151473538636416,0.0024202316999435425
1746728715965708300,57.861708251953125,-0.22560843778828424,-0.009587558917701244,-0.10336142236878502,-0.004551980644464493,-0.06165588542963873,0.9857485409814271,-0.15004191100226522,left,-0.0002764463424682617,-0.22076477383853027,-2.1405001630708576,-9.326158393630385,-0.11753584734074987,0.005792178213596344,-0.0009153634309768677,2.1474209022447464,0.0026090145111083984
1746728716005708300,57.901708251953124,-0.22576942237320288,0.002959548495709896,-0.10343427589264488,-0.007617822382599115,-0.06187993829250438,0.9857485814784573,-0.15046420391370738,left,0.000661313533782959,-0.22034124515374706,-2.1422049211621284,-9.326699076378345,-0.11735428699042195,0.014509262517094612,-0.0016658008098602295,2.1433681197226044,0.0027978122234344482
1746728716045708300,57.94170825195312,-0.2260472398393986,0.01857590116560459,-0.10360928293929246,-0.01008205022662878,-0.061684833924061,0.9857634046086837,-0.15006082552531022,left,-0.0011792182922363281,-0.220007647283024,-2.1449561195664106,-9.32679961414337,-0.11717787847500556,0.010588635690510273,-0.003328979015350342,2.1401756072916087,0.0025888830423355103
1746728716085708000,57.9817080078125,-0.22610493618756616,0.025210032239556313,-0.10368945156081072,-0.003827389795333147,-0.06121693806989532,0.985785606606624,-0.14912683165796084,left,-0.0000514984130859375,-0.22007705185245446,-2.145460854218155,-9.326531318596006,-0.11716539431115743,0.003933352883905172,-0.003339320421218872,2.1408399164192375,-0.000369831919670105
1746728716125708000,58.0217080078125,-0.22611957987550985,0.01034992653876543,-0.10374257107421364,0.003994218539446592,-0.060829455804619924,0.985808751988994,-0.14834254243161177,left,-0.0025618672370910645,-0.22007786836263843,-2.145597047818452,-9.326498000848293,-0.11712556911985623,0.004252147860825062,-0.0013802945613861084,2.140847661334276,-0.005438506603240967
1746728716284144400,58.18014428710938,-0.22688799111730995,-0.02020946890115738,-0.10398899424216924,0.007930271327495575,-0.06186544971735612,0.9856974889871429,-0.15054499739231353,left,-0.0037172301672399044,-0.22015296325786904,-2.1527268996983766,-9.324690074643492,-0.11730046558551795,-0.01059890165925026,-0.0006499941227957606,2.141566330997646,0.0024055899120867252
1746728716324014000,58.22001416015625,-0.22694778459791426,-0.0217084102332592,-0.10394520919168289,-0.007748940959572792,-0.06235484057508963,0.9856477479918627,-0.15158023919477445,left,0.006817067973315716,-0.22044031828817073,-2.1531458557628094,-9.323961175847053,-0.1174974942992507,-0.007235148921608925,-0.001046682707965374,2.1443162142276764,0.0003402160946279764
1746728716364014000,58.26001416015625,-0.22752009278423735,0.0001244470477104187,-0.1042323959482307,-0.003315637819468975,-0.06226132831753471,0.9856197801688781,-0.15146351412284811,left,0.00035202503204345703,-0.22047938524016147,-2.158462813001871,-9.322646001595258,-0.11752844673611866,-0.005285897292196751,-0.0012786686420440674,2.144690015976131,0.0026171505451202393
1746728716404014000,58.30001416015625,-0.22771831350891358,0.005595765076577663,-0.1043357163599352,-0.004722658544778824,-0.06201811237628142,0.9856005607075705,-0.15104677771346345,left,0.0024633407592773438,-0.2209129179515145,-2.1601006433367727,-9.321311538121103,-0.11772611742256923,-0.00878971442580223,-0.000012353062629699707,2.148838513957709,-0.0003719925880432129
1746728716444014000,58.34001416015625,-0.2275771722482119,0.004136838484555483,-0.10426262399093482,0.017699692398309708,-0.06185601437979221,0.9855930935319662,-0.1507587976713125,left,-0.00479358434677124,-0.22138460414781633,-2.158556044243276,-9.32062764751017,-0.1179387251095764,-0.007352503482252359,0.0023025721311569214,2.1533514613375067,0.0005183368921279907
1746728716484014000,58.38001416015625,-0.22683667602419025,-0.0018270500004291534,-0.10386983879814803,0.018916655331850052,-0.06185822614237142,0.9855988696826953,-0.15075392507839158,left,-0.0011063218116760254,-0.22203312141888962,-2.1513389524713156,-9.320860871744156,-0.11823455962181122,-0.016424182802438736,0.003358006477355957,2.15955557667464,0.0028187185525894165
1746728716524014300,58.42001440429687,-0.22618120542121928,-0.004913853481411934,-0.10350042278823604,0.013736918568611145,-0.062088542736082185,0.9855956973676314,-0.15119891125738477,left,0.00016582012176513672,-0.22249458127866606,-2.1450052194051445,-9.321296925073861,-0.11846428435083031,-0.007083316333591938,0.004307404160499573,2.1639695937246084,0.004356548190116882
1746728716564014000,58.46001416015625,-0.22552588661332182,-0.008000656962394714,-0.10313098720723095,0.008557180874049664,-0.06231880437671086,0.9855923172896349,-0.1516435594719205,left,0.0014371871948242188,-0.2229563534205149,-2.138672801513225,-9.321725379619002,-0.11869398660309399,0.00225755013525486,0.005256906151771545,2.16838624112308,0.005894139409065247
1746728716604014000,58.50001416015625,-0.22519874413357707,-0.008964000269770622,-0.10295445530693544,-0.001162075437605381,-0.06252378107051428,0.9856049273528745,-0.15200333973575786,left,0.0031002163887023926,-0.2228183613375832,-2.1356898401796816,-9.32271614422202,-0.11863444546700491,0.012850333005189896,0.005014404654502869,2.167066390696168,0.005047693848609924
1746728716644014000,58.54001416015625,-0.2257777939966602,-0.0012857001274824142,-0.10327953512302346,-0.015947237610816956,-0.06251613375897619,0.9856193303231182,-0.15195487821555248,left,0.0021291375160217285,-0.22197530574500834,-2.141496042240411,-9.323255073404312,-0.1182353872392565,0.021638616919517517,0.002438470721244812,2.1590024728365242,0.0038874000310897827
1746728716684014000,58.58001416015625,-0.22635681868626528,0.006392600014805794,-0.1036046050663668,-0.030732396990060806,-0.06250843149435668,0.9856335255304295,-0.15190586411022078,left,0.0011570453643798828,-0.22113233735951765,-2.147301805909723,-9.323784065714477,-0.11783631785026631,0.03042690083384514,-0.00013750791549682617,2.1509378243245183,0.0027271509170532227
1746728716724014000,58.62001416015625,-0.22712730773914513,0.009385786950588226,-0.10408616344243009,-0.02571076527237892,-0.062082460232888395,0.9856776924834786,-0.15099756155191654,left,-0.0007199645042419434,-0.22002013006988166,-2.1550223171591756,-9.3244515897125,-0.11726607992084434,0.027347056195139885,-0.0009402483701705933,2.14029514201805,0.0006163269281387329
1746728716764014300,58.660014404296874,-0.22789864827137202,0.012378973886370659,-0.10456764266214075,-0.020689131692051888,-0.06165648723009661,0.985721141703676,-0.15008869701832497,left,-0.0025991201400756836,-0.21890859547319733,-2.162750281062722,-9.325098655444384,-0.11669575285569936,0.02426721155643463,-0.0017422288656234741,2.1296561129733917,-0.0014948993921279907
1746728716804014000,58.70001416015625,-0.22837706003485012,-0.0016050329431891441,-0.1048626596729969,-0.009833509102463722,-0.06143176386521625,0.9857466888911834,-0.14960158985526179,left,-0.0031263232231140137,-0.21819371770850232,-2.1675553432568906,-9.325543476602435,-0.1163332936512333,0.013270239345729351,-0.00024646520614624023,2.1228123845584688,-0.004649519920349121
1746728716961842200,58.85784228515625,-0.22956215681656011,0.014307280071079731,-0.10550390561754627,-0.02451312355697155,-0.061927136332375884,0.9857794285257985,-0.15044399657107335,left,0.0016973370220512152,-0.2157409988055666,-2.1797836873196066,-9.328009574455022,-0.11520752560063985,0.012324662879109383,-0.010363946668803692,2.0993233724214138,0.0041833012364804745
1746728717001708000,58.8977080078125,-0.22970274501661136,0.017938077449798584,-0.10564932020757933,0.013484656810760498,-0.06144466162209031,0.9858235098387199,-0.1494306340957616,left,-0.006917882245033979,-0.21532807200554244,-2.1812923383168874,-9.328546750071645,-0.11495521592765665,0.011877421289682388,-0.004722985439002514,2.0953676205329597,-0.002054970944300294
1746728717161174000,59.057174072265624,-0.2263414397284042,-0.0362713448703289,-0.10361914308962335,0.034686919301748276,-0.06445352670330119,0.9857735120565236,-0.15524886234185342,left,0.002047707559540868,-0.21619921842611517,-2.1495134906098246,-9.334043593922257,-0.11558239206513093,-0.042733438313007355,0.0003415938117541373,2.10371254729107,0.0020671901293098927
1746728717320640300,59.21664013671875,-0.22441484214593396,-0.0047582113184034824,-0.10209112786121054,0.028919676318764687,-0.06711369386020623,0.9854188914525667,-0.16106172950513353,left,-0.014523725025355816,-0.2214843765945642,-2.129022491244972,-9.327197673550248,-0.11841735980874321,-0.012478821910917759,0.006794366054236889,2.154305985583365,0.0035759988240897655
1746728717360506000,59.256506103515626,-0.223621243527663,-0.013287920504808426,-0.1016398405067213,0.0003001547884196043,-0.06731025778503318,0.9854058368640547,-0.16146171601570267,left,0.0072805434465408325,-0.2222800212075296,-2.121238997761905,-9.327209948509932,-0.11880228418259128,-0.022667182609438896,0.0008225869969464839,2.1619173373699185,-0.0031958098988980055
1746728717400506000,59.296506103515625,-0.22385453914074763,-0.007334486115723848,-0.10169372686254687,-0.0008492050692439079,-0.06749355226942653,0.9853422907185476,-0.16194669978072287,left,0.004898786544799805,-0.2229791337531373,-2.123078926540166,-9.325238940697908,-0.11917854503114128,-0.01778600364923477,0.0009993016719818115,2.1686041216574607,-0.001791149377822876
1746728717440506000,59.336506103515624,-0.2240882389092845,-0.0013810517266392708,-0.10174759382167152,-0.00199856492690742,-0.06767688109075425,0.9852786157920516,-0.16243202934545098,left,0.002516448497772217,-0.22367813675334333,-2.1249207550145686,-9.323262087666988,-0.11955478324866901,-0.012904824689030647,0.001176208257675171,2.1752887139879165,-0.0003862828016281128
1746728717480506000,59.376506103515624,-0.22410054120406853,-0.002742141718044877,-0.10172236876854003,0.0008830062579363585,-0.06772211957268316,0.9852485244385598,-0.1625836598211939,left,0.00021910667419433594,-0.22415779993854515,-2.124803412245214,-9.322217547050117,-0.11979871800548285,-0.005432948935776949,0.00041222572326660156,2.1798751649953423,-0.0012324154376983643
1746728717520506000,59.41650610351562,-0.22410054120406853,-0.009462292306125164,-0.10172236876854003,-0.008208347484469414,-0.06772211957268316,0.9852485244385598,-0.1625836598211939,left,0.0008783340454101562,-0.22415779993854515,-2.124803412245214,-9.322217547050117,-0.11979871800548285,-0.00314934179186821,-0.0002612769603729248,2.1798751649953423,-0.0010182857513427734
1746728717560506000,59.45650610351562,-0.22410054120406853,-0.01219117920845747,-0.10172236876854003,0.002120410092175007,-0.06772211957268316,0.9852485244385598,-0.1625836598211939,left,-0.0008664727210998535,-0.22415779993854515,-2.124803412245214,-9.322217547050117,-0.11979871800548285,-0.0024304017424583435,0.00006848573684692383,2.1798751649953423,0.0001814812421798706
1746728717600506000,59.49650610351563,-0.22430386711096162,-0.009788201190531254,-0.10176207383278794,0.0008305617375299335,-0.06813680443792813,0.9852000239665539,-0.163469499046133,left,-0.00042808055877685547,-0.22431641014863657,-2.126621859844029,-9.32144831624329,-0.1199286591534525,-0.0027429775800555944,0.00003378093242645264,2.1813917070381343,0.00008960068225860596
1746728717640506000,59.53650610351563,-0.22430386711096162,-0.0028592091985046864,-0.10176207383278794,0.00033006398007273674,-0.06813680443792813,0.9852000239665539,-0.163469499046133,left,-0.00046557188034057617,-0.22431641014863657,-2.126621859844029,-9.32144831624329,-0.1199286591534525,0.0002975917886942625,0.00028221309185028076,2.1813917070381343,-0.00030282139778137207
1746728717680506000,59.57650610351563,-0.22430386711096162,0.004069782793521881,-0.10176207383278794,-0.00017043371917679906,-0.06813680443792813,0.9852000239665539,-0.163469499046133,left,-0.0005030035972595215,-0.22431641014863657,-2.126621859844029,-9.32144831624329,-0.1199286591534525,0.0033381611574441195,0.0005306452512741089,2.1813917070381343,-0.0006952434778213501
1746728717838904600,59.734904541015624,-0.22472848157744266,-0.009555968455970287,-0.10190161900469072,-0.009646886959671974,-0.06862910008132625,0.985135663780355,-0.16453542248081618,left,0.0020511569455266,-0.22443785961255647,-2.1305206208482383,-9.320285702204703,-0.12005716435191273,-0.0015941044548526406,0.001215725322254002,2.1825528597719965,0.004687356762588024
1746728717878770400,59.7747705078125,-0.22532426068260264,0.009719652123749256,-0.10220087017715593,-0.015745438635349274,-0.0685793318473992,0.9851104211749464,-0.1644977662856279,left,0.0017415982438251376,-0.2243623724822769,-2.136109965287894,-9.319175695136188,-0.12003857180441804,0.0035179941914975643,-0.00017614313401281834,2.181831121368706,0.006608013529330492
1746728717918770400,59.8147705078125,-0.22584066461195998,0.0031973212026059628,-0.10249489904823342,-0.01275602262467146,-0.06828024669507522,0.9851097410127121,-0.16393759727301685,left,-0.0005788207054138184,-0.22423278761323276,-2.140985316239297,-9.318346843096613,-0.11996388147110904,0.0077187973074615,-0.0005557984113693237,2.1805922272235154,0.0027207881212234497
1746728717958770400,59.8547705078125,-0.22630652144129995,-0.0073593598790466785,-0.10274555043899437,-0.006743496749550104,-0.0682232589233876,0.9851058846831957,-0.16383852597698131,left,-0.0014702677726745605,-0.22390600297463828,-2.1454859886594115,-9.318042307192087,-0.11981406427108862,0.009425900876522064,-0.0009274035692214966,2.1774676654621956,0.0019392818212509155
1746728717998770400,59.8947705078125,-0.2265615683256135,-0.012563170865178108,-0.10287330861842353,0.0008109509944915771,-0.06838807817726529,0.9851046977621504,-0.16414958659746404,left,-0.0011515617370605469,-0.22346171608069154,-2.148079512283951,-9.318436274945736,-0.1196203839719239,0.007593742571771145,-0.0007583200931549072,2.173219214237481,0.001430019736289978
1746728718038770400,59.9347705078125,-0.22663626201625142,-0.01721220090985298,-0.10290252774283266,0.00645027868449688,-0.06866198439265986,0.9851079337480244,-0.1646552918978758,left,-0.0018662214279174805,-0.22297796869126343,-2.149011532437056,-9.319299029254912,-0.11941119273399953,0.007657329086214304,0.0002947896718978882,2.1685928696110843,0.00048778951168060303
1746728718078770400,59.9747705078125,-0.22667590693344802,-0.007869473658502102,-0.10291749972313391,0.012587020173668861,-0.06881764319923837,0.9851095459571441,-0.1649430521663582,left,-0.005181014537811279,-0.22270898812450265,-2.1495120293051,-9.319781844335793,-0.11929515565626195,0.00655195489525795,0.0005595684051513672,2.1660203887745735,0.0004522651433944702
1746728718118770400,60.0147705078125,-0.2267154873331775,0.0014732526615262032,-0.10293247170343778,0.018723763525485992,-0.06897326251484497,0.985111202811272,-0.1652307224551535,left,-0.008495926856994629,-0.22244003286236536,-2.1500117955207823,-9.320264659416676,-0.11917911857852316,0.005446581169962883,0.0008242428302764893,2.163447907938063,0.0004167109727859497
1746728718158770400,60.0547705078125,-0.22627438252009052,0.006834898144006729,-0.10271626253721045,0.008488358929753304,-0.06893197981071461,0.9851314243625814,-0.1651096356996749,left,-0.002285599708557129,-0.22257110574815878,-2.1458367017932236,-9.320935690546035,-0.11922211565251369,-0.0038791997358202934,-0.0008357614278793335,2.1647015612609684,0.0006180107593536377
1746728718198770200,60.094770263671876,-0.22627438252009052,0.0062562949024140835,-0.10271626253721045,0.008196658454835415,-0.06893197981071461,0.9851314243625814,-0.1651096356996749,left,-0.0026262998580932617,-0.22257110574815878,-2.1458367017932236,-9.320935690546035,-0.11922211565251369,-0.009524190798401833,-0.0011314749717712402,2.1647015612609684,0.00027492642402648926
1746728718238770400,60.1347705078125,-0.22598573862666377,0.002384111052379012,-0.1025574586927042,0.0020036324858665466,-0.06883712547408345,0.9851235960518059,-0.16495038487224867,left,-0.0003324151039123535,-0.22312783045587375,-2.1428758061610162,-9.320378641185163,-0.11947765468770612,-0.005247035063803196,-0.0010697096586227417,2.170026117284596,0.0006747841835021973
1746728718278770400,60.1747705078125,-0.22598573862666377,0.0013297272380441427,-0.1025574586927042,0.0006738662486895919,-0.06883712547408345,0.9851235960518059,-0.16495038487224867,left,0.0005370974540710449,-0.22312783045587375,-2.1428758061610162,-9.320378641185163,-0.11947765468770612,-0.0016477061435580254,-0.00023439526557922363,2.170026117284596,0.0012311339378356934
1746728718318770400,60.2147705078125,-0.22598573862666377,0.0012831113999709487,-0.1025574586927042,-0.003583818208426237,-0.06883712547408345,0.9851235960518059,-0.16495038487224867,left,-0.00023674964904785156,-0.22312783045587375,-2.1428758061610162,-9.320378641185163,-0.11947765468770612,0.0020284734200686216,-0.0004042387008666992,2.170026117284596,0.0026137083768844604
1746728718358770400,60.2547705078125,-0.22598573862666377,0.003819864708930254,-0.1025574586927042,-0.009849319234490395,-0.06883712547408345,0.9851235960518059,-0.16495038487224867,left,0.0011579394340515137,-0.22312783045587375,-2.1428758061610162,-9.320378641185163,-0.11947765468770612,0.00519901979714632,-0.001269996166229248,2.170026117284596,0.0023559480905532837
1746728718398770400,60.2947705078125,-0.22616108934595394,0.007547764573246241,-0.10267629861056976,-0.0014435667544603348,-0.06862494999776117,0.9851368469329435,-0.16452274481050702,left,-0.0005576610565185547,-0.22297984010852462,-2.1445820255570114,-9.320315512821077,-0.11938898677309347,0.008030914701521397,-0.0005926042795181274,2.168610843659192,0.00226004421710968
1746728718438770200,60.33477026367188,-0.22616108934595394,0.005399796646088362,-0.10267629861056976,0.0000816339161247015,-0.06862494999776117,0.9851368469329435,-0.16452274481050702,left,-0.0006555914878845215,-0.22297984010852462,-2.1445820255570114,-9.320315512821077,-0.11938898677309347,0.006024952512234449,-0.0004222393035888672,2.168610843659192,0.0005299299955368042
1746728718478770400,60.3747705078125,-0.22616108934595394,-0.0015600603073835373,-0.10267629861056976,0.0038619311526417732,-0.06862494999776117,0.9851368469329435,-0.16452274481050702,left,-0.0013619065284729004,-0.22297984010852462,-2.1445820255570114,-9.320315512821077,-0.11938898677309347,0.004924017935991287,0.0001500546932220459,2.168610843659192,-0.0012077689170837402
1746728718518770400,60.4147705078125,-0.2260510722912749,-0.002917150966823101,-0.1026502669111717,0.0031755350064486265,-0.06859927410475415,0.9851692024349022,-0.16440233500824555,left,-0.0007412433624267578,-0.22253163201027068,-2.143774362435937,-9.321497416082025,-0.11915871981306078,0.007481098175048828,-0.0001722574234008789,2.164323960120231,0.000242576003074646
1746728718558770400,60.4547705078125,-0.2260510722912749,-0.002655474003404379,-0.1026502669111717,0.0038538489025086164,-0.06859927410475415,0.9851692024349022,-0.16440233500824555,left,-0.0007597804069519043,-0.22253163201027068,-2.143774362435937,-9.321497416082025,-0.11915871981306078,0.0056876023299992085,0.0006800442934036255,2.164323960120231,-0.00015372037887573242
1746728718598770400,60.4947705078125,-0.2260510722912749,-0.004961933940649033,-0.1026502669111717,0.0013314264360815287,-0.06859927410475415,0.9851692024349022,-0.16440233500824555,left,-0.00043898820877075195,-0.22253163201027068,-2.143774362435937,-9.321497416082025,-0.11915871981306078,0.0021273898892104626,0.0009997636079788208,2.164323960120231,-0.0006866008043289185
1746728718638770400,60.5347705078125,-0.22588901215795237,-0.006466580554842949,-0.10258076055096119,-0.0025877628941088915,-0.06871726986870315,0.985193601358509,-0.16456923775512752,left,0.0002205967903137207,-0.22209866210343646,-2.142473362839967,-9.322757645276189,-0.11894888440050974,0.0017191343940794468,0.001014605164527893,2.160182476401329,-0.00013400614261627197
1746728718678770200,60.57477026367187,-0.22604814715939023,-0.0007280563004314899,-0.10267526670794755,-0.00570636335760355,-0.06872779062948023,0.9852026688108452,-0.16456782598712955,left,-0.00008630752563476562,-0.22175614548505865,-2.1441225913517177,-9.323136999982594,-0.11878591048333659,0.004177909344434738,0.0009278357028961182,2.156905938948691,0.0005706846714019775
1746728718718770400,60.6147705078125,-0.22604814715939023,0.005010467953979969,-0.10267526670794755,-0.008824963122606277,-0.06872779062948023,0.9852026688108452,-0.16456782598712955,left,-0.00043189525604248047,-0.22175614548505865,-2.1441225913517177,-9.323136999982594,-0.11878591048333659,0.006636683829128742,0.0006728917360305786,2.156905938948691,0.0009412616491317749
1746728718758770400,60.6547705078125,-0.22633552439156,0.008325903676450253,-0.1028529441317904,-0.010658196173608303,-0.06860293827226,0.9852186777738966,-0.16429651296931042,left,0.0005007386207580566,-0.2213281672493511,-2.1470086681820453,-9.323418739533423,-0.11857144960539642,0.006539180409163237,0.00044186413288116455,2.1528115092419084,0.0011679530143737793
1746728718798770400,60.6947705078125,-0.22671233945786387,0.007796572055667639,-0.10307043142931722,-0.012328681536018848,-0.0684412476602401,0.9852240645069871,-0.16397926136199575,left,-0.00011330842971801758,-0.22104845879817012,-2.150656961556524,-9.323195452171564,-0.11843053649865738,0.006591447163373232,0.00038014352321624756,2.1501352757699785,0.0008837282657623291
1746728718838770400,60.7347705078125,-0.22708520140228566,0.006289646029472351,-0.10328587054104857,-0.009428245946764946,-0.06827283473661588,0.9852293141024521,-0.1636498284671818,left,0.00002682209014892578,-0.22078521235069587,-2.1542605390064415,-9.322944107758998,-0.11829686625250593,0.009152248501777649,0.0006583631038665771,2.147616570947319,0.00026467442512512207
1746728718878770400,60.7747705078125,-0.2273217852957416,0.005020077805966139,-0.10344198608420818,-0.006339759565889835,-0.06811271916466762,0.9852493833978813,-0.16330277847907945,left,-0.0010505318641662598,-0.22037554808675724,-2.156664239147305,-9.323290729239583,-0.11808560244745453,0.012128688395023346,0.001276552677154541,2.1436964748941363,0.0024648308753967285
1746728718918770400,60.8147705078125,-0.22744558399147607,0.010529721155762672,-0.10355176722694556,-0.01163460686802864,-0.06790127750909916,0.985281506502091,-0.16283256246567981,left,0.0024324655532836914,-0.21992199660553954,-2.1580374271966516,-9.323969943675399,-0.11784251106763124,0.017879748716950417,0.0015632063150405884,2.139355961471796,0.003897547721862793
1746728718958770400,60.8547705078125,-0.22777411077594437,0.022579830139875412,-0.10382876864869606,-0.0055791172198951244,-0.0673689419258291,0.9853539777096169,-0.16166697757146994,left,-0.000020265579223632812,-0.2189128945739571,-2.161586790241301,-9.325358767685294,-0.11729706517940185,0.020507333800196648,0.0004343092441558838,2.129697321766615,0.004258483648300171
1746728718998770400,60.8947705078125,-0.22810369964343494,0.034629937261343,-0.10410568117760051,0.00047637196257710457,-0.06683652046525466,0.9854257363383272,-0.16050121096565959,left,-0.0024744272232055664,-0.21790411857217362,-2.1651449211142957,-9.326733563169837,-0.11675151887368197,0.02313491702079773,-0.0006936788558959961,2.120039558844268,0.004619285464286804
1746728719038770400,60.9347705078125,-0.22785039272704885,0.029120462015271187,-0.10410729393181262,0.0025968262925744057,-0.06614813227160359,0.9855301467903158,-0.15897310236972606,left,-0.0006843805313110352,-0.2170828620459662,-2.1631749362155794,-9.328974620094895,-0.11625969938210336,0.026331309229135513,-0.0012021660804748535,2.112175547470897,0.0012694895267486572
1746728719078770400,60.9747705078125,-0.22759846461208888,0.02361098676919937,-0.10410884705716751,0.004717281088232994,-0.06545970284565834,0.9856338841544615,-0.15744551158541786,left,0.001104891300201416,-0.21626127125833408,-2.1612154727108774,-9.331206909191607,-0.11576781327013169,0.029527701437473297,-0.0017095506191253662,2.104306859922409,-0.002079889178276062
1746728719118770400,61.0147705078125,-0.22739031538767943,0.015020658262073994,-0.10412048826014705,0.0009910908993333578,-0.064983396035544,0.9857352259086712,-0.15631986238458467,left,0.0023949146270751953,-0.21516187349656152,-2.15979333095327,-9.3339050622344,-0.11516164380179479,0.03377634659409523,-0.0018695145845413208,2.0937753829054535,-0.0048490166664123535
1746728719158770400,61.0547705078125,-0.22738607436593133,0.0071392059326171875,-0.10421205222222449,-0.0038816409651190042,-0.06468578339323922,0.9858151069036601,-0.15557553765674242,left,0.0019608736038208008,-0.2140187843963151,-2.1602919281251727,-9.336239642661809,-0.11456041612706436,0.024407103657722473,-0.0035329312086105347,2.082822611736506,-0.004864126443862915
1746728719198770200,61.094770263671876,-0.22755066964879772,0.007087636273354292,-0.10434156515643832,-0.0038436483591794968,-0.06449319850549252,0.9858462437738,-0.1551392754585289,left,0.0001531839370727539,-0.2134907491204893,-2.1620763273239136,-9.336954512932897,-0.11428319951718803,0.0014014318585395813,-0.004372835159301758,2.0777621134765445,-0.0025450587272644043
1746728719238770400,61.1347705078125,-0.22755066964879772,0.006974849849939346,-0.10434156515643832,0.008220316842198372,-0.06449319850549252,0.9858462437738,-0.1551392754585289,left,-0.002663135528564453,-0.2134907491204893,-2.1620763273239136,-9.336954512932897,-0.11428319951718803,-0.01095327828079462,-0.0031742602586746216,2.0777621134765445,-0.0009560137987136841
1746728719394007600,61.29000756835938,-0.22611026088297556,-0.014472565613687038,-0.10359357110896424,0.011241044849157333,-0.0648348135462703,0.9858960030751711,-0.1556840838326723,left,0.00015736650675535202,-0.21364472845386215,-2.148553267275542,-9.339746773999929,-0.11434071316617757,0.01873043179512024,0.001351532875560224,2.079237885117531,0.0010047969408333302
1746728719433880800,61.329880859375,-0.2257654879268487,0.0027268272824585438,-0.10343822441216062,0.0001360864844173193,-0.06494219828371049,0.985933297511065,-0.1558032915116554,left,0.001151219243183732,-0.2131624850230753,-2.1455573003299535,-9.341463514789938,-0.11409842445870738,-0.0004186730948276818,0.003294331720098853,2.0746159244053066,0.0010832874104380608
1746728719473881000,61.369881103515624,-0.22592425642486633,0.0029912390746176243,-0.1034991053729389,-0.005537370219826698,-0.06480736815015306,0.9859008512798669,-0.15562387219928342,left,0.0014911293983459473,-0.21378468189438873,-2.1467508940286932,-9.339862509334086,-0.11440042012996197,-0.009681068360805511,0.0026938915252685547,2.080579216723889,-0.0005425065755844116
1746728719513881000,61.40988110351562,-0.22613977630011015,0.0028121958021074533,-0.10357802151444552,-0.006439727731049061,-0.06471295219216218,0.9858574419460444,-0.15554474576500102,left,-0.000284731388092041,-0.21450214447594854,-2.148428471852094,-9.337942939448356,-0.1147562914614696,-0.015703370794653893,0.0016081631183624268,2.087454363190383,0.000007793307304382324
1746728719553880800,61.449880859375,-0.2262785981698866,-0.001016233116388321,-0.10360836749580832,-0.0031501036137342453,-0.0646884893104628,0.9858103385624329,-0.1556061199981965,left,-0.0009055733680725098,-0.21528008726746986,-2.149359761352837,-9.336059025397896,-0.11514669061744867,-0.018919192254543304,0.0004441887140274048,2.094907894066721,0.00012315809726715088
1746728719593880800,61.489880859375,-0.22634687577680582,-0.0022189216688275337,-0.10358960094063324,-0.0026680075097829103,-0.06480898088057123,0.9857596759577949,-0.1559482096113185,left,0.00008571147918701172,-0.21601508273862596,-2.149651145514846,-9.33440892010331,-0.1155282106669219,-0.016699790954589844,0.00040966272354125977,2.1019487524889406,0.0007751733064651489
1746728719633880800,61.529880859375,-0.22641543207025666,-0.003421609988436103,-0.1035708145527735,-0.0021859114058315754,-0.0649294672966421,0.9857089292171763,-0.15629042526159453,left,0.0010764002799987793,-0.21675006572087105,-2.1499436987206337,-9.332753554111719,-0.11590970847102569,-0.014480390585958958,0.0003752410411834717,2.108988441867381,0.0014273226261138916
1746728719673880800,61.569880859375,-0.22658732346186655,-0.0006311812903732061,-0.10361455443588904,-0.003044022247195244,-0.0650078016579073,0.9856628337068464,-0.15654174417364947,left,0.0008004903793334961,-0.21734054098816968,-2.151267640800774,-9.331168915268778,-0.11621874950959243,-0.010104067623615265,0.00022266805171966553,2.1146431066282094,0.0025331228971481323
1746728719713881000,61.609881103515626,-0.2267110965359728,0.004298863932490349,-0.10365677270338942,-0.006204027682542801,-0.06496031873978741,0.9856349175709243,-0.15651549728232567,left,0.0018549561500549316,-0.21779440911612155,-2.1522066752165556,-9.329966553741693,-0.1164446456805046,-0.004172690212726593,0.0003610551357269287,2.1189891730085013,0.0011645704507827759
1746728719753881000,61.649881103515625,-0.2267110965359728,0.0087094996124506,-0.10365677270338942,-0.008737780153751373,-0.06496031873978741,0.9856349175709243,-0.15651549728232567,left,0.0013105273246765137,-0.21779440911612155,-2.1522066752165556,-9.329966553741693,-0.1164446456805046,-0.00719032995402813,-0.00024397671222686768,2.1189891730085013,0.0020657479763031006
1746728719793880800,61.689880859375,-0.2272838028407465,0.008433722890913486,-0.10393593577994999,-0.00941583700478077,-0.064708580136032,0.9855896179067044,-0.1561406811275763,left,-0.002820134162902832,-0.2183520443889687,-2.157283101698011,-9.327579950866102,-0.11671804434667891,-0.0059518152847886086,-0.00003217160701751709,2.1243281959488987,-0.00048770010471343994
1746728719833880800,61.729880859375,-0.22706423128638598,0.00780391413718462,-0.10382241338018648,0.00871417298913002,-0.06453863868709844,0.9855850803096864,-0.15583363720586144,left,-0.0027716755867004395,-0.2188730231191424,-2.1549854922801255,-9.326973801666497,-0.11695123532262909,-0.011829817667603493,0.00041975080966949463,2.1293156289726496,0.0003578364849090576
1746728719873880800,61.769880859375,-0.22685154172171842,-0.00022781826555728912,-0.10369731829212858,0.002617170102894306,-0.06447823531914189,0.9855709612276282,-0.15575422624681037,left,-0.0017058849334716797,-0.21943186484997398,-2.1527337678305805,-9.326270621833205,-0.11721509435551695,-0.014167598448693752,0.0003706216812133789,2.1346648810461164,0.0004918873310089111
1746728719913880800,61.809880859375,-0.22660441509697135,-0.002238672226667404,-0.10354030038832968,0.0033828713931143284,-0.0645452413354629,0.9855501773485847,-0.15592924026319,left,0.0006384849548339844,-0.21999147333064722,-2.1501601179502905,-9.325637000104784,-0.11749141474162322,-0.015454371459782124,0.0008807629346847534,2.1400208551213145,0.0014919936656951904
1746728719953880800,61.849880859375,-0.2265080368363465,0.001691198442131281,-0.10346389260036623,-0.0008873497135937214,-0.064584913329305,0.9855270986749078,-0.1560568584649702,left,0.0015183091163635254,-0.22047074591027532,-2.149030821659416,-9.32484380390048,-0.11773060933667684,-0.00887405127286911,0.0015403032302856445,2.1446074522592125,0.0014738589525222778
