time,seconds_elapsed,roll,rotationRateZ,quaternionY,rotationRateY,quaternionZ,quaternionW,yaw,devicelocation,accelerationZ,pitch,gravityX,gravityZ,quaternionX,rotationRateX,accelerationX,gravityY,accelerationY
1746575842977209300,0.271209228515625,-0.3381064804504707,0.016849452629685402,-0.16489964287420636,0.008054107427597046,-1.8858907239532257e-17,0.979468486581589,-0.03928489408378661,right,-0.04872399568557739,-0.22918498056019038,-3.1678222263753413,-9.009533407381177,-0.1159730476160177,-0.0980689525604248,0.4083700180053711,2.22791263519451,-0.00028461217880249023
1746575843017209300,0.311209228515625,-0.17396865868151942,-0.04311323165893555,-0.08875010789481555,0.024791859090328217,0.031289253692619125,0.9885317088134302,0.042130332731187395,right,-0.009048402309417725,-0.24139851913815477,-1.648238331669569,-9.378568379825353,-0.11810798627477764,-0.15078839659690857,0.254134863615036,2.3443856359772384,-0.005940854549407959
1746575843057209300,0.351209228515625,-0.009128609869902975,-0.10307592153549194,-0.011991356125132828,0.04152961075305939,0.062363774644421034,0.9908092879865483,0.1246157558561276,right,0.007832467555999756,-0.24047574589517673,-0.08694373123389668,-9.52406464599669,-0.11943219546455854,-0.20350784063339233,0.09564638137817383,2.3355976416267454,0.0011759847402572632
1746575843097209300,0.391209228515625,0.06071073582506462,-0.19858324527740479,0.020663420394156855,0.04239489883184433,0.07285680085717679,0.9894559881147409,0.1544379793406167,right,-0.001495361328125,-0.24370635561495468,0.577421190835908,-9.49933294032216,-0.12345776558966694,-0.27332213521003723,0.024714436382055283,2.3663553295925257,0.0060739666223526
1746575843137209300,0.431209228515625,0.07533512730360542,-0.23592495918273926,0.02758487700955544,0.0592401921749115,0.07234639974577496,0.9888789230064076,0.15552014610671572,right,-0.0022115707397460938,-0.24972988995340673,0.7151906621474772,-9.475487954354286,-0.1269789275959828,-0.26906922459602356,0.010366164147853851,2.4236371596075594,0.003534570336341858
1746575843177209300,0.471209228515625,0.08312853976712149,-0.2674770951271057,0.03147587660505209,0.047707609832286835,0.06870282343366962,0.988445845922013,0.14959032879410716,right,-0.01084524393081665,-0.2582870785507882,0.7872636724505573,-9.448612222388386,-0.1313930296167227,-0.23507772386074066,-0.0035029947757720947,2.504861590746045,0.005906164646148682
1746575843217209300,0.511209228515625,0.08546973988132534,-0.3010234236717224,0.03309481508972433,0.039866965264081955,0.06294574859256705,0.9883254564516063,0.1386168801980087,right,-0.0019567012786865234,-0.26527136189607237,0.8078693842362612,-9.429081592488288,-0.13474180084920423,-0.18012197315692902,-0.0027088820934295654,2.571020408569276,0.022842347621917725
1746575843257209300,0.551209228515625,0.08426925735608626,-0.3436499536037445,0.033031685469713315,0.05571998655796051,0.057903306972811056,0.9883648091349436,0.12847510932208228,right,0.007539331912994385,-0.2696819406062509,0.7955871910944581,-9.41865372197628,-0.13671580167811379,-0.1627088189125061,0.00343264639377594,2.612735397748649,0.03294718265533447
1746575843297209300,0.591209228515625,0.08299744915990859,-0.40783411264419556,0.03329988884826871,0.10641351342201233,0.04958507981820121,0.9883115599082454,0.1118552790032215,right,0.012151718139648438,-0.27748625882324685,0.7818935237195342,-9.39905119588375,-0.14026006569627056,-0.1231066957116127,0.007607080042362213,2.6864228575110434,0.019425123929977417
1746575843337209300,0.631209228515625,0.08369462680161756,-0.39666110277175903,0.03469127520637331,0.09687779098749161,0.04063421692156356,0.9881981339355952,0.09419665838508977,right,0.005503594875335693,-0.28474740671500104,0.7867946666993201,-9.37881797067225,-0.14356146510476933,-0.09419233351945877,0.007379598915576935,2.754835299479961,0.006714910268783569
1746575843377209300,0.671209228515625,0.08425931352327568,-0.3854880630970001,0.03607943516248927,0.08734206855297089,0.03167956887264918,0.9879928656690609,0.0765052071509439,right,-0.0011876225471496582,-0.2920192535308468,0.7903837772324681,-9.358162136134505,-0.14684951184149503,-0.06527797877788544,0.0072859302163124084,2.8232027332633733,-0.005990654230117798
1746575843417209300,0.711209228515625,0.0849378956881552,-0.31043604016304016,0.03722622915390883,0.10113124549388885,0.02575685880245689,0.9879551235550076,0.06474472424805583,right,0.00017327070236206055,-0.29470870340915223,0.7960868842449039,-9.350024422386289,-0.1479716937922662,-0.0346209779381752,0.006499424576759338,2.848450279505551,-0.01058843731880188
1746575843457209300,0.751209228515625,0.0870159823629211,-0.22197991609573364,0.03908444889016011,0.10653946548700333,0.019942983112021404,0.9879890567094869,0.05332392574764625,right,-0.007112324237823486,-0.29549012652124657,0.8153215999383479,-9.346129753035306,-0.14816342767623594,0.024608679115772247,-0.004537366330623627,2.8557822298288342,-0.011182129383087158
1746575843497209300,0.791209228515625,0.08962290299228631,-0.14688822627067566,0.041124609610412186,0.09168902039527893,0.015114030059011295,0.9882567590390062,0.04378288676132519,right,-0.0011562705039978027,-0.29223279147061876,0.8405115707743912,-9.353187854853273,-0.14638614095861094,0.09814386069774628,-0.0011549219489097595,2.825207935605943,-0.0021146833896636963
1746575843537209300,0.831209228515625,0.09066154044645404,-0.13242363929748535,0.04203837752533411,0.0807012990117073,0.012668613681497128,0.9884872075739988,0.03884176926535507,right,-0.003492593765258789,-0.2892040300296208,0.8509965052358806,-9.360788977506756,-0.1447942547900688,0.09622924774885178,-0.0002099946141242981,2.7967522409722205,0.002122819423675537
1746575843577209300,0.871209228515625,0.09079754832441227,-0.1202443391084671,0.04256539127249361,0.034421950578689575,0.009814434308892558,0.9887251375292073,0.03294745075111319,right,-0.0043198466300964355,-0.2862870779474486,0.853005726166442,-9.368757179906964,-0.1432288293017071,0.06269411742687225,0.00016305595636367798,2.7693229667767882,-0.0015219151973724365
1746575843617209300,0.911209228515625,0.08971530094947713,-0.0812319815158844,0.04244931245704579,-0.011015508323907852,0.007131179749285971,0.9888743420681536,0.027295438624201564,right,-0.00419849157333374,-0.2848412904505907,0.843223752342537,-9.373653135254978,-0.14238946024841717,0.030011683702468872,-0.0011372193694114685,2.7557188043162224,-0.007946312427520752
1746575843657209300,0.951209228515625,0.08851242990399834,-0.03615066781640053,0.04199875022900651,-0.027802681550383568,0.006252356016734058,0.9889361625137275,0.0253254323128237,right,-0.0001316666603088379,-0.2844195921446005,0.8320504702907056,-9.375817035290599,-0.14213535804496424,0.002841150388121605,-0.0012357905507087708,2.751749608424306,-0.0037385523319244385
1746575843697209300,0.991209228515625,0.08754107357944113,0.0021966807544231415,0.041540834286447816,-0.021985534578561783,0.006174510581422464,0.9889646110743127,0.025023723121045692,right,0.004221916198730469,-0.28431702593303443,0.8229675115816295,-9.376902492439747,-0.1420753317388344,-0.006998431868851185,0.0018356963992118835,2.7507842705234884,-0.004599928855895996
1746575843737209300,1.031209228515625,0.08714724486639576,0.04340594634413719,0.041249550918054614,-0.01976960152387619,0.006880317021753702,0.988972919424265,0.026391512409315126,right,-0.001972198486328125,-0.28425129651933534,0.8192902843736112,-9.377405765786767,-0.14206986106286723,-0.010774682275950909,0.001754477620124817,2.7501655541032552,0.002022773027420044
1746575843777209300,1.071209228515625,0.08683099644433823,0.046410128474235535,0.0409790349468811,-0.03624600172042847,0.0076684998654723835,0.9889516336039922,0.02795421483739721,right,-0.004031956195831299,-0.2845636943399622,0.8162501129601151,-9.376807799893617,-0.1422552957213125,-0.025617709383368492,-0.0016473904252052307,2.7531059914693237,0.0070486366748809814
1746575843817209300,1.111209228515625,0.08651522765662964,0.04941430687904358,0.040708481062570266,-0.052722398191690445,0.00845669513002427,0.9889297518666798,0.029516994030735322,right,-0.0060921311378479,-0.2848766038048497,0.8132146907869726,-9.376206326869129,-0.14244062758442091,-0.0404607355594635,-0.005049742758274078,2.7560511050105094,0.012074053287506104
1746575843857209300,1.151209228515625,0.08521482842988748,0.0437326543033123,0.03985694974784838,-0.0263066329061985,0.0097784159725272,0.9887867944653421,0.03210245168073314,right,0.006058633327484131,-0.2870969851921253,0.8004983440116047,-9.371135599476098,-0.14358439310665644,-0.0438525415956974,-0.004339791834354401,2.776941332826018,0.005737781524658203
1746575843897209300,1.191209228515625,0.08540623131354776,0.04662550240755081,0.03978525935761576,-0.0036155395209789276,0.010741497624303388,0.9886543067691941,0.03415318801470167,right,0.0061917901039123535,-0.28875455896391083,0.8018982739374041,-9.366383436512946,-0.14444547096838734,-0.04335752874612808,-0.003990165889263153,2.7925273167535662,0.008620083332061768
1746575843937209300,1.231209228515625,0.08621324583678745,0.050585225224494934,0.040013432181078196,-0.0014952851925045252,0.01174010782840683,0.9885500194688737,0.036339776157454366,right,0.002722024917602539,-0.2898139304800167,0.8092016557533294,-9.362780443584919,-0.14501716582264942,-0.02515922114253044,-0.002971760928630829,2.802484647144377,0.006150096654891968
1746575843977209300,1.271209228515625,0.08702292694533983,0.054544948041439056,0.04024154716446029,0.0006249691359698772,0.012738685766639129,0.9884444199089827,0.03852791547304572,right,-0.0007491111755371094,-0.29087162758194907,0.8165241806611419,-9.359164006653428,-0.1455886599278862,-0.006960911676287651,-0.0019553005695343018,2.812422980573773,0.003682076930999756
1746575844017209300,1.311209228515625,0.08761670391854078,0.07032430171966553,0.040327940101681205,-0.005026927217841148,0.014075782311077626,0.9883978388619481,0.04133122264754736,right,-0.0015039443969726562,-0.2910921185410327,0.8220269427958875,-9.35805984480381,-0.1457580407160864,0.010956674814224243,-0.0010421797633171082,2.8144942338898775,-0.00031682848930358887
1746575844057209300,1.351209228515625,0.08787406892671193,0.07642371952533722,0.04027524136204786,-0.015534504316747189,0.015338854675080182,0.9884114668148073,0.043900224824620054,right,-0.0028487443923950195,-0.2905666823790486,0.8245650829713791,-9.359319489476084,-0.14555211108427793,0.016936903819441795,0.0006011724472045898,2.8095579465314744,0.002157837152481079
1746575844097209300,1.391209228515625,0.08836179599709294,0.08032939583063126,0.04028009159566983,0.004009067080914974,0.017034848721504247,0.988447281816688,0.04735492475716634,right,-0.00008189678192138672,-0.2895393822962302,0.8293840275604277,-9.36178617185056,-0.1451180788813416,0.019681986421346664,0.0019983574748039246,2.7999042752623557,0.00185433030128479
1746575844137209300,1.431209228515625,0.08969051732784547,0.09083907306194305,0.04065274854886368,0.002039983170107007,0.01904376888357399,0.9884748340477216,0.05155214210571157,right,-0.001532137393951416,-0.2882464275878764,0.8421460401084273,-9.364273897013067,-0.1445761639744376,0.02131875418126583,-0.001176588237285614,2.7877503116101026,0.004775017499923706
1746575844177209300,1.471209228515625,0.09044484428112247,0.07864215224981308,0.04082992893212156,0.0006090868264436722,0.020418438504758968,0.9884784949014499,0.05441124446562521,right,0.0015450716018676758,-0.2875814347792686,0.849376795079559,-9.365479765671491,-0.14431329764852466,0.015977907925844193,0.002180352807044983,2.7814973886951804,0.005850285291671753
1746575844217209300,1.511209228515625,0.09135323434453083,0.07214740663766861,0.04105299044154895,-0.00801378395408392,0.02202885439231999,0.9884875702557473,0.057757846238793945,right,-0.0035219192504882812,-0.286688808435424,0.8581100635681301,-9.367173125585913,-0.14395043677799027,0.01866687647998333,0.0005685687065124512,2.7731019007936117,0.008692532777786255
1746575844257209300,1.551209228515625,0.0913931535053449,0.0689077079296112,0.04089413683462127,-0.030270501971244812,0.023368703630356605,0.9885114311130659,0.06043556798501682,right,-0.0018748641014099121,-0.28590911097838523,0.8586810683891176,-9.369289679348467,-0.14362052421654564,0.023320259526371956,0.0024441108107566833,2.7657670278608797,0.005967170000076294
1746575844297209300,1.591209228515625,0.09070247426016805,0.07976065576076508,0.040331944584268434,-0.050099633634090424,0.02511625178525028,0.988565132825696,0.06381361315973015,right,-0.0019496679306030273,-0.28476121456325043,0.8524966806657612,-9.37303588013947,-0.14311361750973733,0.030748993158340454,0.002534151077270508,2.7549650633394718,0.004435509443283081
1746575844337209300,1.631209228515625,0.0895643353045527,0.09619386494159698,0.039579462795402066,-0.07294593006372452,0.026716703547190798,0.9886392340585398,0.06682271438430618,right,0.0002244114875793457,-0.2834692945807435,0.8421459670431911,-9.377537283211947,-0.14252065820999155,0.04206281900405884,0.0009692162275314331,2.7428037931635973,0.00314939022064209
1746575844377209300,1.671209228515625,0.08800672234642724,0.1081748902797699,0.03854444079304967,-0.059630896896123886,0.029012564673209406,0.9887530957989245,0.07114125259789839,right,0.0033562183380126953,-0.28140298667982366,0.8280348049085586,-9.384462698560952,-0.14156227245561112,0.04526399075984955,0.0014486685395240784,2.723343013629317,0.0015645027160644531
1746575844417209300,1.711209228515625,0.08667349274361107,0.10967931896448135,0.03753898567495353,-0.06099977344274521,0.03187505101282108,0.988830549126433,0.07664450949385489,right,-0.00014412403106689453,-0.27943317440704635,0.8159851784136146,-9.39088484056294,-0.14067322646522692,0.014484010636806488,-0.0007586702704429626,2.70478035197854,0.003272026777267456
1746575844457209300,1.751209228515625,0.08607812047275148,0.10927712172269821,0.03699128593936821,-0.04776052385568619,0.03372871826004802,0.9887933042514376,0.08030082271275689,right,0.003668844699859619,-0.27926337160351505,0.8104334625706077,-9.391826505327224,-0.14064768089072982,-0.006406262516975403,-0.0014781951904296875,2.7031796387836335,-0.00012674927711486816
1746575844497209300,1.791209228515625,0.08598874605186774,0.1013445109128952,0.03653868817072795,-0.01471371203660965,0.036502166468824655,0.9886599182286537,0.08592408703416292,right,0.010012924671173096,-0.27979233285175714,0.8094711203444749,-9.39047275263071,-0.1410108472993636,-0.023965951055288315,0.0003565773367881775,2.70816561050266,0.002349853515625
1746575844537209300,1.831209228515625,0.08685225578268305,0.08107950538396835,0.03675424561605498,0.01810532435774803,0.03777066769922974,0.9885412248163614,0.08865124266205456,right,0.01135021448135376,-0.2805524722971383,0.8174008173651993,-9.387716731920838,-0.1414523849092498,-0.03514523059129715,0.0032931193709373474,2.715329218521714,0.004380702972412109
1746575844577209300,1.871209228515625,0.08771811595130552,0.0608145035803318,0.03696974405685305,0.05092436447739601,0.039039065407794234,0.9884206334068837,0.09137960900566428,right,0.012686669826507568,-0.281310345628104,0.8253484153687953,-9.38495252790451,-0.14189366590288638,-0.046324510127305984,0.006227836012840271,2.722470322448015,0.006413877010345459
1746575844617209300,1.911209228515625,0.09115314137768801,-0.022203288972377777,0.038536739875957286,0.07421936094760895,0.039313573560859544,0.9882030156252329,0.09252671096862834,right,-0.0026378631591796875,-0.28319538049573006,0.8571123577676713,-9.37693522566557,-0.1429135510281297,-0.03525303304195404,0.0036029070615768433,2.7402245903253553,0.01953113079071045
1746575844657209300,1.951209228515625,0.09236353616689051,-0.08123549818992615,0.03949295633734102,0.03158969432115555,0.03654846670131482,0.98821022198445,0.08715918130632337,right,-0.006031215190887451,-0.2842156552028315,0.868203222233057,-9.373101931113004,-0.14333563191391285,-0.007838506251573563,0.0015359893441200256,2.749830038538575,-0.0005483329296112061
1746575844697209300,1.991209228515625,0.0921656949534305,-0.06656594574451447,0.03974273588601455,0.009329158812761307,0.03402874005285235,0.9882531743724307,0.08206898797471242,right,-0.00015944242477416992,-0.28494322730021365,0.8661644829470664,-9.371278807339072,-0.14359061325375985,0.006991259753704071,0.004470020532608032,2.756678296998143,-0.01657363772392273
1746575844737209300,2.031209228515625,0.091857683450174,-0.03502840921282768,0.03971733402565602,-0.0018449481576681137,0.0331795994513541,0.9882895606249354,0.08030536653133441,right,-0.004662990570068359,-0.28493471386149377,0.8632800866171717,-9.371568730196357,-0.1435461932743971,-0.004534809850156307,0.0011697635054588318,2.756597925238311,-0.008996248245239258
1746575844777209300,2.071209228515625,0.0904575304950014,-0.023603927344083786,0.03906804800220754,-0.04526306688785553,0.032673990787338375,0.9882153743613572,0.07916635674529164,right,-0.0057468414306640625,-0.2866522562268285,0.8497286772571504,-9.368039387026428,-0.14434894418010588,-0.07894956320524216,-0.00344926118850708,2.772758201922476,0.0002403855323791504
1746575844817209300,2.111209228515625,0.0884661863081276,0.004377724602818489,0.03798576116008927,-0.052215319126844406,0.03272902333124396,0.9879536793604919,0.07919801516656401,right,-0.003701925277709961,-0.2908744518289676,0.8300302895747125,-9.357968074867129,-0.1464018675918068,-0.1394808292388916,-0.007505759596824646,2.812449284058809,0.007928073406219482
1746575844857209300,2.151209228515625,0.08698186625422957,0.03442985936999321,0.037013532849684685,-0.03565079718828201,0.03344000164271101,0.987552534557798,0.08069446056342743,right,-0.0004323720932006836,-0.2964764868336443,0.8147576824452728,-9.343346844318509,-0.1491706483230751,-0.13907498121261597,-0.007902950048446655,2.8650343345597387,0.012990862131118774
1746575844897209300,2.191209228515625,0.08673250944415944,0.03960433229804039,0.036615956144406034,-0.0027988851070404053,0.034486550868591065,0.9871990910329895,0.08299196570909756,right,0.00113677978515625,-0.3008229838988443,0.8113413711957633,-9.331055518022179,-0.15135338546477703,-0.06724731624126434,-0.006817422807216644,2.9057722954005003,0.02243092656135559
1746575844937209300,2.231209228515625,0.08726464543013768,0.01555720530450344,0.036744311305816145,0.018453961238265038,0.035130196892141835,0.9870862723997373,0.08443037046344584,right,0.001771092414855957,-0.3018777868218945,0.8160391005579382,-9.327564168775082,-0.15190935231788347,0.021315686404705048,-0.0021605417132377625,2.915650130814314,0.01959007978439331
1746575844977209300,2.271209228515625,0.08767267122760575,0.0144527992233634,0.03695571670389553,0.008869883604347706,0.03524332260102086,0.9871597183248573,0.08466455015152237,right,-0.003294229507446289,-0.3007276915773621,0.8201379872441291,-9.330564519634843,-0.1513535234557043,0.051775410771369934,-0.001729033887386322,2.9048797304749487,0.012314140796661377
1746575845017209300,2.311209228515625,0.08763615479620349,0.029119135811924934,0.03693485275458535,-0.008582956157624722,0.03560930064323762,0.9872874043975601,0.08530597587278807,right,0.00004279613494873047,-0.298849039090198,0.820273450192064,-9.33601401721239,-0.15043790867724177,0.04793360084295273,0.000032961368560791016,2.8872780228108166,0.005073726177215576
1746575845057209300,2.351209228515625,0.08749292427562586,0.05316364765167236,0.03676806990632776,-0.01689230091869831,0.03654595867527747,0.9873729240463117,0.08710224899469864,right,0.00001150369644165039,-0.29727148671703757,0.8193332467325031,-9.34065745910406,-0.14969010344604694,0.02359638921916485,0.000008061528205871582,2.872489619001746,0.0013219118118286133
1746575845097209300,2.391209228515625,0.08765779894576017,0.05514075979590416,0.03672393483920162,-0.0012929998338222504,0.03743945806640482,0.9873661265125706,0.08891653516125483,right,0.0037657618522644043,-0.2968635435104617,0.8209757532425225,-9.341688555717468,-0.1495252000161422,0.00048527494072914124,0.0034290850162506104,2.868664507755637,0.0029533803462982178
1746575845137209300,2.431209228515625,0.08809968743982582,0.04500962793827057,0.036803720820769104,-0.005791846197098494,0.03822552419893278,0.9872907949600531,0.09060045089220597,right,0.0014325380325317383,-0.29734939364581225,0.8249809702958911,-9.339935574570298,-0.14980420920060236,-0.027934646233916283,0.0016262009739875793,2.8732202713638544,0.004681050777435303
1746575845177209300,2.471209228515625,0.0885424929830579,0.03487849235534668,0.03688348355423655,-0.010290692560374737,0.03901157221402119,0.9872146164600898,0.09228484819068994,right,-0.0009009242057800293,-0.2978344670942431,0.8289933477424085,-9.338179670813679,-0.15008310410575962,-0.05635456740856171,-0.00017740577459335327,2.8777681439265606,0.006409496068954468
1746575845217209300,2.511209228515625,0.08872077373765486,0.010236892849206924,0.036787076641588826,0.0022001704201102257,0.0396293184992836,0.9869691692502045,0.09371362691423864,right,0.00453108549118042,-0.3007536323370649,0.8299102433916181,-9.329624608436227,-0.15155275261695142,-0.04615558311343193,0.0016556382179260254,2.9051225993201135,0.005903303623199463
1746575845257209300,2.551209228515625,0.08944382415813944,-0.030761394649744034,0.03719489822386524,0.019103609025478363,0.03919893957289677,0.9869542727800893,0.0929639558020567,right,0.0005637407302856445,-0.30097425221180635,0.8365985620491206,-9.328383668464422,-0.15166194338726605,0.015163540840148926,-0.0020470470190048218,2.9071888842001554,0.009798824787139893
1746575845297209300,2.591209228515625,0.08985906130406632,-0.053792476654052734,0.03763304834746365,0.017098717391490936,0.03802088777839855,0.987134862525537,0.09054079118936426,right,-0.0012462735176086426,-0.2990482219168872,0.8409729046758264,-9.333594681110977,-0.15067469487807547,0.07107368111610413,-0.006394341588020325,2.8891446934655307,0.00813966989517212
1746575845337209300,2.631209228515625,0.08987005804088823,-0.04633156955242157,0.0378421961556532,0.01760542206466198,0.037132686352523835,0.9873422644551446,0.08862182546335284,right,0.00004929304122924805,-0.2967011723797497,0.8416817835975438,-9.340313175711035,-0.14948082820180378,0.08810889720916748,-0.006396576762199402,2.8671418282330032,0.002448856830596924
1746575845377209300,2.671209228515625,0.09029429290447188,-0.029891487210989,0.03829681149879394,0.032046396285295486,0.036125043060386046,0.9876207926379648,0.08646868235649674,right,-0.0015684962272644043,-0.293284916915098,0.8465225016269833,-9.349656173595786,-0.14776186277965375,0.08629745990037918,-0.005446292459964752,2.835086940063536,-0.0025058090686798096
1746575845417209300,2.711209228515625,0.09105072888434992,-0.01375097781419754,0.03885804104091797,0.021709401160478592,0.035410975765321234,0.9878600828268664,0.08497148333907377,right,-0.0018451809883117676,-0.29011188561212864,0.854408286440745,-9.357924235725402,-0.14618033683984497,0.056043755263090134,-0.004794128239154816,2.8052845069959758,-0.0028468966484069824
1746575845457209300,2.751209228515625,0.09164309219278738,-0.0010775942355394363,0.03922262797879552,0.021641938015818596,0.03516789292511447,0.9879646768016607,0.08448811067167845,right,-0.002108633518218994,-0.28859486527325634,0.8603399415120482,-9.361643548509479,-0.14543244440758704,0.031022975221276283,-0.0037539824843406677,2.7910259722799062,-0.0017032623291015625
1746575845497209300,2.791209228515625,0.09254671963205076,0.006477145478129387,0.03969024874312966,0.016456685960292816,0.03516212711474917,0.9880216345117905,0.08455319294825671,right,-0.0049918293952941895,-0.2875214772029015,0.8690753288924693,-9.36384018177092,-0.1449196541216616,0.014713503420352936,-0.0031538158655166626,2.780933325071633,0.0015531480312347412
1746575845537209300,2.831209228515625,0.0930363360738836,0.013808783143758774,0.039928353979418844,0.01468387059867382,0.03530993153618211,0.9880639436112755,0.08488089509174242,right,-0.0012859702110290527,-0.2866992949071561,0.8738720616497099,-9.36568668642044,-0.14452886853699412,0.032164234668016434,-0.0014482513070106506,2.7732006849929687,0.0014510154724121094
1746575845577209300,2.871209228515625,0.09385276981082455,0.010714227333664894,0.040348265727333486,0.0202578566968441,0.035497237428744194,0.9881709503403224,0.0852806075918562,right,-0.00043326616287231445,-0.284837012432348,0.8820007153086363,-9.370095735034345,-0.14363179694866804,0.05096077919006348,-0.0007796064019203186,2.755678472305834,0.0013574957847595215
1746575845617209300,2.911209228515625,0.09441627024947832,-0.0006073648110032082,0.04066318571885108,0.012656955048441887,0.035502627807719456,0.9882658665935073,0.08529191249536562,right,-0.0014745593070983887,-0.2833085368598747,0.8876766420532017,-9.37377939198315,-0.14288721638445667,0.038199909031391144,-0.00012671202421188354,2.741290173730254,0.0026752352714538574
1746575845657209300,2.951209228515625,0.09464730740041861,-0.012666570954024792,0.04083269598071002,0.00787762925028801,0.03528806367603606,0.9883351055794896,0.08484036602755454,right,-0.00052642822265625,-0.2823583250520877,0.8900880871091037,-9.376163072249293,-0.14241281678625697,0.010186292231082916,0.0021406710147857666,2.732342020381987,0.002202630043029785
1746575845697209300,2.991209228515625,0.09464730740041861,-0.011169655248522758,0.04083269598071002,0.005706253927201033,0.03528806367603606,0.9883351055794896,0.08484036602755454,right,0.0005077719688415527,-0.2823583250520877,0.8900880871091037,-9.376163072249293,-0.14241281678625697,-0.00518539734184742,0.003474391996860504,2.732342020381987,0.0008165538311004639
1746575845737209300,3.031209228515625,0.09510313003690904,0.0002155480906367302,0.041055061127874486,0.00910209584981203,0.035212200991101464,0.9883044667431491,0.0847699626671525,right,0.0005363225936889648,-0.2826835274311311,0.8942774285577237,-9.374871278873085,-0.1425800229838116,0.0020724297501146793,0.0037851929664611816,2.735404622823,0.0015625059604644775
1746575845777209300,3.071209228515625,0.09510313003690904,0.011600748635828495,0.041055061127874486,0.012497937306761742,0.035212200991101464,0.9883044667431491,0.0847699626671525,right,0.0006965994834899902,-0.2826835274311311,0.8942774285577237,-9.374871278873085,-0.1425800229838116,0.009330256842076778,0.004523187875747681,2.735404622823,0.0026207566261291504
1746575845817209300,3.111209228515625,0.096125951803865,0.016503071412444115,0.04154113899299388,0.01024499163031578,0.03534110883940894,0.9883003333497646,0.08515969697337024,right,-0.0014190673828125,-0.2823379863236462,0.9039564534638076,-9.374892321661115,-0.14243547027768466,0.02626064047217369,0.005338758230209351,2.73215029720217,0.004982680082321167
1746575845857209300,3.151209228515625,0.09693414544524806,0.003554738126695156,0.041942641235431385,0.00696284044533968,0.03552505963029769,0.9883658001493008,0.08557754859137323,right,-0.000626683235168457,-0.28103851547454367,0.9118757752209902,-9.377683998206257,-0.14181672409246895,0.033446814864873886,0.004717186093330383,2.719909239788353,0.007379293441772461
1746575845897209300,3.191209228515625,0.09728661627161739,-0.006203729659318924,0.042163280740120504,0.007006214931607246,0.03545223442688279,0.9884571545267163,0.08540446199692191,right,0.0004247426986694336,-0.2796437037328863,0.9155486185148358,-9.38112858570218,-0.14113043459356356,0.030217183753848076,0.004394456744194031,2.706764803794026,0.0035031139850616455
1746575845937209300,3.231209228515625,0.09763728327887736,0.0006415336392819881,0.0423853263593748,0.0007181204855442047,0.03530534881113008,0.9885309400371108,0.08509668573943001,right,-0.00453108549118042,-0.27853747787828426,0.9191295457415282,-9.383781730559468,-0.14058368578777816,0.02605529874563217,0.00021110475063323975,2.696336056499183,-0.003428041934967041
1746575845977209300,3.271209228515625,0.09763728327887736,0.0034432788379490376,0.0423853263593748,-0.006086595822125673,0.03530534881113008,0.9885309400371108,0.08509668573943001,right,0.000647425651550293,-0.27853747787828426,0.9191295457415282,-9.383781730559468,-0.14058368578777816,0.015186114236712456,0.0027824044227600098,2.696336056499183,-0.0034747421741485596
1746575846017209300,3.311209228515625,0.09763728327887736,0.00564867677167058,0.0423853263593748,-0.01127608772367239,0.03530534881113008,0.9885309400371108,0.08509668573943001,right,0.0014618635177612305,-0.27853747787828426,0.9191295457415282,-9.383781730559468,-0.14058368578777816,-0.009770998731255531,0.0009256154298782349,2.696336056499183,-0.0028684139251708984
1746575846057209300,3.351209228515625,0.09763728327887736,0.007854074239730835,0.0423853263593748,-0.016465578228235245,0.03530534881113008,0.9885309400371108,0.08509668573943001,right,0.0022763609886169434,-0.27853747787828426,0.9191295457415282,-9.383781730559468,-0.14058368578777816,-0.03472810983657837,-0.0009311661124229431,2.696336056499183,-0.0022620558738708496
1746575846097209300,3.391209228515625,0.09701666325900832,0.018635466694831848,0.041970951003175834,-0.009788066148757935,0.03576239239235546,0.9884100826180366,0.08602670899983318,right,0.002209305763244629,-0.2802523364139785,0.9128563837561756,-9.379734500995278,-0.14143932624772232,-0.046032123267650604,-0.00008162856101989746,2.7125010093584656,-0.002181410789489746
1746575846137209300,3.431209228515625,0.09692030323970408,0.025089217349886894,0.041801494620156074,-0.009153567254543304,0.036258962616804676,0.9882686225005373,0.08711594299092532,right,-0.00014269351959228516,-0.2820499572725514,0.9114792501840739,-9.374953696459531,-0.14234821401648953,-0.04845204949378967,-0.0010759681463241577,2.729437531112134,-0.00003331899642944336
1746575846177209300,3.471209228515625,0.09686116783805404,0.02571076527237892,0.041633021856915184,-0.01754593290388584,0.036881764245863605,0.9881261567793775,0.0884619478039916,right,-0.003660738468170166,-0.28376898997749256,0.9104697808805853,-9.370323698571324,-0.14322406208056704,-0.0442139133810997,-0.0017828792333602905,2.7456252803251147,0.0057106614112854
1746575846217209300,3.511209228515625,0.09652899488910871,0.01367400586605072,0.041349825702118606,-0.008236359804868698,0.037404786565047365,0.9880021555575085,0.08955914750979159,right,0.000977635383605957,-0.28535452215470564,0.9069364191226661,-9.366281145182251,-0.14402348018434974,-0.03844267874956131,-0.00047647953033447266,2.7605487086907026,0.007605254650115967
1746575846257209300,3.551209228515625,0.0962147803541768,0.007864092476665974,0.041125550024046796,-0.0023419647477567196,0.03764812029490172,0.9879118392651786,0.09007394019569866,right,0.00481647253036499,-0.2865999243000329,0.903662365888059,-9.363136417415738,-0.1446430059550246,-0.020183108747005463,0.0002751946449279785,2.77226603449136,0.0024417340755462646
1746575846297209300,3.591209228515625,0.09661632671180079,0.01827763393521309,0.041267088598279336,0.0011543503496795893,0.03791741601150718,0.9878607797728627,0.09070206826881706,right,-0.004294276237487793,-0.2870398947305914,0.9073043025869876,-9.361557623791693,-0.14488071715527748,-0.00583750382065773,-0.0025203749537467957,2.776404157209396,0.00012665987014770508
1746575846337209300,3.631209228515625,0.09681441703881093,0.012074261903762817,0.04129267038145178,0.006613372825086117,0.038256979696271655,0.9877947185112238,0.09145588958494091,right,-0.0015146732330322266,-0.28771725145414395,0.908976692778617,-9.359503613871336,-0.14523438548480033,-0.015341171063482761,-0.0008750259876251221,2.7827745690241454,0.0019054114818572998
1746575846377209300,3.671209228515625,0.09701305953613718,0.005870890337973833,0.04131823633513772,0.012072394602000713,0.03859651284276377,0.9877284062191783,0.09220995481507344,right,0.0012643933296203613,-0.28839444646623064,0.9106531746234744,-9.35744551229775,-0.14558800943106526,-0.024844838306307793,0.0007699131965637207,2.7891417659685014,0.003684520721435547
1746575846417209300,3.711209228515625,0.09771632824951836,-0.008085466921329498,0.04162951985736994,0.020574841648340225,0.03854715623519145,0.9876291157528561,0.09227918008726337,right,0.0008192658424377441,-0.28957266303817336,0.916912454213947,-9.353525708505511,-0.14618448392581138,-0.029242563992738724,0.0030400827527046204,2.800216994473338,0.0027583837509155273
1746575846457209300,3.751209228515625,0.09855391791935077,-0.015308799222111702,0.042042557303482816,0.022628959268331528,0.03823986901577894,0.9875333083561136,0.09184919175003847,right,-0.0015702247619628906,-0.2907921522678732,0.9244098972972482,-9.3493492996037,-0.14679333430167024,-0.027482416480779648,0.0030155926942825317,2.8116762538596984,0.002506732940673828
1746575846497209300,3.791209228515625,0.0992868537192278,-0.006201267242431641,0.04240422946963406,0.016164861619472504,0.037945774620679884,0.9874412456839088,0.09142937191082039,right,-0.0022416114807128906,-0.29197791470056955,0.9309309696290642,-9.345344740137458,-0.14738350920366056,-0.021456578746438026,0.00229596346616745,2.8228143184676764,-0.0008678436279296875
1746575846537209300,3.831209228515625,0.09981559913725353,0.005569908767938614,0.042640768582368496,0.0034704506397247314,0.037911476287275744,0.9873729005996503,0.09148322380672215,right,-0.0011789202690124512,-0.29276142669844074,0.9356514953449367,-9.342647756138444,-0.1477812488572514,-0.014871292747557163,0.0016238614916801453,2.8301719877541065,0.0009176731109619141
1746575846577209300,3.871209228515625,0.10013620285822301,0.005903937388211489,0.0427581685583933,0.0009223741944879293,0.03807034155296921,0.9873267411857648,0.09187824541461251,right,-0.0012846589088439941,-0.293205185323705,0.9385210594318807,-9.341097019565105,-0.14801469675629864,-0.012140581384301186,0.003077194094657898,2.8343381675228474,0.0017029941082000732
1746575846617209300,3.911209228515625,0.10005974670561728,0.0044807130470871925,0.04268363449418457,-0.00202167802490294,0.03823102029809524,0.9872902537721766,0.09221742318489717,right,-0.0008364319801330566,-0.29364745951070637,0.9376815398678183,-9.339920377001166,-0.14823864999217604,-0.014122308231890202,0.0021036118268966675,2.8384900265052915,0.002403765916824341
1746575846657209300,3.951209228515625,0.10005974670561728,0.0030574887059628963,0.04268363449418457,-0.004965730011463165,0.03823102029809524,0.9872902537721766,0.09221742318489717,right,-0.0002682209014892578,-0.29364745951070637,0.9376815398678183,-9.339920377001166,-0.14823864999217604,-0.016104035079479218,0.001044437289237976,2.8384900265052915,0.0035279393196105957
1746575846697209300,3.991209228515625,0.09989251099246053,0.005415840074419975,0.04253424304961727,-0.0035973843187093735,0.03846530745429027,0.9872054960567842,0.09272885507187892,right,-0.0011938810348510742,-0.29473715402888784,0.9358105583641677,-9.336993675899505,-0.1487838829609499,-0.018339747563004494,-0.00038702040910720825,2.8487174060091376,0.0015926361083984375
1746575846737209300,4.031209228515625,0.09972674749760768,0.007814042270183563,0.04239882766400159,-0.007187830284237862,0.03867571795712599,0.987145041594066,0.09317381114979535,right,-0.0003158450126647949,-0.29550562024436045,0.9340445716049521,-9.334967723029852,-0.14916916423814894,-0.01530316099524498,0.0007136091589927673,2.8559274835184216,0.0005039870738983154
1746575846777209300,4.071209228515625,0.09960953335755426,0.01039162278175354,0.042277945498008805,-0.006427014712244272,0.038949363980780034,0.9870826261959905,0.09375260380660887,right,-0.00017756223678588867,-0.29624638067033543,0.9327397726166993,-9.332969827210903,-0.14954450317712387,-0.02194542996585369,0.00014490634202957153,2.8628762797430154,0.002549409866333008
1746575846817209300,4.111209228515625,0.09931027444826745,0.007858304306864738,0.042069136285867476,-0.013038515113294125,0.03917889435311393,0.987010420186792,0.09422643807659348,right,-0.0007334351539611816,-0.29720027231770335,0.9296755627404898,-9.330526525712013,-0.15001909218143136,-0.024748077616095543,0.000521540641784668,2.871822095003724,0.0011799037456512451
1746575846857209300,4.151209228515625,0.0988670908829479,0.00541839562356472,0.041801833322375394,-0.021324457600712776,0.03935280071131751,0.9869496937231551,0.09456071468167242,right,-0.0034818053245544434,-0.2980712372375312,0.9252931098725646,-9.328445043262839,-0.15044691790919873,-0.02486961893737316,-0.004204854369163513,2.8799875735417007,-0.0018537342548370361
1746575846897209300,4.191209228515625,0.09819651668087456,0.0067144110798835754,0.04141012161148821,-0.018081869930028915,0.039616766795254145,0.986888328531126,0.09504413404499537,right,0.0012999773025512695,-0.2989726950307973,0.918782558934763,-9.326475789016484,-0.15088824673657028,-0.02963153086602688,-0.000618569552898407,2.88843683745712,-0.0021186470985412598
1746575846937209300,4.231209228515625,0.0987519119424406,0.008285976946353912,0.041601415322452345,0.023929648101329803,0.039808243230412425,0.98675634371127,0.09560158471836763,right,0.00020998716354370117,-0.3004649027198387,0.9235363293331116,-9.321664589342474,-0.15164659121197202,-0.052774958312511444,-0.0008334517478942871,2.902418016536534,0.001866161823272705
1746575846977209300,4.271209228515625,0.09949114534231214,0.003365414682775736,0.04186040488855548,0.010227920487523079,0.039926309385543333,0.9865475675346798,0.09609634440530454,right,-0.0015027523040771484,-0.3029503399306259,0.9297075653139502,-9.313772374787925,-0.15289690870794628,-0.06984809786081314,0.0008976981043815613,2.92569104783535,0.004317373037338257
1746575847017209300,4.311209228515625,0.10011937809575581,0.004291982389986515,0.04206977136490444,0.011737043038010597,0.04000070451547798,0.9863368437665697,0.0964910669194889,right,-0.0012035369873046875,-0.3054997475800887,0.9348100030194968,-9.305735198804735,-0.15417423738444733,-0.054186880588531494,0.002178087830543518,2.94954421710968,0.001978844404220581
1746575847057209300,4.351209228515625,0.10050411307526202,0.016226548701524734,0.04216202721549684,-0.0067670103162527084,0.0402280834359899,0.9861830837425775,0.09711496066419902,right,-0.0034442543983459473,-0.3072772390696091,0.937862668588385,-9.300143662407994,-0.1550709662260508,-0.03817865252494812,0.0012954548001289368,2.966163635738194,0.0036943256855010986
1746575847097209300,4.391209228515625,0.10042244183878363,0.022733386605978012,0.04201890486148265,-0.012556903064250946,0.040686848928251654,0.9860917371544872,0.09808890451839467,right,0.0002002120018005371,-0.3082521875425988,0.9368127942092717,-9.297338541859387,-0.15557016298192097,-0.011136658489704132,0.0023195967078208923,2.9752751629546283,0.002519071102142334
1746575847137209300,4.431209228515625,0.1003265059237521,0.026256952434778214,0.04187515219376904,-0.013556786812841892,0.04131084145259842,0.9860700457301605,0.09933791979919944,right,0.0009188055992126465,-0.30822712907300676,0.9359282664597034,-9.2975022079885,-0.15558204525805014,0.007640281692147255,0.000984475016593933,2.9750410619378087,0.004271119832992554
1746575847177209300,4.471209228515625,0.09991607925387065,0.0243675597012043,0.0416105209462699,-0.02109312266111374,0.041884248452640715,0.9861092783898189,0.10039573075421278,right,0.001784205436706543,-0.3075269729572655,0.9323197936389594,-9.299956030881404,-0.15525064859911594,0.021449752151966095,0.0036077648401260376,2.968497631643712,0.00428086519241333
1746575847217209300,4.511209228515625,0.09943078161868822,0.023096216842532158,0.041339600540430496,-0.02567746303975582,0.042382401102199985,0.9861933726880896,0.1012588991174323,right,0.000834345817565918,-0.30629776052365837,0.9281680077217519,-9.3040313174963,-0.1546526971377973,0.022840332239866257,0.002001143991947174,2.957006515814364,0.004995584487915039
1746575847257209300,4.551209228515625,0.09894457544296109,0.021824873983860016,0.041068651020476084,-0.030261803418397903,0.04288059274185722,0.9862767404644054,0.10212249419490349,right,-0.00011718273162841797,-0.3050689185857773,0.9240024124749004,-9.308090237498282,-0.15405463599076252,0.02423091046512127,0.0003959238529205322,2.945514523202181,0.005710422992706299
1746575847297209300,4.591209228515625,0.09821043598862876,0.016980135813355446,0.040679571390781315,-0.02130538411438465,0.043282935548357424,0.9863375900651994,0.1027777625306162,right,0.001119077205657959,-0.3042632018923058,0.9174011875789612,-9.311125075149535,-0.1536551819170365,0.01346332486718893,0.00024006515741348267,2.937976821173727,0.0009996294975280762
1746575847337209300,4.631209228515625,0.09776724696216689,0.02327500283718109,0.04042294358657635,-0.01125571969896555,0.043685208080553255,0.9863737803655913,0.10349175526157665,right,0.0007536411285400391,-0.3036885596702394,0.9134391520801931,-9.313209480208158,-0.15337683310268424,0.008293376304209232,0.0003093406558036804,2.9326000965714454,-0.00035202503204345703
1746575847377209300,4.671209228515625,0.09787380110208964,0.023617245256900787,0.04040545765124133,-0.0018397774547338486,0.044167188464930396,0.9863636756442615,0.10447520270412756,right,0.00043654441833496094,-0.30350565364926807,0.9144839118927717,-9.313646118059754,-0.15330889667431527,-0.005697241052985191,0.0011163726449012756,2.930888324217498,0.002115607261657715
1746575847417209300,4.711209228515625,0.09831201273684609,0.021566757932305336,0.04052746196140832,-0.0018911418737843633,0.04463883023752384,0.9862975533663508,0.10552578033477424,right,-0.0018901824951171875,-0.30396194209682525,0.9184338185623288,-9.311912426134944,-0.15356474381487617,-0.016526462510228157,0.001993797719478607,2.9351582566216585,-0.0008576810359954834
1746575847457209300,4.751209228515625,0.09847765912460792,0.024969860911369324,0.040510568580778554,-0.008864709176123142,0.04514103164659099,0.9862303033678806,0.10660063569999537,right,-0.00032001733779907227,-0.30449640262988015,0.919821911919862,-9.310197438910603,-0.15385359738712395,-0.01017489843070507,0.0006994903087615967,2.940158841387927,-0.0012338459491729736
1746575847497209300,4.791209228515625,0.09833345509162399,0.020037999376654625,0.040344636386594905,-0.015089940279722214,0.04566580029612629,0.9861775458002815,0.10766665085777144,right,-0.0008753538131713867,-0.30491952371499226,0.9183571000643074,-9.309090938973426,-0.15408034470487078,-0.017018292099237442,0.0006431341171264648,2.94411693136394,0.0029902756214141846
1746575847537209300,4.831209228515625,0.09799867242856838,0.014161579310894012,0.040101617848238985,-0.015355998650193214,0.046042199050583384,0.9861176178815506,0.1084157838565097,right,0.00041747093200683594,-0.3055835558181716,0.9150489984296262,-9.307450186029076,-0.1544148866251057,-0.015836020931601524,0.000015057623386383057,2.9503277687028047,0.001080840826034546
1746575847577209300,4.871209228515625,0.09761581623616818,0.01161406934261322,0.03984517982417898,-0.012364598922431469,0.046379072002773095,0.9860685273188629,0.10907099806239075,right,-0.0004914999008178711,-0.3061414263501914,0.9113250094704329,-9.306160730740427,-0.15469395983920653,-0.006538871675729752,-0.0006275773048400879,2.9555449188292027,0.00178566575050354
1746575847617209300,4.911209228515625,0.09731231033355962,0.016655154526233673,0.03964894166342236,-0.015496226958930492,0.04670047553125251,0.9860608466396193,0.1096750485434232,right,-0.002084672451019287,-0.30613741818261714,0.9085016226127743,-9.306448315510153,-0.15469692032425825,0.005833960138261318,-0.001969069242477417,2.955507217167318,-0.00031125545501708984
1746575847657209300,4.951209228515625,0.09671084018286717,0.0195163507014513,0.03931298883144391,-0.01758391596376896,0.047088175506227944,0.9860868366797207,0.11034430075488945,right,-0.0007945895195007324,-0.30573754841814255,0.9030180035699158,-9.308169147953391,-0.15449904829964445,0.010541561059653759,-0.0013641119003295898,2.9517680306389926,0.00020739436149597168
1746575847697209300,4.991209228515625,0.09637962032248604,0.008738136850297451,0.039113079336916774,-0.009032833389937878,0.047357789304763837,0.9860851591056017,0.11083662846156317,right,0.00096893310546875,-0.30569147093202276,0.8999479484748095,-9.308602863195539,-0.15447817865195082,-0.0023034894838929176,-0.0005729570984840393,2.9513372380062934,0.0031326711177825928
1746575847737209300,5.031209228515625,0.09604838617497959,-0.002040077932178974,0.03891316984238982,-0.00048175081610679626,0.047627356175186555,0.9860834447827934,0.11132889017398549,right,0.0027322769165039062,-0.3056456122597602,0.8968776011187582,-9.309035409393905,-0.15445730900425675,-0.01514853909611702,0.000218220055103302,2.950908198939264,0.0060577392578125
1746575847777209300,5.071209228515625,0.09613224024416801,-0.01403379999101162,0.03895263809565788,0.0037448755465447903,0.04745061041426598,0.9860286924006936,0.1110292008455676,right,0.0003522038459777832,-0.306451601771882,0.897429608978331,-9.306589769807458,-0.1548505228761358,-0.02002248540520668,0.00043189525604248047,2.9584450241848823,0.002394169569015503
1746575847817209300,5.111209228515625,0.09595711005209756,-0.011731208302080631,0.038901822105952284,-0.002852169331163168,0.04709341520963901,0.9860007746186203,0.11031359255539279,right,-0.0004939436912536621,-0.3070955396715216,0.8956170065984129,-9.304848479098082,-0.1551496640454557,-0.011914961971342564,0.0009495913982391357,2.9644650151267644,0.00023740530014038086
1746575847857209300,5.151209228515625,0.09578145149477468,-0.009428616613149643,0.038850984420745194,-0.009449215605854988,0.046736246574277066,0.9859727262316317,0.10959779981817676,right,-0.0013404488563537598,-0.3077393728853028,0.8937998011086136,-9.303103681257367,-0.15544876542510444,-0.0038074376061558723,0.0014677643775939941,2.9704829602420326,-0.001919180154800415
1746575847897209300,5.191209228515625,0.09578145149477468,0.007302040234208107,0.038850984420745194,0.007383804768323898,0.046736246574277066,0.9859727262316317,0.10959779981817676,right,-0.00299680233001709,-0.3077393728853028,0.8937998011086136,-9.303103681257367,-0.15544876542510444,-0.0021749604493379593,0.0006669983267784119,2.9704829602420326,-0.002042233943939209
1746575847937209300,5.231209228515625,0.09578145149477468,0.01418243907392025,0.038850984420745194,-0.013377821072936058,0.046736246574277066,0.9859727262316317,0.10959779981817676,right,-0.0008175373077392578,-0.3077393728853028,0.8937998011086136,-9.303103681257367,-0.15544876542510444,-0.01213399600237608,0.0026675835251808167,2.9704829602420326,0.0006158351898193359
1746575847977209300,5.271209228515625,0.09591633820460425,0.020853988826274872,0.038808474454322575,-0.007794642820954323,0.047287327656537786,0.985898935532103,0.11076963603372325,right,0.0002841949462890625,-0.3083176595858964,0.8948900074981152,-9.3012712051332,-0.1557595526649559,-0.007529768627136946,0.0014944300055503845,2.9758871573731303,-0.00014847517013549805
1746575848017209300,5.311209228515625,0.09584621384100761,0.01824459433555603,0.03867439360364847,-0.013796895742416382,0.047804091257111075,0.9858355184172598,0.11183662246990307,right,-0.0007590055465698242,-0.30884264483140994,0.8940881165307014,-9.299777751705049,-0.15603710098506898,-0.016980933025479317,0.0007872506976127625,2.980792172810435,0.003130316734313965
1746575848057209300,5.351209228515625,0.09567387032144972,0.0120225939899683,0.03851125578936837,-0.008294941857457161,0.04816742951994022,0.9857729335727061,0.11258248000497816,right,-0.0006933808326721191,-0.3094786490313064,0.8923040826581418,-9.29804289073646,-0.15636058816248027,-0.013302557170391083,-0.00048341602087020874,2.9867335455581543,0.0021455883979797363
1746575848097209300,5.391209228515625,0.09535523938930562,0.012117799371480942,0.03829360798564899,-0.011645123362541199,0.04850651589091771,0.985740641688986,0.11323680186386548,right,0.0005674362182617188,-0.30977758239371067,0.8892563124600797,-9.297437326058745,-0.15651266626608873,-0.004148674197494984,-0.002006158232688904,2.989525806625187,0.0039244890213012695
1746575848137209300,5.431209228515625,0.09535523938930562,0.0009740423411130905,0.03829360798564899,-0.0020661521703004837,0.04850651589091771,0.985740641688986,0.11323680186386548,right,0.005937814712524414,-0.30977758239371067,0.8892563124600797,-9.297437326058745,-0.15651266626608873,-0.007804125547409058,0.0008434206247329712,2.989525806625187,0.006912112236022949
1746575848177209300,5.471209228515625,0.09535523938930562,-0.010870290920138359,0.03829360798564899,0.017216317355632782,0.04850651589091771,0.985740641688986,0.11323680186386548,right,-0.0012334585189819336,-0.30977758239371067,0.8892563124600797,-9.297437326058745,-0.15651266626608873,-0.0023341174237430096,0.0007375553250312805,2.989525806625187,0.004289597272872925
1746575848217209300,5.511209228515625,0.09554669193547377,-0.010203327983617783,0.03841735091831069,0.0015066452324390411,0.04820474839545287,0.9857163831395092,0.11268040532881374,right,-0.00048041343688964844,-0.31022757052480154,0.8909078790593892,-9.295926921495795,-0.156728220382516,0.008956314995884895,0.0019880160689353943,2.993728226751089,0.00020775198936462402
1746575848257209300,5.551209228515625,0.09554669193547377,-0.00010426994413137436,0.03841735091831069,-0.001840016571804881,0.04820474839545287,0.9857163831395092,0.11268040532881374,right,-0.00047218799591064453,-0.31022757052480154,0.8909078790593892,-9.295926921495795,-0.156728220382516,0.006759443320333958,0.001245349645614624,2.993728226751089,0.0004284679889678955
1746575848297209300,5.591209228515625,0.09554669193547377,0.009994788095355034,0.03841735091831069,-0.005186678376048803,0.04820474839545287,0.9857163831395092,0.11268040532881374,right,-0.000464022159576416,-0.31022757052480154,0.8909078790593892,-9.295926921495795,-0.156728220382516,0.004562571179121733,0.0005026906728744507,2.993728226751089,0.0006491541862487793
1746575848337209300,5.631209228515625,0.09538839549287091,0.0029509589076042175,0.03833323010581769,-0.001968210097402334,0.0484713856875496,0.9857802824970613,0.11314233301850492,right,0.0013356208801269531,-0.30927433778395447,0.8897077825546265,-9.298904476001859,-0.15626383420726717,0.001367331249639392,0.00023620575666427612,2.9848250815883275,0.0055110156536102295
1746575848377209300,5.671209228515625,0.09538839549287091,-0.0163728054612875,0.03833323010581769,0.004641742445528507,0.0484713856875496,0.9857802824970613,0.11314233301850492,right,0.003196120262145996,-0.30927433778395447,0.8897077825546265,-9.298904476001859,-0.15626383420726717,-0.002597534330561757,0.0016369223594665527,2.9848250815883275,0.005134284496307373
1746575848417209300,5.711209228515625,0.09544439748779987,-0.01067117415368557,0.03843268303166318,0.002144484082236886,0.048025068569941626,0.98580468759735,0.11224286755992724,right,0.00023192167282104492,-0.3092240579668194,0.8902428392793983,-9.299003844723105,-0.1562231633640779,0.0012337653897702694,0.000961892306804657,2.9843554182499648,0.0018728971481323242
1746575848457209300,5.751209228515625,0.09550044723302009,-0.004969543777406216,0.03853212677033769,-0.0003527747467160225,0.04757873109348514,0.9858289253440344,0.11134339936717438,right,-0.0027324557304382324,-0.3091738845815435,0.8907782613303512,-9.29910321344435,-0.15618248078885982,0.0050650653429329395,0.00028683990240097046,2.983886631694436,-0.0013885498046875
1746575848497209300,5.791209228515625,0.09550044723302009,0.008182340301573277,0.03853212677033769,-0.006510090082883835,0.04757873109348514,0.9858289253440344,0.11134339936717438,right,-0.0012306571006774902,-0.3091738845815435,0.8907782613303512,-9.29910321344435,-0.15618248078885982,0.0029538811650127172,0.001472175121307373,2.983886631694436,-0.002773582935333252
1746575848537209300,5.831209228515625,0.09530048891432419,0.026396382600069046,0.03837896393952922,-0.007382907439023256,0.04799925787085132,0.9858336841746309,0.11214978912535985,right,-0.000785529613494873,-0.3089065170568402,0.888994738914445,-9.30007468882501,-0.15606152552373745,0.0034542493522167206,0.0003688707947731018,2.9813889696598053,-0.0010805130004882812
1746575848577209300,5.871209228515625,0.09532998749500442,0.03287878632545471,0.03830231630505179,-0.007948660291731358,0.048646958572813,0.9858260916406959,0.11345011843392518,right,0.00027811527252197266,-0.308581434964936,0.8893612341392785,-9.301012846457958,-0.15592707874631895,0.0058966148644685745,0.0010738745331764221,2.978351793920994,-0.00045987963676452637
1746575848617209300,5.911209228515625,0.0954295987788577,0.02008318156003952,0.03827445902249848,-0.0029834439046680927,0.049225960106701064,0.9858285972375906,0.11461582534265811,right,0.0016366243362426758,-0.3081448957166861,0.8904115469098091,-9.302217546072601,-0.15573682347132511,0.007350984960794449,0.003186620771884918,2.9742727079138156,0.004447340965270996
1746575848657209300,5.951209228515625,0.0954295987788577,-0.005025643855333328,0.03827445902249848,-0.005252529866993427,0.049225960106701064,0.9858285972375906,0.11461582534265811,right,-0.0007031559944152832,-0.3081448957166861,0.8904115469098091,-9.302217546072601,-0.15573682347132511,0.0014560590498149395,0.0010470375418663025,2.9742727079138156,0.006083965301513672
1746575848697209300,5.991209228515625,0.0947573587469595,-0.017773985862731934,0.0379822807434927,-0.010875765234231949,0.049077256296122876,0.9858671943132511,0.11419641010188153,right,0.0007188320159912109,-0.30793959975055174,0.8842157610096036,-9.303421661165356,-0.15561118982630223,0.0024000380653887987,0.0014955028891563416,2.9723543070718645,0.0027696192264556885
1746575848737209300,6.031209228515625,0.09404500955808032,-0.009176055900752544,0.0376806251764324,-0.009278412908315659,0.048821581221069575,0.9858968965157379,0.11356470033012613,right,0.0031432509422302246,-0.3079287331025809,0.8775913013685495,-9.304081586378812,-0.15557646188537372,0.003565725637599826,-0.0002392604947090149,2.972252600263059,-0.0014149248600006104
1746575848777209300,6.071209228515625,0.09404500955808032,-0.005198312923312187,0.0376806251764324,0.019623827189207077,0.048821581221069575,0.9858968965157379,0.11356470033012613,right,0.005172133445739746,-0.3079287331025809,0.8775913013685495,-9.304081586378812,-0.15557646188537372,0.0013789443764835596,0.0037740319967269897,2.972252600263059,-0.0019424259662628174
1746575848817209300,6.111209228515625,0.09480899138845847,-0.003297595540061593,0.038085491983923726,0.002706410363316536,0.04854854802119494,0.9858812852591353,0.11313990371984736,right,-0.006278693675994873,-0.30808041594462987,0.8846564905144274,-9.302959304350614,-0.15566173455761803,-0.006498372182250023,-0.00016139447689056396,2.973670065845549,0.0011009275913238525
1746575848857209300,6.151209228515625,0.09457171401231773,-0.006330609321594238,0.037976546648528786,-0.006968340836465359,0.04840867085527656,0.9858573724504943,0.11284526930246683,right,0.0011557936668395996,-0.3085544322146121,0.8823159187376499,-9.301764541608094,-0.15588382880776047,-0.01318117044866085,0.00277923047542572,2.978099280464649,0.0005606114864349365
1746575848897209300,6.191209228515625,0.09457171401231773,0.003967824392020702,0.037976546648528786,-0.01348050870001316,0.04840867085527656,0.9858573724504943,0.11284526930246683,right,-0.000728309154510498,-0.3085544322146121,0.8823159187376499,-9.301764541608094,-0.15588382880776047,-0.01779359206557274,-0.000017449259757995605,2.978099280464649,0.0006229281425476074
1746575848937209300,6.231209228515625,0.09377404975318913,0.017187053337693214,0.03751685900425473,-0.01890682987868786,0.04862116580846654,0.9857735674880378,0.11321661855385824,right,-0.0006898641586303711,-0.30974566675701226,0.8745631126537918,-9.298927272355556,-0.1564581631687241,-0.017069028690457344,-0.00026348233222961426,2.989227700461447,0.0006213486194610596
1746575848977209300,6.271209228515625,0.09329013703515414,0.02146393619477749,0.03718353729821461,-0.01255112700164318,0.04910415209162545,0.9857089097849889,0.11415693429497509,right,0.0009656548500061035,-0.31041502718071673,0.8698765622727572,-9.297354908472299,-0.15679354399105655,-0.015758344903588295,-0.0009376704692840576,2.9954788698107,0.0033372044563293457
1746575849017209300,6.311209228515625,0.09337686086021083,0.017759643495082855,0.037153504920892,0.00025306176394224167,0.0495380746766484,0.9856796438650193,0.11505525515812715,right,0.0014742016792297363,-0.3104883200373842,0.8706623788882046,-9.297060893961786,-0.1568484607270096,-0.0045807333663105965,0.0009059607982635498,2.9961630526825784,0.0036222338676452637
1746575849057209300,6.351209228515625,0.0934636335113096,0.014055348932743073,0.03712346003524094,0.013057251460850239,0.04997196672339879,0.9856501269146432,0.11595355251839141,right,0.001982748508453369,-0.3105615254843612,0.8714486338950693,-9.296766879451274,-0.15690334940531908,0.006596878170967102,0.002749532461166382,2.9968466510325666,0.003907322883605957
1746575849097209300,6.391209228515625,0.0934636335113096,0.010528946295380592,0.03712346003524094,0.0028783464804291725,0.04997196672339879,0.9856501269146432,0.11595355251839141,right,-0.002522289752960205,-0.3105615254843612,0.8714486338950693,-9.296766879451274,-0.15690334940531908,0.009217790327966213,0.0011661425232887268,2.9968466510325666,0.0010898709297180176
1746575849137209300,6.431209228515625,0.0942547716084888,0.015725327655673027,0.03746298308511223,0.003621317446231842,0.05045505260145709,0.9856836614699431,0.1170041857903576,right,-0.000628054141998291,-0.30957415497645274,0.8790814668610691,-9.2990155351609,-0.15645661377216252,0.021503925323486328,0.0009645968675613403,2.9876255259618163,0.00046178698539733887
1746575849177209300,6.471209228515625,0.0944666745899323,0.004076575860381126,0.03755608090998248,-0.005104450508952141,0.05072009172328225,0.9857344235708557,0.11752476216503784,right,-0.0015837550163269043,-0.30867292469953916,0.8813055726513266,-9.301506182932853,-0.1560279514511619,0.014752287417650223,0.0008215904235839844,2.97920665718466,0.004960447549819946
1746575849217209300,6.511209228515625,0.09421645761598949,-0.01116988342255354,0.03746314784272168,-0.008950461633503437,0.0506484625582151,0.9857769760655348,0.11731551305444786,right,-0.0009784698486328125,-0.30824062608776515,0.8790992217134683,-9.303007819667458,-0.15580479331049982,0.0035723624750971794,-0.0014572441577911377,2.975167318665981,0.008016914129257202
1746575849257209300,6.551209228515625,0.0936606292199782,-0.04040280729532242,0.03727613558354112,-0.002350463531911373,0.050155507296670884,0.9858193674689122,0.11622418376250991,right,0.003917396068572998,-0.30818028656925883,0.8739449807554482,-9.30367359009981,-0.15574068396637494,0.00939120538532734,-0.0009568631649017334,2.9746032550424335,0.010687559843063354
1746575849297209300,6.591209228515625,0.09346057282358577,-0.04166213795542717,0.037340214901731644,0.01042545959353447,0.04926955212114509,0.9859115634839851,0.11436397993655545,right,0.002970874309539795,-0.307618475771114,0.8722395650770515,-9.305510742399097,-0.15542430513171163,0.027490047737956047,-0.0005569532513618469,2.969353079429269,0.004363685846328735
1746575849337209300,6.631209228515625,0.09356839353017046,-0.01361660286784172,0.03749311366023924,0.008251420222222805,0.04891277319276175,0.9860221341268649,0.11358782358894132,right,0.0012148618698120117,-0.3063700731243453,0.8735884954679757,-9.309099706801772,-0.15479749733738152,0.020743517205119133,0.0005513802170753479,2.9576828076407313,0.0023948252201080322
1746575849377209300,6.671209228515625,0.09367719465750791,0.014428934082388878,0.03764598994694693,0.006077380385249853,0.04855600668521137,0.9861321088527053,0.11281191017032166,right,-0.0005427002906799316,-0.3051217507794831,0.8749460475567727,-9.312673473635316,-0.15417061250856418,0.013996986672282219,0.0016588494181632996,2.946008736459911,0.00042635202407836914
1746575849417209300,6.711209228515625,0.09417632797359791,0.03306514024734497,0.03784638966791172,0.005328849423676729,0.048948265038435655,0.9861470573420836,0.11365185486338283,right,-0.0010319352149963379,-0.30451896102801235,0.879761046623066,-9.314002091890574,-0.15390165741015763,0.008287562057375908,0.004349201917648315,2.9403698537901044,-0.004940599203109741
1746575849457209300,6.751209228515625,0.09483245413823536,0.04803664982318878,0.03806256084389051,-0.00422219792380929,0.04976643270809272,0.9861499335328141,0.11536993122389061,right,-0.0037153959274291992,-0.3037421988051074,0.8860879846222698,-9.315693698239325,-0.1535677555685093,0.017125491052865982,0.0035841092467308044,2.9331019086137413,-0.00589674711227417
1746575849497209300,6.791209228515625,0.09486918822452545,0.02819269523024559,0.037969987249797284,-0.01858087256550789,0.05063690150712822,0.9861565945604227,0.11710225837784677,right,-0.0021716952323913574,-0.3030540469238609,0.8866212147161364,-9.317668213182687,-0.15326259190520078,0.005936472676694393,0.005563206970691681,2.9266616464331743,0.0009717941284179688
1746575849537209300,6.831209228515625,0.094074409318909,-0.0035199783742427826,0.03753989053696952,-0.030144821852445602,0.050988527255660665,0.9861708392122693,0.11768126726790028,right,-0.0011115670204162598,-0.3028649477750762,0.8792674178872257,-9.318920843592286,-0.15316016998025966,-0.0015070335939526558,0.001274503767490387,2.9248917141512036,0.0019745230674743652
1746575849577209600,6.871209716796875,0.09241961316154605,-0.030021119862794876,0.03677747737085901,-0.03669170290231705,0.050739273580937015,0.9862110964089951,0.11692609696718569,right,0.0014711618423461914,-0.3029966075867353,0.863809736514464,-9.319979412734508,-0.15316891595824172,-0.0017497572116553783,-0.004576057195663452,2.926124178555608,0.0034061074256896973
1746575849617209300,6.911209228515625,0.09140931187195432,-0.023120397701859474,0.036377165501374376,0.00021590664982795715,0.05011530678472699,0.9862424225681172,0.11552050212227075,right,0.0016301870346069336,-0.30330156329680247,0.8543118403289467,-9.319958369946479,-0.153267996229434,-0.002524638082832098,-0.0036746710538864136,2.9289783989429474,0.0015269219875335693
1746575849657209300,6.951209228515625,0.09039844699326223,-0.016219675540924072,0.03597682783893083,0.03712351620197296,0.049491278911972164,0.9862732466664265,0.11411438512001308,right,0.0017885565757751465,-0.3036051670311429,0.8448098524902016,-9.319930897417663,-0.15336698314052424,-0.0032995191868394613,-0.002772882580757141,2.931819467587769,-0.0003509223461151123
1746575849697209300,6.991209228515625,0.09140801205462384,0.008041443303227425,0.03646985508863005,0.030777864158153534,0.049342882355914934,0.9862250230892721,0.11399461406082027,right,-0.0013632774353027344,-0.3040487576255606,0.8540997319482266,-9.317777518776058,-0.15360832887479428,-0.017949510365724564,0.00006444752216339111,2.935970449787378,-0.00043064355850219727
1746575849737209300,7.031209228515625,0.09309359961008043,0.016894863918423653,0.037240515907335896,0.04127249866724014,0.04948285244893116,0.9861415069364015,0.11456951295630481,right,-0.00012224912643432617,-0.30456293232652104,0.8696639424353837,-9.314819838014245,-0.15391390720510625,-0.006224818527698517,0.0034685656428337097,2.9407810649394985,-0.0029599666595458984
1746575849777209300,7.071209228515625,0.09464929816858506,0.016085796058177948,0.037953042953380645,0.019546883180737495,0.04975515366564208,0.9861064279907474,0.1153543198281546,right,-0.005352020263671875,-0.3043793033292006,0.8842049473546445,-9.313993324062228,-0.15387679165627327,0.007069163955748081,0.0023581162095069885,2.93906315510571,0.0016446113586425781
1746575849817209300,7.111209228515625,0.09500500992183789,0.007791314274072647,0.038107497180440784,-0.0029473043978214264,0.04997577791795481,0.9861239993013364,0.11582984514751224,right,-0.003235340118408203,-0.3038924196708605,0.8876536265037953,-9.315101577565073,-0.15365483091404233,0.011186592280864716,0.00261814147233963,2.9345076837584374,0.002778559923171997
1746575849857209300,7.151209228515625,0.09500500992183789,-0.013290666043758392,0.038107497180440784,-0.014867858961224556,0.04997577791795481,0.9861239993013364,0.11582984514751224,right,-0.0009688735008239746,-0.3038924196708605,0.8876536265037953,-9.315101577565073,-0.15365483091404233,0.011158066801726818,0.00019740313291549683,2.9345076837584374,0.002503901720046997
1746575849897209300,7.191209228515625,0.09375515169815672,-0.020264964550733566,0.03757581921873851,-0.024155616760253906,0.04971533653057058,0.986226204462244,0.1150622162769105,right,0.0019399523735046387,-0.30308967633099426,0.8762306805398314,-9.318546165060997,-0.15321366416779927,0.008062231354415417,-0.0003159269690513611,2.9269951161712404,0.0027022063732147217
1746575849937209300,7.231209228515625,0.09335165005506671,-0.02729828841984272,0.037462130622884365,0.01626986265182495,0.049220585579856556,0.9862677953330864,0.11399062559511254,right,0.002142786979675293,-0.3029884069420147,0.8724981429480015,-9.31919439983666,-0.1531336795483725,-0.006061508320271969,-0.000024415552616119385,2.9260473139271137,-0.0011240839958190918
1746575849977209300,7.271209228515625,0.09374193937095826,-0.0234915092587471,0.037707747891988504,0.01675066165626049,0.04866749341117112,0.9862269829486406,0.11297337174231449,right,-0.0003687143325805664,-0.3037759791811695,0.875919276503101,-9.316555868026613,-0.15351217843285017,-0.026733241975307465,-0.0005760267376899719,2.9334181349560615,-0.003859102725982666
1746575850017209300,7.311209228515625,0.0945120325373767,-0.008521518670022488,0.03807674437055474,0.02425975725054741,0.04836250529642962,0.9861204088407814,0.11255165892972024,right,-0.0011510848999023438,-0.3051516049792108,0.8827120053831488,-9.311852220380306,-0.1542006181401469,-0.03287585824728012,0.00039678066968917847,2.946287845662236,-0.0029410123825073242
1746575850057209300,7.351209228515625,0.09541043187894137,0.013520360924303532,0.038465814933202884,0.016419801861047745,0.04839782531627582,0.9860184596836861,0.1128229273306625,right,-0.002509891986846924,-0.3061998545534382,0.8907827183097601,-9.307975671207904,-0.154743938600698,-0.018036790192127228,0.0011591240763664246,2.9560911545351147,-0.0025572478771209717
1746575850097209300,7.391209228515625,0.09593356063218493,0.003915044479072094,0.03868374027625534,0.012129443697631359,0.04856841588675785,0.9859835262246054,0.11326186001224788,right,-0.0013804435729980469,-0.3063902810225746,0.8955979365717619,-9.306948081725835,-0.15485888340551537,-0.0071435607969760895,0.0018220990896224976,2.9578716082111,0.000552833080291748
1746575850137209300,7.431209228515625,0.09593356063218493,-0.005690271034836769,0.03868374027625534,0.007839085534214973,0.04856841588675785,0.9859835262246054,0.11326186001224788,right,-0.0001462101936340332,-0.3063902810225746,0.8955979365717619,-9.306948081725835,-0.15485888340551537,0.0037496695294976234,0.0029760897159576416,2.9578716082111,0.0038444995880126953
1746575850177209300,7.471209228515625,0.09593356063218493,-0.018187958747148514,0.03868374027625534,0.004765667486935854,0.04856841588675785,0.9859835262246054,0.11326186001224788,right,0.00015670061111450195,-0.3063902810225746,0.8955979365717619,-9.306948081725835,-0.15485888340551537,0.010004175826907158,0.003574281930923462,2.9578716082111,0.0009537935256958008
1746575850217209300,7.511209228515625,0.09613645289508989,-0.00711435079574585,0.03880484899268589,0.0030510900542140007,0.04832770952918872,0.9859603734568669,0.11282803032865135,right,0.00008559226989746094,-0.30678743600466435,0.8973733487464487,-9.30559608259499,-0.15505102545294713,-0.010519284754991531,0.0025784745812416077,2.961584783515334,-0.0011949241161346436
1746575850257209300,7.551209228515625,0.0963391633732678,0.003959258086979389,0.038925945200786294,0.0013365123886615038,0.048086956243506555,0.9859371839404394,0.11239414694514224,right,0.00001424551010131836,-0.307184679706958,0.8991464228335767,-9.304242329898477,-0.1552431394427357,-0.03104274533689022,0.0015829205513000488,2.965298251080513,-0.0033436715602874756
1746575850297209300,7.591209228515625,0.09670457066816061,0.02370455488562584,0.039007003810004874,0.003401353722438216,0.04839525245069698,0.9858158254778767,0.1131501162348117,right,-0.0016042590141296387,-0.30846266322711574,0.9021795799843967,-9.300133725535868,-0.15589612114371276,-0.03493338078260422,0.0006085187196731567,2.9772420791134238,-0.002341717481613159
1746575850337209300,7.631209228515625,0.09698531177044038,0.02719470113515854,0.03900334576590117,-0.009106859564781189,0.04902946541000535,0.9856973611801312,0.11454152059939565,right,-0.003794550895690918,-0.30951258865837344,0.9044872724048793,-9.296763956841826,-0.15644713102277075,-0.02666439861059189,0.000044792890548706055,2.9870506486833093,0.0028974413871765137
1746575850377209300,7.671209228515625,0.09665390434152137,0.013982430100440979,0.03873748694590204,-0.015268849208950996,0.049549263275561,0.9856285224894494,0.11558133326864545,right,-0.0001099705696105957,-0.31017008819242864,0.9012165071059017,-9.295106252762675,-0.15678292254748638,-0.011385474354028702,0.0006114020943641663,2.9931913433954116,0.006532728672027588
1746575850417209300,7.711209228515625,0.09665390434152137,-0.006249565631151199,0.03873748694590204,-0.0022975532338023186,0.049549263275561,0.9856285224894494,0.11558133326864545,right,0.0034773945808410645,-0.31017008819242864,0.9012165071059017,-9.295106252762675,-0.15678292254748638,0.0005213702097535133,0.00048457831144332886,2.9931913433954116,0.0058141350746154785
1746575850457209300,7.751209228515625,0.09665390434152137,-0.015958096832036972,0.03873748694590204,0.005371479783207178,0.049549263275561,0.9856285224894494,0.11558133326864545,right,0.0007750391960144043,-0.31017008819242864,0.9012165071059017,-9.295106252762675,-0.15678292254748638,0.0005673514096997678,-0.000636465847492218,2.9931913433954116,0.002466261386871338
1746575850497209300,7.791209228515625,0.09665390434152137,-0.011079717427492142,0.03873748694590204,0.01143819559365511,0.049549263275561,0.9856285224894494,0.11558133326864545,right,0.0012857913970947266,-0.31017008819242864,0.9012165071059017,-9.295106252762675,-0.15678292254748638,0.003559927921742201,0.00011866539716720581,2.9931913433954116,-0.00019982457160949707
1746575850537209300,7.831209228515625,0.09645580026889346,-0.0038184639997780323,0.0387203070513904,0.0009561143815517426,0.048989680829370254,0.9856376655267679,0.11443166889612327,right,-0.002749145030975342,-0.31047282805211085,0.8992878040656447,-9.294382030141353,-0.15690486176574328,-0.0038410210981965065,0.001590818166732788,2.996018383514881,0.0010516941547393799
1746575850577209600,7.871209716796875,0.0967182834093309,-0.003032304812222719,0.03886233005573128,0.017590772360563278,0.04881890483699238,0.9856162803450187,0.1141446424209361,right,-0.0003082156181335449,-0.3107818162492253,0.9016379473883658,-9.293224092277883,-0.15705783881370267,-0.013535477221012115,0.0010048449039459229,2.998903583562374,0.0032927393913269043
1746575850617209300,7.911209228515625,0.0967182834093309,-0.006753530353307724,0.03886233005573128,-0.0033836103975772858,0.04881890483699238,0.9856162803450187,0.1141446424209361,right,-0.001033484935760498,-0.3107818162492253,0.9016379473883658,-9.293224092277883,-0.15705783881370267,-0.01787264086306095,0.00026428699493408203,2.998903583562374,0.003573000431060791
1746575850657209300,7.951209228515625,0.09689021710880104,0.000011447351425886154,0.0389247143171296,-0.0027831438928842545,0.04877162660652497,0.9855557130915832,0.11411985125735549,right,-0.001015007495880127,-0.31154375487215263,0.9030144233733415,-9.290791896694898,-0.15743670351964936,-0.014582758769392967,0.0008081421256065369,3.006016922698915,0.0025469958782196045
1746575850697209300,7.991209228515625,0.09689021710880104,0.006776424590498209,0.0389247143171296,-0.002182677388191223,0.04877162660652497,0.9855557130915832,0.11411985125735549,right,-0.0007485151290893555,-0.31154375487215263,0.9030144233733415,-9.290791896694898,-0.15743670351964936,-0.011292875744402409,0.0014923661947250366,3.006016922698915,0.0022463202476501465
1746575850737209300,8.031209228515625,0.0970120094138918,0.02018301747739315,0.03890426425649569,-0.011131620034575462,0.04903100471009708,0.9854604729458253,0.11472467139242208,right,-0.002167344093322754,-0.31256901224058853,0.9038470017399638,-9.287609175005555,-0.15795621567740922,-0.00713433837518096,-0.0010500773787498474,3.0155855460330843,0.0011726915836334229
1746575850777209300,8.071209228515626,0.09684877008184915,0.01832512952387333,0.03873443626368112,-0.007179425563663244,0.049503565059333295,0.9854074856822429,0.11568214023301313,right,0.001526951789855957,-0.31299568889947477,0.9022063218608498,-9.286475202539563,-0.15818082791173083,-0.012263616546988487,-0.00021515041589736938,3.0195667246237394,0.0036640167236328125
1746575850817209300,8.111209228515625,0.09737263746182874,0.013278165832161903,0.03894298130836902,0.014048893004655838,0.04969095566286567,0.9853588326378416,0.11616664159087925,right,0.001249849796295166,-0.3133423754793458,0.9069692984789609,-9.284958952757716,-0.1583738839550124,-0.004218811169266701,0.0015532374382019043,3.022801468761265,0.0013450086116790771
1746575850857209300,8.151209228515626,0.0978967656530093,0.008231202140450478,0.03915153221907169,0.03527721390128136,0.04987833608697383,0.9853100959166381,0.11665138844242517,right,0.0009723901748657227,-0.3136888599803298,0.9117332249451429,-9.283439195844531,-0.15856693540470757,0.0038259942084550858,0.003321520984172821,3.026033582550287,-0.0009737610816955566
1746575850897209300,8.191209228515625,0.09893450972023723,0.009018905460834503,0.039633973000727726,0.015831271186470985,0.04998651567030244,0.9852839012163168,0.11703508756214559,right,-0.003980696201324463,-0.3136392129412416,0.9213814163215458,-9.28263781633377,-0.15857596039487426,0.001034856541082263,0.004202388226985931,3.0255703489527104,-0.0030167698860168457
1746575850937209300,8.231209228515626,0.09893450972023723,0.019911129027605057,0.039633973000727726,-0.007691837847232819,0.04998651567030244,0.9852839012163168,0.11703508756214559,right,-0.005713105201721191,-0.3136392129412416,0.9213814163215458,-9.28263781633377,-0.15857596039487426,0.000545103510376066,0.005558378994464874,3.0255703489527104,-0.003814101219177246
1746575850977209300,8.271209228515625,0.09885327116777055,0.02132667787373066,0.0394771138984222,-0.02855023182928562,0.050704054703980934,0.9852441638619567,0.11848225739201833,right,-0.0033485889434814453,-0.31370235924181045,0.9206084591876715,-9.282522665521501,-0.1586336309034097,-0.00909633282572031,0.0036698728799819946,3.0261595470175147,0.0005234181880950928
1746575851017209300,8.311209228515626,0.09785654074474448,0.012035945430397987,0.03889727758728719,-0.03360537439584732,0.05122656221175566,0.9852049281258058,0.11940931493498158,right,0.00047528743743896484,-0.3141623929155595,0.9112197224650531,-9.282049202790855,-0.1588527967842842,-0.019229387864470482,0.0026863068342208862,3.0304505222097036,0.0024314522743225098
1746575851057209300,8.351209228515625,0.09692472281499015,-0.0016469862312078476,0.03837815057312122,-0.016023430973291397,0.05145469183820299,0.985142148268428,0.11977610851704613,right,0.004627823829650879,-0.3150924193692685,0.9022969958189875,-9.280084624719619,-0.1592936685735013,-0.02972305938601494,0.0012273937463760376,3.0391230734869836,0.0058272480964660645
1746575851097209300,8.391209228515624,0.09658909076587166,-0.00947275385260582,0.03819792774831582,0.0031729433685541153,0.051325260546415584,0.9850735730603571,0.11952041482309508,right,0.002507328987121582,-0.31615316810673744,0.8988708938278257,-9.27717312118709,-0.15980214008698676,-0.0202060304582119,0.001058913767337799,3.0490117225557563,0.002136021852493286
1746575851137209300,8.431209228515625,0.09670298675991754,-0.0016521643847227097,0.038253084813904416,0.003828059881925583,0.05118450085256118,0.9850319354330282,0.11928723651035028,right,-0.0007288455963134766,-0.3167426989591389,0.8997538141421974,-9.275279854786396,-0.16009068871383791,-0.008748753927648067,0.001154586672782898,3.0545059360578652,0.0019165873527526855
1746575851177209300,8.471209228515624,0.09670298675991754,-0.0006969795795157552,0.038253084813904416,0.006491493433713913,0.05118450085256118,0.9850319354330282,0.11928723651035028,right,-0.0006052851676940918,-0.3167426989591389,0.8997538141421974,-9.275279854786396,-0.16009068871383791,-0.008754049427807331,0.0030036717653274536,3.0545059360578652,0.005069375038146973
1746575851217209300,8.511209228515625,0.09700036620298438,0.0014607143821194768,0.03837470010435242,-0.0035550175234675407,0.05119520672252426,0.9849845241215202,0.11938679281756139,right,-0.0014347434043884277,-0.3172504581981288,0.9023617316182703,-9.273467252406478,-0.16035003904063666,0.0031929640099406242,0.0026094168424606323,3.0592373484939337,-0.00045618414878845215
1746575851257209300,8.551209228515624,0.09700036620298438,0.019014636054635048,0.03837470010435242,-0.021649468690156937,0.05119520672252426,0.9849845241215202,0.11938679281756139,right,-0.0033243894577026367,-0.3172504581981288,0.9023617316182703,-9.273467252406478,-0.16035003904063666,0.01247474830597639,0.0021961405873298645,3.0592373484939337,-0.0025883913040161133
1746575851297209300,8.591209228515625,0.0959953715725111,0.033011022955179214,0.037779656436639324,-0.03563849627971649,0.05203371826690285,0.9850118859982812,0.12089060851954661,right,-0.0024550557136535645,-0.3166406431701792,0.8932201015245169,-9.27622444216013,-0.1600526895287514,0.0018793167546391487,0.00045862048864364624,3.0535549189433455,0.00108259916305542
1746575851337209300,8.631209228515624,0.0948617388283235,0.024072330445051193,0.037115965212084594,-0.03636011853814125,0.05279051353296029,0.9850034195330812,0.12223878814112293,right,0.0019530057907104492,-0.3165664294236843,0.8827251571256667,-9.277456614303588,-0.16001172250803836,-0.006644269451498985,-0.000303022563457489,3.0528631372869013,0.00516095757484436
1746575851377209300,8.671209228515625,0.09375641371532292,0.0008819382637739182,0.03652291822896744,-0.02204330638051033,0.05311140066597037,0.984989050916735,0.12272686898526923,right,0.0020315051078796387,-0.31684998315681784,0.8723889834851026,-9.27756475085318,-0.16013094954746387,-0.008989915251731873,-0.0016800984740257263,3.0555057607501745,0.006815314292907715
1746575851417209300,8.711209228515624,0.09329569737710615,-0.0008214303525164723,0.03632017527523026,-0.011110554449260235,0.05293222925603393,0.9849866041450877,0.12230431870972129,right,0.0011473298072814941,-0.31713593004194357,0.8680331263631582,-9.277095379775762,-0.16025172924755435,-0.0048469421453773975,-0.0007593855261802673,3.058170011523366,0.003281325101852417
1746575851457209300,8.751209228515625,0.09329569737710615,-0.002524798968806863,0.03632017527523026,-0.00017780158668756485,0.05293222925603393,0.9849866041450877,0.12230431870972129,right,0.00031107664108276367,-0.31713593004194357,0.8680331263631582,-9.277095379775762,-0.16025172924755435,-0.0007039695046842098,-0.0002828463912010193,3.058170011523366,0.000019043684005737305
1746575851497209300,8.791209228515624,0.09329569737710615,0.00306425872258842,0.03632017527523026,0.016305897384881973,0.05293222925603393,0.9849866041450877,0.12230431870972129,right,-0.005011200904846191,-0.31713593004194357,0.8680331263631582,-9.277095379775762,-0.16025172924755435,-0.008207401260733604,0.0012638717889785767,3.058170011523366,0.0035414397716522217
1746575851537209300,8.831209228515625,0.09329569737710615,-0.005778701044619083,0.03632017527523026,-0.014496076852083206,0.05293222925603393,0.9849866041450877,0.12230431870972129,right,-0.0015494227409362793,-0.31713593004194357,0.8680331263631582,-9.277095379775762,-0.16025172924755435,-0.00972908828407526,0.0026015639305114746,3.058170011523366,0.005688339471817017
1746575851577209600,8.871209716796875,0.09262814621868262,0.0004952559247612953,0.0359904282993278,-0.014764395542442799,0.05285082699887593,0.98495859225094,0.12206407575203328,right,-0.0013062357902526855,-0.31773558106585975,0.8616701672025024,-9.275845087453723,-0.1605247873373692,-0.008106851950287819,0.0019358322024345398,3.06375687174499,0.00432172417640686
1746575851617209300,8.911209228515625,0.09196026756355385,0.006769211962819099,0.03566065630676596,-0.015032713301479816,0.052769404382869825,0.984930413003188,0.12182333466855579,right,-0.001063704490661621,-0.3183350363638007,0.8553060389980673,-9.274587780869007,-0.1607977893118981,-0.006484616082161665,0.0012702271342277527,3.069340809357166,0.0029553472995758057
1746575851657209300,8.951209228515625,0.09196026756355385,0.01169873122125864,0.03566065630676596,-0.009461777284741402,0.052769404382869825,0.984930413003188,0.12182333466855579,right,0.0007584095001220703,-0.3183350363638007,0.8553060389980673,-9.274587780869007,-0.1607977893118981,-0.002597928512841463,0.0004225596785545349,3.069340809357166,0.0023277699947357178
1746575851697209300,8.991209228515626,0.09137444812891639,0.016305582597851753,0.03528830024946832,-0.01056894101202488,0.053251664890189745,0.9848908511028269,0.12272556010450943,right,0.00017714500427246094,-0.31866953802631376,0.8497789461396634,-9.274064633777737,-0.16096285292580248,0.0044945599511265755,0.0000987127423286438,3.072456018768251,0.0005435347557067871
1746575851737209300,9.031209228515625,0.09086787297678854,0.019220223650336266,0.03497419963661378,-0.01828351616859436,0.053749420545911884,0.9848955980324506,0.12363911777358687,right,0.0022941231727600098,-0.3184087387482946,0.845153478296101,-9.275291545224189,-0.1608370308574493,0.010549431666731834,0.0026927366852760315,3.070027330316603,0.0004572868347167969
1746575851777209300,9.071209228515626,0.09072340353402432,0.0057931216433644295,0.03486155452883365,-0.0016942303627729416,0.054082301290332827,0.9849030371275221,0.12427580925199355,right,0.0004215240478515625,-0.3181251457905461,0.8438923723191022,-9.27628055626154,-0.16070471154738908,0.00023034680634737015,0.0006623119115829468,3.0673858758971093,0.0023466944694519043
1746575851817209300,9.111209228515625,0.09072340353402432,-0.019668690860271454,0.03486155452883365,0.0027375943027436733,0.054082301290332827,0.9849030371275221,0.12427580925199355,right,0.001947164535522461,-0.3181251457905461,0.8438923723191022,-9.27628055626154,-0.16070471154738908,-0.017336532473564148,0.002307809889316559,3.0673858758971093,0.0017897188663482666
1746575851857209300,9.151209228515626,0.09059989983020526,-0.023945607244968414,0.03484990927146676,0.009739631786942482,0.05353618222026836,0.9848497430764597,0.12320645698394486,right,0.001664578914642334,-0.3192075874659939,0.8424457537073642,-9.273072115609049,-0.16121532259589974,-0.013595571741461754,0.0030477195978164673,3.077466540406644,0.0006988346576690674
1746575851897209300,9.191209228515625,0.09079295275040596,-0.009416209533810616,0.03498436093546948,0.012251362204551697,0.05309707064960216,0.9848070377946215,0.1223896423663806,right,-0.002570927143096924,-0.3199911269328299,0.8440170946773141,-9.270504895469546,-0.16159169254887493,-0.016732806339859962,0.0032500624656677246,3.0847613735899326,-0.0017674267292022705
1746575851937209300,9.231209228515626,0.0910086772521637,0.016233621165156364,0.03504648526629575,-0.004916785284876823,0.05316984448853774,0.9847375977766,0.12261522489930747,right,-0.00397104024887085,-0.32075580535727116,0.8458022975936531,-9.267970993077755,-0.16197753644147442,-0.01731543242931366,0.0023530051112174988,3.0918785121187566,-0.002108246088027954
1746575851977209300,9.271209228515625,0.09105860280479411,0.03845737874507904,0.03494495148816231,-0.013210098259150982,0.05380703539715297,0.9846593181887525,0.12394724630640248,right,-0.0015808939933776855,-0.32128930712066306,0.846114870674163,-9.266284647426009,-0.16226461141805706,-0.010106423869729042,0.0013424605131149292,3.0968431487888095,-0.0007926225662231445
1746575852017209300,9.311209228515626,0.09052440214419653,0.03001750446856022,0.03456270559257286,-0.017802122980356216,0.05459247656715981,0.9846339927674986,0.1254502547936843,right,-0.00017052888870239258,-0.32121109863877645,0.8411866204917431,-9.266976721343397,-0.16223778434327288,-0.004509800113737583,-0.0005055516958236694,3.09611541903615,0.0010155737400054932
1746575852057209300,9.351209228515625,0.08999007787468687,0.021577630192041397,0.03418041807453868,-0.022394150495529175,0.055377946547840624,0.9846078571474876,0.12695340148055168,right,0.0012394189834594727,-0.3211336005990481,0.8362564706131815,-9.267663534563779,-0.16221081952512958,0.001086824107915163,-0.002353392541408539,3.095394411285221,0.0028230249881744385
1746575852097209300,9.391209228515624,0.08974228665738954,0.024036578834056854,0.033990223515373855,-0.012129511684179306,0.05583874979107055,0.9845960829024498,0.12784245651075707,right,0.0008377432823181152,-0.3210223516800039,0.8339908637687563,-9.268213569661974,-0.16216436221725158,0.0024263067170977592,-0.0019379854202270508,3.0943592230185866,0.0007733702659606934
1746575852137209300,9.431209228515625,0.08949441846610358,0.02649552933871746,0.03380002231389455,-0.0018648719415068626,0.05629956942414118,0.9845840943756946,0.1287315769675776,right,0.00043588876724243164,-0.3209113372612378,0.8317242340110241,-9.26876243571639,-0.1621178722581444,0.003765788860619068,-0.001522459089756012,3.0933260805785654,-0.0012764334678649902
1746575852177209300,9.471209228515624,0.08993531530394405,0.024452921003103256,0.03393101483261287,0.004484948236495256,0.056838335632471516,0.9845605430978687,0.1298867584880844,right,-0.000531613826751709,-0.320697950859484,0.8358699555136263,-9.269051774051785,-0.1620449705585425,-0.0008346959948539734,0.00008474290370941162,3.0913401674583554,0.00039845705032348633
1746575852217209300,9.511209228515625,0.0902961410007824,0.007054578512907028,0.03403542885965833,-0.001242801547050476,0.0572399925926951,0.9845250125290916,0.13076523746936863,right,-0.0016314983367919922,-0.3207545652313535,0.839198661544919,-9.26857538871169,-0.16209801801304294,-0.007149187847971916,0.0013123154640197754,3.0918671139419076,0.0049537718296051025
1746575852257209300,9.551209228515624,0.0902961410007824,-0.020846297964453697,0.03403542885965833,-0.0038891436997801065,0.0572399925926951,0.9845250125290916,0.13076523746936863,right,0.000893712043762207,-0.3207545652313535,0.839198661544919,-9.26857538871169,-0.16209801801304294,-0.005942553747445345,0.0015937462449073792,3.0918671139419076,0.0047633349895477295
1746575852297209300,9.591209228515625,0.08949634897153037,-0.035977803170681,0.03375051139944942,-0.0015760373789817095,0.0565251758576827,0.9845445485628773,0.12920857783094783,right,0.0022848844528198242,-0.3212445225556337,0.831649999731034,-9.267733677190542,-0.16228984724169224,-0.00015648547559976578,0.0007019117474555969,3.0964263846814633,0.00125160813331604
1746575852337209300,9.631209228515624,0.0890479744134492,-0.03314957022666931,0.03364401832450155,0.02466527372598648,0.05577331168565753,0.9845652797906741,0.12762919710952816,right,0.006920516490936279,-0.3216419327466427,0.8273849626976996,-9.26687910618782,-0.16244610683158367,-0.007816217839717865,0.003116704523563385,3.1001240701556205,0.0018291771411895752
1746575852377209300,9.671209228515625,0.08973863960214787,-0.019463712349534035,0.034052444193085896,0.015414934605360031,0.05516402339972029,0.9845382243447108,0.12653760831745392,right,-0.0029741525650024414,-0.32222423974749126,0.8336231995001435,-9.264505947315692,-0.16273316750779937,-0.013316767290234566,-0.00045705586671829224,3.1055411267682906,0.0017001330852508545
1746575852417209300,9.711209228515624,0.0902122328766164,-0.009874311275780201,0.03431344504863425,0.010426905006170273,0.05483141381231174,0.984504046450116,0.1259695591199504,right,-0.0007948875427246094,-0.3227541001885801,0.837862298374623,-9.262470057573914,-0.16299707671002364,-0.0063394117169082165,0.003597646951675415,3.1104695230811834,0.0010981559753417969
1746575852457209300,9.751209228515625,0.0902122328766164,0.0068837301805615425,0.03431344504863425,-0.0019619250670075417,0.05483141381231174,0.984504046450116,0.1259695591199504,right,-0.0020630955696105957,-0.3227541001885801,0.837862298374623,-9.262470057573914,-0.16299707671002364,0.0015403940342366695,0.0027733519673347473,3.1104695230811834,0.0014105141162872314
1746575852497209300,9.791209228515624,0.0902122328766164,0.01403795089572668,0.03431344504863425,-0.011753449216485023,0.05483141381231174,0.984504046450116,0.1259695591199504,right,-0.0027984976768493652,-0.3227541001885801,0.837862298374623,-9.262470057573914,-0.16299707671002364,0.006243356503546238,0.004497617483139038,3.1104695230811834,0.0019990205764770508
1746575852537209300,9.831209228515625,0.08975330865165684,0.006168844178318977,0.03403310754137898,-0.021977899596095085,0.055283758506420776,0.9845176718485859,0.12679248063943496,right,-0.0009140968322753906,-0.32239138344413204,0.8337125582840293,-9.263976370483636,-0.16282013529186032,0.003639325499534607,0.0014885962009429932,3.107095954994857,0.003920793533325195
1746575852577209600,9.871209716796875,0.08898441942082741,0.0056050312705338,0.03364275589995261,-0.0229838527739048,0.05546961962374389,0.9845412553669064,0.12703100993362457,right,-0.0006201863288879395,-0.3221744433554411,0.8266491957690566,-9.265286284038424,-0.16269616634621492,0.007466306909918785,-0.0005712583661079407,3.105078185431659,0.0011969506740570068
1746575852617209300,9.911209228515625,0.08895520828970582,0.00982905738055706,0.03360717037654542,-0.011960669420659542,0.05570663626397324,0.984564092759379,0.12748321529941914,right,-0.0006468892097473145,-0.32172881953080723,0.8265013847962022,-9.266687383008003,-0.16248380050774006,0.007695325184613466,-0.00027676671743392944,3.1009324639290567,0.0003858506679534912
1746575852657209300,9.951209228515625,0.08895520828970582,0.014053082093596458,0.03360717037654542,-0.0009374860674142838,0.05570663626397324,0.984564092759379,0.12748321529941914,right,-0.0008164644241333008,-0.32172881953080723,0.8265013847962022,-9.266687383008003,-0.16248380050774006,0.007924343459308147,0.0000026598572731018066,3.1009324639290567,-0.000847935676574707
1746575852697209300,9.991209228515626,0.08929628537592743,0.005933338776230812,0.033739204822766135,0.009124791249632835,0.05608371965093257,0.9845977429653452,0.12826252961996873,right,-0.00015544891357421875,-0.32094820195023605,0.8298775832310319,-9.268813289120793,-0.16212251573527053,0.010256756097078323,0.002672933042049408,3.0936691949278114,0.0012317895889282227
1746575852737209300,10.031209228515625,0.08929628537592743,-0.005310418084263802,0.033739204822766135,0.01014920137822628,0.05608371965093257,0.9845977429653452,0.12826252961996873,right,-0.0014322400093078613,-0.32094820195023605,0.8298775832310319,-9.268813289120793,-0.16212251573527053,0.009739639237523079,0.0028386861085891724,3.0936691949278114,-0.0017308294773101807
1746575852777209300,10.071209228515626,0.08985808685371402,-0.004590559285134077,0.03407665514059398,0.010916570201516151,0.05590061715499447,0.9846729198332828,0.12792970181779384,right,-0.0016159415245056152,-0.3199823932939258,0.8353524344455451,-9.27131679637432,-0.1616575683924244,0.02102915197610855,0.0022498294711112976,3.0846798327863216,-0.0010054409503936768
1746575852817209300,10.111209228515625,0.09030406689322745,-0.004034734331071377,0.03434919991271745,0.007311963476240635,0.05575883064039747,0.9847429007114581,0.1276649638739435,right,-0.0012609362602233887,-0.3190812865721598,0.8397375176619738,-9.273708075425029,-0.16122223113934814,0.01572822965681553,0.0017202571034431458,3.0762904823645947,0.0028794407844543457
1746575852857209300,10.151209228515626,0.09030406689322745,-0.00682816980406642,0.03434919991271745,0.003919962793588638,0.05575883064039747,0.9847429007114581,0.1276649638739435,right,-0.0013028383255004883,-0.3190812865721598,0.8397375176619738,-9.273708075425029,-0.16122223113934814,0.006910385563969612,0.0013784468173980713,3.0762904823645947,0.004398226737976074
1746575852897209300,10.191209228515625,0.09026899090336192,-0.012262161821126938,0.03439584811153792,0.0019885427318513393,0.05545476296337828,0.9847883825733128,0.12702241973132136,right,-0.0001576542854309082,-0.3187336294818377,0.8395086042769253,-9.274802300402522,-0.16103919267101055,-0.00512278825044632,0.0013333037495613098,3.0730531078785654,0.0052526891231536865
1746575852937209300,10.231209228515626,0.09026899090336192,-0.011098308488726616,0.03439584811153792,-0.0012739147059619427,0.05545476296337828,0.9847883825733128,0.12702241973132136,right,0.000687718391418457,-0.3187336294818377,0.8395086042769253,-9.274802300402522,-0.16103919267101055,-0.009886844083666801,-0.0009746700525283813,3.0730531078785654,0.0029256343841552734
1746575852977209300,10.271209228515625,0.08991830924711892,-0.0030892034992575645,0.03425687853432253,-0.0007603366975672543,0.05509892797389596,0.9847569876272618,0.1262834328104823,right,0.0010781288146972656,-0.3194773321068804,0.8360505727775395,-9.272817264065147,-0.16138266666557508,-0.007069415412843227,0.0006003156304359436,3.0799779387056825,0.001009821891784668
1746575853017209300,10.311209228515626,0.08991830924711892,0.00787651352584362,0.03425687853432253,-0.0006976760923862457,0.05509892797389596,0.9847569876272618,0.1262834328104823,right,-0.0006305575370788574,-0.3194773321068804,0.8360505727775395,-9.272817264065147,-0.16138266666557508,-0.003254246199503541,0.0003583356738090515,3.0799779387056825,-0.00041860342025756836
1746575853057209300,10.351209228515625,0.09006401193164745,0.012571782805025578,0.03427050761454637,-0.0014797337353229523,0.05533704605093518,0.9847058148497757,0.12681507026370198,right,-0.001018226146697998,-0.31991412816028064,0.8372805529639125,-9.271354790297151,-0.1616106553759935,-0.007956082932651043,0.0019039437174797058,3.084044457492232,0.0010471642017364502
1746575853097209300,10.391209228515624,0.09006401193164745,0.0052552977576851845,0.03427050761454637,-0.002524946816265583,0.05533704605093518,0.9847058148497757,0.12681507026370198,right,-0.0003108978271484375,-0.31991412816028064,0.8372805529639125,-9.271354790297151,-0.1616106553759935,-0.014981666579842567,0.0019318386912345886,3.084044457492232,0.0012308061122894287
1746575853137209300,10.431209228515625,0.0899082388786905,-0.004662542603909969,0.034128932638321674,-0.006219049915671349,0.05547395199580619,0.9846114201911601,0.12712998500658812,right,-0.0005915164947509766,-0.3210440246353701,0.8355228956416249,-9.268008402478694,-0.16216750138863711,-0.010727312415838242,0.0012253299355506897,3.0945608830705282,-0.0021680593490600586
1746575853177209300,10.471209228515624,0.0899082388786905,-0.0016348937060683966,0.034128932638321674,0.003267824649810791,0.05547395199580619,0.9846114201911601,0.12712998500658812,right,0.00034815073013305664,-0.3210440246353701,0.8355228956416249,-9.268008402478694,-0.16216750138863711,-0.0012730658054351807,0.0011033713817596436,3.0945608830705282,-0.0004349648952484131
1746575853217209300,10.511209228515625,0.09012632991760716,0.003695124527439475,0.034199176625842466,0.013915426097810268,0.05561223244124983,0.9845757894366338,0.12746283433956382,right,-0.0000661611557006836,-0.3213335648668943,0.8374635083153843,-9.266933466723561,-0.16232164962923218,-0.0075294687412679195,0.0020089074969291687,3.0972549444600936,0.0008334517478942871
1746575853257209300,10.551209228515624,0.09012632991760716,0.009025143459439278,0.034199176625842466,0.024563029408454895,0.05561223244124983,0.9845757894366338,0.12746283433956382,right,-0.0003708004951477051,-0.3213335648668943,0.8374635083153843,-9.266933466723561,-0.16232164962923218,-0.013785871677100658,0.0031123384833335876,3.0972549444600936,0.0023765861988067627
1746575853297209300,10.591209228515625,0.09060624238266866,0.0023393933661282063,0.034362773913215475,0.000060867518186569214,0.0558195772088645,0.9844890870295492,0.1280081482830396,right,-0.0021987557411193848,-0.3221412307347749,0.8416841216851025,-9.264035991716383,-0.16274157084954843,-0.015442831441760063,0.003152191638946533,3.104768973352015,0.004111051559448242
1746575853337209300,10.631209228515624,0.0904056461088752,-0.008743122220039368,0.0342382670106335,-0.007120735943317413,0.0558208336242875,0.9844362443341803,0.12801714968600353,right,0.0005055665969848633,-0.32285329247090655,0.8396259470462799,-9.262000686496496,-0.16308630537903857,-0.015577257610857487,0.0032746270298957825,3.1113921908840534,0.003497093915939331
1746575853377209300,10.671209228515625,0.08997123446292736,-0.00237842695787549,0.03401757583346276,-0.009472222998738289,0.05574009989487446,0.9843973244320569,0.12781769217249445,right,-0.0005006194114685059,-0.32351229967903417,0.8354179008971899,-9.260320186063646,-0.1633948462160312,-0.013873418793082237,0.0015925318002700806,3.117520026114583,0.0005909502506256104
1746575853417209300,10.711209228515624,0.08947121922582442,0.016563039273023605,0.033730025426903634,-0.012138398364186287,0.055909534680099904,0.9843577763238136,0.12810692573134508,right,-0.0010311007499694824,-0.3240190759127616,0.8306462295159697,-9.259162248200177,-0.1636349743772599,-0.009800801053643227,-0.00011335313320159912,3.1222315648064014,-0.0011112987995147705
1746575853457209300,10.751209228515625,0.08910309729945576,0.02893202193081379,0.03345247398028298,-0.012385919690132141,0.056427015510311075,0.9843051410946789,0.12911836033601942,right,-0.00025975704193115234,-0.3244038539503663,0.827130695675686,-9.258269683274627,-0.1638308203345817,-0.010743923485279083,-0.000028498470783233643,3.1258085465103385,-0.00027996301651000977
1746575853497209300,10.791209228515624,0.08871536218555982,0.040694937109947205,0.03311751936936679,-0.038714706897735596,0.057225853842863814,0.9842342847549261,0.1306994942468592,right,-0.0028461217880249023,-0.32481231637454533,0.8234276764392853,-9.257317497116327,-0.16404695678567244,-0.017895206809043884,0.0008056983351707458,3.129605016183853,0.0007485151290893555
1746575853537209300,10.831209228515625,0.08824815469271512,0.045531246811151505,0.032717256559831334,-0.014235520735383034,0.05816975170156885,0.9841503670961975,0.1325659004971892,right,0.002886176109313965,-0.325288718529812,0.8189710623566061,-9.256215088832377,-0.16429841265224368,-0.007946877740323544,0.004869617521762848,3.134032184976339,-0.0026109814643859863
1746575853577209600,10.871209716796875,0.08819613359699362,0.025747010484337807,0.03257672167946556,-0.012621571309864521,0.05886298253138048,0.9841104450157049,0.13396591432773894,right,0.0025556087493896484,-0.32528651498513145,0.8184901469718664,-9.256264188671112,-0.16431865778746352,-0.004895244259387255,0.003596492111682892,3.1340117267102,0.0018852651119232178
1746575853617209300,10.911209228515625,0.08814410892330134,0.00596277229487896,0.03243617605932729,-0.011007621884346008,0.05955615228464727,0.9840700208743993,0.13536586175755538,right,0.002225041389465332,-0.32528437158436296,0.8180091585218906,-9.256313288509846,-0.16433881670102354,-0.0018436114769428968,0.0023233741521835327,3.1339918529659507,0.0063814520835876465
1746575853657209300,10.951209228515625,0.0877681928431803,-0.012645682319998741,0.032258852799832205,-0.004564066417515278,0.059536747904953835,0.9840776886452742,0.1352646577753329,right,0.0015847086906433105,-0.3253026551514533,0.8145244582112878,-9.256563463878631,-0.16433497106378678,0.003938857465982437,0.00009360164403915405,3.134161656574905,0.0036254823207855225
1746575853697209300,10.991209228515626,0.0877681928431803,-0.01203792355954647,0.032258852799832205,0.005662756040692329,0.059536747904953835,0.9840776886452742,0.1352646577753329,right,0.0017734766006469727,-0.3253026551514533,0.8145244582112878,-9.256563463878631,-0.16433497106378678,0.0018884558230638504,0.0003769323229789734,3.134161656574905,0.0025905370712280273
1746575853737209300,11.031209228515625,0.08803912704026656,-0.006560612935572863,0.03245969001963039,0.014895561151206493,0.05911501140791953,0.9840989336419584,0.13445169228508472,right,0.0004514455795288086,-0.32528283156486293,0.8170378292717039,-9.256403889402746,-0.16432011937798785,-0.00149627891369164,0.00009594857692718506,3.1339775321796535,0.0006593763828277588
1746575853777209300,11.071209228515626,0.08842177584176367,-0.0037015224806964397,0.03266836521797016,0.005647875368595123,0.058963559292158796,0.9841006297652879,0.1342073159655153,right,-0.001247406005859375,-0.32527423342360023,0.8205820777498185,-9.2561174736768,-0.16432320422675376,-0.0013446719385683537,0.0015868991613388062,3.133897744941711,0.001775890588760376
1746575853817209300,11.111209228515625,0.08842177584176367,-0.0002986723557114601,0.03266836521797016,-0.0013610795140266418,0.058963559292158796,0.9841006297652879,0.1342073159655153,right,-0.0004438161849975586,-0.32527423342360023,0.8205820777498185,-9.2561174736768,-0.16432320422675376,-0.0033754068426787853,0.0013007894158363342,3.133897744941711,0.0010583698749542236
1746575853857209300,11.151209228515626,0.08842177584176367,0.003104177536442876,0.03266836521797016,-0.008370032534003258,0.058963559292158796,0.9841006297652879,0.1342073159655153,right,0.0003597736358642578,-0.32527423342360023,0.8205820777498185,-9.2561174736768,-0.16432320422675376,-0.00540614128112793,0.0010146722197532654,3.133897744941711,0.000340878963470459
1746575853897209300,11.191209228515625,0.08842177584176367,0.01084641832858324,0.03266836521797016,-0.006428332068026066,0.058963559292158796,0.9841006297652879,0.1342073159655153,right,0.0005952715873718262,-0.32527423342360023,0.8205820777498185,-9.2561174736768,-0.16432320422675376,-0.0044496566988527775,0.0008592605590820312,3.133897744941711,0.00026801228523254395
1746575853937209300,11.231209228515626,0.08807165170021908,0.010568421334028244,0.032417232757154496,-0.005578632932156324,0.05931951760701262,0.9840391549911756,0.1349045955636499,right,0.00031435489654541016,-0.3258605503262615,0.8171795027647167,-9.254572582322359,-0.1646124121392894,-0.00315621355548501,0.001850724220275879,3.13934548895359,0.0022363662719726562
1746575853977209300,11.271209228515625,0.08811081341459019,0.003959509544074535,0.032389826759936104,-0.0008618775755167007,0.0595130932427325,0.9839998119702982,0.13532290708628178,right,-0.001668691635131836,-0.3261924283548773,0.8174502094648778,-9.253502322742342,-0.16478346732938023,-0.002338981255888939,0.001113884150981903,3.142428549660742,0.0024126768112182617
1746575854017209300,11.311209228515626,0.08811081341459019,-0.0075471485033631325,0.032389826759936104,0.000281165586784482,0.0595130932427325,0.9839998119702982,0.13532290708628178,right,-0.0011302828788757324,-0.3261924283548773,0.8174502094648778,-9.253502322742342,-0.16478346732938023,0.0008718359749764204,0.0010432079434394836,3.142428549660742,0.002619713544845581
1746575854057209300,11.351209228515625,0.08811081341459019,-0.0098058320581913,0.032389826759936104,0.003105839481577277,0.0595130932427325,0.9839998119702982,0.13532290708628178,right,-0.0003325939178466797,-0.3261924283548773,0.8174502094648778,-9.253502322742342,-0.16478346732938023,-0.003675060113891959,0.0003063082695007324,3.142428549660742,0.0030549168586730957
1746575854097209300,11.391209228515624,0.08825801582425503,-0.010298083536326885,0.03250839143727605,0.006668092217296362,0.0591444083062306,0.9839922704704384,0.1346163603262891,right,-0.001719653606414795,-0.32652113553139833,0.8187212523140013,-9.252352568185328,-0.16493793191766187,0.00041498872451484203,0.00068674236536026,3.14548179975152,0.00045239925384521484
1746575854137209300,11.431209228515625,0.08825801582425503,-0.011206671595573425,0.03250839143727605,0.006111054215580225,0.0591444083062306,0.9839922704704384,0.1346163603262891,right,0.00012743473052978516,-0.32652113553139833,0.8187212523140013,-9.252352568185328,-0.16493793191766187,0.00028141395887359977,0.0026869624853134155,3.14548179975152,0.002114713191986084
1746575854177209300,11.471209228515624,0.08816577371888569,-0.015025516971945763,0.03254724167522495,0.0029175339732319117,0.058618587160449695,0.984015435772973,0.13353911840125027,right,-0.001092076301574707,-0.3266473049400273,0.8178328521069139,-9.25203225018978,-0.16497971295779823,-0.002437741030007601,0.0008935704827308655,3.1466537661403415,0.001694023609161377
1746575854217209300,11.511209228515625,0.08804511794468756,-0.018332399427890778,0.032544256058962294,0.0151457404717803,0.058197023481693276,0.9840112276575693,0.13268360317701378,right,0.0029067397117614746,-0.327038764771559,0.816608132617548,-9.250903538420795,-0.16515467829774755,-0.012530069798231125,0.0029691606760025024,3.150289492294192,0.000808417797088623
1746575854257209300,11.551209228515624,0.08801088642381204,-0.020798323675990105,0.032555116825414954,-0.0032796943560242653,0.05778126409000255,0.9839510761372416,0.13189040607692487,right,-0.0028951168060302734,-0.32808701361344667,0.8160007413089275,-9.247636645579338,-0.16565601174980907,-0.031381286680698395,0.0007426068186759949,3.160022658540308,0.0007444322109222412
1746575854297209300,11.591209228515625,0.08770492822014105,-0.009145200252532959,0.03240868681374212,0.00014509866014122963,0.057469570670405735,0.9838693062662074,0.1312766293315671,right,-0.00025004148483276367,-0.32938892383963575,0.8128102747045457,-9.243779970151186,-0.16627711046447483,-0.024560485035181046,0.0010791197419166565,3.172106479565799,-0.0022062361240386963
1746575854337209300,11.631209228515624,0.08773186604407691,0.010015929117798805,0.0323770207623367,-0.002037884434685111,0.057516065138003496,0.983791854377863,0.1314253432254228,right,-0.00006490945816040039,-0.3302944798988404,0.812807279029861,-9.240892432016134,-0.16672530932467863,-0.019018076360225677,0.000280626118183136,3.1805081049472093,-0.0005738437175750732
1746575854377209300,11.671209228515625,0.08798957297860119,0.01811417192220688,0.03241705929931509,0.003277825890108943,0.057849569213452356,0.9837133259728245,0.13218291020250364,right,0.000877678394317627,-0.33094641228333216,0.8150063234440982,-9.238615719255804,-0.16706536670113978,-0.012840591371059418,0.0005810260772705078,3.1865552761569615,0.0010954737663269043
1746575854417209300,11.711209228515624,0.08836149793308316,0.01425868645310402,0.03251838323428566,0.0033101055305451155,0.05821608565378576,0.9836555767815084,0.1330102565154573,right,-0.0010052323341369629,-0.33128983814446356,0.8183456969998777,-9.237221050027012,-0.1672583339837243,-0.0056292214430868626,0.0003795325756072998,3.189740043672919,0.0035919249057769775
1746575854457209300,11.751209228515625,0.08836149793308316,0.010992756113409996,0.03251838323428566,-0.009875740855932236,0.05821608565378576,0.9836555767815084,0.1330102565154573,right,-0.0023688077926635742,-0.33128983814446356,0.8183456969998777,-9.237221050027012,-0.1672583339837243,0.0018097972497344017,-0.00006899237632751465,3.189740043672919,0.0030291080474853516
1746575854497209300,11.791209228515624,0.08836102786571386,0.0036415248177945614,0.03248276276778761,-0.010748783126473427,0.05843315677198814,0.9836456857092021,0.13344949122642083,right,-0.0019412636756896973,-0.3312530067014287,0.8183516883492469,-9.237338538926839,-0.16724737200682582,-0.003037151414901018,-0.0003141537308692932,3.189398682889342,0.002270430326461792
1746575854537209300,11.831209228515625,0.08836052867549099,-0.0037097069434821606,0.032447136435274956,-0.011621824465692043,0.05865019114150153,0.9836358415650088,0.13388866151818213,right,-0.0015137791633605957,-0.33121623829400043,0.8183574605029076,-9.237455443304777,-0.1672364146235133,-0.007884100079536438,-0.0005592778325080872,3.18905761436671,0.0015117228031158447
1746575854577209600,11.871209716796875,0.08836052867549099,-0.006766553036868572,0.032447136435274956,0.0039243074133992195,0.05865019114150153,0.9836358415650088,0.13388866151818213,right,0.002206146717071533,-0.33121623829400043,0.8183574605029076,-9.237455443304777,-0.1672364146235133,-0.0069236066192388535,0.00020315498113632202,3.18905761436671,0.0003536045551300049
1746575854617209300,11.911209228515625,0.08862064947330751,-0.006093943957239389,0.03257023449761715,0.015845077112317085,0.05849403230178298,0.9835841891496574,0.1336526856898657,right,0.0013570189476013184,-0.3318884676853538,0.8205703873120248,-9.235105080786347,-0.16757047960044275,-0.012111937627196312,0.001233421266078949,3.1952909557983276,0.0015586018562316895
1746575854657209300,11.951209228515625,0.08930450176993514,-0.01139591634273529,0.0329014975829721,0.02059279754757881,0.05831699479269845,0.9835291326010539,0.13344371018684395,right,-0.0006012916564941406,-0.3325060705471175,0.8267094745889305,-9.232574685525893,-0.16789044634703562,-0.011874415911734104,0.002459198236465454,3.201016347707808,0.00273248553276062
1746575854697209300,11.991209228515626,0.09007666258709504,-0.016952766105532646,0.03330740285899649,0.02104645036160946,0.05798883646553426,0.9834942009164406,0.1329338566236584,right,0.0010495185852050781,-0.3329621461736186,0.8337068591956048,-9.230478590029477,-0.16812851216897298,-0.004576335195451975,0.005026035010814667,3.2052436100140214,0.004323333501815796
1746575854737209300,12.031209228515625,0.0905845930365841,-0.016106536611914635,0.03361392994898068,0.013987859711050987,0.05759420069994758,0.9834994967071972,0.13222286587003174,right,-0.0005244612693786621,-0.33304529851760745,0.838371051614359,-9.229788269677758,-0.16817214380404988,0.004741874989122152,0.006037995219230652,3.206014302125573,0.0027145445346832275
1746575854777209300,12.071209228515626,0.09071383711124825,-0.014202411286532879,0.03375018590702077,0.004082382656633854,0.057197891116825994,0.9835336125241357,0.1314296721695922,right,-0.0005966424942016602,-0.33287892416500914,0.8396122838471084,-9.230210879004002,-0.16808075526715446,0.005570686422288418,0.0042874738574028015,3.2044723333805796,0.0016161799430847168
1746575854817209300,12.111209228515625,0.09071383711124825,-0.004773259162902832,0.03375018590702077,-0.005709974095225334,0.057197891116825994,0.9835336125241357,0.1314296721695922,right,-0.0014780163764953613,-0.33287892416500914,0.8396122838471084,-9.230210879004002,-0.16808075526715446,0.003570783883333206,0.002403058111667633,3.2044723333805796,-0.00032469630241394043
1746575854857209300,12.151209228515626,0.09071383711124825,0.004419799894094467,0.03375018590702077,-0.00934845581650734,0.057197891116825994,0.9835336125241357,0.1314296721695922,right,-0.0011248588562011719,-0.33287892416500914,0.8396122838471084,-9.230210879004002,-0.16808075526715446,-0.00006720609962940216,0.0005241930484771729,3.2044723333805796,0.000396728515625
1746575854897209300,12.191209228515625,0.08982781524628022,0.007402488961815834,0.03333421728457134,-0.008404332213103771,0.057210686334774156,0.9835707348107242,0.13129162466628966,right,0.0003609657287597656,-0.33265266661079107,0.8314987546920776,-9.231673352771997,-0.1679419463738636,0.001487203175202012,0.0019866451621055603,3.2023750688403845,0.0017899572849273682
1746575854937209300,12.231209228515626,0.08982781524628022,0.006737988907843828,0.03333421728457134,-0.006345713511109352,0.057210686334774156,0.9835707348107242,0.13129162466628966,right,0.0007663965225219727,-0.33265266661079107,0.8314987546920776,-9.231673352771997,-0.1679419463738636,0.004110286012291908,0.001393832266330719,3.2023750688403845,0.0017185509204864502
1746575854977209300,12.271209228515625,0.08947923842442214,0.002422634046524763,0.03316326010505272,-0.000825206283479929,0.05738074448913538,0.9836179790658363,0.13154435477235238,right,0.0005895495414733887,-0.3320513313957289,0.8284527380596846,-9.233878753861784,-0.16764072218218062,0.010093742981553078,0.0012792199850082397,3.1968007758393884,0.00022616982460021973
1746575855017209300,12.311209228515626,0.08939255146179226,-0.0003641450311988592,0.03314693421519399,0.0012649809941649437,0.05735188229420096,0.9836623768441884,0.13144331428858796,right,0.0005624890327453613,-0.3315562943835354,0.8277933973681181,-9.235525352025032,-0.1673933260299292,0.012882666662335396,0.0012616664171218872,3.1922108177006243,-0.000003069639205932617
1746575855057209300,12.351209228515625,0.08939255146179226,-0.0031509241089224815,0.03314693421519399,0.0033551680389791727,0.05735188229420096,0.9836623768441884,0.13144331428858796,right,0.0003674626350402832,-0.3315562943835354,0.8277933973681181,-9.235525352025032,-0.1673933260299292,0.015671588480472565,0.0011768713593482971,3.1922108177006243,-0.0007003843784332275
1746575855097209300,12.391209228515624,0.08925623855348001,-0.002913655247539282,0.03312100357140368,0.009031709283590317,0.05728868762807525,0.9837264482400837,0.1312527276907795,right,0.000015079975128173828,-0.33085697113911366,0.8267332938559353,-9.23785934793055,-0.1670426562866762,0.010019175708293915,0.0018390566110610962,3.1857255473345516,-0.000017315149307250977
1746575855137209300,12.431209228515625,0.08912013169553802,-0.002676386618986726,0.033095067061599016,0.014708250761032104,0.05722553989006273,0.9837905563846677,0.1310624253838704,right,-0.0003377199172973633,-0.3301577338354447,0.8256739940613508,-9.24018866766095,-0.16669199113700975,0.004366763401776552,0.002501152455806732,3.1792396924465893,0.000665813684463501
1746575855177209300,12.471209228515624,0.08912013169553802,-0.004804067313671112,0.033095067061599016,-0.004801452159881592,0.05722553989006273,0.9837905563846677,0.1310624253838704,right,-0.0003571510314941406,-0.3301577338354447,0.8256739940613508,-9.24018866766095,-0.16669199113700975,-0.002709152176976204,0.0018749237060546875,3.1792396924465893,0.0005473494529724121
1746575855217209300,12.511209228515625,0.08912013169553802,0.0011592907831072807,0.033095067061599016,-0.0020833206363022327,0.05722553989006273,0.9837905563846677,0.1310624253838704,right,0.0011805295944213867,-0.3301577338354447,0.8256739940613508,-9.24018866766095,-0.16669199113700975,-0.0030968203209340572,0.002228081226348877,3.1792396924465893,-0.0006558895111083984
1746575855257209300,12.551209228515624,0.08865723506490454,0.01285687554627657,0.03283905214603317,-0.011756889522075653,0.05736360591323312,0.9837692174571783,0.13128030085692843,right,-0.0007916688919067383,-0.3304403052916037,0.8213171140260994,-9.239674288398026,-0.16682117690192078,-0.005633041262626648,0.0007952675223350525,3.181860980860889,0.0009546577930450439
1746575855297209300,12.591209228515625,0.08827115457695092,0.011022059246897697,0.03258772473481083,-0.013648931868374348,0.05770563236593021,0.9837394550224159,0.13192221235866064,right,-0.00005310773849487305,-0.3306585948912867,0.8176884752001613,-9.239299025344849,-0.16692784129855265,-0.007398989982903004,0.0014968067407608032,3.1838857646867633,0.0033441781997680664
1746575855337209300,12.631209228515624,0.0877620528463477,0.004101914819329977,0.032289942681832856,-0.011651196517050266,0.05795511932710631,0.983710887727748,0.13235955579490152,right,0.0017535090446472168,-0.33095895364505956,0.8129008025322109,-9.238760680684447,-0.16706779861787543,-0.006758742034435272,0.001087583601474762,3.186671596013009,0.00431746244430542
1746575855377209300,12.671209228515625,0.0877620528463477,0.004761176183819771,0.032289942681832856,-0.014853555709123611,0.05795511932710631,0.983710887727748,0.13235955579490152,right,0.0008708834648132324,-0.33095895364505956,0.8129008025322109,-9.238760680684447,-0.16706779861787543,-0.001862719189375639,0.0004602372646331787,3.186671596013009,0.0020348727703094482
1746575855417209300,12.711209228515624,0.0877620528463477,0.004590116906911135,0.032289942681832856,0.0013407357037067413,0.05795511932710631,0.983710887727748,0.13235955579490152,right,-0.0007951259613037109,-0.33095895364505956,0.8129008025322109,-9.238760680684447,-0.16706779861787543,0.002834536135196686,-0.0007363706827163696,3.186671596013009,0.0014473497867584229
1746575855457209300,12.751209228515625,0.0874780830519513,0.002238532993942499,0.03210361015266805,0.0013680004049092531,0.058286902934759,0.9837086101336244,0.13297829768267758,right,0.00017017126083374023,-0.3308206425871506,0.810315754475072,-9.239430542770027,-0.16700154825473135,0.0006015992257744074,0.00006562471389770508,3.1853885704651472,0.0020723044872283936
1746575855497209300,12.791209228515624,0.0874780830519513,0.00015836115926504135,0.03210361015266805,0.005080182105302811,0.058286902934759,0.9837086101336244,0.13297829768267758,right,-0.0005927681922912598,-0.3308206425871506,0.810315754475072,-9.239430542770027,-0.16700154825473135,0.0015548878582194448,0.0008329674601554871,3.1853885704651472,0.00018417835235595703
1746575855537209300,12.831209228515625,0.0874780830519513,0.000050167560402769595,0.03210361015266805,0.00711252773180604,0.058286902934759,0.9837086101336244,0.13297829768267758,right,-0.00039952993392944336,-0.3308206425871506,0.810315754475072,-9.239430542770027,-0.16700154825473135,-0.0014986052410677075,0.0018412396311759949,3.1853885704651472,0.0003879964351654053
1746575855577209600,12.871209716796875,0.08814758742581315,0.001021093688905239,0.03241670657830641,0.010580605827271938,0.05831908810581579,0.9836901318078687,0.13315907863016407,right,0.0006600022315979004,-0.3308509387248203,0.8164929087400435,-9.238789906778932,-0.1670388621130201,-0.0031248789746314287,0.0023045316338539124,3.1856697254940864,-0.00035703182220458984
1746575855617209300,12.911209228515625,0.08814758742581315,0.0032691084779798985,0.03241670657830641,0.00778603833168745,0.05831908810581579,0.9836901318078687,0.13315907863016407,right,-0.0005579590797424316,-0.3308509387248203,0.8164929087400435,-9.238789906778932,-0.1670388621130201,-0.001979927532374859,0.0033347010612487793,3.1856697254940864,0.0002086162567138672
1746575855657209300,12.951209228515625,0.08814758742581315,-0.00033922470174729824,0.03241670657830641,0.003453900571912527,0.05831908810581579,0.9836901318078687,0.13315907863016407,right,-0.0006122589111328125,-0.3308509387248203,0.8164929087400435,-9.238789906778932,-0.1670388621130201,0.0003290607128292322,0.00496094673871994,3.1856697254940864,0.0012931227684020996
1746575855697209300,12.991209228515626,0.08814758742581315,-0.005557738244533539,0.03241670657830641,-0.002378422301262617,0.05831908810581579,0.9836901318078687,0.13315907863016407,right,-0.0004118680953979492,-0.3308509387248203,0.8164929087400435,-9.238789906778932,-0.1670388621130201,-0.0019010340329259634,0.003569185733795166,3.1856697254940864,0.001739412546157837
1746575855737209300,13.031209228515625,0.08814758742581315,-0.01077625248581171,0.03241670657830641,-0.008210744708776474,0.05831908810581579,0.9836901318078687,0.13315907863016407,right,-0.00021141767501831055,-0.3308509387248203,0.8164929087400435,-9.238789906778932,-0.1670388621130201,-0.004131129011511803,0.002177417278289795,3.1856697254940864,0.0021857023239135742
1746575855777209300,13.071209228515626,0.08803918490368455,-0.006755046080797911,0.03241708183616321,-0.005652707070112228,0.057868918822230005,0.9836699580437941,0.13225821952390934,right,0.0004405975341796875,-0.3314464335639407,0.8153244494825601,-9.236986656749249,-0.16731371970984416,-0.00823203381150961,0.0005062967538833618,3.1911922883078456,0.0010941624641418457
1746575855817209300,13.111209228515625,0.08803918490368455,0.000613704789429903,0.03241708183616321,-0.0004127197898924351,0.057868918822230005,0.9836699580437941,0.13225821952390934,right,0.0012539029121398926,-0.3314464335639407,0.8153244494825601,-9.236986656749249,-0.16731371970984416,-0.0052294558845460415,-0.00011648237705230713,3.1911922883078456,0.001726388931274414
1746575855857209300,13.151209228515626,0.08803918490368455,0.009112317115068436,0.03241708183616321,0.003198409453034401,0.057868918822230005,0.9836699580437941,0.13225821952390934,right,0.0013955235481262207,-0.3314464335639407,0.8153244494825601,-9.236986656749249,-0.16731371970984416,-0.0010011433623731136,0.0005251243710517883,3.1911922883078456,0.002183675765991211
1746575855897209300,13.191209228515625,0.0884080111235527,0.011957768350839615,0.032537671686130365,0.006071069277822971,0.058094860617462815,0.9836143224721193,0.13280348546864165,right,0.0004227161407470703,-0.3318646233623358,0.8186133349601179,-9.235355256155133,-0.16753874571648558,0.002644122811034322,0.002724260091781616,3.1950697142630813,0.00198441743850708
1746575855937209300,13.231209228515626,0.0884080111235527,0.0020321840420365334,0.032537671686130365,0.0029992887284606695,0.058094860617462815,0.9836143224721193,0.13280348546864165,right,-0.001437544822692871,-0.3318646233623358,0.8186133349601179,-9.235355256155133,-0.16753874571648558,0.0015798266977071762,0.003921516239643097,3.1950697142630813,0.0024895071983337402
1746575855977209300,13.271209228515625,0.0884080111235527,-0.008833304978907108,0.032537671686130365,0.0003056153655052185,0.058094860617462815,0.9836143224721193,0.13280348546864165,right,-0.0004824399948120117,-0.3318646233623358,0.8186133349601179,-9.235355256155133,-0.16753874571648558,0.002039188053458929,0.004702933132648468,3.1950697142630813,0.0012588798999786377
1746575856017209300,13.311209228515626,0.0884080111235527,-0.005390935577452183,0.032537671686130365,-0.006737997755408287,0.058094860617462815,0.9836143224721193,0.13280348546864165,right,0.0002963542938232422,-0.3318646233623358,0.8186133349601179,-9.235355256155133,-0.16753874571648558,0.0023246067576110363,0.0023233816027641296,3.1950697142630813,-0.0031158924102783203
1746575856057209300,13.351209228515625,0.0884080111235527,0.007468973286449909,0.032537671686130365,0.009089967235922813,0.058094860617462815,0.9836143224721193,0.13280348546864165,right,0.0055100321769714355,-0.3318646233623358,0.8186133349601179,-9.235355256155133,-0.16753874571648558,-0.001492716372013092,0.005037285387516022,3.1950697142630813,-0.002677023410797119
1746575856097209300,13.391209228515624,0.08908848197721057,0.0073716770857572556,0.03285458544973185,0.007635422516614199,0.05811352325353379,0.9835890401284104,0.13296393413659693,right,-0.004513382911682129,-0.33198281009811786,0.8248639197874814,-9.234420021131633,-0.16761919382129334,-0.010319365188479424,0.0037032142281532288,3.196165400545299,0.0005832314491271973
1746575856137209300,13.431209228515625,0.08889684976210623,0.005262736231088638,0.032738261789708095,-0.0025482862256467342,0.05814494856386766,0.9835521002776926,0.13302152993507238,right,-0.002965986728668213,-0.33245672016328237,0.8229597666665911,-9.23306802200079,-0.1678474066010024,-0.014013015665113926,0.0023937299847602844,3.200558959329128,0.0007275938987731934
1746575856177209300,13.471209228515624,0.08889684976210623,0.0031537949107587337,0.032738261789708095,-0.012731995433568954,0.05814494856386766,0.9835521002776926,0.13302152993507238,right,-0.0012807250022888184,-0.33245672016328237,0.8229597666665911,-9.23306802200079,-0.1678474066010024,-0.01770666614174843,0.0008900687098503113,3.200558959329128,0.0013199448585510254
1746575856217209300,13.511209228515625,0.08831559234879313,0.005245794542133808,0.032376290773185976,-0.009136004373431206,0.058342216021562004,0.9834506172827858,0.13339186086146043,right,0.0006424188613891602,-0.33369144186766575,0.8172436540421097,-9.229601222673057,-0.16844306985738133,-0.024936426430940628,-0.00023905187845230103,3.2120018521025777,0.0023134946823120117
1746575856257209300,13.551209228515624,0.0879911243789466,0.003697346430271864,0.0321432310397417,-0.006936138495802879,0.0585485949578371,0.9833587676283815,0.13381343364066944,right,0.0006780028343200684,-0.33473045143674673,0.813955133890733,-9.226536574405431,-0.1689507870673913,-0.02011089399456978,-0.0017345398664474487,3.2216274663209914,0.005889594554901123
1746575856297209300,13.591209228515625,0.08778796637432004,-0.00040879053995013237,0.032030942232890366,-0.0014178920537233353,0.058501416839943775,0.9833185678302203,0.13371400132457906,right,0.0023350119590759277,-0.3352994287434017,0.8119198286708443,-9.224874194151162,-0.1692227018882907,-0.011204998008906841,-0.0005884692072868347,3.226896931156516,0.004467993974685669
1746575856337209300,13.631209228515624,0.08778796637432004,-0.004514927975833416,0.032030942232890366,0.004100353457033634,0.058501416839943775,0.9833185678302203,0.13371400132457906,right,0.004161536693572998,-0.3352994287434017,0.8119198286708443,-9.224874194151162,-0.1692227018882907,-0.0022991029545664787,0.00035006552934646606,3.226896931156516,0.003583759069442749
1746575856377209300,13.671209228515625,0.08778796637432004,-0.0008337923791259527,0.032030942232890366,0.011924725957214832,0.058501416839943775,0.9833185678302203,0.13371400132457906,right,-0.0008057951927185059,-0.3352994287434017,0.8119198286708443,-9.224874194151162,-0.1692227018882907,0.006419620476663113,0.0003698989748954773,3.226896931156516,0.0023971498012542725
1746575856417209300,13.711209228515624,0.08778796637432004,0.002597982296720147,0.032030942232890366,0.0075904857367277145,0.058501416839943775,0.9833185678302203,0.13371400132457906,right,-0.000010073184967041016,-0.3352994287434017,0.8119198286708443,-9.224874194151162,-0.1692227018882907,0.008368202485144138,0.002453036606311798,3.226896931156516,0.0018687248229980469
1746575856457209300,13.751209228515625,0.08857939461137061,0.004754074849188328,0.032428413830990155,0.005056008696556091,0.05846485371897883,0.9833314223985282,0.13375753805864057,right,-0.0008342862129211426,-0.33497030359375135,0.8193143228363245,-9.225286282083392,-0.16908488913511224,0.00804732646793127,0.0024292394518852234,3.2238489417627454,0.0016282498836517334
1746575856497209300,13.791209228515624,0.08857939461137061,-0.001197171863168478,0.032428413830990155,0.0032083005644381046,0.05846485371897883,0.9833314223985282,0.13375753805864057,right,0.001057267189025879,-0.33497030359375135,0.8193143228363245,-9.225286282083392,-0.16908488913511224,-0.0018352828919887543,0.0046064481139183044,3.2238489417627454,0.003657817840576172
1746575856537209300,13.831209228515625,0.08918737288969537,-0.005029491148889065,0.03272871318057761,0.008733798749744892,0.05836612882235618,0.9833107401195119,0.13367043485544855,right,0.00022262334823608398,-0.33513383958274784,0.8248759755514562,-9.224261030688881,-0.16918154628801252,-0.005436519626528025,0.004499286413192749,3.225363437978923,0.0026135146617889404
1746575856577209600,13.871209716796875,0.08942370796083608,-0.004715186543762684,0.03286760164672751,0.0073935422115027905,0.05824304921210527,0.983322995678444,0.1334540391129571,right,0.0001544356346130371,-0.33501381168219874,0.8270905828610062,-9.22445158482492,-0.16912593007575788,0.00013453559949994087,0.004098802804946899,3.224251677344739,0.0023186802864074707
1746575856617209300,13.911209228515625,0.08942370796083608,-0.00440088240429759,0.03286760164672751,0.006053285673260689,0.05824304921210527,0.983322995678444,0.1334540391129571,right,0.00006693601608276367,-0.33501381168219874,0.8270905828610062,-9.22445158482492,-0.16912593007575788,0.005705589894205332,0.003924138844013214,3.224251677344739,0.0019104480743408203
1746575856657209300,13.951209228515625,0.08942370796083608,-0.0021287952549755573,0.03286760164672751,-0.00033348798751831055,0.05824304921210527,0.983322995678444,0.1334540391129571,right,-0.0016126036643981934,-0.33501381168219874,0.8270905828610062,-9.22445158482492,-0.16912593007575788,0.008128887973725796,0.00522729754447937,3.224251677344739,-0.0006368756294250488
1746575856697209300,13.991209228515626,0.08958810749790438,-0.0022614961490035057,0.033001215657760805,-0.0073248292319476604,0.058082183499917985,0.9833844708906837,0.13311771602992342,right,-0.0019953250885009766,-0.3343464511608071,0.8287993595402687,-9.226456494906545,-0.16879738118588358,0.008909385651350021,0.004919186234474182,3.2180703583613037,-0.00007063150405883789
1746575856737209300,14.031209228515625,0.08958810749790438,-0.004044826608151197,0.033001215657760805,-0.013588957488536835,0.058082183499917985,0.9833844708906837,0.13311771602992342,right,-0.001969575881958008,-0.3343464511608071,0.8287993595402687,-9.226456494906545,-0.16879738118588358,0.008766882121562958,0.002498336136341095,3.2180703583613037,-0.0010671019554138184
1746575856777209300,14.071209228515626,0.08894520125168748,-0.001128101022914052,0.032704631775467924,-0.008600642904639244,0.05809891895181291,0.983423618838993,0.13302366953979927,right,-0.0000673532485961914,-0.33402819045045207,0.8229583784271031,-9.228007231479882,-0.16862084098966298,0.0011722217313945293,0.0018274486064910889,3.2151220299497245,0.00011295080184936523
1746575856817209300,14.111209228515625,0.08830243033301198,0.0017886245623230934,0.03240805121433313,-0.003612327855080366,0.05811565440370775,0.9834627667873023,0.1329298877601039,right,0.001834273338317871,-0.3337099902188616,0.817116885857284,-9.229552707356214,-0.16844431711905686,-0.006422439124435186,0.0011566132307052612,3.2121737015381453,0.0012930035591125488
1746575856857209300,14.151209228515626,0.08830243033301198,0.001934428932145238,0.03240805121433313,0.0009875446557998657,0.05811565440370775,0.9834627667873023,0.1329298877601039,right,0.000333249568939209,-0.3337099902188616,0.817116885857284,-9.229552707356214,-0.16844431711905686,-0.005225430708378553,0.0014736279845237732,3.2121737015381453,0.00096932053565979
1746575856897209300,14.191209228515625,0.08830243033301198,0.0012568207457661629,0.03240805121433313,0.0014151242794468999,0.05811565440370775,0.9834627667873023,0.1329298877601039,right,0.00006657838821411133,-0.3337099902188616,0.817116885857284,-9.229552707356214,-0.16844431711905686,-0.004170185886323452,0.002070985734462738,3.2121737015381453,0.0011256933212280273
1746575856937209300,14.231209228515626,0.08830243033301198,0.0005792125011794269,0.03240805121433313,0.001842703903093934,0.05811565440370775,0.9834627667873023,0.1329298877601039,right,-0.00020009279251098633,-0.3337099902188616,0.817116885857284,-9.229552707356214,-0.16844431711905686,-0.003114941529929638,0.002668336033821106,3.2121737015381453,0.001282036304473877
1746575856977209300,14.271209228515625,0.08830243033301198,0.004223627038300037,0.03240805121433313,-0.0005882778204977512,0.05811565440370775,0.9834627667873023,0.1329298877601039,right,-0.00010138750076293945,-0.3337099902188616,0.817116885857284,-9.229552707356214,-0.16844431711905686,-0.007312660571187735,0.0021333694458007812,3.2121737015381453,0.0012945830821990967
1746575857017209300,14.311209228515626,0.08834658706802316,0.007423260249197483,0.032353996076781036,-0.007260849699378014,0.05835588209985514,0.9833790271568159,0.13347174152289779,right,0.0003478527069091797,-0.3345352721630935,0.8172902696628123,-9.226872674492,-0.16885978011353525,-0.007620897144079208,0.0018038451671600342,3.2198195401161906,-0.0008041262626647949
1746575857057209300,14.351209228515625,0.08814417737858057,0.005177738144993782,0.03220316818873436,0.0033875703811645508,0.058549668889377925,0.9833295535451337,0.13385924606226787,right,0.00552678108215332,-0.3350431175347387,0.8152785645142198,-9.225408447158337,-0.16910956183654777,-0.01092618703842163,0.004037804901599884,3.2245231877624985,0.0009438395500183105
1746575857097209300,14.391209228515624,0.08854638308709563,-0.00555054284632206,0.03236638060469624,0.005474119447171688,0.058526829095211674,0.9832566301916826,0.13392584821998105,right,-0.0021992921829223633,-0.33583200654997564,0.8187638493467122,-9.222543120855093,-0.16950987390807956,-0.017763279378414154,0.0017979070544242859,3.231828250078857,0.0031041502952575684
1746575857137209300,14.431209228515625,0.08845366103209013,-0.011960756033658981,0.03232042916440469,0.003971688915044069,0.05832696626422474,0.9831971750490044,0.1335520583755865,right,0.001757204532623291,-0.3367087480220335,0.8176580800618976,-9.219792945364118,-0.16993170953236936,-0.016575414687395096,0.003925904631614685,3.2399446287780997,0.003058522939682007
1746575857177209300,14.471209228515624,0.08845758162555736,-0.0025691082701087,0.032325438966882655,0.000389372231438756,0.05813692901299496,0.9831479881533259,0.1332062454615735,right,0.000008404254913330078,-0.33742979427671776,0.8174876188658178,-9.217460118502379,-0.17028032778738128,-0.016271699219942093,0.0008778795599937439,3.246617822931707,0.0013099908828735352
1746575857217209300,14.511209228515625,0.08848335481871272,0.0130119938403368,0.032286186973671686,-0.0032442801166325808,0.05827976055344824,0.9830845035295055,0.1335373809983365,right,-0.0004857182502746582,-0.3380787871258711,0.8175388375964016,-9.215338304042815,-0.17060512432152952,-0.014605921693146229,0.00001675635576248169,3.252622616304457,0.00081595778465271
1746575857257209300,14.551209228515624,0.08850483902575966,0.008410871028900146,0.03222399328085529,-0.0018247219268232584,0.05861856997951552,0.9830363237477676,0.13424871221954063,right,-0.0008469223976135254,-0.33840738883409816,0.8176422979708761,-9.214255769503117,-0.17077857091219525,-0.010131662711501122,-0.0013543814420700073,3.255662714652717,0.0042743682861328125
1746575857297209300,14.591209228515625,0.08850483902575966,0.0038097482174634933,0.03222399328085529,-0.00040516385342925787,0.05861856997951552,0.9830363237477676,0.13424871221954063,right,-0.0010977387428283691,-0.33840738883409816,0.8176422979708761,-9.214255769503117,-0.17077857091219525,-0.00565740279853344,-0.0027149543166160583,3.255662714652717,0.00804281234741211
1746575857337209300,14.631209228515624,0.08850483902575966,-0.0017472133040428162,0.03222399328085529,0.012792594730854034,0.05861856997951552,0.9830363237477676,0.13424871221954063,right,0.004132568836212158,-0.33840738883409816,0.8176422979708761,-9.214255769503117,-0.17077857091219525,-0.00042360182851552963,0.0013013854622840881,3.255662714652717,0.009586751461029053
1746575857377209300,14.671209228515625,0.08895132113742,-0.014061884954571724,0.03240459306751433,0.013190435245633125,0.05866910012414267,0.9829763404680287,0.13446064819627046,right,-0.0023006200790405273,-0.33897115840335734,0.8215930083580315,-9.212060305285453,-0.17107190345306764,0.0003524692147038877,0.0010032802820205688,3.2608772344306107,0.010235190391540527
1746575857417209300,14.711209228515624,0.08908168949822644,-0.00874213594943285,0.032534468519153106,0.009457780979573727,0.05843361660462578,0.9830418406112565,0.1339680882101089,right,-0.0003904104232788086,-0.3383261998330938,0.8229809555850922,-9.214045926144719,-0.1707510516146296,0.042151808738708496,0.0018251687288284302,3.2549116040244694,0.0029057860374450684
1746575857457209300,14.751209228515625,0.08907377096993181,0.001172548159956932,0.03264019195879493,0.0021342067047953606,0.05834402176072161,0.9832375577955696,0.13365747465174546,right,0.0001551508903503418,-0.33605642453696816,0.8235630663219838,-9.221386936557293,-0.16963113438299268,0.06651265919208527,0.0017464980483055115,3.2339062253966926,0.0017569363117218018
1746575857497209300,14.791209228515624,0.0891757299829816,0.00813363492488861,0.03274826301114849,0.0033225896768271923,0.05853157606474548,0.9834087301537976,0.13393257314291637,right,0.0005571246147155762,-0.33383955339384475,0.825139667988941,-9.228421072977781,-0.16854976763223387,0.05414619296789169,0.003344222903251648,3.2133743094995615,0.002102464437484741
1746575857537209300,14.831209228515625,0.089276949336812,0.01509472168982029,0.03285629088845618,0.004510972648859024,0.058719024605520316,0.983578684108682,0.13420715260926086,right,0.0009545087814331055,-0.33162265614173836,0.826706844240427,-9.235410201212764,-0.16746818864848406,0.04177973046898842,0.0049429237842559814,3.1928263192504645,0.002449601888656616
1746575857577209600,14.871209716796875,0.08956502782083231,0.006591201759874821,0.033032556704452015,0.0010733013041317463,0.05889830410765921,0.9836989374982039,0.1345272442743924,right,0.00031512975692749023,-0.32995390092018223,0.8298428041785955,-9.240465146514772,-0.16666203805375454,0.036235544830560684,0.004255965352058411,3.1773484718725085,0.00112876296043396
1746575857617209300,14.911209228515625,0.08952044803273074,-0.007084476761519909,0.03307338326413368,-0.00323675200343132,0.058873520499429725,0.9838159510524024,0.1343910423042429,right,-0.00035178661346435547,-0.3285549036318487,0.8298274604789913,-9.244920956879854,-0.1659710135985007,0.03086736425757408,0.0032044202089309692,3.1643659484416244,0.0030660629272460938
1746575857657209300,14.951209228515625,0.08922140639672475,-0.01474031899124384,0.03301044796907429,-0.0022136534098535776,0.05864393446511247,0.9839177143019648,0.13381810331225885,right,0.0011392831802368164,-0.32755372337160366,0.8273446306873112,-9.248319367146491,-0.1654607393538277,0.020497746765613556,0.0019786208868026733,3.1550714658737182,0.002788722515106201
1746575857697209300,14.991209228515626,0.08904510440997913,-0.018501928076148033,0.03300777047439323,0.005603102967143059,0.0582657514144914,0.9839797274143958,0.1329953214062455,right,0.0015654563903808594,-0.32711397801290415,0.8258374409947544,-9.249846138322352,-0.16522587799524574,0.0058222925290465355,0.0016280710697174072,3.1509879959523674,0.0027094781398773193
1746575857737209300,15.031209228515625,0.08909488882162268,-0.019803136587142944,0.0331105015731439,0.006406982894986868,0.05781483001761569,0.9840116556750923,0.13208278635768475,right,-0.0003712177276611328,-0.32703503733022304,0.8263200368799268,-9.250052474549411,-0.16517344185260147,0.0035499122459441423,0.0025049224495887756,3.1502550055027005,0.0009385049343109131
1746575857777209300,15.071209228515626,0.08901664544443494,-0.013601340353488922,0.03314901233668882,0.000873291864991188,0.057416707514564125,0.9840549505841131,0.13124804943071133,right,-0.002762019634246826,-0.32681035576208645,0.8256592348836362,-9.25082228987813,-0.16504691161927063,0.007429293356835842,0.0024289116263389587,3.1481682623565197,-0.0017520487308502197
1746575857817209300,15.111209228515625,0.08901664544443494,0.0066299643367528915,0.03314901233668882,-0.008196281269192696,0.057416707514564125,0.9840549505841131,0.13124804943071133,right,-0.003897428512573242,-0.32681035576208645,0.8256592348836362,-9.25082228987813,-0.16504691161927063,0.014180527999997139,0.0016497224569320679,3.1481682623565197,-0.005813300609588623
1746575857857209300,15.151209228515626,0.08874542017720538,0.028341248631477356,0.03298903221286528,-0.011749966070055962,0.057824689960251814,0.9841129487789502,0.13197990890220027,right,-0.0002625584602355957,-0.3258721609797211,0.8234115290220826,-9.253983384257554,-0.16459001470119755,0.01022673025727272,0.0018976256251335144,3.1394533332422374,-0.003272444009780884
1746575857897209300,15.191209228515625,0.08869601116991033,0.02576415054500103,0.03287715731674098,-0.011263403110206127,0.05845648483227537,0.9841110699400024,0.13323210862977403,right,0.0006749629974365234,-0.32544652057238205,0.8230725793913006,-9.25535408808887,-0.16439997249064645,0.0011448152363300323,0.0016864240169525146,3.135498458136618,0.0004741549491882324
1746575857937209300,15.231209228515626,0.08856909674854924,0.0071175359189510345,0.03274825379597372,-0.005530664697289467,0.05886463566277548,0.9840894821572091,0.13404041663070315,right,0.001208961009979248,-0.32544678826561463,0.8218979095887392,-9.255458132985234,-0.16440963302669379,-0.003413644153624773,0.0028465762734413147,3.1355010884851215,0.0024773776531219482
1746575857977209300,15.271209228515625,0.08856909674854924,-0.007567353546619415,0.03274825379597372,-0.0030899031553417444,0.05886463566277548,0.9840894821572091,0.13404041663070315,right,0.0007053613662719727,-0.32544678826561463,0.8218979095887392,-9.255458132985234,-0.16440963302669379,0.0038130111061036587,0.0015916898846626282,3.1355010884851215,0.00046831369400024414
1746575858017209300,15.311209228515626,0.08856909674854924,-0.0059737772680819035,0.03274825379597372,0.00535838957875967,0.05886463566277548,0.9840894821572091,0.13404041663070315,right,0.0015265941619873047,-0.32544678826561463,0.8218979095887392,-9.255458132985234,-0.16440963302669379,0.004303321707993746,0.004826605319976807,3.1355010884851215,-0.001622617244720459
1746575858057209300,15.351209228515625,0.08872611241026344,-0.0074968161061406136,0.0328763618549624,-0.00833292119204998,0.05855611079647062,0.9841073993303439,0.1334376521759548,right,-0.0064092278480529785,-0.32541114364000595,0.823361040943861,-9.255440012806654,-0.16438683593995768,-0.009784426540136337,0.0029016882181167603,3.135169956834614,0.0026301443576812744
1746575858097209300,15.391209228515624,0.08799563877855732,-0.007317766547203064,0.032541699074947125,-0.01090728398412466,0.05829550729126983,0.984081232511028,0.13282479049668264,right,-0.00374680757522583,-0.326116796951128,0.8164053035218268,-9.253833162131905,-0.16470235329894736,-0.011135428212583065,0.0016963183879852295,3.1417259543493388,0.001537412405014038
1746575858137209300,15.431209228515625,0.08726453819198868,-0.007138716988265514,0.03220702633145992,-0.01348164677619934,0.05803490999648564,0.9840547677331924,0.13221128202899468,right,-0.0010851621627807617,-0.3268220106649362,0.8094463512293993,-9.252218128150702,-0.1650178216810932,-0.012486430816352367,0.0004912838339805603,3.1482763989061113,0.0004452168941497803
1746575858177209300,15.471209228515624,0.08668851724220729,0.008098098449409008,0.03189779248163509,-0.013872731477022171,0.05809671344132054,0.984016255208204,0.1322716368762664,right,0.00006079673767089844,-0.3273992742823439,0.8039592250552028,-9.250870805194973,-0.16528581247315516,-0.01485416479408741,0.00040062516927719116,3.153637341417372,0.0017652809619903564
1746575858217209300,15.511209228515625,0.08616831668537847,0.01414139848202467,0.0315673095575039,-0.01802717335522175,0.05842101292799857,0.9839531547563475,0.13287966246098623,right,-0.0009023547172546387,-0.3280698921477302,0.7989646316383033,-9.24917802980244,-0.16560994241223836,-0.018355412408709526,0.0012422949075698853,3.1598636685863135,0.0055390894412994385
1746575858257209300,15.551209228515624,0.08555259829711108,0.008455684408545494,0.031194307109952732,-0.022918062284588814,0.058722105643670426,0.9838919433804256,0.1334249827080936,right,-0.002191603183746338,-0.32875590819579564,0.7930841952975839,-9.247506297197937,-0.1659376354250175,-0.014968124218285084,-0.0011761859059333801,3.1662317423135042,0.005230635404586792
1746575858297209300,15.591209228515625,0.08478340987394167,0.009218797087669373,0.030772384111296475,-0.0128316730260849,0.058978282452829066,0.983870204616762,0.1338305234461323,right,0.0021528005599975586,-0.32902718421855054,0.785898083185777,-9.247257875394821,-0.16605460429455335,-0.0011452604085206985,0.000751689076423645,3.168749570353329,0.001882791519165039
1746575858337209300,15.631209228515624,0.0845609198144325,0.011456132866442204,0.0306386957805518,-0.00895176362246275,0.05921293611108423,0.9838851351574183,0.13425399303219268,right,-0.0013023018836975098,-0.32872802720367017,0.7839207186982036,-9.24837665029168,-0.16590749725910126,0.008814341388642788,-0.0010073557496070862,3.165973091377318,0.003237605094909668
1746575858377209300,15.671209228515625,0.0845609198144325,0.006098014768213034,0.0306386957805518,-0.00210978789255023,0.05921293611108423,0.9838851351574183,0.13425399303219268,right,0.0006939172744750977,-0.32872802720367017,0.7839207186982036,-9.24837665029168,-0.16590749725910126,0.01026101503521204,0.0006195232272148132,3.165973091377318,0.0024171769618988037
1746575858417209300,15.711209228515624,0.08469441358189735,-0.0001951400190591812,0.03070038049820589,0.010698959231376648,0.059431388640441465,0.9839382529049455,0.13467530277339246,right,0.0019133687019348145,-0.32788230892222386,0.7853815119657666,-9.250936271646617,-0.16550226062780649,0.012175261974334717,0.0017725303769111633,3.1581223778769374,0.0012340247631072998
1746575858457209300,15.751209228515625,0.08522096407693298,-0.00470203161239624,0.030982246776470834,0.016640106216073036,0.05938566132099841,0.9839748946570328,0.1346415360808625,right,0.0001157522201538086,-0.32733542227476475,0.790399340127781,-9.252240924504399,-0.16524856572463303,0.010066002607345581,0.0037260130047798157,3.153044343960285,-0.0006299912929534912
1746575858497209300,15.791209228515624,0.08522096407693298,-0.0034348051995038986,0.030982246776470834,0.01161254569888115,0.05938566132099841,0.9839748946570328,0.1346415360808625,right,-0.0013339519500732422,-0.32733542227476475,0.790399340127781,-9.252240924504399,-0.16524856572463303,0.00771953072398901,0.004163026809692383,3.153044343960285,-0.0018113553524017334
1746575858537209300,15.831209228515625,0.08590327843193245,-0.003902071388438344,0.03135451973495108,0.0004743477329611778,0.05923535004694004,0.9840110973767117,0.13442320900919466,right,-0.0020139217376708984,-0.32682863117805233,0.7968491007890551,-9.253290725818276,-0.16501630289456845,0.0027425470761954784,0.004642173647880554,3.1483380659654734,0.0016439855098724365
1746575858577209600,15.871209716796875,0.08552655836723509,-0.0029012570157647133,0.03119553644822937,-0.0018747129943221807,0.05908237157659734,0.9840190930713146,0.1340550268914782,right,-0.0008979439735412598,-0.3269385495508334,0.7933335669487714,-9.25324513311088,-0.16505343618769236,-0.0012338408268988132,0.0028537362813949585,3.149358933445811,0.0007059872150421143
1746575858617209300,15.911209228515625,0.08552655836723509,-0.0019004426430910826,0.03119553644822937,-0.004223773255944252,0.05908237157659734,0.9840190930713146,0.1340550268914782,right,0.00022262334823608398,-0.3269385495508334,0.7933335669487714,-9.25324513311088,-0.16505343618769236,-0.005210228264331818,0.0007068291306495667,3.149358933445811,-0.00012788176536560059
1746575858657209300,15.951209228515625,0.08552655836723509,0.004619047977030277,0.03119553644822937,0.0000663059763610363,0.05908237157659734,0.9840190930713146,0.1340550268914782,right,0.0006366372108459473,-0.3269385495508334,0.7933335669487714,-9.25324513311088,-0.16505343618769236,-0.009925194084644318,-0.00023286789655685425,3.149358933445811,0.0008010268211364746
1746575858697209300,15.991209228515626,0.08552749591665193,0.006480023264884949,0.031144465803046015,0.0005339153576642275,0.05925275403034718,0.9839632533438728,0.1344316055316894,right,-0.00003618001937866211,-0.3274977517513912,0.79319167426005,-9.251488060310482,-0.16533421001721743,-0.007931205444037914,0.00030566751956939697,3.154551825913787,0.0015210211277008057
1746575858737209300,16.031209228515625,0.08552869557956395,0.00834099855273962,0.03109339847902011,0.0010015247389674187,0.059423146663521144,0.983907497293233,0.1348083239700622,right,-0.0007093548774719238,-0.32805709285686346,0.7930519735284149,-9.249728064900635,-0.16561500017235722,-0.005937217269092798,0.0008440017700195312,3.159745010642707,0.002241075038909912
1746575858777209300,16.071209228515624,0.08552869557956395,0.0060853008180856705,0.03109339847902011,0.0009177609463222325,0.059423146663521144,0.983907497293233,0.1348083239700622,right,0.0002282261848449707,-0.32805709285686346,0.7930519735284149,-9.249728064900635,-0.16561500017235722,0.0001300373114645481,0.0009149834513664246,3.159745010642707,0.0015287995338439941
1746575858817209300,16.111209228515627,0.08552869557956395,0.0042437780648469925,0.03109339847902011,0.004045949783176184,0.059423146663521144,0.983907497293233,0.1348083239700622,right,0.0003542304039001465,-0.32805709285686346,0.7930519735284149,-9.249728064900635,-0.16561500017235722,0.002135231625288725,0.0017111673951148987,3.159745010642707,0.0013824701309204102
1746575858857209300,16.151209228515626,0.08552869557956395,0.0031870922539383173,0.03109339847902011,0.01052187755703926,0.059423146663521144,0.983907497293233,0.1348083239700622,right,0.0011036992073059082,-0.32805709285686346,0.7930519735284149,-9.249728064900635,-0.16561500017235722,-0.0021538003347814083,0.0011438429355621338,3.159745010642707,0.0004449188709259033
1746575858897209300,16.191209228515625,0.08624546317369323,0.0002123778685927391,0.03139508253638612,0.010937590152025223,0.05962948361828441,0.9838680029389502,0.13535656571644586,right,-0.00011205673217773438,-0.3282070549680538,0.7996408503994346,-9.248684693327546,-0.1657185977624556,-0.004842828027904034,0.0029144510626792908,3.1611370495229956,0.000991523265838623
1746575858937209300,16.231209228515624,0.08705074284548292,-0.0015167358797043562,0.03177683497004501,0.03306999057531357,0.05959080966827089,0.9838345383344289,0.13542636976239394,right,0.0018156170845031738,-0.3284402966489712,0.8070242386490106,-9.247303468102217,-0.16585832849281246,-0.007256617769598961,0.005219176411628723,3.163302118602395,-0.0008179247379302979
1746575858977209300,16.271209228515627,0.08792194801881632,-0.0012706094421446323,0.03219721775386559,0.009399425238370895,0.05947867435105345,0.9837936642636904,0.1353651163366566,right,-0.0038481950759887695,-0.32879939234641226,0.8149803852852433,-9.245464562237261,-0.16605975265469516,-0.00949488952755928,0.004482299089431763,3.166635354678333,-0.0002816617488861084
1746575859017209300,16.311209228515626,0.08792194801881632,-0.005774859804660082,0.03219721775386559,0.0007979180663824081,0.05947867435105345,0.9837936642636904,0.1353651163366566,right,-0.0006788372993469238,-0.32879939234641226,0.8149803852852433,-9.245464562237261,-0.16605975265469516,-0.011873062700033188,0.005134016275405884,3.166635354678333,0.002611696720123291
1746575859057209300,16.351209228515625,0.08765900786370932,-0.004108721390366554,0.032057208863166965,-0.011171700432896614,0.059337363381378065,0.9837321386386629,0.13508425686335662,right,-0.0005296468734741211,-0.32972200126835477,0.8122932650931179,-9.24276407110691,-0.16650081101399022,-0.016254842281341553,0.0034532248973846436,3.175197139057517,0.0014193356037139893
1746575859097209300,16.391209228515624,0.08725426054043184,0.005614103749394417,0.03182879187579576,-0.010703247040510178,0.059389652839637215,0.9836855702133371,0.13515677134387527,right,0.0006926655769348145,-0.3303543089390099,0.8083771145626902,-9.241090000414848,-0.16680065817980577,-0.00853254459798336,0.001509062945842743,3.1810631084814665,0.001604914665222168
1746575859137209300,16.431209228515623,0.0870052900269781,0.010420795530080795,0.031653160724629675,-0.008627924136817455,0.05964251997976308,0.9836481426579776,0.13564692340809578,right,0.0012108683586120605,-0.33068704880294875,0.805984301142022,-9.240236013934016,-0.16696451882565747,-0.006558069493621588,0.0018575042486190796,3.1841496763199566,0.005548268556594849
1746575859177209300,16.471209228515626,0.08689232829205132,0.010007904842495918,0.031548311849094304,-0.014622475951910019,0.05991423410461104,0.983624641128907,0.13618649713285763,right,0.0006238222122192383,-0.33080151995190077,0.8049088539302348,-9.23996421125531,-0.16702590001484105,0.0017808987759053707,0.0011437535285949707,3.1852114603325723,0.004404842853546143
1746575859217209300,16.511209228515625,0.08689232829205132,0.003589401487261057,0.031548311849094304,0.00014563370496034622,0.05991423410461104,0.983624641128907,0.13618649713285763,right,0.00015735626220703125,-0.33080151995190077,0.8049088539302348,-9.23996421125531,-0.16702590001484105,0.007912997156381607,0.002092987298965454,3.1852114603325723,0.004311174154281616
1746575859257209300,16.551209228515624,0.08667918331335529,-0.003416967112571001,0.031449590258776534,-0.004376848228275776,0.06002900584783022,0.9836665955765204,0.13635404084694128,right,0.0005679130554199219,-0.3302601236439169,0.8030885797005146,-9.241852216959,-0.16675613574818648,0.0074632130563259125,0.003031022846698761,3.18018954051733,0.0031102001667022705
1746575859297209300,16.591209228515623,0.08667918331335529,-0.0021021044813096523,0.031449590258776534,-0.0014029634185135365,0.06002900584783022,0.9836665955765204,0.13635404084694128,right,0.00009322166442871094,-0.3302601236439169,0.8030885797005146,-9.241852216959,-0.16675613574818648,-0.0028948532417416573,0.002840988337993622,3.18018954051733,0.002083688974380493
1746575859337209300,16.631209228515626,0.08667918331335529,-0.0007872415008023381,0.031449590258776534,0.0015709216240793467,0.06002900584783022,0.9836665955765204,0.13635404084694128,right,-0.0003814697265625,-0.3302601236439169,0.8030885797005146,-9.241852216959,-0.16675613574818648,-0.013252919539809227,0.0026509612798690796,3.18018954051733,0.0010571777820587158
1746575859377209300,16.671209228515625,0.08667918331335529,-0.0037789451889693737,0.031449590258776534,0.001413694815710187,0.06002900584783022,0.9836665955765204,0.13635404084694128,right,-0.0014737248420715332,-0.3302601236439169,0.8030885797005146,-9.241852216959,-0.16675613574818648,-0.01949886605143547,0.0031284019351005554,3.18018954051733,0.003603905439376831
1746575859417209300,16.711209228515624,0.08669712890500952,-0.004213742911815643,0.03145149504094787,0.0016257746610790491,0.05987094037274202,0.9836097405361247,0.13607969866080305,right,-0.001462101936340332,-0.33106418147917877,0.8030327578600496,-9.239287334907054,-0.16714742294444787,-0.005308428779244423,0.0036071166396141052,3.1876474553078413,0.003501385450363159
1746575859457209300,16.751209228515624,0.08669712890500952,-0.0041880495846271515,0.03145149504094787,-0.002132740570232272,0.05987094037274202,0.9836097405361247,0.13607969866080305,right,-0.0006937384605407715,-0.33106418147917877,0.8030327578600496,-9.239287334907054,-0.16714742294444787,0.011925045400857925,0.0019087344408035278,3.1876474553078413,0.002320617437362671
1746575859497209300,16.791209228515626,0.08621599098481314,-0.0008887939620763063,0.03126964701994514,-0.008554765954613686,0.059748194392985586,0.9836809290759462,0.13571281924498563,right,-0.0003170967102050781,-0.3304113351727682,0.7987663325872272,-9.241744080409408,-0.16680650282962947,0.01650179922580719,0.0012130513787269592,3.181592100791633,0.0009103715419769287
1746575859537209300,16.831209228515625,0.08621599098481314,0.0016279295086860657,0.03126964701994514,-0.011639133095741272,0.059748194392985586,0.9836809290759462,0.13571281924498563,right,0.000652313232421875,-0.3304113351727682,0.7987663325872272,-9.241744080409408,-0.16680650282962947,0.008310030214488506,-0.0002231895923614502,3.181592100791633,0.0007424056529998779
1746575859577209600,16.871209716796876,0.08546943224315699,0.0023098671808838844,0.030908853601961175,-0.007909664884209633,0.05988109019530353,0.9837245847958292,0.135832463036327,right,0.0005648136138916016,-0.3299681184425328,0.7919869015801697,-9.243741391706466,-0.16656825685392898,-0.0015510069206357002,0.0004924982786178589,3.1774805738195777,0.0009184777736663818
1746575859617209300,16.911209228515624,0.08546943224315699,0.0027349076699465513,0.030908853601961175,-0.005383654031902552,0.05988109019530353,0.9837245847958292,0.135832463036327,right,0.0000559687614440918,-0.3299681184425328,0.7919869015801697,-9.243741391706466,-0.16656825685392898,-0.006405784748494625,0.00021988898515701294,3.1774805738195777,0.0014512240886688232
1746575859657209300,16.951209228515626,0.08520912820125216,0.004332679323852062,0.03073876856879857,-0.003675155807286501,0.060084497621352366,0.9836952120618496,0.13621659643695438,right,-0.0005673766136169434,-0.3302398155089369,0.7895071405284106,-9.243086727190017,-0.16669987696045424,-0.005019936710596085,0.00047931820154190063,3.180001032207906,0.0010845959186553955
1746575859697209300,16.991209228515626,0.08520912820125216,0.007016776129603386,0.03073876856879857,-0.0026535270735621452,0.060084497621352366,0.9836952120618496,0.13621659643695438,right,0.00010305643081665039,-0.3302398155089369,0.7895071405284106,-9.243086727190017,-0.16669987696045424,-0.000027801375836133957,0.0012784004211425781,3.180001032207906,0.0012943446636199951
1746575859737209300,17.031209228515625,0.08520912820125216,0.0007398407906293869,0.03073876856879857,0.004574574995785952,0.060084497621352366,0.9836952120618496,0.13621659643695438,right,0.000559389591217041,-0.3302398155089369,0.7895071405284106,-9.243086727190017,-0.16669987696045424,0.0008731805719435215,0.0028798654675483704,3.180001032207906,0.0022094249725341797
1746575859777209300,17.071209228515624,0.08520912820125216,-0.009147974662482738,0.03073876856879857,0.008077515289187431,0.060084497621352366,0.9836952120618496,0.13621659643695438,right,-0.002240478992462158,-0.3302398155089369,0.7895071405284106,-9.243086727190017,-0.16669987696045424,0.008105321787297726,0.005189046263694763,3.180001032207906,-0.00430026650428772
1746575859817209600,17.111209716796875,0.08520912820125216,0.0021477453410625458,0.03073876856879857,-0.00501669105142355,0.060084497621352366,0.9836952120618496,0.13621659643695438,right,-0.0003101229667663574,-0.3302398155089369,0.7895071405284106,-9.243086727190017,-0.16669987696045424,-0.0015413053333759308,0.003978937864303589,3.180001032207906,-0.00845956802368164
1746575859857209300,17.151209228515626,0.08496924131381474,0.007791417185217142,0.03056271986748666,-0.000667092390358448,0.060308759670366446,0.9836400780347572,0.13666226446275148,right,0.0036524534225463867,-0.33080313204839085,0.7871377079833298,-9.241489813387393,-0.16697627898719936,-0.03453323245048523,0.005205489695072174,3.185226365640759,-0.001720428466796875
1746575859897209300,17.191209228515625,0.08480051662023556,-0.0015953839756548405,0.030406613885734183,0.0002616464043967426,0.06032319145103164,0.9834980001011077,0.13675745024601166,right,0.004014194011688232,-0.33255735251101354,0.7851039371334015,-9.236040900331735,-0.16783449373543988,-0.03275208920240402,0.004946500062942505,3.201491564004123,0.002007722854614258
1746575859937209300,17.231209228515624,0.08463185926680798,-0.01098218560218811,0.03025049306675162,0.001190385315567255,0.06033752143745527,0.9833550853994367,0.136852259019411,right,0.004372954368591309,-0.3343115482012105,0.7830702393487096,-9.230562761181593,-0.16869256869159016,-0.030970944091677666,0.004687502980232239,3.217747117756307,0.005736857652664185
1746575859977209300,17.271209228515627,0.08441774033419075,-0.004431199748069048,0.030122042818951835,-0.005942068994045258,0.06019494490425847,0.9832667531730176,0.13659102568796896,right,0.0003681182861328125,-0.33552929554914046,0.7807628391891718,-9.22681889847815,-0.16928030176581005,-0.0190785750746727,0.0006557032465934753,3.2290254676178094,0.0035118162631988525
1746575860017209300,17.311209228515626,0.08424998529335147,0.011473370715975761,0.029996056698294995,-0.00477209035307169,0.060332027446245204,0.9832170873142178,0.13686976538482223,right,0.00026530027389526367,-0.33606490176475956,0.7790693331442773,-9.225225491806864,-0.16954248334781447,-0.005492465570569038,0.0011185184121131897,3.2339845513299106,0.004924893379211426
1746575860057209300,17.351209228515625,0.08424998529335147,0.011584561318159103,0.029996056698294995,-0.008392145857214928,0.060332027446245204,0.9832170873142178,0.13686976538482223,right,0.0000010728836059570312,-0.33606490176475956,0.7790693331442773,-9.225225491806864,-0.16954248334781447,0.004957587458193302,0.0020043477416038513,3.2339845513299106,0.007535338401794434
1746575860097209300,17.391209228515624,0.08406383837526549,0.0037906221114099026,0.029852177457637224,-0.007609529886394739,0.06074197317064511,0.9832266573265888,0.1376515721141862,right,-0.0009045004844665527,-0.3356928141676329,0.7774530570540577,-9.226568723109365,-0.16936580675657212,0.007608369458466768,0.0017125830054283142,3.230539671573043,0.007219284772872925
1746575860137209300,17.431209228515623,0.08371460901636778,-0.0012432229705154896,0.029693822779115368,0.0023858421482145786,0.060827786016285315,0.9832741726360792,0.13773656799793377,right,0.003900587558746338,-0.33514360330095055,0.774379056436196,-9.228605781894922,-0.16908671821715973,0.01633674092590809,0.0013555288314819336,3.2254537466108797,0.0039799511432647705
1746575860177209300,17.471209228515626,0.08371460901636778,-0.006654389668256044,0.029693822779115368,0.0007242017891258001,0.060827786016285315,0.9832741726360792,0.13773656799793377,right,-0.0016095638275146484,-0.33514360330095055,0.774379056436196,-9.228605781894922,-0.16908671821715973,0.014056151732802391,0.0006690248847007751,3.2254537466108797,0.003201782703399658
1746575860217209300,17.511209228515625,0.08378727577118208,-0.008806142956018448,0.029803689414928346,0.0002362761297263205,0.060624509332138275,0.9833653476922405,0.1372840668177835,right,-0.00033670663833618164,-0.33418063369528506,0.7753092499583959,-9.231640619546175,-0.16860921044548066,0.010365232825279236,0.0020361095666885376,3.216534234835207,0.002088308334350586
1746575860257209300,17.551209228515624,0.08381620157695481,-0.010105844587087631,0.029887983116176905,0.0031917497981339693,0.060356548333879836,0.9834301708997008,0.13671252507039514,right,-0.0007947087287902832,-0.3335909627083352,0.7757349280245601,-9.233506413418054,-0.16831190225471684,0.012463470920920372,0.0019711479544639587,3.2110710009932517,0.0005779266357421875
1746575860297209300,17.591209228515623,0.0839161257123996,-0.0076481313444674015,0.02999574074381508,0.0051419902592897415,0.06013974491361737,0.9834872846864706,0.13625915959326093,right,-0.0011491179466247559,-0.33303784006472587,0.7768063566483556,-9.235197435244917,-0.168036400489799,0.013232008554041386,0.0029213204979896545,3.205945036281645,0.001458883285522461
1746575860337209300,17.631209228515626,0.08402035802181192,-0.007849371992051601,0.03010427622050618,0.008423474617302418,0.05990989220854125,0.9835383435774825,0.13578437258216872,right,-0.00030797719955444336,-0.3325664597956964,0.7778956862550228,-9.236621330568195,-0.1678007920190628,0.01240574661642313,0.003659561276435852,3.201576027417183,0.0008606314659118652
1746575860377209300,17.671209228515625,0.08426715839092322,-0.004036273807287216,0.030276182263137035,0.006794910412281752,0.059747972505010336,0.983596040913054,0.13546296215203632,right,-0.0016277432441711426,-0.33192630458630823,0.7803476094517856,-9.238469588783383,-0.1674888160759355,0.01950029470026493,0.0019858628511428833,3.1956416689321396,-0.0009656846523284912
1746575860417209300,17.711209228515624,0.08435759723263621,0.00411137193441391,0.03035491463558309,0.00038642948493361473,0.059733036939753084,0.9836610347204676,0.13540521090102647,right,-0.0008195042610168457,-0.33112695206418863,0.7813980683527887,-9.240940947332978,-0.16709788109998144,0.016105858609080315,0.002513207495212555,3.188229639109969,0.0003440976142883301
1746575860457209300,17.751209228515624,0.08447681409357415,0.006374366581439972,0.030428667298359174,0.0025116230826824903,0.05980303659732122,0.98371153517224,0.13553057031260277,right,-0.0006836056709289551,-0.3304321293833793,0.7826865007281303,-9.243053409442306,-0.16676192791220254,0.015130949206650257,0.0036139488220214844,3.1817849930152295,0.00004267692565917969
1746575860497209300,17.791209228515626,0.08447681409357415,0.0030492369551211596,0.030428667298359174,0.001570233958773315,0.05980303659732122,0.98371153517224,0.13553057031260277,right,-0.0007509589195251465,-0.3304321293833793,0.7826865007281303,-9.243053409442306,-0.16676192791220254,0.016132565215229988,0.003794156014919281,3.1817849930152295,-0.0018440783023834229
1746575860537209300,17.831209228515625,0.08454682408382255,0.0017305634682998061,0.03050026982233448,-0.006415297277271748,0.059876911020934794,0.9838061022472362,0.1356269093840795,right,-0.0029267072677612305,-0.32920560813440647,0.7836625792186707,-9.246879689732193,-0.16616278402034007,0.014603517949581146,0.0034592971205711365,3.1704052286058664,-0.0023208260536193848
1746575860577209600,17.871209716796876,0.08414778738218241,0.00012730550952255726,0.030311216130523923,-0.01959463395178318,0.05999811467110067,0.9838506708476922,0.13577735823868967,right,-0.0009999871253967285,-0.3286703331696191,0.780115188935399,-9.24888167720437,-0.16589003926081658,0.00012020207941532135,0.0016899332404136658,3.16543737706542,-0.0004950463771820068
1746575860617209300,17.911209228515624,0.08414778738218241,0.003143975045531988,0.030311216130523923,-0.014724858105182648,0.05999811467110067,0.9838506708476922,0.13577735823868967,right,0.0011203885078430176,-0.3286703331696191,0.780115188935399,-9.24888167720437,-0.16589003926081658,-0.011010682210326195,0.00033708661794662476,3.16543737706542,-0.000387728214263916
1746575860657209300,17.951209228515626,0.08340400119799166,0.0062651000916957855,0.029903932336710154,-0.005453998222947121,0.060165607286334244,0.9838087690947757,0.13602267772154755,right,0.0015462040901184082,-0.3292408090907965,0.7730852172333746,-9.247658272889256,-0.1661517436624637,-0.012281225062906742,0.0017436817288398743,3.170731976342201,-0.00007832050323486328
1746575860697209300,17.991209228515626,0.08340400119799166,0.0022697425447404385,0.029903932336710154,0.00029221922159194946,0.060165607286334244,0.9838087690947757,0.13602267772154755,right,0.001742541790008545,-0.3292408090907965,0.7730852172333746,-9.247658272889256,-0.1661517436624637,-0.013036265037953854,0.0017649531364440918,3.170731976342201,0.0034886598587036133
1746575860737209300,18.031209228515625,0.08328245485106948,-0.005583020392805338,0.02978764870563397,-0.00283240363933146,0.060278174861816046,0.9837265060761674,0.13628118812641937,right,-0.00036984682083129883,-0.3301882752086357,0.7717109332054853,-9.244754368141294,-0.1666175645060717,-0.012766875326633453,0.0022479891777038574,3.1795228933021424,0.0041647255420684814
1746575860777209300,18.071209228515624,0.08311796750487517,-0.009153229184448719,0.029704888790190034,-0.00977618619799614,0.06017071321151287,0.9836919415688464,0.13606351710728729,right,-0.0020058751106262207,-0.33072983583072163,0.7700471647117286,-9.243163884079456,-0.16687547820914986,-0.009436645545065403,0.00039692223072052,3.184546566683054,0.0011793076992034912
1746575860817209600,18.111209716796875,0.08311796750487517,-0.002890863921493292,0.029704888790190034,-0.005647295620292425,0.06017071321151287,0.9836919415688464,0.13606351710728729,right,0.0029435157775878906,-0.33072983583072163,0.7700471647117286,-9.243163884079456,-0.16687547820914986,-0.007808430586010218,0.0025164932012557983,3.184546566683054,0.0006694495677947998
1746575860857209300,18.151209228515626,0.08309194534846366,-0.001688999473117292,0.02967862299371094,0.0033196457661688328,0.06007670606333486,0.9836388421846393,0.13590614409461294,right,-0.002980053424835205,-0.33145118721663713,0.76961578755714,-9.240892432016134,-0.16722680366573817,-0.011447761207818985,-0.00008275359869003296,3.1912364197105165,0.002952098846435547
1746575860897209300,18.191209228515625,0.08282946732725739,-0.007513773627579212,0.029544102257428696,-0.0050880503840744495,0.05997374862547345,0.9835969789775947,0.13568632247208692,right,0.0012723207473754883,-0.33209792614375494,0.7670193413231522,-9.23903482145071,-0.16753344559240443,-0.012783156707882881,0.003907933831214905,3.1972327375158667,0.003224879503250122
1746575860937209300,18.231209228515624,0.08282946732725739,-0.0009361030533909798,0.029544102257428696,-0.003270253073424101,0.05997374862547345,0.9835969789775947,0.13568632247208692,right,0.000043451786041259766,-0.33209792614375494,0.7670193413231522,-9.23903482145071,-0.16753344559240443,-0.006015968043357134,0.0008117258548736572,3.1972327375158667,0.0018188953399658203
1746575860977209300,18.271209228515627,0.08282946732725739,0.018716730177402496,0.029544102257428696,-0.006759463343769312,0.05997374862547345,0.9835969789775947,0.13568632247208692,right,0.00005412101745605469,-0.33209792614375494,0.7670193413231522,-9.23903482145071,-0.16753344559240443,-0.003915590699762106,0.00038269907236099243,3.1972327375158667,0.0021505355834960938
1746575861017209300,18.311209228515626,0.08262724148649407,0.019828028976917267,0.029323546033886434,-0.008552328683435917,0.06056197030140444,0.9835175237063765,0.13687821271016826,right,0.00031888484954833984,-0.3326709482806222,0.7649995989985764,-9.237362504324317,-0.16782643684388243,-0.0024256715551018715,0.002850078046321869,3.2025445801883934,0.005603522062301636
1746575861057209300,18.351209228515625,0.08237609253505447,0.005029701627790928,0.029147438974448384,-0.004149179905653,0.06088292574887793,0.9834998775497807,0.1374898447053997,right,0.0011942386627197266,-0.3327052861036582,0.7626705715291202,-9.237444921910763,-0.1678446154264949,0.0067880116403102875,0.0019352585077285767,3.202862852357328,0.005603313446044922
1746575861097209300,18.391209228515624,0.0821269418719081,-0.007768773473799229,0.029093085423208535,0.0022470406256616116,0.06060997500816821,0.9835575380306918,0.13686944107907403,right,-0.0005970597267150879,-0.3322709665280337,0.7604830714222043,-9.239020208403467,-0.16761463923810077,0.009141247719526291,0.0015586614608764648,3.1988369578421114,0.005238056182861328
1746575861137209300,18.431209228515623,0.08187812551223164,-0.02056724950671196,0.02903872268479689,0.008643260225653648,0.06033706101614753,0.9836151515834894,0.13624934939642075,right,-0.0023885369300842285,-0.3318365510501668,0.758297836337611,-9.240593156808615,-0.1673846513176785,0.011494483798742294,0.0011818557977676392,3.194809602022171,0.004872918128967285
1746575861177209300,18.471209228515626,0.08183873428568976,-0.023790722712874413,0.02912127435604764,0.010180631652474403,0.05984057050159467,0.9836801359120679,0.13521163886773627,right,0.0004608631134033203,-0.331425129459413,0.7580412312280386,-9.241932296457886,-0.16716622966311528,0.013931232504546642,0.001695096492767334,3.1909947199091313,0.002450615167617798
1746575861217209300,18.511209228515625,0.08198310899853142,-0.014429372735321522,0.029290019012855117,0.008457431569695473,0.05940215897106478,0.9837548680340974,0.13431244458462982,right,0.0009757280349731445,-0.33080543574003085,0.7595373150046915,-9.243791660588979,-0.16685288729865633,0.017180316150188446,0.0016025006771087646,3.185247700689733,0.000110626220703125
1746575861257209300,18.551209228515624,0.08228766955122421,0.0013547902926802635,0.02949179749142366,0.0117942588403821,0.05923048979940155,0.9838140910697749,0.13398019390891938,right,-0.0008568167686462402,-0.3301384311237146,0.7625269983399658,-9.245675574639439,-0.1665292341254055,0.01476571150124073,0.002218008041381836,3.1790605364874005,-0.0014005601406097412
1746575861297209300,18.591209228515623,0.08278925585408174,0.006588894408196211,0.029743278252198167,0.012963632121682167,0.05926308723541489,0.9838370436405258,0.13410902163508545,right,0.0001399517059326172,-0.32971338529973293,0.767276092563197,-9.246637697669863,-0.1663371106776254,0.0053937723860144615,0.0036860406398773193,3.1751170595586298,0.0015713274478912354
1746575861337209300,18.631209228515626,0.08278925585408174,-0.003942736890166998,0.029743278252198167,0.012639416381716728,0.05926308723541489,0.9838370436405258,0.13410902163508545,right,-0.0006133317947387695,-0.32971338529973293,0.767276092563197,-9.246637697669863,-0.1663371106776254,0.0064107272773981094,0.005461670458316803,3.1751170595586298,0.0015856921672821045
1746575861377209300,18.671209228515625,0.08308300448795145,-0.004767336882650852,0.029949409067159805,0.0072885374538600445,0.05897898450671619,0.9838840028307364,0.13355819169699656,right,-0.0006189942359924316,-0.3292774197410679,0.7701070782054216,-9.247790374836326,-0.16612330460907415,0.00855186302214861,0.005260802805423737,3.171071583560109,-0.0001671314239501953
1746575861417209300,18.711209228515624,0.08337698425155217,-0.005591937340795994,0.03015553323980679,0.0019376580603420734,0.05869494509597146,0.9839307844879184,0.13300745982356996,right,-0.0006249547004699707,-0.3288415908529174,0.7729406941961496,-9.248940129393338,-0.16590946588929414,0.010692998766899109,0.005059674382209778,3.1670269843444228,-0.001920074224472046
1746575861457209300,18.751209228515624,0.08337698425155217,0.006496435031294823,0.03015553323980679,-0.00668299337849021,0.05869494509597146,0.9839307844879184,0.13300745982356996,right,-0.0007599592208862305,-0.3288415908529174,0.7729406941961496,-9.248940129393338,-0.16590946588929414,0.008592926897108555,0.005329698324203491,3.1670269843444228,-0.0037602484226226807
1746575861497209300,18.791209228515626,0.08324929211260602,0.01934836618602276,0.030078417952243534,-0.01110302098095417,0.058942942587901635,0.9839702455946769,0.1334566414321662,right,-0.0011355876922607422,-0.32820815597448566,0.7719263295218348,-9.251035640367865,-0.1656011302992828,0.005759295076131821,0.004256032407283783,3.1611472786560655,-0.0008024275302886963
1746575861537209300,18.831209228515625,0.08303102633537694,0.016257906332612038,0.029918695804281324,-0.013692906126379967,0.05932334036259579,0.9839690170473564,0.13418194984831552,right,0.0006296038627624512,-0.32799628609853515,0.769962701298669,-9.251871506670117,-0.16550141786950373,0.0012052417732775211,0.0033075660467147827,3.15918036249727,0.0029180049896240234
1746575861577209600,18.871209716796876,0.0826129564033245,0.005483987741172314,0.029679806852367516,-0.010517504066228867,0.05956511565540818,0.9839660557411352,0.13460095888997822,right,0.0005612969398498535,-0.3279560954728097,0.7661051490876823,-9.252318665915727,-0.16547547195140336,-0.0003377575194463134,0.0009792372584342957,3.15880743753165,0.003397613763809204
1746575861617209300,18.911209228515624,0.0826129564033245,-0.01028143148869276,0.029679806852367516,-0.007012198679149151,0.05956511565540818,0.9839660557411352,0.13460095888997822,right,0.001623392105102539,-0.3279560954728097,0.7661051490876823,-9.252318665915727,-0.16547547195140336,-0.0023349872790277004,0.0005510151386260986,3.15880743753165,0.008391022682189941
1746575861657209300,18.951209228515626,0.08174449204732925,-0.02593754231929779,0.02931933367505962,-0.002890502568334341,0.05916779690884506,0.9839828018000079,0.13366283947588736,right,0.0026407241821289062,-0.3282541741462549,0.7579926428459585,-9.252041602540016,-0.16558238131293934,-0.00292688375338912,0.0010385662317276,3.161574564157426,0.00540769100189209
1746575861697209300,18.991209228515626,0.08155076455163496,-0.006175102666020393,0.029280894175120812,0.0019251774065196514,0.058876180312517776,0.9840144138121117,0.13303096924768396,right,0.0022687315940856934,-0.3281277151170537,0.7562327935665846,-9.252586961463093,-0.1655052459249652,0.00031573628075420856,0.0021119266748428345,3.160400551941991,0.0016262531280517578
1746575861737209300,19.031209228515625,0.08135715581848119,0.013587336987257004,0.029242454675182463,0.006740857381373644,0.05858460046487947,0.9840459788961027,0.13239924941868533,right,0.0018967390060424805,-0.32800118519441046,0.7544738941352814,-9.253131735864281,-0.16542811053699127,0.0035583563148975372,0.003185182809829712,3.1592259552046653,-0.002155125141143799
1746575861777209300,19.071209228515624,0.08135715581848119,0.02240115776658058,0.029242454675182463,0.00043077999725937843,0.05858460046487947,0.9840459788961027,0.13239924941868533,right,-0.003097236156463623,-0.32800118519441046,0.7544738941352814,-9.253131735864281,-0.16542811053699127,-0.0038408422842621803,0.0030584782361984253,3.1592259552046653,0.0012800097465515137
1746575861817209600,19.111209716796875,0.08160606618491409,0.017162129282951355,0.02929151936458446,-0.002218033652752638,0.0590120528533397,0.9840193682204637,0.13330740446819037,right,-0.001899421215057373,-0.3279536534455412,0.7567893314708024,-9.253093157419562,-0.16542536492554166,-0.0007902686484158039,0.002185419201850891,3.1587846411779523,0.000882953405380249
1746575861857209300,19.151209228515626,0.08185495018825571,0.011923098936676979,0.02934057741167181,-0.004866847302764654,0.059439568559753804,0.983992580011796,0.13421568764035235,right,-0.0007015466690063477,-0.3279059011556547,0.7591045496106147,-9.253054578974842,-0.1654225866628633,0.0022603042889386415,0.0013123750686645508,3.158341281324625,0.00048607587814331055
1746575861897209300,19.191209228515625,0.08183868940897714,0.01113558653742075,0.029283677356357573,-0.009174764156341553,0.05973859671597293,0.9839772192300164,0.13481929265565587,right,-0.0008611679077148438,-0.3278777801215068,0.7589614148128777,-9.253155701261758,-0.16541710292755868,-0.0012103819753974676,0.004180610179901123,3.15808029230088,0.0014106333255767822
1746575861937209300,19.231209228515624,0.08183868940897714,0.01067780889570713,0.029283677356357573,-0.00830316822975874,0.05973859671597293,0.9839772192300164,0.13481929265565587,right,0.00036960840225219727,-0.3278777801215068,0.7589614148128777,-9.253155701261758,-0.16541710292755868,-0.001640183967538178,0.002648189663887024,3.15808029230088,0.0030004680156707764
1746575861977209300,19.271209228515627,0.08167309656648315,0.010828286409378052,0.029126698613552576,-0.007625446654856205,0.060188800742966946,0.9839488173016543,0.13570923218545283,right,-0.0018610358238220215,-0.32792956064857537,0.757415792806074,-9.253118291860819,-0.16545058459892517,0.002436575014144182,0.0005700811743736267,3.158561061555147,0.002855539321899414
1746575862017209300,19.311209228515626,0.08141525206864644,0.007512737065553665,0.02896859518549318,-0.0009757662191987038,0.060456325749713144,0.9839575411931992,0.13619683709874345,right,0.0023720264434814453,-0.3276830122651001,0.7550931950774044,-9.254089182719587,-0.1653287098688669,0.011014098301529884,0.0024147555232048035,3.1562717815741896,0.0021372437477111816
1746575862057209300,19.351209228515625,0.08141525206864644,0.002432802692055702,0.02896859518549318,-0.003078474896028638,0.060456325749713144,0.9839575411931992,0.13619683709874345,right,-0.0018423199653625488,-0.3276830122651001,0.7550931950774044,-9.254089182719587,-0.1653287098688669,0.010119512677192688,0.0003714635968208313,3.1562717815741896,0.002565741539001465
1746575862097209300,19.391209228515624,0.08148588503191578,-0.004253398161381483,0.02901736259895347,0.004954132251441479,0.06054751048687194,0.9840104744377826,0.1363557569585622,right,0.0006126761436462402,-0.32694691066901194,0.7559357103161514,-9.256348944345117,-0.1649713277471122,0.008931766264140606,0.0011368468403816223,3.1494363825961944,0.0026425421237945557
1746575862137209300,19.431209228515623,0.08148588503191578,-0.014336450025439262,0.02901736259895347,0.008913682773709297,0.06054751048687194,0.9840104744377826,0.1363557569585622,right,0.001523137092590332,-0.32694691066901194,0.7559357103161514,-9.256348944345117,-0.1649713277471122,0.003859487362205982,0.0023319870233535767,3.1494363825961944,0.004096478223800659
1746575862177209300,19.471209228515626,0.0817843957830384,-0.01915297470986843,0.02926232614011447,0.015034247189760208,0.0600000001913047,0.9840588232354534,0.13527972880193553,right,0.0007323622703552246,-0.3266920318198979,0.7587643578708171,-9.2569223603189,-0.16483936461775206,-0.0010724803432822227,0.0022087618708610535,3.1470693612039087,0.0012811720371246338
1746575862217209300,19.511209228515625,0.08228160616535188,-0.009457617066800594,0.029574493703279404,0.015722455456852913,0.059567278218933435,0.9840791119256632,0.13448112236448398,right,0.0001227259635925293,-0.32664534711123705,0.7633790120594203,-9.256690889650583,-0.16481952903261823,-0.0003025250043720007,0.0016213208436965942,3.1466356459617613,-0.00028526782989501953
1746575862257209300,19.551209228515624,0.08228160616535188,0.001988048665225506,0.029574493703279404,0.008281192742288113,0.059567278218933435,0.9840791119256632,0.13448112236448398,right,-0.0007523894309997559,-0.32664534711123705,0.7633790120594203,-9.256690889650583,-0.16481952903261823,0.003925086930394173,0.0026954486966133118,3.1466356459617613,0.0008204281330108643
1746575862297209300,19.591209228515623,0.0827040284352195,0.00041970715392380953,0.029793265401465905,0.005339770577847958,0.05954736421303669,0.984098644902201,0.13449415152191674,right,-0.0009136199951171875,-0.32631641662679745,0.7673745845016091,-9.257398161137104,-0.1646706021427279,0.007144775241613388,0.0027612149715423584,3.1435803500443695,0.0005791187286376953
1746575862337209300,19.631209228515626,0.08312640436971323,-0.0011486343573778868,0.030012042965666744,0.0023983486462384462,0.05952740327902675,0.9841181411300496,0.13450695113114663,right,-0.0010750889778137207,-0.3259875087937417,0.7713704492047428,-9.258103094536066,-0.16452167065925102,0.010364464484155178,0.002826966345310211,3.140524761866033,0.00033786892890930176
1746575862377209300,19.671209228515625,0.08321340704230024,-0.0011878353543579578,0.030077438004435204,0.0024161995388567448,0.059495502477196746,0.9841550114519845,0.1344328578375708,right,-0.0007646083831787109,-0.3255354139348897,0.7722938476599752,-9.259450417491793,-0.16430088059336762,0.009125981479883194,0.002421535551548004,3.136324387566745,0.00044855475425720215
1746575862417209300,19.711209228515624,0.08321340704230024,-0.001227036351338029,0.030077438004435204,0.002434050664305687,0.059495502477196746,0.9841550114519845,0.1344328578375708,right,-0.0005915164947509766,-0.3255354139348897,0.7722938476599752,-9.259450417491793,-0.16430088059336762,0.007887497544288635,0.0021102800965309143,3.136324387566745,0.0001309216022491455
1746575862457209300,19.751209228515624,0.08321340704230024,0.00190056674182415,0.030077438004435204,-0.0017647906206548214,0.059495502477196746,0.9841550114519845,0.1344328578375708,right,-0.0015106201171875,-0.3255354139348897,0.7722938476599752,-9.259450417491793,-0.16430088059336762,0.0008754534646868706,0.0016360804438591003,3.136324387566745,0.0007382333278656006
1746575862497209300,19.791209228515626,0.08321340704230024,0.001960144378244877,0.030077438004435204,-0.0004508576821535826,0.059495502477196746,0.9841550114519845,0.1344328578375708,right,-0.000474393367767334,-0.3255354139348897,0.7722938476599752,-9.259450417491793,-0.16430088059336762,-0.002379721263423562,0.002479277551174164,3.136324387566745,0.0008644461631774902
1746575862537209300,19.831209228515625,0.08321340704230024,-0.001748457783833146,0.030077438004435204,-0.00022143847309052944,0.059495502477196746,0.9841550114519845,0.1344328578375708,right,-0.0012366175651550293,-0.3255354139348897,0.7722938476599752,-9.259450417491793,-0.16430088059336762,-0.003981256391853094,0.0036193206906318665,3.136324387566745,0.002312958240509033
1746575862577209600,19.871209716796876,0.08299305777180258,-0.005881177261471748,0.02997448864224029,-0.007280733436346054,0.059387820193976155,0.984135036732726,0.13419726119453113,right,-0.0010504722595214844,-0.3259164805240974,0.7701544244784861,-9.258428088706731,-0.1644781366736259,-0.0202717874199152,0.004006028175354004,3.1398651289135215,0.0019936561584472656
1746575862617209300,19.911209228515624,0.08299305777180258,-0.010013896971940994,0.02997448864224029,-0.014340028166770935,0.059387820193976155,0.984135036732726,0.13419726119453113,right,-0.0007601380348205566,-0.3259164805240974,0.7701544244784861,-9.258428088706731,-0.1644781366736259,-0.03656231611967087,0.004174567759037018,3.1398651289135215,0.002035379409790039
1746575862657209300,19.951209228515626,0.08256878008381338,-0.008716004900634289,0.029733987309103045,0.004553860053420067,0.05918286587561267,0.9840120900398006,0.13380238250304882,right,0.0008342266082763672,-0.327684956943594,0.7657670031744986,-9.253205970144272,-0.16532902477022587,-0.04691055044531822,0.0041576772928237915,3.15628990175277,-0.0008959770202636719
1746575862697209300,19.991209228515626,0.08237870837488398,-0.0028841709718108177,0.029586134445994422,-0.011190693825483322,0.05910540465156772,0.9838796625728115,0.1337031293475886,right,-0.0017660856246948242,-0.32940866339112523,0.7635594101276248,-9.247915462520718,-0.16616917476607318,-0.03489462286233902,0.004403010010719299,3.172289434917271,0.002237290143966675
1746575862737209300,20.031209228515625,0.08199762829967389,-0.005361293442547321,0.02936756395303926,-0.008673140779137611,0.05907552858193577,0.9838050901941798,0.13363133313882944,right,-0.00016021728515625,-0.33043090436408207,0.7597691509991884,-9.244968887674808,-0.16665926211838283,-0.011555012315511703,0.004363134503364563,3.1817735948383805,0.002692490816116333
1746575862777209300,20.071209228515624,0.08199762829967389,0.007232209667563438,0.02936756395303926,-0.014939505606889725,0.05907552858193577,0.9838050901941798,0.13363133313882944,right,-0.0003170967102050781,-0.33043090436408207,0.7597691509991884,-9.244968887674808,-0.16665926211838283,0.010451730340719223,0.001852482557296753,3.1817735948383805,0.002121150493621826
1746575862817209600,20.111209716796875,0.08118267875701182,0.018676668405532837,0.02893724290602956,-0.01656019315123558,0.05948591986490367,0.9838539217147639,0.1342912310107212,right,0.0007679462432861328,-0.3297290821829007,0.7524156464312225,-9.247808495014905,-0.1662998065985823,0.018590047955513,0.002878442406654358,3.175262605509162,0.004913270473480225
1746575862857209300,20.151209228515626,0.08066513222360804,0.013018857687711716,0.02866095574845044,-0.013965277001261711,0.05986887552262459,0.9839124594628575,0.1349370498974789,right,0.0006494522094726562,-0.3288527828229824,0.7478533069517463,-9.250966666784882,-0.1658629762300686,0.018555566668510437,0.0026858896017074585,3.167130736979842,0.007117241621017456
1746575862897209300,20.191209228515625,0.08025380422783798,0.009287301450967789,0.028475034177131903,-0.00786089338362217,0.06004751829898534,0.9839911818857618,0.13517952407616754,right,0.00026154518127441406,-0.3278532489553385,0.7443014596890658,-9.254424113762378,-0.16536280108280196,0.022984754294157028,0.002161085605621338,3.157852328763902,0.005010873079299927
1746575862937209300,20.231209228515624,0.079842357785775,0.005555744282901287,0.028289096776327297,-0.0017565097659826279,0.06022616728576256,0.9840696063501463,0.13542240525566915,right,-0.00012743473052978516,-0.326853834429846,0.740745009316504,-9.25787103934586,-0.1648625815522776,0.02741394191980362,0.0016367286443710327,3.1485718747213483,0.0029046833515167236
1746575862977209300,20.271209228515627,0.0795756600833764,0.0074891941621899605,0.028178491084672543,-0.009358873590826988,0.06037256101348677,0.9841481335402499,0.13562348981305758,right,-0.00014406442642211914,-0.3258383566294454,0.738529744419828,-9.261250744912028,-0.16435816272996503,0.024014154449105263,0.0005487650632858276,3.1391391527265307,0.002918809652328491
1746575863017209300,20.311209228515626,0.07932912025182096,0.005911840125918388,0.02808738534014995,-0.0030826707370579243,0.060482398858375384,0.984235735690985,0.13574929781970826,right,0.0011373162269592285,-0.3247316817625635,0.7365213272068649,-9.264889978197216,-0.16380836195347756,0.028180574998259544,0.0011880993843078613,3.1288556591212746,0.0027544796466827393
1746575863057209300,20.351209228515625,0.07936522558323873,0.00228484277613461,0.028147608971374825,0.004888372030109167,0.06054181652674464,0.9843357128059829,0.13581026656891063,right,-0.00020772218704223633,-0.3234369834259855,0.7371763570494949,-9.268893368619679,-0.16317370852557417,0.03550591319799423,0.0010792538523674011,3.116819768890738,0.0006170570850372314
1746575863097209300,20.391209228515624,0.07928439186741894,-0.007208618335425854,0.028184216503882645,0.0026176448445767164,0.06041134925854612,0.984451274753556,0.1354649228855781,right,0.00045549869537353516,-0.3221178195523267,0.7367521402880549,-9.273044058558344,-0.1625176706561057,0.029057184234261513,0.0018084049224853516,3.1045512389481065,0.002228975296020508
1746575863137209300,20.431209228515623,0.07920406062627793,-0.0167020782828331,0.028220804109446617,0.00034691765904426575,0.06028089441118072,0.9845662407840895,0.13511990399631962,right,0.0011169910430908203,-0.32079853203200487,0.7363306269403547,-9.277177797362208,-0.16186153483294946,0.022608455270528793,0.002537272870540619,3.0922762792646883,0.003841489553451538
1746575863177209300,20.471209228515626,0.07900672986767344,-0.024447333067655563,0.0282293945111925,0.001247887033969164,0.059848422251828445,0.9846597808543402,0.13416894995894127,right,0.0008203983306884766,-0.3200036687763531,0.7346936733882874,-9.279770151942968,-0.1614512031332417,0.013527752831578255,0.0010309889912605286,3.084877985706925,0.0008051395416259766
1746575863217209300,20.511209228515625,0.07879004117100606,-0.01987341418862343,0.028225560903056376,0.0006885392940603197,0.05931598157811699,0.9847213688438148,0.1330360507493612,right,0.0002612471580505371,-0.3196861586879262,0.7327599288467317,-9.280905293452738,-0.1612725688659198,0.0021783262491226196,0.0006270930171012878,3.081922350771725,-0.00063362717628479
1746575863257209300,20.551209228515624,0.07879004117100606,0.0008975975215435028,0.028225560903056376,-0.001041740644723177,0.05931598157811699,0.9847213688438148,0.1330360507493612,right,-0.00043785572052001953,-0.3196861586879262,0.7327599288467317,-9.280905293452738,-0.1612725688659198,-0.008991919457912445,0.0013091787695884705,3.081922350771725,-0.0020483732223510742
1746575863297209300,20.591209228515623,0.07879004117100606,0.028008954599499702,0.028225560903056376,-0.0015429684426635504,0.05931598157811699,0.9847213688438148,0.1330360507493612,right,-0.0009548664093017578,-0.3196861586879262,0.7327599288467317,-9.280905293452738,-0.1612725688659198,-0.0034289094619452953,0.0008918642997741699,3.081922350771725,-0.0021437108516693115
1746575863337209300,20.631209228515626,0.07915309897536447,0.03769338130950928,0.02827436379319493,-0.0017318371683359146,0.06004113170001943,0.984657990787462,0.13457632728149083,right,-0.0011928677558898926,-0.3198440625781416,0.7360908999003469,-9.280153598302602,-0.1613828293896375,0.004201881121844053,0.0028488710522651672,3.083392131063342,-0.0003255307674407959
1746575863377209300,20.671209228515625,0.07950853825160833,0.028836052864789963,0.028344217885091404,-0.0006879508728161454,0.06072681335932336,0.9846324461290015,0.1360124648634968,right,0.0005855560302734375,-0.31955065371090047,0.7394611800510436,-9.28079248072803,-0.16126956955749114,0.009909695014357567,0.0031662732362747192,3.0806606602728364,0.002129286527633667
1746575863417209300,20.711209228515624,0.07976265219006579,0.0005854051560163498,0.028440046774066946,0.007235366385430098,0.060991418829812634,0.9846450916253434,0.13656989746520687,right,0.0005888938903808594,-0.31912485767304616,0.7419239899680018,-9.28191125562489,-0.16107576449471345,0.007714075967669487,0.0033728033304214478,3.076696140556037,0.004435032606124878
1746575863457209300,20.751209228515624,0.07984814290947428,-0.02357756718993187,0.02853870276937863,0.008637829683721066,0.06068241039309407,0.9846764842187515,0.13594731875847832,right,0.0016199946403503418,-0.31894958016387165,0.7427605138573795,-9.282385302877426,-0.16098327276612331,0.0005721827037632465,0.0032571405172348022,3.0750638631790874,0.004124313592910767
1746575863497209300,20.791209228515626,0.07985683757004224,-0.02020297572016716,0.028624762400115716,0.004403044003993273,0.06003309391675908,0.9846683517240568,0.13466037378745355,right,0.0005623102188110352,-0.31954941533499215,0.7426939514271914,-9.280538213706016,-0.16126022701857895,-0.007203271612524986,0.0030786171555519104,3.0806492620959878,0.001366347074508667
1746575863537209300,20.831209228515625,0.07986474213417442,-0.01682838425040245,0.02871081206738106,0.00016825878992676735,0.05938373672272745,0.9846598845221531,0.13337318393993994,right,-0.0004957914352416992,-0.32014938374972995,0.7426197171472012,-9.278688201925158,-0.16153713229419028,-0.014978725463151932,0.0029008984565734863,3.086234368751943,-0.0013915300369262695
1746575863577209600,20.871209716796876,0.07972008625015148,0.009004151448607445,0.028642346101747533,-0.005752672906965017,0.05923823196555884,0.9846256598081812,0.13308303073825423,right,0.0007628798484802246,-0.3207244074666711,0.7411360544607043,-9.277025237149,-0.16181152296519738,-0.010329361073672771,0.0016682296991348267,3.091586543434858,-0.002178788185119629
1746575863617209300,20.911209228515624,0.07972008625015148,0.024588461965322495,0.028642346101747533,0.002822010312229395,0.05923823196555884,0.9846256598081812,0.13308303073825423,right,0.0025855302810668945,-0.3207244074666711,0.7411360544607043,-9.277025237149,-0.16181152296519738,-0.004023305140435696,0.004060268402099609,3.091586543434858,0.0007550716400146484
1746575863657209300,20.951209228515626,0.08004561887353667,0.010607746429741383,0.028683375450498233,-0.005981638561934233,0.05985511840851567,0.9845553273211677,0.13440661122132147,right,-0.0018544197082519531,-0.32105868371329344,0.7440732769563794,-9.275752732995151,-0.16200461722989667,-0.004193677566945553,0.004798136651515961,3.09469736893177,0.005358189344406128
1746575863697209300,20.991209228515626,0.08004561887353667,-0.008085218258202076,0.028683375450498233,0.00012094201520085335,0.05985511840851567,0.9845553273211677,0.13440661122132147,right,0.0014772415161132812,-0.32105868371329344,0.7440732769563794,-9.275752732995151,-0.16200461722989667,-0.0011680272873491049,0.005832299590110779,3.09469736893177,0.004367202520370483
1746575863737209300,21.031209228515625,0.08004561887353667,-0.0042471615597605705,0.028683375450498233,-0.002241521840915084,0.05985511840851567,0.9845553273211677,0.13440661122132147,right,-0.000058710575103759766,-0.32105868371329344,0.7440732769563794,-9.275752732995151,-0.16200461722989667,-0.0013071892317384481,0.002848424017429352,3.09469736893177,-0.0004443526268005371
1746575863777209300,21.071209228515624,0.07950565058766217,0.008247301913797855,0.028408052201741866,-0.011038435623049736,0.059845733953940675,0.98453018771541,0.1343216016880356,right,-0.0007960200309753418,-0.32151067202412087,0.7389533766593783,-9.274757876738905,-0.16220954419380126,-0.016526788473129272,0.0025584548711776733,3.098903003928065,0.0008971691131591797
1746575863817209600,21.111209716796875,0.07916205909171808,0.015260648913681507,0.028163481673349047,-0.013265974819660187,0.06013322475401155,0.9844545396160156,0.13488976408588596,right,-0.00021404027938842773,-0.3223171187441331,0.7355687757223844,-9.272516819813847,-0.16260391639797867,-0.02254779078066349,0.002634003758430481,3.1064053423821925,0.003356635570526123
1746575863857209300,21.151209228515626,0.078830845602436,0.010723639279603958,0.027919739517136548,-0.013555662706494331,0.060464335682259875,0.984380420723749,0.13554555997553913,right,-0.0015507340431213379,-0.3230665458686571,0.7323140117101371,-9.270436506408453,-0.16297167294744783,-0.017324812710285187,-0.0006644725799560547,3.113375181394815,0.006985217332839966
1746575863897209300,21.191209228515625,0.07853315809039038,0.003765544854104519,0.027733402919722133,0.0013312594965100288,0.060637571131110866,0.9843455900832392,0.13586699178070452,right,0.0027712583541870117,-0.3234385915784203,0.7294633715193718,-9.269498933297395,-0.16315006793188822,-0.003229541704058647,0.0016433894634246826,3.1168346741989255,0.006815016269683838
1746575863937209300,21.231209228515624,0.07853315809039038,-0.003316018730401993,0.027733402919722133,-0.0016454027500003576,0.060637571131110866,0.9843455900832392,0.13586699178070452,right,-0.0025718212127685547,-0.3234385915784203,0.7294633715193718,-9.269498933297395,-0.16315006793188822,0.004518140107393265,0.0003146529197692871,3.1168346741989255,0.005436211824417114
1746575863977209300,21.271209228515627,0.07853315809039038,-0.0025543058291077614,0.027733402919722133,-0.00295770401135087,0.060637571131110866,0.9843455900832392,0.13586699178070452,right,-0.0007545351982116699,-0.3234385915784203,0.7294633715193718,-9.269498933297395,-0.16315006793188822,0.011891843751072884,0.0011470690369606018,3.1168346741989255,0.002152949571609497
1746575864017209300,21.311209228515626,0.07838318209196862,-0.0011697462759912014,0.027714171321854393,0.0006783402059227228,0.06055698242909114,0.9844307135710607,0.13562993120859757,right,0.0010346770286560059,-0.32247451396421756,0.7283081370696425,-9.272599237400293,-0.16266815947187202,0.01170809380710125,0.0007589533925056458,3.1078692774549124,0.0023012757301330566
1746575864057209300,21.351209228515625,0.0785429074176084,-0.006739326287060976,0.02782199449435627,0.008676760829985142,0.06049266368384564,0.9844726314878531,0.1354999975366194,right,0.0020107626914978027,-0.3219643088691776,0.7299134533744305,-9.274062295690179,-0.16242025779706087,0.005528425332158804,0.003569073975086212,3.1031232519716023,0.004312098026275635
1746575864097209300,21.391209228515624,0.07891016654838197,-0.0073462072759866714,0.028063967325751272,0.010453115217387676,0.0601595682351297,0.984508100662621,0.13486999138521663,right,0.0006101727485656738,-0.32168864279201387,0.7333868285734206,-9.274646233057975,-0.16228696493459305,0.008540492504835129,0.0043718889355659485,3.1005586621806023,0.001855403184890747
1746575864137209300,21.431209228515623,0.07927758799352046,-0.00795308779925108,0.028305936835988824,0.01222946960479021,0.059826462606989636,0.9845434861605867,0.13423995446268525,right,-0.0007906556129455566,-0.3214132604503589,0.7368621034685522,-9.275227247816323,-0.16215365574651056,0.011552560143172741,0.005174510180950165,3.097996702738106,-0.0006015896797180176
1746575864177209300,21.471209228515626,0.07927758799352046,0.0006730817258358002,0.028305936835988824,0.0014434568583965302,0.059826462606989636,0.9845434861605867,0.13423995446268525,right,-0.0029871463775634766,-0.3214132604503589,0.7368621034685522,-9.275227247816323,-0.16215365574651056,0.007968302816152573,0.0041229575872421265,3.097996702738106,-0.0022845864295959473
1746575864217209300,21.511209228515625,0.07927758799352046,0.01250505167990923,0.028305936835988824,-0.01383057702332735,0.059826462606989636,0.9845434861605867,0.13423995446268525,right,-0.0013546943664550781,-0.3214132604503589,0.7368621034685522,-9.275227247816323,-0.16215365574651056,0.0010094409808516502,0.0024815499782562256,3.097996702738106,-0.0008285939693450928
1746575864257209300,21.551209228515624,0.07896381937225382,0.012472514994442463,0.02811926461798669,-0.009727274999022484,0.06015455775700534,0.9845642871605224,0.13483279859400885,right,0.0009803175926208496,-0.3209774360029229,0.7340582250289619,-9.27680311883092,-0.1619382477555282,-0.0035320287570357323,0.003262721002101898,3.0939412898674608,0.0015301108360290527
1746575864297209300,21.591209228515623,0.07896381937225382,0.005481586791574955,0.02811926461798669,-0.000483647920191288,0.06015455775700534,0.9845642871605224,0.13483279859400885,right,0.0007783174514770508,-0.3209774360029229,0.7340582250289619,-9.27680311883092,-0.1619382477555282,0.001010263804346323,0.0036777183413505554,3.0939412898674608,0.0012445151805877686
1746575864337209300,21.631209228515626,0.07896381937225382,-0.0006804396398365498,0.02811926461798669,0.002752474043518305,0.06015455775700534,0.9845642871605224,0.13483279859400885,right,0.00009906291961669922,-0.3209774360029229,0.7340582250289619,-9.27680311883092,-0.1619382477555282,0.0031569593120366335,0.004353553056716919,3.0939412898674608,0.00159376859664917
1746575864377209300,21.671209228515625,0.07896381937225382,-0.003482889151200652,0.02811926461798669,-0.0036417762748897076,0.06015455775700534,0.9845642871605224,0.13483279859400885,right,-0.0009479522705078125,-0.3209774360029229,0.7340582250289619,-9.27680311883092,-0.1619382477555282,-0.0008226505015045404,0.0037159621715545654,3.0939412898674608,0.0014444589614868164
1746575864417209300,21.711209228515624,0.07896381937225382,-0.0000987369567155838,0.02811926461798669,-0.012073028832674026,0.06015455775700534,0.9845642871605224,0.13483279859400885,right,-0.00013905763626098633,-0.3209774360029229,0.7340582250289619,-9.27680311883092,-0.1619382477555282,-0.0034853057004511356,0.002085283398628235,3.0939412898674608,0.0011734068393707275
1746575864457209300,21.751209228515624,0.0784053832831152,-0.00032740418100729585,0.027835981477116547,-0.009632530622184277,0.0602737815560727,0.9845751305533048,0.13497843474949808,right,0.0005608797073364258,-0.320883514015003,0.7289003308091312,-9.277501037967205,-0.16187726582243472,-0.003502486739307642,0.002080783247947693,3.0930671373814342,0.0028107762336730957
1746575864497209300,21.791209228515626,0.0784053832831152,-0.0034937995951622725,0.027835981477116547,-0.004696344491094351,0.0602737815560727,0.9845751305533048,0.13497843474949808,right,0.002126157283782959,-0.320883514015003,0.7289003308091312,-9.277501037967205,-0.16187726582243472,0.0030112923122942448,0.0020390748977661133,3.0930671373814342,0.002947181463241577
1746575864537209300,21.831209228515625,0.0784053832831152,-0.006151411682367325,0.027835981477116547,-0.001823547761887312,0.0602737815560727,0.9845751305533048,0.13497843474949808,right,0.0015758872032165527,-0.320883514015003,0.7289003308091312,-9.277501037967205,-0.16187726582243472,0.003036174224689603,0.00246623158454895,3.0930671373814342,0.0030434727668762207
1746575864577209600,21.871209716796876,0.0784053832831152,-0.008124597370624542,0.027835981477116547,0.016232358291745186,0.0602737815560727,0.9845751305533048,0.13497843474949808,right,0.003761470317840576,-0.320883514015003,0.7289003308091312,-9.277501037967205,-0.16187726582243472,-0.0014545477461069822,0.006207257509231567,3.0930671373814342,0.002342134714126587
1746575864617209300,21.911209228515624,0.0784624798166331,-0.010284677147865295,0.02792534261337015,0.004548138938844204,0.05983801061107979,0.984581524409524,0.13411463212163852,right,-0.0037734508514404297,-0.32112290452777054,0.7293719669088721,-9.276720701244473,-0.16198468527366017,-0.005729123950004578,0.003493666648864746,3.09529475030303,0.0022404491901397705
1746575864657209300,21.951209228515626,0.0784624798166331,-0.010494090616703033,0.02792534261337015,0.0007122524548321962,0.05983801061107979,0.984581524409524,0.13411463212163852,right,-0.00021058320999145508,-0.32112290452777054,0.7293719669088721,-9.276720701244473,-0.16198468527366017,-0.004232250619679689,0.0037255361676216125,3.09529475030303,0.0014439225196838379
1746575864697209300,21.991209228515626,0.0784624798166331,0.0006226608529686928,0.02792534261337015,-0.005730872042477131,0.05983801061107979,0.984581524409524,0.13411463212163852,right,-0.00026494264602661133,-0.32112290452777054,0.7293719669088721,-9.276720701244473,-0.16198468527366017,-0.005170465912669897,0.002992011606693268,3.09529475030303,0.001456618309020996
1746575864737209300,22.031209228515625,0.0784624798166331,0.011739413253962994,0.02792534261337015,-0.012173997238278389,0.05983801061107979,0.984581524409524,0.13411463212163852,right,-0.00031936168670654297,-0.32112290452777054,0.7293719669088721,-9.276720701244473,-0.16198468527366017,-0.006108681205660105,0.002258487045764923,3.09529475030303,0.0014692842960357666
1746575864777209300,22.071209228515624,0.07767829858272655,0.017426446080207825,0.027490119755759247,-0.012843693606555462,0.06006650380142922,0.9845384855543032,0.1344769883395838,right,-0.0005205273628234863,-0.3216702095963646,0.7219655631098896,-9.275599588260054,-0.16223541216466913,-0.00795120932161808,0.002611510455608368,3.1003871050059795,0.0030633211135864258
1746575864817209600,22.111209716796875,0.07744168449869225,0.01944792829453945,0.02730925870063204,-0.011450739577412605,0.06045190107956333,0.984511344094708,0.13522587048459161,right,-0.001752018928527832,-0.32177006627745836,0.7197468641471118,-9.275461641094088,-0.16228765248864327,0.002141871489584446,0.0014344826340675354,3.1013162025496364,0.0026672184467315674
1746575864857209300,22.151209228515626,0.07760234759734386,0.016822848469018936,0.02736662718459401,-0.011192701756954193,0.06079616144671275,0.9845603234481586,0.13590611191319008,right,-0.002118229866027832,-0.32085484688414606,0.7214568098701536,-9.278171484574676,-0.16185167160346461,0.012829551473259926,0.0019376277923583984,3.0928003031387923,0.0028344392776489258
1746575864897209300,22.191209228515625,0.07776230142453254,0.014197769574820995,0.02742397983906989,-0.010934664867818356,0.06114042802427874,0.9846090048430894,0.13658604478518568,right,-0.002485215663909912,-0.3199395408525135,0.7231604719828814,-9.280874898314476,-0.16141564633502822,0.02351723238825798,0.0024414286017417908,3.084281188857555,0.0030020475387573242
1746575864937209300,22.231209228515624,0.07762898997878839,0.005314708687365055,0.02736804922512517,-0.007274449337273836,0.061356586818575184,0.984682356686224,0.1369503238118612,right,0.00115889310836792,-0.3188778922496246,0.7221767947077751,-9.284230053961277,-0.16089434141161743,0.023070063441991806,0.0025552064180374146,3.0743963391810656,0.0030348896980285645
1746575864977209300,22.271209228515627,0.07740731973232559,-0.0075293006375432014,0.027292855321872478,-0.0016353842802345753,0.061351668141912646,0.9847455799725596,0.1368672818300523,right,0.0017955899238586426,-0.3181368915745969,0.7202947072882205,-9.286658742412925,-0.16052187387849873,0.012756280601024628,0.002989433705806732,3.0674951814904805,0.003667205572128296
1746575865017209300,22.311209228515626,0.0772112997893152,-0.016190428286790848,0.027251826748363937,0.0031703906133770943,0.06106666719588596,0.9847795714976513,0.13624861463022242,right,0.000735938549041748,-0.3179775998502959,0.7185119885899126,-9.287287103444337,-0.16042906980551386,0.000628642737865448,0.002748057246208191,3.066011372673511,0.0022839605808258057
1746575865057209300,22.351209228515625,0.07704898256368178,-0.015460645779967308,0.027221489466489536,0.00588694354519248,0.060699912195290216,0.9847812632555882,0.13549235538876198,right,0.0004913806915283203,-0.318281474191545,0.7169327565744519,-9.286474033495784,-0.1605633185692209,-0.008726962842047215,0.002055346965789795,3.0688419199243184,0.0016238987445831299
1746575865097209300,22.391209228515624,0.07715779413331557,-0.00720954779535532,0.027297902370085114,0.0032107147853821516,0.06044072568517759,0.9847597642231722,0.1350057970737474,right,-0.0010648369789123535,-0.31872817499235717,0.7178374503292143,-9.285028510862588,-0.16077974890383645,-0.007854924537241459,0.002376183867454529,3.073002254474163,0.0011036694049835205
1746575865137209300,22.431209228515623,0.07715779413331557,0.005139496177434921,0.027297902370085114,-0.0007417888846248388,0.06044072568517759,0.9847597642231722,0.1350057970737474,right,-0.0010303854942321777,-0.31872817499235717,0.7178374503292143,-9.285028510862588,-0.16077974890383645,-0.0021077035926282406,0.002508290112018585,3.073002254474163,0.0016418695449829102
1746575865177209300,22.471209228515626,0.07715779413331557,0.011032935231924057,0.027297902370085114,-0.005464843474328518,0.06044072568517759,0.9847597642231722,0.1350057970737474,right,-0.00037747621536254883,-0.31872817499235717,0.7178374503292143,-9.285028510862588,-0.16077974890383645,0.0012388608884066343,0.0015429854393005371,3.073002254474163,0.0009239614009857178
1746575865217209300,22.511209228515625,0.07710377741830823,0.012064799666404724,0.02720861240755903,-0.0061907959170639515,0.06079846474538109,0.9847289819335516,0.135729640694263,right,-0.001245260238647461,-0.3188515121192571,0.7173067044533789,-9.28468948816657,-0.16084864849012728,0.00190975540317595,0.0013015642762184143,3.074150839987397,0.0015459954738616943
1746575865257209300,22.551209228515624,0.07710377741830823,0.007346606347709894,0.02720861240755903,-0.005766944028437138,0.06079846474538109,0.9847289819335516,0.135729640694263,right,0.00020653009414672852,-0.3188515121192571,0.7173067044533789,-9.28468948816657,-0.16084864849012728,-0.0017446964047849178,0.001982077956199646,3.074150839987397,0.002127408981323242
1746575865297209300,22.591209228515623,0.07715174741117088,0.00242167292162776,0.027188909097425204,-0.0013832710683345795,0.060961175875495245,0.9846865155050029,0.13608761877457287,right,0.0004215240478515625,-0.3192485909909844,0.7176580021090805,-9.283436857756971,-0.16105031326131272,-0.007091063540428877,0.0025627240538597107,3.0778482332006094,0.0023165345191955566
1746575865337209300,22.631209228515626,0.07715174741117088,-0.0025032609701156616,0.027188909097425204,0.003000402357429266,0.060961175875495245,0.9846865155050029,0.13608761877457287,right,0.0007641911506652832,-0.3192485909909844,0.7176580021090805,-9.283436857756971,-0.16105031326131272,-0.012437431141734123,0.0031791850924491882,3.0778482332006094,0.002882659435272217
1746575865377209300,22.671209228515625,0.07733413316478706,-0.009107922203838825,0.0272399146877836,0.005915743298828602,0.060985114541562316,0.9846180488320253,0.1362057546706625,right,0.0006469488143920898,-0.3200477522953683,0.7191608809527009,-9.280850932916998,-0.16145059875721499,-0.012750671245157719,0.0036664679646492004,3.0852883200734853,0.003773719072341919
1746575865417209300,22.711209228515624,0.07733413316478706,-0.005759991239756346,0.0272399146877836,-0.004311064258217812,0.060985114541562316,0.9846180488320253,0.1362057546706625,right,-0.0015726685523986816,-0.3200477522953683,0.7191608809527009,-9.280850932916998,-0.16145059875721499,-0.002596321515738964,0.0019698143005371094,3.0852883200734853,0.0008831620216369629
1746575865457209300,22.751209228515624,0.07733413316478706,0.001531931571662426,0.0272399146877836,0.000913573894649744,0.060985114541562316,0.9846180488320253,0.1362057546706625,right,0.0016956925392150879,-0.3200477522953683,0.7191608809527009,-9.280850932916998,-0.16145059875721499,0.0003379292320460081,0.005045406520366669,3.0852883200734853,0.001098334789276123
1746575865497209300,22.791209228515626,0.07782295197553882,0.0006473282119259238,0.027468519543442184,0.0060980967245996,0.06088276870998835,0.9845714408917998,0.13610546661116013,right,-0.0025855302810668945,-0.3205975270128044,0.7235654725871979,-9.278805690824985,-0.16173453954029993,-0.008769781328737736,0.0031138062477111816,3.0904055169567464,0.0027953684329986572
1746575865537209300,22.831209228515625,0.07782295197553882,-0.0021837935782969,0.027468519543442184,-0.0023576351813971996,0.06088276870998835,0.9845714408917998,0.13610546661116013,right,0.000872194766998291,-0.3205975270128044,0.7235654725871979,-9.278805690824985,-0.16173453954029993,-0.010217866860330105,0.00517658144235611,3.0904055169567464,0.004328548908233643
1746575865577209600,22.871209716796876,0.07761691074871913,0.0020400723442435265,0.027342446202994364,-0.005122690461575985,0.060913332224195094,0.9845295109710684,0.13616110260413117,right,-0.0002713203430175781,-0.32114722880003915,0.7215217648651451,-9.277259045904874,-0.161999401259791,-0.00849398598074913,0.00430963933467865,3.0955212525352835,0.003581494092941284
1746575865617209300,22.911209228515624,0.07761691074871913,0.006263939198106527,0.027342446202994364,-0.007887745276093483,0.060913332224195094,0.9845295109710684,0.13616110260413117,right,-0.001257181167602539,-0.32114722880003915,0.7215217648651451,-9.277259045904874,-0.161999401259791,-0.006770105566829443,0.0032343044877052307,3.0955212525352835,0.0033561289310455322
1746575865657209300,22.951209228515626,0.0771891427920223,0.010809537023305893,0.0270724354970784,-0.012108895927667618,0.0611149671702064,0.9844621845024818,0.13653928614744315,right,-0.0006254315376281738,-0.32193156879263657,0.7173657411642372,-9.275143661186098,-0.16237726202967764,-0.007345078978687525,0.0022961199283599854,3.1028187160670755,0.0015230774879455566
1746575865697209300,22.991209228515626,0.07705620644767695,0.023742076009511948,0.026925504986903253,-0.005985391791909933,0.0615426139497755,0.9844130901206469,0.1374016147709176,right,-0.0003095269203186035,-0.32224246715960614,0.7160584579579532,-9.274276815223693,-0.16253772541699768,-0.005320425145328045,0.0007906407117843628,3.1057109303772448,0.0024590790271759033
1746575865737209300,23.031209228515625,0.0770409784999548,0.021757470443844795,0.02683194356300707,0.0009041926823556423,0.06203233411340178,0.9843720263368487,0.13840058732603483,right,0.003020048141479492,-0.32237366198767664,0.7158858778700232,-9.273881093904375,-0.16261521252320718,-0.0017705562058836222,0.002997756004333496,3.1069311198219656,0.004640787839889526
1746575865777209300,23.071209228515624,0.07749911074759303,0.008523140102624893,0.027010334097190978,0.005909627769142389,0.06233205274293134,0.9843612943504456,0.13907488223291622,right,-0.0013276338577270508,-0.3221665948676345,0.7201842326510697,-9.274193228593468,-0.16253668762645157,0.007494262419641018,0.00260259211063385,3.105005120195448,0.005967944860458374
1746575865817209600,23.111209716796875,0.07749911074759303,-0.006011745892465115,0.027010334097190978,0.009157845750451088,0.06233205274293134,0.9843612943504456,0.13907488223291622,right,-0.0009876489639282227,-0.3221665948676345,0.7201842326510697,-9.274193228593468,-0.16253668762645157,0.015280334278941154,0.003496028482913971,3.105005120195448,0.0023692548274993896
1746575865857209300,23.151209228515626,0.07791416899244091,-0.013158920221030712,0.027299848348586224,0.013656310737133026,0.062014168818943755,0.9844478151550624,0.1384509818444111,right,0.0002675056457519531,-0.3212391062327785,0.7242573273088783,-9.27676103325486,-0.16208501468713402,0.013559851795434952,0.0034253746271133423,3.0963761157989502,0.0005724132061004639
1746575865897209300,23.191209228515625,0.0783543388441568,-0.009276388213038445,0.027558551549562306,0.013388150371611118,0.061766363659055704,0.9844689176102634,0.1380113242935909,right,0.00012111663818359375,-0.32106650706894235,0.7283824444148689,-9.276973799222707,-0.1620077206784672,0.004502099007368088,0.004188008606433868,3.094770141907036,0.0001818239688873291
1746575865937209300,23.231209228515624,0.07879454932564786,-0.005393856205046177,0.027817251429381122,0.013119990937411785,0.0615185013916303,0.9844898996399732,0.1375715124701133,right,-0.000025451183319091797,-0.320894109968349,0.7325082191079855,-9.277184227102994,-0.16193041034418523,-0.004555653780698776,0.004950575530529022,3.0931656293198464,-0.00020891427993774414
1746575865977209300,23.271209228515627,0.07879454932564786,-0.0027837029192596674,0.027817251429381122,0.006154784467071295,0.0615185013916303,0.9844898996399732,0.1375715124701133,right,-0.0008848905563354492,-0.320894109968349,0.7325082191079855,-9.277184227102994,-0.16193041034418523,-0.00783712137490511,0.005136564373970032,3.0931656293198464,0.0006912052631378174
1746575866017209300,23.311209228515626,0.07930279588926688,-0.003520520869642496,0.02806959699538571,0.003332054940983653,0.061335995938879936,0.9844506231715757,0.13731040426456492,right,-0.0013706684112548828,-0.32140710176192355,0.7370973735291511,-9.275227247816323,-0.16219466240965513,-0.010429257526993752,0.0051544830203056335,3.097939127331972,0.001864016056060791
1746575866057209300,23.351209228515625,0.07944706572821103,-0.003147383453324437,0.028134182132615027,-0.0005742481444031,0.06120289878950499,0.9844046143193267,0.13709649827038023,right,-0.00031578540802001953,-0.3220505337995261,0.7382771578982472,-9.273132321363686,-0.16251250734839412,-0.0143655464053154,0.0037646740674972534,3.1039255082651973,0.0008195340633392334
1746575866097209300,23.391209228515624,0.07947661751329384,-0.001622445066459477,0.028133645564147443,-0.0009768973104655743,0.06114052011765953,0.9843591732802575,0.13700560377538945,right,-0.00016927719116210938,-0.3226588397334622,0.738401149604097,-9.271226195481418,-0.16281126378047406,-0.012968746945261955,0.004226304590702057,3.109583680157363,0.0017483532428741455
1746575866137209300,23.431209228515623,0.07947646236649704,0.00028971675783395767,0.028114578854695104,0.0015342696569859982,0.06111559209089499,0.9843155024853143,0.13698357729483912,right,0.0004373788833618164,-0.32322156896201476,0.7382607182200998,-9.269480813118815,-0.16308766232900937,-0.010371229611337185,0.0036966726183891296,3.114816904635727,0.002314358949661255
1746575866177209300,23.471209228515626,0.07947646236649704,0.002605208195745945,0.028114578854695104,0.00263621611520648,0.06111559209089499,0.9843155024853143,0.13698357729483912,right,0.000464022159576416,-0.32322156896201476,0.7382607182200998,-9.269480813118815,-0.16308766232900937,-0.008052125573158264,0.003199540078639984,3.114816904635727,0.0028702616691589355
1746575866217209300,23.511209228515625,0.07947646236649704,0.004920699633657932,0.028114578854695104,0.003738162573426962,0.06111559209089499,0.9843155024853143,0.13698357729483912,right,0.0004906654357910156,-0.32322156896201476,0.7382607182200998,-9.269480813118815,-0.16308766232900937,-0.005733020603656769,0.0027024075388908386,3.114816904635727,0.0034261345863342285
1746575866257209300,23.551209228515624,0.07982336460691186,-0.002911308780312538,0.028259318559279774,0.0032718966249376535,0.06111420035931148,0.9842667182102014,0.13706497340999246,right,0.0001958608627319336,-0.3237450413325979,0.7413461170148103,-9.267597483590245,-0.16335682066491533,-0.00561707466840744,0.0034201443195343018,3.1196839261502025,0.004111289978027344
1746575866297209300,23.591209228515623,0.08017041865776199,-0.010743317194283009,0.02840406745103606,0.002805630676448345,0.061112818807152164,0.9842180176118906,0.1371466399756485,right,-0.00009930133819580078,-0.32426860256535917,0.744431515809521,-9.265710062408447,-0.1636259907328499,-0.005501128733158112,0.004137896001338959,3.124551239925623,0.004796415567398071
1746575866337209300,23.631209228515626,0.08017041865776199,-0.01377947349101305,0.02840406745103606,0.0017189444042742252,0.061112818807152164,0.9842180176118906,0.1371466399756485,right,-0.0011516809463500977,-0.32426860256535917,0.744431515809521,-9.265710062408447,-0.1636259907328499,-0.0024473394732922316,0.0028752759099006653,3.124551239925623,0.003309011459350586
1746575866377209300,23.671209228515625,0.08012998832270249,-0.00865835789591074,0.028434358171300474,-0.0005358264315873384,0.06075152885418683,0.9842206579258578,0.13641878195838988,right,0.00010585784912109375,-0.32452271320215237,0.7439933435879648,-9.264948430386186,-0.16373935417328642,0.001637681620195508,0.003825657069683075,3.1269132928818464,0.0010942518711090088
1746575866417209300,23.711209228515624,0.08053370964226922,-0.006299812346696854,0.02865176571434653,0.014913658611476421,0.06056339641534239,0.9842105125641124,0.13611252029175333,right,-0.0019435882568359375,-0.324695189648628,0.74769029840976,-9.264109641474485,-0.16383203067346794,-0.006455337628722191,0.004285462200641632,3.1285163441643116,0.002823442220687866
1746575866457209300,23.751209228515624,0.08053370964226922,-0.011669108644127846,0.02865176571434653,0.0028192130848765373,0.06056339641534239,0.9842105125641124,0.13611252029175333,right,0.0006682276725769043,-0.324695189648628,0.74769029840976,-9.264109641474485,-0.16383203067346794,-0.005835880991071463,0.004924118518829346,3.1285163441643116,0.004333823919296265
1746575866497209300,23.791209228515626,0.080428474331996,-0.0006559155881404877,0.028619634143800986,-0.0023994925431907177,0.060386808620264,0.9842013828566486,0.13575020165870486,right,0.000486910343170166,-0.3249684344131396,0.7466467076409607,-9.26333573449254,-0.16395799422142507,-0.0035559763200581074,0.004182532429695129,3.131055799514055,0.0027213990688323975
1746575866537209300,23.831209228515625,0.080428474331996,0.01035727933049202,0.028619634143800986,-0.007618199102580547,0.060386808620264,0.9842013828566486,0.13575020165870486,right,0.0003845095634460449,-0.3249684344131396,0.7466467076409607,-9.26333573449254,-0.16395799422142507,-0.0012760716490447521,0.00333452969789505,3.131055799514055,0.0013679563999176025
1746575866577209600,23.871209716796876,0.080428474331996,0.014749687165021896,0.028619634143800986,-0.009788409806787968,0.060386808620264,0.9842013828566486,0.13575020165870486,right,-0.00013113021850585938,-0.3249684344131396,0.7466467076409607,-9.26333573449254,-0.16395799422142507,0.0011330563575029373,0.002207912504673004,3.131055799514055,0.002985656261444092
1746575866617209300,23.911209228515624,0.0801720716068033,0.0008349064737558365,0.028444592617418163,-0.008674957789480686,0.06064985467862547,0.9841732889546155,0.13625271540522416,right,0.001605689525604248,-0.32517690462273885,0.7442192612983286,-9.262876300287246,-0.16405990138903145,-0.0012924252077937126,0.003136575222015381,3.1329931973174214,0.007117420434951782
1746575866657209300,23.951209228515626,0.0801720716068033,-0.008083407767117023,0.028444592617418163,-0.010744859464466572,0.06064985467862547,0.9841732889546155,0.13625271540522416,right,0.001106560230255127,-0.32517690462273885,0.7442192612983286,-9.262876300287246,-0.16405990138903145,0.0021407504100352526,0.0026351287961006165,3.1329931973174214,0.0030513405799865723
1746575866697209300,23.991209228515626,0.0801720716068033,-0.006662292871624231,0.028444592617418163,0.00650967750698328,0.06064985467862547,0.9841732889546155,0.13625271540522416,right,-0.000015437602996826172,-0.32517690462273885,0.7442192612983286,-9.262876300287246,-0.16405990138903145,0.004975862335413694,0.002445690333843231,3.1329931973174214,0.0014663338661193848
1746575866737209300,24.031209228515625,0.0801720716068033,0.002283806446939707,0.028444592617418163,0.003284976352006197,0.06064985467862547,0.9841732889546155,0.13625271540522416,right,-0.0010932683944702148,-0.32517690462273885,0.7442192612983286,-9.262876300287246,-0.16405990138903145,0.002078405814245343,0.0018895715475082397,3.1329931973174214,-0.0013223886489868164
1746575866777209300,24.071209228515624,0.08061217920279529,0.005898751318454742,0.028660475219115314,0.006606653332710266,0.06069955650311791,0.9841885138899901,0.13641001279201398,right,-0.0014497637748718262,-0.3248454030680306,0.7483794497177004,-9.263582402729988,-0.16391251770538864,0.0029688552021980286,0.0026855096220970154,3.129912474697828,-0.0008577406406402588
1746575866817209600,24.111209716796875,0.08061217920279529,0.009513696655631065,0.028660475219115314,0.009928330779075623,0.06069955650311791,0.9841885138899901,0.13641001279201398,right,-0.0018782615661621094,-0.3248454030680306,0.7483794497177004,-9.263582402729988,-0.16391251770538864,0.0038593043573200703,0.003905676305294037,3.129912474697828,-0.0007072091102600098
1746575866857209300,24.151209228515626,0.08141521323704817,0.002311417832970619,0.02904283588707648,0.011118175461888313,0.06083096676292321,0.9842039037601114,0.13678555746429916,right,0.00010597705841064453,-0.3243591793361221,0.755941847795993,-9.2644942568779,-0.1637032999496828,-0.0014469465240836143,0.004727572202682495,3.125393243707716,0.002347022294998169
1746575866897209300,24.191209228515625,0.0820338712445614,-0.011239780113101006,0.029352908356797585,0.014060725457966328,0.06069889035699302,0.9841844340911404,0.13663009774632953,right,0.000321805477142334,-0.3245511460194209,0.7616240581508725,-9.263426919907332,-0.16381420172265007,-0.010124428197741508,0.005079880356788635,3.1271774967759844,0.0029190480709075928
1746575866937209300,24.231209228515624,0.08226742067507188,-0.016230350360274315,0.02950740219020929,0.007178769446909428,0.06034549324709841,0.9841699378927427,0.13597127409270288,right,-0.0007564425468444824,-0.3249422874033433,0.7636869089648127,-9.2620287435472,-0.1640038772732342,-0.007727494463324547,0.004212796688079834,3.13081293066889,0.0013370513916015625
1746575866977209300,24.271209228515627,0.08229716767551465,-0.004651075229048729,0.02954635292921073,0.0008038436062633991,0.060104084881879016,0.9841535788213995,0.1355054379728473,right,-0.0005680322647094727,-0.3253206745847932,0.7638650420106947,-9.260824628454447,-0.16418391239974608,-0.007454663515090942,0.004107914865016937,3.1343291220963,-0.0015462636947631836
1746575867017209300,24.311209228515626,0.08229716767551465,0.015715956687927246,0.02954635292921073,-0.0026753537822514772,0.060104084881879016,0.9841535788213995,0.1355054379728473,right,-0.0007734894752502441,-0.3253206745847932,0.7638650420106947,-9.260824628454447,-0.16418391239974608,-0.005499021150171757,0.0026761144399642944,3.1343291220963,-0.00034815073013305664
1746575867057209300,24.351209228515625,0.08232071046806325,0.023901093751192093,0.029453240963798064,-0.00721602700650692,0.060643729698731406,0.9840918786713061,0.13662425448501858,right,-0.00032454729080200195,-0.3256680902365946,0.7639934906959533,-9.259721051126718,-0.16437191817463984,-0.006254532840102911,0.0038566067814826965,3.137557144232094,0.0013496875762939453
1746575867097209300,24.391209228515624,0.0822549362383887,0.014629456214606762,0.029340921640500485,-0.00482831709086895,0.061070799378898026,0.9840481616916091,0.13749325817870905,right,0.0002498030662536621,-0.3258975575465258,0.7633252360455691,-9.259053527128696,-0.1644954931404675,-0.005220303777605295,0.004021823406219482,3.1396891878247257,0.0034086108207702637
1746575867137209300,24.431209228515623,0.08218935970436872,0.005357818678021431,0.029228598219744686,-0.0024406076408922672,0.06149783852079234,0.9840041936815059,0.13836226891044304,right,0.0008240938186645508,-0.3261270262655163,0.7626588810913264,-9.258385418608784,-0.16461901453586492,-0.004186074249446392,0.004186846315860748,3.1418209391564127,0.005467534065246582
1746575867177209300,24.471209228515626,0.08218935970436872,-0.007414260879158974,0.029228598219744686,0.0008622452151030302,0.06149783852079234,0.9840041936815059,0.13836226891044304,right,0.0012683272361755371,-0.3261270262655163,0.7626588810913264,-9.258385418608784,-0.16461901453586492,-0.0021693133749067783,0.0036074891686439514,3.1418209391564127,0.004163026809692383
1746575867217209300,24.511209228515625,0.08218935970436872,-0.009924405254423618,0.029228598219744686,0.00553619209676981,0.06149783852079234,0.9840041936815059,0.13836226891044304,right,0.0005445480346679688,-0.3261270262655163,0.7626588810913264,-9.258385418608784,-0.16461901453586492,-0.0023670291993767023,0.0035422518849372864,3.1418209391564127,0.002901047468185425
1746575867257209300,24.551209228515624,0.08224073508303761,-0.0044719381257891655,0.029283985226982105,0.0013689957559108734,0.06125616138060212,0.9839995855976332,0.1378917868769314,right,-0.0007788538932800293,-0.3263580273621763,0.7630749145463108,-9.257622617542744,-0.16472724197843797,0.0005573267117142677,0.003720588982105255,3.143966719013452,0.003268897533416748
1746575867297209300,24.591209228515623,0.08224073508303761,-0.003325446043163538,0.029283985226982105,-0.004820650909096003,0.06125616138060212,0.9839995855976332,0.1378917868769314,right,-0.0017371773719787598,-0.3263580273621763,0.7630749145463108,-9.257622617542744,-0.16472724197843797,0.001645417301915586,0.001822046935558319,3.143966719013452,0.0007520914077758789
1746575867337209300,24.631209228515626,0.08224073508303761,0.007054938469082117,0.029283985226982105,-0.0013035640586167574,0.06125616138060212,0.9839995855976332,0.1378917868769314,right,0.0011535882949829102,-0.3263580273621763,0.7630749145463108,-9.257622617542744,-0.16472724197843797,0.007352493237704039,0.003326527774333954,3.143966719013452,0.0012955665588378906
1746575867377209300,24.671209228515625,0.0827996511517547,0.002406300976872444,0.029561131922042565,0.008211038075387478,0.061327143541217946,0.984026402574364,0.1381021094739325,right,-0.004028499126434326,-0.325836480413699,0.7683844921965152,-9.258827317157387,-0.16449109700739334,-0.00039105257019400597,0.0042536333203315735,3.1391216170698404,0.005334615707397461
1746575867417209300,24.711209228515624,0.08266984639423046,-0.0017558597028255463,0.029532408243346287,0.006302742753177881,0.06114996524419084,0.9840473197497009,0.13771556879948205,right,-0.001738131046295166,-0.3257465121350747,0.7672060230016708,-9.259208425429463,-0.1644371843539768,0.002083567203953862,0.003675028681755066,3.1382857507675883,0.002715170383453369
1746575867457209300,24.751209228515624,0.08266984639423046,-0.005918020848184824,0.029532408243346287,0.004394446965306997,0.06114996524419084,0.9840473197497009,0.13771556879948205,right,0.0005134344100952148,-0.3257465121350747,0.7672060230016708,-9.259208425429463,-0.1644371843539768,0.00455818697810173,0.002976246178150177,3.1382857507675883,0.00001049041748046875
1746575867497209300,24.791209228515626,0.08266984639423046,0.006076369900256395,0.029532408243346287,-0.00588366249576211,0.06114996524419084,0.9840473197497009,0.13771556879948205,right,-0.0002551078796386719,-0.3257465121350747,0.7672060230016708,-9.259208425429463,-0.1644371843539768,0.0053894175216555595,0.0025509074330329895,3.1382857507675883,0.00031563639640808105
1746575867537209300,24.831209228515625,0.082277539221871,0.012157886289060116,0.02933965914138114,-0.009690283797681332,0.061293996085034934,0.9840830399507546,0.13791884212895728,right,-0.0017028450965881348,-0.32529098563882414,0.7636909275528043,-9.260932765004037,-0.164204239821076,0.004741436801850796,0.004376500844955444,3.134053227764368,0.003201305866241455
1746575867577209600,24.871209716796876,0.08177955746692005,0.008412432856857777,0.029077007856071046,-0.01563381403684616,0.061516111344150394,0.9841034443622068,0.1382713370389257,right,0.0009135603904724121,-0.3249880882193048,0.7591564989935606,-9.262257291606067,-0.16404520702680322,0.007835287600755692,0.002998754382133484,3.131238462604582,0.0035119056701660156
1746575867617209300,24.911209228515624,0.0811057735750394,0.002309851348400116,0.028753244116888236,-0.015419742092490196,0.06164856392090287,0.9841483428136316,0.13840246138010504,right,0.0039473772048950195,-0.32449215294394523,0.7530413040488958,-9.264313055092096,-0.16378256278111678,0.01557247806340456,0.003910481929779053,3.1266292152434585,0.0026351213455200195
1746575867657209300,24.951209228515626,0.08093673353326655,0.005228735040873289,0.0286808067752156,-0.003907923586666584,0.061779320033929774,0.9842019816171319,0.13860248012275495,right,-0.0002079010009765625,-0.32376689445457363,0.7516583983231335,-9.266698488923907,-0.16342364550900876,0.017988432198762894,0.0021869540214538574,3.1198873397678133,0.001664876937866211
1746575867697209300,24.991209228515626,0.08103447797555274,0.0014208690263330936,0.028755147655292256,0.0010396125726401806,0.061822018126635576,0.9842643373227927,0.13866233507613385,right,-0.00010162591934204102,-0.322934726423018,0.7527740314148366,-9.269209594962,-0.16301837758973958,0.021013785153627396,0.0028995275497436523,3.1121494389921427,0.0012417435646057129
1746575867737209300,25.031209228515625,0.08113215237335336,-0.0023869965225458145,0.0288294760270401,0.005987148731946945,0.061864779537295286,0.9843265154954248,0.13872223968591182,right,0.000003933906555175781,-0.32210254880799416,0.7538890799846499,-9.271713686737417,-0.16261308161282778,0.024039138108491898,0.003612145781517029,3.1044092001289125,0.0008188486099243164
1746575867777209300,25.071209228515624,0.08124799274478817,-0.010868281126022339,0.028946013041575562,0.009041566401720047,0.061728426691090264,0.9844069592417287,0.13841620828657675,right,0.000490725040435791,-0.3211749614368618,0.7551964362561703,-9.274492503800987,-0.1621561280759762,0.023391664028167725,0.0034923329949378967,3.09577931894958,0.0019916892051696777
1746575867817209600,25.111209716796875,0.08145791693804301,-0.014246264472603798,0.029129763216222928,0.0118229566141963,0.06143766250283203,0.984489204359633,0.13781577768835482,right,0.0001035928726196289,-0.32032165573148375,0.7573580712694674,-9.276963277828694,-0.1617342267761937,0.01976039819419384,0.004416570067405701,3.087838004556298,0.001276254653930664
1746575867857209300,25.151209228515626,0.08167133542006169,-0.01132652536034584,0.02931562183662172,0.00948756281286478,0.061133737756250035,0.9845690170121887,0.1371909859667881,right,0.00007390975952148438,-0.3195043725239009,0.7595435255497693,-9.279313640347123,-0.16132967645268675,0.02305719442665577,0.004129961133003235,3.0802298676401376,0.0008310973644256592
1746575867897209300,25.191209228515625,0.08181961250231921,-0.004670018330216408,0.029467404209677573,0.004172903019934893,0.060921324097488655,0.9846677996059802,0.13672577884866446,right,-0.0009347796440124512,-0.31838718501966395,0.7612002067156136,-9.282624956852198,-0.16077787744654215,0.030772965401411057,0.004208527505397797,3.0698265470474957,0.0016975104808807373
1746575867937209300,25.231209228515624,0.0816781703502679,0.0011051609180867672,0.029467073058422822,-0.0068747675977647305,0.06083330132684,0.9847783679387423,0.13645688157779962,right,-0.001974046230316162,-0.31709309184722645,0.7602107572868466,-9.28668387685418,-0.16013301276862923,0.03159700706601143,0.003469228744506836,3.0577710753336547,-0.0001773238182067871
1746575867977209300,25.271209228515627,0.0813964592212236,0.007368448656052351,0.02934577307412861,-0.007271301932632923,0.061065616513818276,0.9848683082887194,0.1368180916207282,right,-0.0010423660278320312,-0.3158382136788954,0.7579059144105762,-9.290714739805459,-0.15951237623926814,0.02703709527850151,0.0027727261185646057,3.0460759613648056,0.00040835142135620117
1746575868017209300,25.311209228515626,0.08111440136567016,0.013631736859679222,0.029224459805205015,-0.007667836267501116,0.06129792773178892,0.9849578670033744,0.1371795869463863,right,-0.00011217594146728516,-0.31458347275566917,0.7555944956630468,-9.294730405187606,-0.1588916744074485,0.022477183490991592,0.0020769014954566956,3.0343773402646184,0.000994354486465454
1746575868057209300,25.351209228515625,0.08093697145579878,0.008938409388065338,0.029128492053122537,-0.008030754514038563,0.061580152350409145,0.9850095954033795,0.13768078142063686,right,0.0005524158477783203,-0.31374164890393963,0.7541515303131192,-9.297407515442371,-0.15847930111669378,0.011600572615861893,0.0023652538657188416,3.026526042242348,0.0018488168716430664
1746575868097209300,25.391209228515624,0.08093697145579878,0.003957937937229872,0.029128492053122537,-0.0035682697780430317,0.061580152350409145,0.9850095954033795,0.13768078142063686,right,-0.00024902820587158203,-0.31374164890393963,0.7541515303131192,-9.297407515442371,-0.15847930111669378,0.004399972502142191,0.0024357661604881287,3.026526042242348,0.0008759200572967529
1746575868137209300,25.431209228515623,0.08093697145579878,-0.00010020006448030472,0.029128492053122537,-0.001182167325168848,0.061580152350409145,0.9850095954033795,0.13768078142063686,right,0.00022095441818237305,-0.31374164890393963,0.7541515303131192,-9.297407515442371,-0.15847930111669378,-0.006977227050811052,0.0034970715641975403,3.026526042242348,0.002013087272644043
1746575868177209300,25.471209228515626,0.08093697145579878,-0.0046628257259726524,0.029128492053122537,0.00037600111681967974,0.061580152350409145,0.9850095954033795,0.13768078142063686,right,-0.0004577040672302246,-0.31374164890393963,0.7541515303131192,-9.297407515442371,-0.15847930111669378,-0.014404388144612312,0.004345469176769257,3.026526042242348,0.0030394792556762695
1746575868217209300,25.511209228515625,0.08093697145579878,-0.007133133709430695,0.029128492053122537,-0.0068785520270466805,0.061580152350409145,0.9850095954033795,0.13768078142063686,right,-0.00273895263671875,-0.31374164890393963,0.7541515303131192,-9.297407515442371,-0.15847930111669378,-0.014505216851830482,0.0009523481130599976,3.026526042242348,0.0034957826137542725
1746575868358238700,25.65223876953125,0.08077166779307947,-0.013357782736420631,0.028994101275012667,-0.0028821658343076706,0.060932229347890415,0.9847469725202719,0.13653840221641184,right,0.0019486185628920794,-0.3176385132169349,0.7516573754098266,-9.285705387210845,-0.1603749176024128,-0.030511781573295593,0.004991008434444666,3.062852616381645,0.0016625188291072845
1746575868398238700,25.69223876953125,0.0807534962220617,0.0050948988646268845,0.02894912506403186,-0.0033283617813140154,0.06087905573305754,0.9846637707837513,0.1364837846436898,right,-0.00046575069427490234,-0.3187357805344121,0.7512170842964202,-9.282363675567508,-0.1609133329892246,-0.023052746430039406,0.0027444884181022644,3.073072981622815,0.0009161233901977539
1746575868438238700,25.73223876953125,0.08068571663666042,0.02101149596273899,0.02881784766130687,-0.010954925790429115,0.06124823853293244,0.9845679099825656,0.13727061541240856,right,-0.0018272995948791504,-0.3196703078521788,0.7503560835529118,-9.279548033624886,-0.16138230266034317,-0.024046888574957848,0.002097576856613159,3.081774758994579,0.0021566450595855713
1746575868478238500,25.772238525390627,0.08058224181284576,0.021761368960142136,0.028642862833514457,-0.013599531725049019,0.06181984420072698,0.9844733232172737,0.1384541766563684,right,0.00006073713302612305,-0.32043507758126166,0.7492059636697173,-9.277273658952117,-0.16177224359671863,-0.018876813352108,0.0026690512895584106,3.088893651089072,0.004526972770690918
1746575868518238500,25.812238525390626,0.08014873946129705,0.005248779430985451,0.028350954747675957,-0.004765448160469532,0.06215215784273333,0.9844038557183192,0.13909467002711776,right,0.0005893707275390625,-0.32114823700037615,0.7450076351970434,-9.27539968177378,-0.16211864897253891,-0.014221731573343277,0.0034689009189605713,3.0955306048855182,0.005522787570953369
1746575868558238700,25.85223876953125,0.07969321101649038,-0.009937234222888947,0.028118752939333278,-0.002381750615313649,0.06212733441121024,0.9843791931906026,0.1389915476592473,right,0.003462553024291992,-0.3215850558925599,0.7406746474940329,-9.274389043426513,-0.1623178570640912,-0.007178296335041523,0.0038479045033454895,3.099595077845454,0.002741992473602295
1746575868598238700,25.89223876953125,0.07969241244673891,-0.005769536830484867,0.02812572698546515,0.0008446644060313702,0.06197212902809614,0.9843538758532345,0.13869854537972515,right,0.003203868865966797,-0.32202440194233706,0.7405587660294025,-9.27303119907677,-0.1625297461419575,-0.01273931935429573,0.0032305046916007996,3.1036823471590873,0.002896249294281006
1746575868638238700,25.93223876953125,0.07969241244673891,-0.0016018394380807877,0.02812572698546515,0.004071079194545746,0.06197212902809614,0.9843538758532345,0.13869854537972515,right,0.0030837059020996094,-0.32202440194233706,0.7405587660294025,-9.27303119907677,-0.1625297461419575,-0.018300343304872513,0.0026012733578681946,3.1036823471590873,0.0034672915935516357
1746575868678238700,25.97223876953125,0.07985996163523308,-0.007443524897098541,0.02818820515439393,0.00583342369645834,0.0617053491325769,0.9842476211846113,0.1382605402484768,right,0.00022667646408081055,-0.323516047279561,0.7417422767255455,-9.268281958723067,-0.1632622142466563,-0.026133567094802856,0.002629399299621582,3.117555097427964,0.0016120076179504395
1746575868718238700,26.01223876953125,0.08015171368198154,-0.012151077389717102,0.02832817059622266,0.010772226378321648,0.061370281215045654,0.9841551933544906,0.13769670311890245,right,-0.00027364492416381836,-0.3248524719802636,0.7441120015315711,-9.263903889769315,-0.1639202816374395,-0.024434011429548264,0.0035980045795440674,3.129978233410418,0.0015690624713897705
1746575868758238500,26.052238525390624,0.08044276834686793,-0.016858629882335663,0.02846810692393548,0.01571102812886238,0.06103517879023441,0.9840621328586415,0.1371330090458602,right,-0.0007758140563964844,-0.3261889977500503,0.7464714972045272,-9.259508869680761,-0.16457823934250615,-0.02273445576429367,0.004567675292491913,3.142396693217754,0.0015266239643096924
1746575868798238700,26.09223876953125,0.08085860497603034,-0.006973580457270145,0.028685399277740813,0.007672428153455257,0.0607261508392884,0.984007508782104,0.1366162651498146,right,-0.0014571547508239746,-0.32699705473200535,0.7501165026433766,-9.256664001643657,-0.16498073596886476,-0.012124129571020603,0.0046855732798576355,3.1499022465422746,0.0008409619331359863
1746575868838238700,26.13223876953125,0.08126038416108072,0.006627410650253296,0.028859259866640705,0.0030965497717261314,0.06071980303145567,0.98396195979187,0.1366950566397491,right,-0.003496825695037842,-0.32746550217348647,0.7537156961791217,-9.254889977708459,-0.16522432693588532,-0.008248955942690372,0.005025811493396759,3.1542522584453225,-0.001217961311340332
1746575868878238700,26.17223876953125,0.08134409606431715,0.022951271384954453,0.02883740292742152,-0.0065340036526322365,0.06103620537851462,0.9839236387419006,0.13736323412386928,right,-0.0018440485000610352,-0.32767660311414487,0.754436338603869,-9.254162832477688,-0.16534025731364324,-0.002255386207252741,0.0034181997179985046,3.1562124526023863,-0.001768946647644043
1746575868918238700,26.21223876953125,0.08110533993216229,0.015469292178750038,0.02865613097213502,-0.00949283130466938,0.061436431240833936,0.9839035669929466,0.13813648972133943,right,-0.0006328821182250977,-0.3276736229050303,0.7522275765132158,-9.254352217569947,-0.1653426077673506,-0.006697606761008501,0.003879748284816742,3.156184687812626,0.0005595684051513672
1746575868958238700,26.25223876953125,0.08086658908385967,0.007987311109900475,0.028474861561705398,-0.012451659888029099,0.061836599995615936,0.9838833748185016,0.13890966403436894,right,0.0005782246589660645,-0.3276708665702179,0.7500188144225627,-9.254540433618425,-0.16534493730185673,-0.011139827780425549,0.004341281950473785,3.1561589688494798,0.0028878450393676758
1746575868998238500,26.292238525390626,0.08086658908385967,0.0032553537748754025,0.028474861561705398,-0.012763584963977337,0.061836599995615936,0.9838833748185016,0.13890966403436894,right,-0.00019866228103637695,-0.3276708665702179,0.7500188144225627,-9.254540433618425,-0.16534493730185673,-0.007730967830866575,0.0010081678628921509,3.1561589688494798,0.002329498529434204
1746575869038238500,26.332238525390625,0.08014165481457294,0.005310022737830877,0.028058559734748703,-0.008820680901408195,0.06209041307693949,0.9838285944108506,0.1393372112498885,right,0.0023978352546691895,-0.3283184524866178,0.7431458599131554,-9.253042304015159,-0.16564678687029163,-0.004528472200036049,0.0013705343008041382,3.1621710687458515,0.0033584535121917725
1746575869078238700,26.37223876953125,0.08014165481457294,0.000241932924836874,0.028058559734748703,0.0007269149646162987,0.06209041307693949,0.9838285944108506,0.1393372112498885,right,0.003400564193725586,-0.3283184524866178,0.7431458599131554,-9.253042304015159,-0.16564678687029163,-0.010612677782773972,0.0032515376806259155,3.1621710687458515,0.007244765758514404
1746575869118238700,26.41223876953125,0.08015389147147191,-0.00643638800829649,0.028039386426051107,0.005555686540901661,0.06204439224004501,0.9837671948715616,0.1392861588173916,right,0.00024950504302978516,-0.32910162266798376,0.7430605927824974,-9.250561593115329,-0.16603133842547615,-0.005111010745167732,0.0013357773423194885,3.1694401829659937,0.005550593137741089
1746575869158238700,26.45223876953125,0.08015389147147191,0.0007863906212151051,0.028039386426051107,0.001220939215272665,0.06204439224004501,0.9837671948715616,0.1392861588173916,right,-0.0001506209373474121,-0.32910162266798376,0.7430605927824974,-9.250561593115329,-0.16603133842547615,0.012101298198103905,0.004449151456356049,3.1694401829659937,0.0020723938941955566
1746575869198238700,26.49223876953125,0.08015132583695957,0.007903807796537876,0.02806836671431422,-0.005573073867708445,0.06205216810921778,0.9838283218972901,0.1392626368996022,right,0.0008878111839294434,-0.3283484610412936,0.7432277660429477,-9.252940597206354,-0.16566079678552514,0.013653868809342384,0.002534911036491394,3.1624498856872316,0.002291768789291382
1746575869238238500,26.532238525390625,0.08012977081463438,0.004365857690572739,0.028060447512043025,0.006408453453332186,0.06219797619434859,0.9838720202068378,0.1395222276682677,right,0.0058327317237854,-0.3277055333534838,0.7431909411638975,-9.254981163123249,-0.16534778616123905,0.01522451639175415,0.006059236824512482,3.1564810404106973,0.0034695565700531006
1746575869278238500,26.572238525390624,0.080693238477212,-0.00896400399506092,0.028354672672133936,0.004069399554282427,0.06212368898418219,0.9838899310067899,0.1394505933395467,right,-0.004379451274871826,-0.3274101225953488,0.7484807912003248,-9.255490281689166,-0.16521909320258488,0.003485996276140213,0.004366837441921234,3.153738171443343,0.00651860237121582
1746575869318238700,26.61223876953125,0.0805643195526081,-0.003155102953314781,0.0283411796269518,0.000812167301774025,0.06184451795831332,0.9839125140038162,0.13885990369214402,right,-0.0026967525482177734,-0.3273798571991391,0.7472953077428043,-9.255681420347093,-0.16519184452500799,0.0023959288373589516,0.0031620338559150696,3.1534570164144036,0.0032396316528320312
1746575869358238700,26.65223876953125,0.0805643195526081,0.0026537980884313583,0.0283411796269518,-0.002445064950734377,0.06184451795831332,0.9839125140038162,0.13885990369214402,right,-0.0010335445404052734,-0.3273798571991391,0.7472953077428043,-9.255681420347093,-0.16519184452500799,0.001305861514993012,0.001836337149143219,3.1534570164144036,-0.00006797909736633301
1746575869398238700,26.69223876953125,0.0805643195526081,0.026413774117827415,0.0283411796269518,-0.010805472731590271,0.06184451795831332,0.9839125140038162,0.13885990369214402,right,-0.0019538402557373047,-0.3273798571991391,0.7472953077428043,-9.255681420347093,-0.16519184452500799,-0.006317023653537035,0.0032766535878181458,3.1534570164144036,0.0012338459491729736
1746575869438238700,26.73223876953125,0.0801626635152379,0.019640304148197174,0.028035948764697075,-0.017127078026533127,0.06247558103437997,0.9838662286500763,0.14008415873802413,right,-0.0007863044738769531,-0.3275524869391682,0.7435339824479072,-9.255438259240984,-0.16528148037895318,-0.003472724463790655,0.0036940649151802063,3.155060067696869,0.004117995500564575
1746575869478238500,26.772238525390627,0.07961137633712718,0.007429975084960461,0.027706766707150852,-0.01649857684969902,0.06281668428734692,0.9838389986052609,0.14069513196043942,right,0.00020712614059448242,-0.3277503831869203,0.7383818603817373,-9.25522432422936,-0.165369980438304,-0.005742206238210201,0.0022078007459640503,3.156897512257099,0.002927243709564209
1746575869518238500,26.812238525390626,0.07929606640200754,0.0011204141192138195,0.027546254613680817,-0.009330425411462784,0.06276362259700108,0.9838122093678396,0.14055707437579032,right,-0.0007284879684448242,-0.32819486159949013,0.7353522834274917,-9.254057034015656,-0.16557660413411807,-0.008171876892447472,0.0019152835011482239,3.1610239445373414,0.0017413198947906494
1746575869558238700,26.85223876953125,0.07929606640200754,-0.005189146380871534,0.027546254613680817,-0.0021622725762426853,0.06276362259700108,0.9838122093678396,0.14055707437579032,right,-0.0015450716018676758,-0.32819486159949013,0.7353522834274917,-9.254057034015656,-0.16557660413411807,-0.010601548478007317,0.0013138428330421448,3.1610239445373414,0.00097617506980896
1746575869598238700,26.89223876953125,0.078672146475718,-0.008146700449287891,0.02724772010493012,-0.00042806752026081085,0.06258858940821563,0.9837771187903619,0.14013243123050034,right,0.0025840401649475098,-0.3289047829577132,0.7294018505904823,-9.252274242252112,-0.16590013075983895,-0.001361556351184845,0.004836879670619965,3.167613552060723,0.002335965633392334
1746575869638238700,26.93223876953125,0.078672146475718,-0.010134365409612656,0.02724772010493012,0.0072051179595291615,0.06258858940821563,0.9837771187903619,0.14013243123050034,right,0.0000960230827331543,-0.3289047829577132,0.7294018505904823,-9.252274242252112,-0.16590013075983895,-0.000008791452273726463,0.0034040510654449463,3.167613552060723,0.001969844102859497
1746575869678238700,26.97223876953125,0.07856899727060612,-0.0016561727970838547,0.02726153568066306,0.005691457074135542,0.062251436755427,0.9838127418684068,0.1394219989697325,right,-0.0007676482200622559,-0.3287549037715167,0.728484735745564,-9.252822523784637,-0.1658135686868928,0.008170967921614647,0.004558272659778595,3.166222389963269,0.0015317797660827637
1746575869718238700,27.01223876953125,0.07885434534957414,0.0041459910571575165,0.02741423416114006,0.010514387860894203,0.062231073313534245,0.9838338155341366,0.1394129561869774,right,0.0002626776695251465,-0.3284463598431446,0.7312018857497722,-9.253588247460126,-0.16567069448560584,0.005563439801335335,0.006153494119644165,3.1633585249647496,0.003490537405014038
1746575869758238500,27.052238525390624,0.07917510708404137,-0.010904097929596901,0.02759527640822214,0.003971201833337545,0.062134976482702005,0.9838563750163509,0.13925747778348863,right,-0.001435399055480957,-0.3281698334997728,0.734239207619056,-9.254224791797995,-0.16554262575163903,0.0072208307683467865,0.0038419142365455627,3.160791597086191,0.003457963466644287
1746575869798238700,27.09223876953125,0.07910522005956765,-0.005450249649584293,0.027600074330564692,0.0005037693772464991,0.06189474949056943,0.9838685735486884,0.13876010833245173,right,-0.0009579062461853027,-0.3282230232258873,0.7335791362751275,-9.254108471941947,-0.16555972542118413,-0.005181397311389446,0.004164561629295349,3.161285225822031,-0.0004068911075592041
1746575869838238700,27.13223876953125,0.07910522005956765,0.0000035981647670269012,0.027600074330564692,-0.00296366261318326,0.06189474949056943,0.9838685735486884,0.13876010833245173,right,-0.0004684925079345703,-0.3282230232258873,0.7335791362751275,-9.254108471941947,-0.16555972542118413,-0.01758362352848053,0.004419900476932526,3.161285225822031,-0.004221409559249878
1746575869878238700,27.17223876953125,0.07910522005956765,0.0202498622238636,0.027600074330564692,0.001871828455477953,0.06189474949056943,0.9838685735486884,0.13876010833245173,right,-0.00019085407257080078,-0.3282230232258873,0.7335791362751275,-9.254108471941947,-0.16555972542118413,-0.0159473679959774,0.004128657281398773,3.161285225822031,-0.002224951982498169
1746575869918238700,27.21223876953125,0.0795222197625565,0.02766389399766922,0.02764333501876654,-0.003601748961955309,0.06249128916707505,0.9837144000324102,0.14011107380077684,right,-0.0006163716316223145,-0.3295484233353675,0.7371045339222997,-9.249616421219706,-0.16624272247984448,-0.006692633964121342,0.0036645904183387756,3.1735864889904857,0.001172184944152832
1746575869958238700,27.25223876953125,0.07971271188970802,0.017864346504211426,0.02764463499104334,-0.003053804161027074,0.06301356824485534,0.9836746825992156,0.1412069086057026,right,-0.0005633234977722168,-0.3295826078588741,0.7388578803956508,-9.24936799941659,-0.16628063602441548,0.0038760341703891754,0.0071502625942230225,3.1739035921156407,0.0031027495861053467
1746575869998238500,27.292238525390626,0.0798360668945599,0.017825990915298462,0.027659429476356873,-0.009606501087546349,0.06338142832038197,0.9836834708004096,0.141953745758601,right,-0.0024263858795166016,-0.32915816628153466,0.7401061999563128,-9.250618876260518,-0.16608629773488542,0.014456546865403652,0.00663679838180542,3.169965083622932,0.0007939040660858154
1746575870038238500,27.332238525390625,0.07949565942980781,0.00872919149696827,0.0274713868041483,-0.014644657261669636,0.06371032302169756,0.9837265496750485,0.14252849073823798,right,0.0003909468650817871,-0.3284510078620528,0.7371350021257996,-9.253102509769796,-0.16573592023110278,0.012661941349506378,0.00441945344209671,3.1634017795845866,0.005752831697463989
1746575870078238700,27.37223876953125,0.07908664205299874,0.002321918960660696,0.027295216500050887,-0.011041495017707348,0.06358497395858363,0.9837389963990503,0.14220693737510215,right,0.0007860660552978516,-0.3284937118725949,0.7333396284308284,-9.253268513986468,-0.16573948040426223,0.007592972368001938,0.0036057159304618835,3.163798085425794,0.00526881217956543
1746575870118238700,27.41223876953125,0.07867762218593895,-0.004085353575646877,0.027119046195953907,-0.007438333705067635,0.06345966164415869,0.9837513961949388,0.14188544571956552,right,0.0011810660362243652,-0.3285363048287205,0.729544181670621,-9.253433349159359,-0.16574304057742187,0.002524003852158785,0.002791978418827057,3.164193514484167,0.004784911870956421
1746575870158238700,27.45223876953125,0.07867762218593895,-0.010492626577615738,0.027119046195953907,-0.003835171926766634,0.06345966164415869,0.9837513961949388,0.14188544571956552,right,0.0015591979026794434,-0.3285363048287205,0.729544181670621,-9.253433349159359,-0.16574304057742187,-0.002544964663684368,0.001591220498085022,3.164193514484167,0.004341304302215576
1746575870198238700,27.49223876953125,0.07747456632542041,-0.011762021109461784,0.026578154764047176,-0.01721637323498726,0.06317300350665105,0.9837647851049018,0.14111704114045895,right,0.0007579922676086426,-0.3288738218850848,0.7183285217817872,-9.253239287891983,-0.16586050833394522,-0.008593110367655754,0.0029695704579353333,3.1673262595519422,0.00391659140586853
1746575870238238500,27.532238525390625,0.07747456632542041,-0.003782481886446476,0.026578154764047176,0.014248166233301163,0.06317300350665105,0.9837647851049018,0.14111704114045895,right,0.000797271728515625,-0.3288738218850848,0.7183285217817872,-9.253239287891983,-0.16586050833394522,0.0005383472889661789,0.0031342729926109314,3.1673262595519422,0.0028458833694458008
1746575870278238500,27.572238525390624,0.07747456632542041,0.0005285255610942841,0.026578154764047176,-0.013821952044963837,0.06317300350665105,0.9837647851049018,0.14111704114045895,right,-0.0013617873191833496,-0.3288738218850848,0.7183285217817872,-9.253239287891983,-0.16586050833394522,0.0007097363122738898,0.0030829235911369324,3.1673262595519422,0.004957973957061768
1746575870318238700,27.61223876953125,0.07747456632542041,-0.001095607760362327,0.026578154764047176,0.0059041474014520645,0.06317300350665105,0.9837647851049018,0.14111704114045895,right,0.0033516287803649902,-0.3288738218850848,0.7183285217817872,-9.253239287891983,-0.16586050833394522,0.014159271493554115,0.0033093690872192383,3.1673262595519422,0.002801567316055298
1746575870358238700,27.65223876953125,0.07747456632542041,0.008421295322477818,0.026578154764047176,-0.0066298749297857285,0.06317300350665105,0.9837647851049018,0.14111704114045895,right,-0.0008941888809204102,-0.3288738218850848,0.7183285217817872,-9.253239287891983,-0.16586050833394522,0.010087214410305023,0.0037938281893730164,3.1673262595519422,0.0023456811904907227
1746575870398238700,27.69223876953125,0.0768826268920588,0.0015399269759654999,0.026291462637041768,-0.011266745626926422,0.06332503818270131,0.9838083628005194,0.14130031112355068,right,-0.00015872716903686523,-0.3283552197245957,0.7129771508164704,-9.25529914303124,-0.1655893500520464,0.007274491712450981,0.0036335811018943787,3.1625124295294285,0.0039199888706207275
1746575870438238700,27.73223876953125,0.076290714314922,-0.0053414409048855305,0.026004769733735403,-0.015903614461421967,0.06347709942801665,0.9838518098912217,0.14148395913275322,right,0.0005762577056884766,-0.32783671903022565,0.7076235878940671,-9.257353152951598,-0.16531815452533252,0.004461769480258226,0.003473542630672455,3.1576988917678595,0.005494296550750732
1746575870478238500,27.772238525390627,0.07549419877604058,-0.006406530272215605,0.02564537599543785,-0.027064040303230286,0.06344445263241133,0.9838993004394854,0.1412650353865426,right,0.001045525074005127,-0.32745790308444445,0.7003398606266826,-9.259106134098767,-0.16510387098435836,0.014093805104494095,0.0016338750720024109,3.154181823557615,0.002049863338470459
1746575870518238500,27.812238525390626,0.07513052737036172,-0.00018703751266002655,0.025515689287186047,0.0050512924790382385,0.06335271572516164,0.9839678205706145,0.1409836656142752,right,-0.0020833611488342285,-0.3267696736543171,0.6971353654969483,-9.261522547590731,-0.16475045583343784,0.016829675063490868,0.003885239362716675,3.147790368954837,0.0027557015419006348
1746575870558238700,27.85223876953125,0.07513052737036172,-0.0025733187794685364,0.025515689287186047,-0.004009655676782131,0.06335271572516164,0.9839678205706145,0.1409836656142752,right,-0.0006546378135681152,-0.3267696736543171,0.6971353654969483,-9.261522547590731,-0.16475045583343784,0.009427754208445549,0.0023813024163246155,3.147790368954837,0.0017531216144561768
1746575870598238700,27.89223876953125,0.0752351669140778,-0.002071793656796217,0.025629938057408642,0.005300435237586498,0.06324489550010802,0.984062582998789,0.14072763538291694,right,0.001383662223815918,-0.32566441025381065,0.6983655648790299,-9.264913359072803,-0.1642071730416438,0.020556889474391937,0.004157267510890961,3.1375229497015473,0.0006880760192871094
1746575870638238700,27.93223876953125,0.07552354795758981,-0.0033989171497523785,0.02582175167880574,0.006689916364848614,0.06317525085515296,0.9841437852132433,0.14058428455078656,right,-0.0007378458976745605,-0.32465182927570574,0.7012767030853778,-9.267874546965956,-0.16371663286983287,0.020126448944211006,0.004564590752124786,3.128113316321373,0.0015107989311218262
1746575870678238700,27.97223876953125,0.07568443446942627,-0.007545775268226862,0.02595089477807096,0.009193887002766132,0.06302368793017017,0.9842028549984487,0.14027110998832934,right,-0.0009301304817199707,-0.32400453330961315,0.7029207439653575,-9.269778919282555,-0.16339940167055952,0.010404402390122414,0.0054693445563316345,3.122096540249884,0.0018256306648254395
1746575870718238700,28.01223876953125,0.07585931629684224,-0.008376616053283215,0.026069815296380874,0.007347087375819683,0.06280332339199772,0.9842111512155275,0.13985395333879336,right,-0.0005957484245300293,-0.32403709160608984,0.7045340974461287,-9.269554462876915,-0.16341548193854538,0.0025406237691640854,0.005854375660419464,3.1223993225887416,0.0008726119995117188
1746575870758238500,28.052238525390624,0.07585931629684224,-0.009207457304000854,0.026069815296380874,0.0055002872832119465,0.06280332339199772,0.9842111512155275,0.13985395333879336,right,-0.0002384781837463379,-0.32403709160608984,0.7045340974461287,-9.269554462876915,-0.16341548193854538,-0.005323154851794243,0.006403915584087372,3.1223993225887416,-0.00004953145980834961
1746575870798238700,28.09223876953125,0.0762157311145473,0.0010380158200860023,0.02628661451406781,-0.002284909598529339,0.06244214952235275,0.9842007853916155,0.1391956108919466,right,-0.0007709264755249023,-0.3243687092012404,0.7077589777767658,-9.268269683763384,-0.1635810849234814,-0.007276253774762154,0.005465447902679443,3.125481798774004,-0.001073002815246582
1746575870838238700,28.13223876953125,0.0762157311145473,0.016850505024194717,0.02628661451406781,-0.00478435680270195,0.06244214952235275,0.9842007853916155,0.1391956108919466,right,-0.00023257732391357422,-0.3243687092012404,0.7077589777767658,-9.268269683763384,-0.1635810849234814,-0.010006770491600037,0.0027498453855514526,3.125481798774004,-0.0017181932926177979
1746575870878238700,28.17223876953125,0.07626030088883472,0.02208808809518814,0.026170808988006677,-0.007712306920439005,0.06311600189099859,0.9841083655483772,0.1406022557032576,right,-0.002101004123687744,-0.32497019601833377,0.7080287346288562,-9.266361804315448,-0.16389665351015958,-0.014393139630556107,0.003901958465576172,3.1310721661269665,0.0026769638061523438
1746575870918238700,28.21223876953125,0.07603887900182807,0.01665661484003067,0.025965727032244985,-0.011397141963243484,0.06361689865205677,0.9840499356063566,0.14160195649831134,right,0.0005330443382263184,-0.32534456489804664,0.7058878501426428,-9.26534941240251,-0.16408669948369675,-0.004001989029347897,0.003907427191734314,3.134551240414381,0.0041828155517578125
1746575870958238700,28.25223876953125,0.07603887900182807,-0.0027523059397935867,0.025965727032244985,-0.011210436001420021,0.06361689865205677,0.9840499356063566,0.14160195649831134,right,0.0012720823287963867,-0.32534456489804664,0.7058878501426428,-9.26534941240251,-0.16408669948369675,-0.003075223183259368,0.0025304481387138367,3.134551240414381,0.007584124803543091
1746575870998238500,28.292238525390626,0.07560044489484298,-0.004392724949866533,0.02577366780306882,-0.0026054522022604942,0.06346120558892857,0.984052020272122,0.14122221152851616,right,0.0015761852264404297,-0.3255425183363851,0.7017786612581461,-9.265039031279086,-0.16416515902787623,-0.0010240999981760979,0.002210743725299835,3.1363904385402797,0.0030629336833953857
1746575871038238500,28.332238525390625,0.07560044489484298,-0.00603314395993948,0.02577366780306882,0.005999531596899033,0.06346120558892857,0.984052020272122,0.14122221152851616,right,0.0019119977951049805,-0.3255425183363851,0.7017786612581461,-9.265039031279086,-0.16416515902787623,0.0010270234197378159,0.0014720112085342407,3.1363904385402797,-0.0012707114219665527
1746575871078238700,28.37223876953125,0.07560044489484298,0.0012099877931177616,0.02577366780306882,0.006604916416108608,0.06346120558892857,0.984052020272122,0.14122221152851616,right,-0.00034755468368530273,-0.3255425183363851,0.7017786612581461,-9.265039031279086,-0.16416515902787623,-0.0019102764781564474,0.0026538968086242676,3.1363904385402797,0.0010807514190673828
1746575871118238700,28.41223876953125,0.07560044489484298,0.0008226264035329223,0.02577366780306882,-0.005380469374358654,0.06346120558892857,0.984052020272122,0.14122221152851616,right,-0.0020758509635925293,-0.3255425183363851,0.7017786612581461,-9.265039031279086,-0.16416515902787623,-0.012338439002633095,0.005498714745044708,3.1363904385402797,0.0010316073894500732
1746575871158238700,28.45223876953125,0.07574111294890022,-0.00037613639142364264,0.025820918929844013,0.017231717705726624,0.063336318713454,0.9839782218968804,0.1410401569166211,right,-0.00044274330139160156,-0.3265187537709229,0.7028499437514693,-9.261882613074778,-0.1646471750330667,-0.012254063971340656,0.005842424929141998,3.1454598801806566,0.004066348075866699
1746575871198238700,28.49223876953125,0.07578964190609305,-0.00618446059525013,0.025838958765892425,-0.008708147332072258,0.06322966035119894,0.9839394412843377,0.1408587229479983,right,-0.000919342041015625,-0.32706878220528784,0.7031682889856398,-9.260122033143043,-0.16491673556128728,-0.010521691292524338,0.004640646278858185,3.1505683092355725,0.004443138837814331
1746575871238238500,28.532238525390625,0.0757404885524403,-0.0007507954724133015,0.025820568195056428,0.0009922273457050323,0.06314673262576745,0.9839285555405592,0.14069232634146286,right,0.0013676881790161133,-0.32727896307848775,0.7026629698120057,-9.25949601019919,-0.165016343420272,0.0033309608697891235,0.00420079380273819,3.1525200278252363,0.0007552206516265869
1746575871278238500,28.572238525390624,0.07583890192549159,0.019226154312491417,0.02584246569320671,-0.005357170477509499,0.0633427903599959,0.9839291603487298,0.14109821649765647,right,-0.0004240870475769043,-0.3270946591252457,0.7036182247102261,-9.260005713286995,-0.16493410806462663,0.0010750072542577982,0.002777405083179474,3.150808547732234,0.0009120702743530273
1746575871318238700,28.61223876953125,0.07578012413549966,0.015975279733538628,0.025714588894604082,-0.010021381080150604,0.0638778529844752,0.9838762119416166,0.14218784485281405,right,0.000338137149810791,-0.32733350787172083,0.7030169708814471,-9.259296688234805,-0.16506367693231638,-0.006254853680729866,0.003299437463283539,3.1530265160426496,0.0043287575244903564
1746575871358238700,28.65223876953125,0.0757216058093201,0.012724405154585838,0.02558670213252972,-0.014685592614114285,0.06441287489125788,0.9838229288272944,0.14327750233615708,right,0.0011003613471984863,-0.32757242104836787,0.7024181282054632,-9.258586494138836,-0.1651931968231618,-0.013584716245532036,0.0038212090730667114,3.155245068874955,0.0077453553676605225
1746575871398238700,28.69223876953125,0.07543114613540712,0.010820764116942883,0.02539327367875065,-0.013779239729046822,0.0646574744179348,0.9837862947531056,0.14374172312814054,right,-0.0007895827293395996,-0.32788974417066125,0.6996533396672457,-9.257790959846973,-0.16534568971805758,-0.0021994272246956825,0.0006694719195365906,3.1581913514599202,0.0010914206504821777
1746575871438238700,28.73223876953125,0.07543114613540712,0.012367361225187778,0.02539327367875065,0.015487680211663246,0.0646574744179348,0.9837862947531056,0.14374172312814054,right,0.0020104646682739258,-0.32788974417066125,0.6996533396672457,-9.257790959846973,-0.16534568971805758,0.004860921762883663,0.003320269286632538,3.1581913514599202,0.003789663314819336
1746575871478238500,28.772238525390627,0.07632763517811782,-0.003252986818552017,0.02577904500331005,0.009703273884952068,0.06495929201872777,0.983765244979946,0.1444966499055821,right,0.0011377930641174316,-0.3277030769478142,0.7079975357729941,-9.257747705227136,-0.16529266901880432,0.00250564725138247,0.004673689603805542,3.1564582440569997,0.005173772573471069
1746575871518238500,28.812238525390626,0.07687653963219054,-0.00044968328438699245,0.026082682105679197,0.016533713787794113,0.06481477186121766,0.9837970493909739,0.1442750987291502,right,-0.0015440583229064941,-0.32730648966892634,0.7131751576066017,-9.258605198839307,-0.16511269654986505,0.01486978866159916,0.006001047790050507,3.152775756151974,-0.000023812055587768555
1746575871558238700,28.85223876953125,0.07687653963219054,0.0007100987713783979,0.026082682105679197,0.0029787952080368996,0.06481477186121766,0.9837970493909739,0.1442750987291502,right,-0.00025588274002075195,-0.32730648966892634,0.7131751576066017,-9.258605198839307,-0.16511269654986505,0.0037417132407426834,0.005305640399456024,3.152775756151974,0.000443875789642334
1746575871598238700,28.89223876953125,0.07732577907831087,-0.010390572249889374,0.026335334059937723,0.0028877477161586285,0.06463719829385682,0.9838157644024436,0.14397993048269503,right,0.00010961294174194336,-0.32711729230564185,0.7173804272767156,-9.25887817056179,-0.16503039410403947,-0.012746000662446022,0.007038816809654236,3.1510186833515763,0.0037271976470947266
1746575871638238700,28.93223876953125,0.07723039770076633,-0.013956022448837757,0.026316444683582792,0.0013930273707956076,0.0643333411196394,0.983791080743505,0.14337496197089142,right,0.0012370944023132324,-0.32768660074035405,0.7163588291440158,-9.257156753596663,-0.1652991400170541,-0.009202571585774422,0.004309199750423431,3.1563050993219015,0.0035973787307739258
1746575871678238700,28.97223876953125,0.07723039770076633,-0.00937136635184288,0.026316444683582792,-0.0048356447368860245,0.0643333411196394,0.983791080743505,0.14337496197089142,right,0.0016535520553588867,-0.32768660074035405,0.7163588291440158,-9.257156753596663,-0.1652991400170541,-0.0021874867379665375,0.00305059552192688,3.1563050993219015,0.0007639527320861816
1746575871718238700,29.01223876953125,0.07723039770076633,0.005028514191508293,0.026316444683582792,0.00012569501996040344,0.0643333411196394,0.983791080743505,0.14337496197089142,right,0.000031888484954833984,-0.32768660074035405,0.7163588291440158,-9.257156753596663,-0.1652991400170541,0.0007506022229790688,0.00419018417596817,3.1563050993219015,0.002452373504638672
1746575871758238500,29.052238525390624,0.07723039770076633,0.012045487761497498,0.026316444683582792,-0.010850327089428902,0.0643333411196394,0.983791080743505,0.14337496197089142,right,-0.002046346664428711,-0.32768660074035405,0.7163588291440158,-9.257156753596663,-0.1652991400170541,0.005670580081641674,0.0036507248878479004,3.1563050993219015,0.002912968397140503
1746575871798238700,29.09223876953125,0.07648052609068129,0.015304310247302055,0.02592512949515681,-0.015550632029771805,0.06460071604956577,0.9838104372837959,0.14377836859405568,right,-0.0000018477439880371094,-0.32740406250993254,0.7094849978517741,-9.25858006439805,-0.16514138499936798,0.01386954728513956,0.0035471245646476746,3.153681765080988,0.001939624547958374
1746575871838238700,29.13223876953125,0.07595253044752509,0.007768099661916494,0.02565044939048794,-0.01413496769964695,0.06486740676200356,0.9838454589908806,0.14420563713370246,right,0.0008731484413146973,-0.3268775597002181,0.7047223134946078,-9.260607770833372,-0.16487104052311355,0.010268984362483025,0.002122253179550171,3.1487922394737597,0.003554612398147583
1746575871878238700,29.17223876953125,0.07595253044752509,0.005931569263339043,0.02565044939048794,-0.00467205885797739,0.06486740676200356,0.9838454589908806,0.14420563713370246,right,0.000056803226470947266,-0.3268775597002181,0.7047223134946078,-9.260607770833372,-0.16487104052311355,0.008765459060668945,0.0022759288549423218,3.1487922394737597,0.0012131333351135254
1746575871918238700,29.21223876953125,0.0757873747091679,-0.00018561258912086487,0.025583904067687784,0.0003834678791463375,0.06487483508465253,0.983874063336246,0.14417712994028634,right,-0.0006117820739746094,-0.3265574831033536,0.7032691920768469,-9.261728883817792,-0.16470799625910842,0.001960368826985359,0.0025818943977355957,3.145819653403759,0.0021674931049346924
1746575871958238700,29.25223876953125,0.0757873747091679,-0.006302793975919485,0.025583904067687784,0.005438994616270065,0.06487483508465253,0.983874063336246,0.14417712994028634,right,-0.0013946294784545898,-0.3265574831033536,0.7032691920768469,-9.261728883817792,-0.16470799625910842,-0.004844721406698227,0.0027396604418754578,3.145819653403759,0.002818673849105835
1746575871998238500,29.292238525390626,0.0757873747091679,-0.01207975298166275,0.025583904067687784,0.0033839538227766752,0.06487483508465253,0.983874063336246,0.14417712994028634,right,-0.0009798407554626465,-0.3265574831033536,0.7032691920768469,-9.261728883817792,-0.16470799625910842,-0.0032466230913996696,0.005128718912601471,3.145819653403759,0.0018301606178283691
1746575872038238500,29.332238525390625,0.0757873747091679,0.0009316094219684601,0.025583904067687784,-0.006171590648591518,0.06487483508465253,0.983874063336246,0.14417712994028634,right,0.0004280209541320801,-0.3265574831033536,0.7032691920768469,-9.261728883817792,-0.16470799625910842,0.0022169677540659904,0.0013648346066474915,3.145819653403759,-0.0015652775764465332
1746575872078238700,29.37223876953125,0.0757873747091679,0.007476321421563625,0.025583904067687784,0.015226257033646107,0.06487483508465253,0.983874063336246,0.14417712994028634,right,0.007717251777648926,-0.3265574831033536,0.7032691920768469,-9.261728883817792,-0.16470799625910842,0.008305002935230732,0.005645476281642914,3.145819653403759,0.0009416043758392334
1746575872118238700,29.41223876953125,0.07601966674619909,-0.005037278868257999,0.025754727026962892,0.0002269139513373375,0.06459039227926767,0.9839115958580468,0.14362358818456972,right,-0.003799259662628174,-0.32627238994824975,0.7054886216919869,-9.26245895165801,-0.16456830345351434,-0.000542941503226757,0.003042936325073242,3.1431714769825336,0.004512667655944824
1746575872158238700,29.45223876953125,0.0757831030123388,-0.013658661395311356,0.025683473820205766,-0.002595036057755351,0.06432807582538355,0.9839292838099862,0.14305316411380378,right,0.0010994672775268555,-0.3263195869352088,0.703286216276884,-9.26247765635848,-0.16457653880000486,0.000572164193727076,0.005460582673549652,3.143609868399799,-0.0001787245273590088
1746575872198238700,29.49223876953125,0.0757831030123388,0.003087460994720459,0.025683473820205766,-0.004259178414940834,0.06432807582538355,0.9839292838099862,0.14305316411380378,right,-0.0001308917999267578,-0.3263195869352088,0.703286216276884,-9.26247765635848,-0.16457653880000486,-0.004037170670926571,0.0009108707308769226,3.143609868399799,0.0002747476100921631
1746575872238238500,29.532238525390625,0.07562368844908984,0.017308028414845467,0.025565159766682815,-0.005996964871883392,0.06449043207606282,0.9838929744430063,0.1433739634732748,right,-0.000606238842010498,-0.3266711178063324,0.7017261273533105,-9.261486891755462,-0.16474830092629456,-0.013398503884673119,0.0035664886236190796,3.146875007675588,0.0011896789073944092
1746575872278238500,29.572238525390624,0.07557815824827184,0.01848851889371872,0.02545753193479009,-0.011139052920043468,0.0649192089130095,0.9838388599671305,0.1442543152581704,right,-0.0002599358558654785,-0.32700044052198574,0.7012261419419199,-9.260485021236539,-0.16491990887955812,-0.007860811427235603,0.00446745753288269,3.149933518463373,0.005008101463317871
1746575872318238700,29.61223876953125,0.07557815824827184,-0.0006907694041728973,0.02545753193479009,-0.0017096763476729393,0.0649192089130095,0.9838388599671305,0.1442543152581704,right,-0.0002351999282836914,-0.32700044052198574,0.7012261419419199,-9.260485021236539,-0.16491990887955812,-0.000047015026211738586,0.002983570098876953,3.149933518463373,0.009012043476104736
1746575872358238700,29.65223876953125,0.07557815824827184,-0.0066705928184092045,0.02545753193479009,0.011376253329217434,0.0649192089130095,0.9838388599671305,0.1442543152581704,right,0.004269957542419434,-0.32700044052198574,0.7012261419419199,-9.260485021236539,-0.16491990887955812,0.01317697111517191,0.00541214644908905,3.149933518463373,0.0034298598766326904
1746575872398238700,29.69223876953125,0.07568693437720993,-0.009630601853132248,0.025569344534705926,0.0029472997412085533,0.06474791656669679,0.9839074627420463,0.14388805145962308,right,-0.003081977367401123,-0.32627063833158676,0.7024070953547954,-9.262698605632782,-0.1645600754852503,0.008071978576481342,0.0024706795811653137,3.1431551103696225,0.0036956965923309326
1746575872438238700,29.73223876953125,0.07568693437720993,-0.0025524673983454704,0.025569344534705926,0.003069329308345914,0.06474791656669679,0.9839074627420463,0.14388805145962308,right,0.001840353012084961,-0.32627063833158676,0.7024070953547954,-9.262698605632782,-0.1645600754852503,0.004953593946993351,0.004827536642551422,3.1431551103696225,-0.0013138353824615479
1746575872478238500,29.772238525390627,0.07584204505264798,0.004576452076435089,0.02568895331860837,0.006603979505598545,0.06457146759225058,0.9839465904096155,0.14353668955816337,right,0.0007781386375427246,-0.3258960836708959,0.7039329897478223,-9.26376243547201,-0.16437649252217,0.0028250403702259064,0.004322797060012817,3.1396754515603185,-0.00006666779518127441
1746575872518238500,29.812238525390626,0.07609085390593764,-0.0015829694457352161,0.02583555743990016,0.005865747574716806,0.06439712081236218,0.9839506471312351,0.14322565740639182,right,0.0004906058311462402,-0.32593172474914367,0.7062293570566922,-9.263475435224175,-0.16439801566142181,0.004743148572742939,0.004367448389530182,3.140006583210826,0.0006845593452453613
1746575872558238700,29.85223876953125,0.07633966268415576,-0.007742391433566809,0.025982158240034314,0.005127515643835068,0.06422281078116286,0.9839546569247415,0.14291471362648903,right,0.00020295381546020508,-0.32596742278009805,0.708525651300326,-9.263187850454448,-0.16441952247505937,0.006661256775259972,0.004412099719047546,3.140338299383223,0.001435697078704834
1746575872598238700,29.89223876953125,0.07633966268415576,-0.013901813887059689,0.025982158240034314,0.004389283712953329,0.06422281078116286,0.9839546569247415,0.14291471362648903,right,-0.0000553131103515625,-0.32596742278009805,0.708525651300326,-9.263187850454448,-0.16441952247505937,0.00857936404645443,0.00469091534614563,3.140338299383223,0.0022206902503967285
1746575872638238700,29.93223876953125,0.07654663384294234,-0.013535158708691597,0.026171877599953562,-0.001859559677541256,0.06374249487161551,0.9840021765716309,0.14196059627092883,right,-0.0012570619583129883,-0.32571896885968094,0.710502504331246,-9.26381854957342,-0.16429158587148776,0.006811044178903103,0.0033849775791168213,3.1380300224408506,0.0018561780452728271
1746575872678238700,29.97223876953125,0.07654663384294234,0.0021144766360521317,0.026171877599953562,-0.0024606913793832064,0.06374249487161551,0.9840021765716309,0.14196059627092883,right,-0.0005780458450317383,-0.32571896885968094,0.710502504331246,-9.26381854957342,-0.16429158587148776,0.0014994689263403416,0.0025958940386772156,3.1380300224408506,0.0007491111755371094
1746575872718238700,30.01223876953125,0.07654663384294234,0.010864311829209328,0.026171877599953562,-0.0077199991792440414,0.06374249487161551,0.9840021765716309,0.14196059627092883,right,0.0007232427597045898,-0.32571896885968094,0.710502504331246,-9.26381854957342,-0.16429158587148776,0.002431516768410802,0.0022656098008155823,3.1380300224408506,0.001940608024597168
1746575872758238500,30.052238525390624,0.07627261042543039,0.009885423816740513,0.02599300666898754,-0.006724226754158735,0.06413455981609473,0.984015535198672,0.1426909351089511,right,0.00008702278137207031,-0.3253019349635847,0.7080635867465287,-9.265317263698577,-0.1640873485814438,0.0018450377974659204,0.0030748024582862854,3.134154934573173,0.003171384334564209
1746575872798238700,30.09223876953125,0.07627261042543039,0.006432542577385902,0.02599300666898754,-0.0015253648161888123,0.06413455981609473,0.984015535198672,0.1426909351089511,right,0.00048035383224487305,-0.3253019349635847,0.7080635867465287,-9.265317263698577,-0.1640873485814438,0.0015787562588229775,0.003320761024951935,3.134154934573173,0.0026369690895080566
1746575872838238700,30.13223876953125,0.07627261042543039,0.0029796618036925793,0.02599300666898754,0.003673497587442398,0.06413455981609473,0.984015535198672,0.1426909351089511,right,0.0008736848831176758,-0.3253019349635847,0.7080635867465287,-9.265317263698577,-0.1640873485814438,0.0013124747201800346,0.0035667195916175842,3.134154934573173,0.0021025538444519043
1746575872878238700,30.17223876953125,0.07627261042543039,-0.0004732187371701002,0.02599300666898754,0.008872359991073608,0.06413455981609473,0.984015535198672,0.1426909351089511,right,0.0012669563293457031,-0.3253019349635847,0.7080635867465287,-9.265317263698577,-0.1640873485814438,0.0010461932979524136,0.0038126707077026367,3.134154934573173,0.001568138599395752
1746575872918238700,30.21223876953125,0.07689096482678187,-0.0032237719278782606,0.026280857062263907,0.011460505425930023,0.06430942060915015,0.9840331542278346,0.14312435691626135,right,-0.0005503296852111816,-0.3248018491330918,0.7139130434270948,-9.266438961204885,-0.1638670474529229,-0.00020640611182898283,0.004083894193172455,3.12950769328922,-0.00002422928810119629
1746575872958238700,30.25223876953125,0.07728745280677417,-0.0007185214199125767,0.026475578863711977,0.006658621598035097,0.0642774201629204,0.9840273243533095,0.14312566806198934,right,0.0006849765777587891,-0.3248083394484316,0.7175854483295232,-9.266135009822248,-0.16388300841026376,0.0018261581426486373,0.005135245621204376,3.129567899043858,-0.0025378763675689697
1746575872998238500,30.292238525390626,0.07747261004838915,0.006509006954729557,0.0265616087234268,-0.00569825479760766,0.06433594909669157,0.9840337906339915,0.1432669191791565,right,-0.00042444467544555664,-0.3246389855641894,0.71934215580374,-9.266530146619678,-0.1638075771106977,0.0031760840211063623,0.0036778971552848816,3.1279940738558767,-0.0017375051975250244
1746575873038238500,30.332238525390625,0.07747261004838915,-0.0026448648422956467,0.0265616087234268,0.007771556731313467,0.06433594909669157,0.9840337906339915,0.1432669191791565,right,0.006474196910858154,-0.3246389855641894,0.71934215580374,-9.266530146619678,-0.1638075771106977,-0.0010359480511397123,0.009107410907745361,3.1279940738558767,0.002944439649581909
1746575873078238700,30.37223876953125,0.07747261004838915,-0.012998972088098526,0.0265616087234268,0.00043839868158102036,0.06433594909669157,0.9840337906339915,0.1432669191791565,right,-0.004453003406524658,-0.3246389855641894,0.71934215580374,-9.266530146619678,-0.1638075771106977,-0.012283862568438053,0.004052907228469849,3.1279940738558767,0.005684942007064819
1746575873118238700,30.41223876953125,0.07720974834700352,-0.0015706531703472137,0.026444174725409192,-0.005515900440514088,0.06411333415920607,0.9839984594825703,0.1428048228458749,right,-0.0016811490058898926,-0.32531662658701715,0.7167426408298313,-9.26460356247127,-0.16412610536644434,-0.010639353655278683,0.0024050921201705933,3.134291420434415,0.0037261247634887695
1746575873158238700,30.45223876953125,0.07720974834700352,0.009857666678726673,0.026444174725409192,-0.011470198631286621,0.06411333415920607,0.9839984594825703,0.1428048228458749,right,0.0012871623039245605,-0.32531662658701715,0.7167426408298313,-9.26460356247127,-0.16412610536644434,-0.008994844742119312,0.0004922002553939819,3.134291420434415,0.0024094581604003906
1746575873198238700,30.49223876953125,0.07720974834700352,0.0192941315472126,0.026444174725409192,-0.005756708327680826,0.06411333415920607,0.9839984594825703,0.1428048228458749,right,-0.00044471025466918945,-0.32531662658701715,0.7167426408298313,-9.26460356247127,-0.16412610536644434,0.0006047068163752556,0.0032454952597618103,3.134291420434415,0.004868298768997192
1746575873238238500,30.532238525390625,0.07675917262840312,0.016464155167341232,0.026110655965529746,-0.014520816504955292,0.06466068186572153,0.9839201554162632,0.14387361312265146,right,-0.0011150240898132324,-0.3259427974214412,0.7124174711070954,-9.262966901180148,-0.164433440218996,0.007456860970705748,0.0016173571348190308,3.1401094590634107,0.004186898469924927
1746575873278238500,30.572238525390624,0.07655996328850719,-0.0003131050616502762,0.025978206387685294,-0.00251862034201622,0.06491606939427898,0.983917406292718,0.14435299844339156,right,-0.0020915865898132324,-0.32581430287997093,0.7106030420962721,-9.263511091059446,-0.16437007753439747,-0.0012181843630969524,0.0025725513696670532,3.1389155731037257,0.006592512130737305
1746575873318238700,30.61223876953125,0.07680360414552556,-0.00036308419657871127,0.02611099131753674,0.02091866172850132,0.06487151574583475,0.983932634019971,0.1442927694963181,right,0.00467991828918457,-0.3256079564653084,0.7129097116034477,-9.263983384746313,-0.16427576705403213,0.012837052345275879,0.004793033003807068,3.1369986335664986,-0.002344101667404175
1746575873358238700,30.65223876953125,0.07763168483035407,-0.0004965627449564636,0.026540458811579605,0.005724553018808365,0.06483849782087106,0.9839721876991776,0.14433089045665062,right,-0.0033559799194335938,-0.3249561470055774,0.7207392361853271,-9.26542598477006,-0.16398274220747774,0.010835831984877586,0.0008282288908958435,3.130941525484621,0.002201259136199951
1746575873398238700,30.69223876953125,0.07763168483035407,-0.0039294702000916,0.026540458811579605,0.0038127717562019825,0.06483849782087106,0.9839721876991776,0.14433089045665062,right,-0.00029540061950683594,-0.3249561470055774,0.7207392361853271,-9.26542598477006,-0.16398274220747774,-0.0013852864503860474,0.004021942615509033,3.130941525484621,0.003258317708969116
1746575873438238700,30.73223876953125,0.07763168483035407,-0.010886676609516144,0.026540458811579605,0.01025244127959013,0.06483849782087106,0.9839721876991776,0.14433089045665062,right,-0.0002651810646057129,-0.3249561470055774,0.7207392361853271,-9.26542598477006,-0.16398274220747774,-0.003256713505834341,0.005632534623146057,3.130941525484621,0.002443939447402954
1746575873478238500,30.772238525390627,0.07833482805741422,-0.016992494463920593,0.02696911914157659,0.01645033061504364,0.06428027890357596,0.9839942842546955,0.14331430327068512,right,0.0003973245620727539,-0.32497263754048616,0.7272499332536011,-9.264865428277849,-0.16399994687352473,-0.0023135279770940542,0.006111122667789459,3.131094962480664,0.00067138671875
1746575873518238500,30.812238525390626,0.07873513452890762,-0.010160772129893303,0.02721361960866342,0.009622348472476006,0.06392840268382545,0.9839989212342878,0.14267258729867402,right,-0.0008746981620788574,-0.3251050098395292,0.7309259914178401,-9.264160494878887,-0.16406915507978714,-0.0026788932736963034,0.005514524877071381,3.1323250887975096,0.0017801523208618164
1746575873558238700,30.85223876953125,0.07873513452890762,-0.005961861927062273,0.02721361960866342,0.0007543005049228668,0.06392840268382545,0.9839989212342878,0.14267258729867402,right,-0.0023514628410339355,-0.3251050098395292,0.7309259914178401,-9.264160494878887,-0.16406915507978714,0.000827158335596323,0.006357535719871521,3.1323250887975096,0.002101212739944458
1746575873598238700,30.89223876953125,0.07873513452890762,-0.005185949616134167,0.02721361960866342,-0.005812641698867083,0.06392840268382545,0.9839989212342878,0.14267258729867402,right,0.0003046393394470215,-0.3251050098395292,0.7309259914178401,-9.264160494878887,-0.16406915507978714,-0.0008392418967559934,0.004831105470657349,3.1323250887975096,0.004416942596435547
1746575873638238700,30.93223876953125,0.0780475813646085,-0.012489362619817257,0.026952470525435382,-0.018813611939549446,0.06344971711948615,0.9840197065595826,0.14159954174818906,right,-0.0008725523948669434,-0.32539119367079566,0.724486313759163,-9.263766527125238,-0.1641734039921852,-0.00986713357269764,0.00420544296503067,3.134984371134639,0.005700796842575073
1746575873678238700,30.97223876953125,0.0773237024265376,-0.005492526572197676,0.026615374254750086,-0.01170513778924942,0.06330918127824393,0.9840148099560803,0.1412102515946051,right,0.0006685256958007812,-0.32573123290964834,0.7176978957280516,-9.263225259855389,-0.16431238923487387,0.0003395797684788704,0.0034656673669815063,3.1381440042093396,0.0027414560317993164
1746575873718238700,31.01223876953125,0.0771188595925739,0.007828796282410622,0.026481441072585044,-0.010576130822300911,0.06361340729417556,0.9840275181652898,0.14177671166927297,right,0.0007064342498779297,-0.3253792372829359,0.715885439478606,-9.26447321408987,-0.16414037758267042,0.0035151864867657423,0.0030215680599212646,3.134873311975598,0.003950923681259155
1746575873758238500,31.052238525390624,0.0771188595925739,0.021150115877389908,0.026481441072585044,-0.009447123855352402,0.06361340729417556,0.9840275181652898,0.14177671166927297,right,0.0006171464920043945,-0.3253792372829359,0.715885439478606,-9.26447321408987,-0.16414037758267042,0.006690792739391327,0.0023926496505737305,3.134873311975598,0.004826873540878296
1746575873798238700,31.09223876953125,0.0768335257080556,0.012379090301692486,0.026259663376503983,-0.008017967455089092,0.0642841593669523,0.9840397937366689,0.14306099294979643,right,0.0013872981071472168,-0.324752920980374,0.7133925266843288,-9.266632437950372,-0.16384032146035787,0.006768593564629555,0.0032728910446166992,3.129052935259044,0.0033604800701141357
1746575873838238700,31.13223876953125,0.07672685730689957,-0.006096738390624523,0.02621455586701038,-0.00022611254826188087,0.06433820878928402,0.9840666751010463,0.14313548331107043,right,0.00027430057525634766,-0.32440146245394197,0.7124883443862199,-9.267804988861084,-0.16366508867863405,0.009067388251423836,0.0018271654844284058,3.1257863346785304,0.0041841864585876465
1746575873878238700,31.17223876953125,0.07672685730689957,-0.014053432270884514,0.02621455586701038,0.002228744328022003,0.06433820878928402,0.9840666751010463,0.14313548331107043,right,-0.0007237792015075684,-0.32440146245394197,0.7124883443862199,-9.267804988861084,-0.16366508867863405,0.011246571317315102,0.004586182534694672,3.1257863346785304,-0.0027399659156799316
1746575873918238700,31.21223876953125,0.07633365811941258,-0.002576444298028946,0.026139522824648282,-0.0075258901342749596,0.06387240636619249,0.984172421707673,0.14208133253174454,right,-0.00018775463104248047,-0.3235561422662326,0.7090454373907298,-9.270715323349833,-0.1632231111279173,0.0067353383637964725,0.0023389309644699097,3.117927730132639,-0.003582596778869629
1746575873958238700,31.25223876953125,0.07633365811941258,0.008969496004283428,0.026139522824648282,0.008816766552627087,0.06387240636619249,0.984172421707673,0.14208133253174454,right,0.00244903564453125,-0.3235561422662326,0.7090454373907298,-9.270715323349833,-0.1632231111279173,-0.0011914647184312344,0.005971215665340424,3.117927730132639,-0.001790374517440796
1746575873998238500,31.292238525390626,0.07652505075582147,0.006324996240437031,0.026183253403755474,0.0031076474115252495,0.06404135510736066,0.9841201530004746,0.14247985465456492,right,0.003534376621246338,-0.3240257041658331,0.7107077445797622,-9.2691189940691,-0.16346528590692322,-0.006962075363844633,0.005697563290596008,3.1222932318657635,-0.000041097402572631836
1746575874038238500,31.332238525390625,0.07652505075582147,0.0036804962437599897,0.026183253403755474,-0.002601472195237875,0.06404135510736066,0.9841201530004746,0.14247985465456492,right,0.004782497882843018,-0.3240257041658331,0.7107077445797622,-9.2691189940691,-0.16346528590692322,-0.012732685543596745,0.005593419075012207,3.1222932318657635,0.0021533071994781494
1746575874078238700,31.37223876953125,0.07681608174756954,0.0133275231346488,0.02623515032745954,-0.0012030655052512884,0.06435904268040885,0.984028179058014,0.1432146532304753,right,-0.00020754337310791016,-0.32484002384242705,0.713209936659038,-9.26637349475324,-0.16388459468601696,-0.007946442812681198,0.002884209156036377,3.12986249807626,0.0009769797325134277
1746575874118238700,31.41223876953125,0.07681612736086922,0.016681008040905,0.02615268062943973,-0.00905422493815422,0.06477224769410181,0.9839751946846104,0.1440705811701836,right,-0.0016876459121704102,-0.3251601788940737,0.7131334373567253,-9.265373962321878,-0.16405317581407675,-0.006558270659297705,0.004673190414905548,3.1328377144947646,0.006404072046279907
1746575874158238700,31.45223876953125,0.07648092724258988,0.004303167574107647,0.025943277295320828,-0.009530987590551376,0.06501971520522362,0.9839502696661414,0.14452684533742477,right,-0.00016885995864868164,-0.32534280042716457,0.7099838872846216,-9.265041953888534,-0.16413800632179806,-0.0026517738588154316,0.0028085634112358093,3.13453487380147,0.0074031054973602295
1746575874198238700,31.49223876953125,0.07648092724258988,-0.001670262310653925,0.025943277295320828,-0.0006300024688243866,0.06501971520522362,0.9839502696661414,0.14452684533742477,right,0.0026096701622009277,-0.32534280042716457,0.7099838872846216,-9.265041953888534,-0.16413800632179806,0.003555715549737215,0.002296552062034607,3.13453487380147,0.006033092737197876
1746575874238238500,31.532238525390625,0.07592622067759942,-0.001441743690520525,0.025688138000090364,0.011466266587376595,0.06505546116737228,0.9839886334268125,0.1444881677007917,right,0.005366206169128418,-0.3249653449855452,0.704934129614383,-9.266613148728013,-0.16393393235669687,0.013929259032011032,0.004275433719158173,3.1310271579414604,0.0023779571056365967
1746575874278238500,31.572238525390624,0.07665705060545158,-0.0018393637146800756,0.02606861440181877,0.009034864604473114,0.06500584726600649,0.9840212474860854,0.14448255620375325,right,-0.0017558932304382324,-0.3244365088961405,0.7118329492174088,-9.267745367628335,-0.16369766811086078,0.009465986862778664,0.003943838179111481,3.1261119133710857,0.0027484893798828125
1746575874318238700,31.61223876953125,0.07681301799507585,-0.003181957174092531,0.02618224837042123,0.005079193506389856,0.06491294504803372,0.9840690202548007,0.14429199741007498,right,-0.0008728504180908203,-0.32388519051082415,0.7134105737976729,-9.269351049259305,-0.16342922331363882,0.010421399027109146,0.003961995244026184,3.1209871177032587,0.001702815294265747
1746575874358238700,31.65223876953125,0.07681301799507585,-0.004524550400674343,0.02618224837042123,0.0011235219426453114,0.06491294504803372,0.9840690202548007,0.14429199741007498,right,-0.00015348196029663086,-0.32388519051082415,0.7134105737976729,-9.269351049259305,-0.16342922331363882,0.011376812122762203,0.004141032695770264,3.1209871177032587,0.00013458728790283203
1746575874398238700,31.69223876953125,0.07690682673465234,-0.002716763410717249,0.026301747623340532,-0.0038994508795440197,0.06473045541835118,0.9841628463547992,0.14388450325160854,right,0.0008401274681091309,-0.32284594747193557,0.7145289103031158,-9.272512728160619,-0.1629160288855531,0.009400599636137486,0.003429040312767029,3.11132380182296,-0.0003021359443664551
1746575874438238700,31.73223876953125,0.07708275676216726,-0.002606066409498453,0.026408474850892316,0.008250473067164421,0.0646863550342053,0.9841912232469829,0.1438060479521389,right,0.0023896098136901855,-0.32248856233571976,0.7162457972235977,-9.273495309457182,-0.16274497477464822,0.005156570114195347,0.005667403340339661,3.1079999180972573,0.00250127911567688
1746575874478238500,31.772238525390627,0.077516470283288,-0.008056904189288616,0.02665259194633808,0.011691027320921421,0.0645150549856358,0.9842098543954125,0.14351995105368584,right,0.0011764764785766602,-0.3222959681168069,0.7203141426410525,-9.27377997161746,-0.16266049830880244,0.00504477322101593,0.006414651870727539,3.106208358505368,0.00010260939598083496
1746575874518238500,31.812238525390626,0.07782290336334934,-0.0044809915125370026,0.026851129985162925,0.0058647566474974155,0.0642814928587967,0.9842443815149874,0.14308019499464522,right,-0.0011811256408691406,-0.3219838350039813,0.7232311991315334,-9.27452523702681,-0.1625110258565151,0.007702339440584183,0.005981422960758209,3.1033050382792946,-0.00569230318069458
1746575874558238700,31.85223876953125,0.07782290336334934,0.0005201180465519428,0.026851129985162925,-0.01247352920472622,0.0642814928587967,0.9842443815149874,0.14308019499464522,right,-0.0035536885261535645,-0.3219838350039813,0.7232311991315334,-9.27452523702681,-0.1625110258565151,-0.009005682542920113,0.0057251304388046265,3.1033050382792946,-0.0011969506740570068
1746575874598238700,31.89223876953125,0.07698329917134605,0.010692408308386803,0.026396287640931004,-0.020935796201229095,0.0644717372989611,0.9842069722089195,0.14335355441406936,right,-0.0012791752815246582,-0.32249022365812813,0.7153230563554912,-9.273561360430717,-0.16273661405155915,-0.011638369411230087,0.0030120089650154114,3.108015407927334,0.0001499652862548828
1746575874638238700,31.93223876953125,0.07620670149471052,0.016388744115829468,0.02594642841951625,-0.02856840193271637,0.06485802756632637,0.9841690228049134,0.14402683854434392,right,0.0004337430000305176,-0.3228253457393147,0.7080417402409017,-9.273075038218497,-0.16288507394410853,-0.008508560247719288,-0.0003192424774169922,3.111132078643143,0.004665285348892212
1746575874678238700,31.97223876953125,0.0754302488058931,-0.009939305484294891,0.025531271595211787,-0.011199356988072395,0.06502685438694933,0.9841426255884212,0.14425955159359996,right,0.004605412483215332,-0.32319161501553284,0.7007554556902498,-9.272484671109915,-0.16304292464978987,-0.012893998995423317,0.0005134642124176025,3.1145383799552917,0.012812763452529907
1746575874718238700,32.01223876953125,0.07527814543346191,-0.03231853246688843,0.025516770944442844,0.024331985041499138,0.06451703596418386,0.9841291138366697,0.14322879880283604,right,0.0043256282806396484,-0.3238097154198994,0.6992001890722662,-9.270669730642437,-0.16332873106752138,-0.008532483130693436,0.0022805258631706238,3.12028539917469,0.004890412092208862
1746575874758238500,32.05223852539063,0.07608338287535733,-0.007981587201356888,0.025993298050459773,0.026806438341736794,0.0639780226937635,0.9841530772929977,0.14226498899695506,right,0.0002384185791015625,-0.32376819215247854,0.7066749088671058,-9.270233092790841,-0.16332175722520076,0.005734790116548538,0.0005393996834754944,3.119899322466552,-0.0009658932685852051
1746575874798238700,32.09223876953125,0.07711513941696328,0.014733560383319855,0.026490711926958687,0.02263517677783966,0.06398764188376671,0.9841435005066322,0.14244948778332545,right,-0.0008699893951416016,-0.32364293088624796,0.7162692511644214,-9.269888809397816,-0.16329560724912634,-0.0021836627274751663,0.0056231096386909485,3.1187346626013515,0.0004385411739349365
1746575874838238700,32.13223876953125,0.0783550621025214,0.02141983062028885,0.02701982613576815,0.004772748798131943,0.06436708270035005,0.9840932225098216,0.14342785252278223,right,-0.005788445472717285,-0.3236717179933449,0.7277556177534162,-9.268903890013695,-0.16336263910140708,0.0022133653983473778,0.004215575754642487,3.119002373626828,-0.0027890801429748535
1746575874878238700,32.17223876953125,0.0786573906706898,0.010814270935952663,0.02711737863906236,0.0008983535226434469,0.0647427091695896,0.9840915129626439,0.14422325817520687,right,-0.005159974098205566,-0.3233157930414399,0.7306449825193733,-9.26978944067657,-0.16320819490967006,-0.0014134233351796865,0.004491955041885376,3.1156931029483674,0.0011088252067565918
1746575874918238700,32.21223876953125,0.0789594264767342,0.00020871218293905258,0.027214937008371815,-0.002976042218506336,0.06511836220809389,0.9840896728105505,0.14501854765814082,right,-0.004531681537628174,-0.3229597003042121,0.7335322283934801,-9.270673822295665,-0.16305374612434684,-0.005040212534368038,0.004768557846546173,3.112381494182348,0.005006909370422363
1746575874958238700,32.25223876953125,0.07819377489203178,-0.020376212894916534,0.026868484424378385,-0.007844105362892151,0.06488834219920818,0.9840852600015175,0.14444578701432464,right,0.0027176737785339355,-0.32338334104754035,0.7263308456473052,-9.26991745097041,-0.16322937508797458,-0.011028401553630829,0.0056256577372550964,3.1163211717188357,0.003441065549850464
1746575874998238500,32.29223852539062,0.07786276573518643,-0.006417013704776764,0.02674015882592732,0.003098679706454277,0.06458623019003977,0.9840735258873402,0.14380069375756738,right,0.0019397139549255371,-0.3238528291222431,0.7231484892841428,-9.268697553786636,-0.16344081123965634,-0.010575449094176292,0.000864073634147644,3.12068608893007,0.0024340152740478516
1746575875038238700,32.33223876953125,0.07815383235413527,0.01524021103978157,0.02684868515308712,0.011584344319999218,0.06463916973103388,0.9840232270297081,0.1439827325157701,right,0.0008119344711303711,-0.3243659509610327,0.7257211893163621,-9.266889043059944,-0.16370488483628928,-0.011587418615818024,0.0032813474535942078,3.1254560798108577,0.002589583396911621
1746575875078238700,32.37223876953125,0.07880572582622969,0.016885090619325638,0.027086071716340632,0.002762017771601677,0.0650377035209215,0.9839693526108806,0.14491093464547214,right,-0.0016115903854370117,-0.3245553931855943,0.7317153882298618,-9.265824044176936,-0.16383165455748325,-0.002578025683760643,0.0038570910692214966,3.1272169520035384,0.00891655683517456
1746575875118238700,32.41223876953125,0.07880572582622969,0.0010941829532384872,0.027086071716340632,-0.0036408761516213417,0.0650377035209215,0.9839693526108806,0.14491093464547214,right,0.002233445644378662,-0.3245553931855943,0.7317153882298618,-9.265824044176936,-0.16383165455748325,0.008989211171865463,0.003577776253223419,3.1272169520035384,0.009169667959213257
1746575875158238700,32.45223876953125,0.07860694519691729,-0.00525135500356555,0.027056897477677654,0.0016667800955474377,0.06493607902113155,0.984071767917109,0.1446129744494171,right,0.00011515617370605469,-0.32341525450394715,0.7301530342839658,-9.269517637997865,-0.16326072368261832,0.02368982508778572,0.003534764051437378,3.1166178165778518,0.006701737642288208
1746575875198238700,32.49223876953125,0.0784085861521951,-0.011596892960369587,0.02702771582039963,0.00697443587705493,0.0648344036242208,0.9841737648393268,0.14431529586359731,right,-0.0020043253898620605,-0.3222750076263848,0.7285922147080302,-9.273198956859112,-0.16268972291170825,0.03839043900370598,0.0034915879368782043,3.1060134204551577,0.004234373569488525
1746575875238238500,32.532238525390625,0.07852270721077201,-0.005562151782214642,0.02718190314207711,0.008841211907565594,0.06461840470231735,0.9843055485456506,0.1438190597918509,right,0.0012170672416687012,-0.3207798320416769,0.7300139180742203,-9.27773484672308,-0.16195154644407114,0.03983628749847412,0.0041486769914627075,3.0921023840025064,0.0008811652660369873
1746575875278238500,32.572238525390624,0.07902525925396114,0.009484780952334404,0.027493445033372324,0.01220254972577095,0.06458492991347935,0.9844202227929748,0.1437554239526496,right,-0.00036728382110595703,-0.3192482809541628,0.7350494280233979,-9.28207725984156,-0.161213793944258,0.03741646185517311,0.0032386332750320435,3.077845310591161,-0.00031763315200805664
1746575875318238700,32.61223876953125,0.07953081380106586,0.010854154825210571,0.027771786610604515,0.0027439305558800697,0.06475055917173511,0.9845169169597089,0.1440987494633639,right,-0.002032756805419922,-0.31776898012272126,0.740102838955447,-9.286232625955343,-0.1605073962660586,0.0288173146545887,0.0038844123482704163,3.064068129651248,0.002581954002380371
1746575875358238700,32.65223876953125,0.07958551226282373,-0.0029643820598721504,0.027820780978100274,0.000999224721454084,0.06486556406007815,0.9845848695389195,0.14429147583736335,right,0.001420736312866211,-0.316798938740641,0.7408467161253094,-9.289150559228657,-0.1600347641355246,0.016528774052858353,0.004999488592147827,3.0550299599319692,0.007213622331619263
1746575875398238700,32.69223876953125,0.07940363605022754,-0.027712449431419373,0.02782485966473805,0.008843019604682922,0.06446458230216214,0.9846629453733022,0.14341605578921482,right,0.0011326074600219727,-0.31618617143229744,0.7393055510979145,-9.291149624091386,-0.15971531065486536,0.014933549799025059,0.005136311054229736,3.0493191810697313,0.00410151481628418
1746575875438238700,32.73223876953125,0.07920742492532369,-0.03021378256380558,0.02786084953650505,0.007455908693373203,0.06380593478368296,0.9847529635717345,0.1420184080617398,right,0.0018968582153320312,-0.3156354346835916,0.7376153329886496,-9.292967487168312,-0.15941863814910948,0.013333319686353207,0.005410157144069672,3.044185617573559,0.0005829334259033203
1746575875478238500,32.77223852539063,0.07938580689694093,-0.006965499371290207,0.028026003391948405,0.014954514801502228,0.063352987212376,0.9847905728898951,0.14111972606618603,right,0.0017333626747131348,-0.3154852904313262,0.739309204359725,-9.293291312295198,-0.15933789265490458,-0.0048814089968800545,0.005010232329368591,3.0427859799087047,-0.007284313440322876
1746575875518238500,32.812238525390626,0.08015490216202963,0.01138436608016491,0.028378307379177844,0.014446419663727283,0.06337813778958495,0.9847509148537598,0.14131038999614692,right,0.0005636811256408691,-0.3157802640826758,0.7463845495734364,-9.291824746873974,-0.15951007149052304,-0.004760636016726494,0.009796902537345886,3.0455358631387353,0.0006628930568695068
1746575875558238700,32.85223876953125,0.08015490216202963,-0.02572655864059925,0.028378307379177844,0.0013448232784867287,0.06337813778958495,0.9847509148537598,0.14131038999614692,right,-0.007033586502075195,-0.3157802640826758,0.7463845495734364,-9.291824746873974,-0.15951007149052304,0.0009210621938109398,0.011810608208179474,3.0455358631387353,0.0051839351654052734
1746575875598238700,32.89223876953125,0.07914731245883629,-0.056379593908786774,0.028064050437163836,-0.031099997460842133,0.06238571102781576,0.9848491427293032,0.13912175447611916,right,-0.0034702420234680176,-0.3155835440058305,0.7370691703479737,-9.293169147220253,-0.1593507207539106,0.016784798353910446,0.01083005964756012,3.0437019257098434,0.003695189952850342
1746575875638238700,32.93223876953125,0.0768721058186849,-0.04958946257829666,0.027152190494827932,-0.038624074310064316,0.06134921339341849,0.9849794801677749,0.13663488905033844,right,0.0004730820655822754,-0.31529758970676236,0.7159902150273323,-9.295689605608581,-0.15910531238912,0.005465681664645672,0.004716858267784119,3.041035921370983,0.00021389126777648926
1746575875678238700,32.97223876953125,0.0748466061576594,-0.013812609016895294,0.026257458306151442,-0.0378677174448967,0.06086986765865504,0.985045096081813,0.1353352191394698,right,-0.0009582638740539551,-0.31531210983814056,0.6971570658721029,-9.297076676052809,-0.15903321904106021,0.004495797213166952,-0.0007902234792709351,3.04117153044939,-0.0030754804611206055
1746575875718238700,33.01223876953125,0.07336912329199757,-0.005424703471362591,0.025558252107777187,-0.018534814938902855,0.06084075027852453,0.9850828590593138,0.13503186645606036,right,0.005890905857086182,-0.3151909849051949,0.6834470318842679,-9.298463746497035,-0.15892471223159726,0.000989092979580164,0.0014516189694404602,3.040042234158516,0.007110685110092163
1746575875758238500,33.05223852539063,0.07257929242439004,-0.03753678873181343,0.025243731505677488,-0.007472631521522999,0.060445286102024084,0.9851221792242109,0.13410085453253442,right,0.0032808780670166016,-0.31517597536428354,0.6761058753412217,-9.299045930299162,-0.1588815676455421,0.005589660722762346,0.0012719184160232544,3.0399022411659358,0.0042521655559539795
1746575875798238700,33.09223876953125,0.07174417667555456,-0.051247488707304,0.025010649273659622,0.002936289645731449,0.05948733264160321,0.9852214356467296,0.1320058532048497,right,0.0007579326629638672,-0.314840029203204,0.6684130558162927,-9.300625892966986,-0.15866483915382204,0.010419214144349098,0.0049634575843811035,3.0367697883591056,0.0005410313606262207
1746575875838238700,33.13223876953125,0.07094751447615548,-0.014753784984350204,0.02473599497036918,-0.019120119512081146,0.058787026732841426,0.9852667189220176,0.1304620966399155,right,-0.0021626949310302734,-0.314973168508366,0.6609747225090861,-9.300751565173268,-0.1586876248942492,-0.012369975447654724,0.00398670881986618,3.0380113128527997,-0.006226211786270142
1746575875878238700,33.17223876953125,0.07049472673400146,0.02936975285410881,0.024448900943754723,-0.0010060090571641922,0.0589918693212411,0.9851873688628848,0.13084850299993225,right,0.0030978918075561523,-0.31592615918519934,0.6565591710891574,-9.298158041548728,-0.1591481527653587,-0.036663830280303955,0.004674792289733887,3.046895753315091,-0.000299602746963501
1746575875918238700,33.21223876953125,0.07049877879252846,0.04160337522625923,0.02425520927066786,-0.03223817050457001,0.05982928261746926,0.9850151439188742,0.1326199380204125,right,-0.0032114386558532715,-0.3174688795512869,0.6562649373829365,-9.2934555629462,-0.1599291502492017,-0.037530820816755295,0.003817342221736908,3.061272361452877,0.005236297845840454
1746575875958238700,33.25223876953125,0.06982082555612049,0.020917024463415146,0.023763240365752086,-0.02175227180123329,0.06060299209013435,0.98489652283017,0.1341285878135819,right,0.0007436275482177734,-0.31851408761693784,0.6497406501807272,-9.290701295801997,-0.1604412102244962,-0.012316843494772911,0.00799676775932312,3.071008450308442,0.009726911783218384
1746575875998238500,33.29223852539062,0.06907787506153108,-0.00009213946759700775,0.023376448750899784,-0.020609941333532333,0.06082536146222177,0.984906451764196,0.1344527133505075,right,-0.0008175969123840332,-0.318372680732852,0.6428679148670285,-9.291614318993688,-0.16035289291926938,0.015063092112541199,0.0044295042753219604,3.0696912302300334,0.006025463342666626
1746575876038238700,33.33223876953125,0.06844583656301004,-0.01818915829062462,0.02313075067560515,-0.0037759020924568176,0.06064291544658612,0.9849838839320356,0.13394778339096866,right,0.003676474094390869,-0.317670762314444,0.6371423768270761,-9.29416634156406,-0.15998238745169957,0.018176881596446037,0.004226841032505035,3.063153060632944,0.005105555057525635
1746575876078238700,33.37223876953125,0.06825809878647839,-0.011244837194681168,0.02311737999180323,-0.009300831705331802,0.06024361096165275,0.9850352621970565,0.13309298928571878,right,-0.0006275177001953125,-0.3173688942214529,0.6354604881547391,-9.29520795957148,-0.1598182810572767,0.01054017897695303,0.0036848708987236023,3.060340633560717,0.0013884902000427246
1746575876118238700,33.41223876953125,0.0680706822736855,-0.004300516564399004,0.02310401517401609,-0.014825761318206787,0.05984429629729515,0.9850865567852753,0.13223836197581798,right,-0.00493168830871582,-0.31706696019651215,0.6337812298309058,-9.296248408535122,-0.1596541700692674,0.0029034772887825966,0.003142639994621277,3.0575276219666003,-0.00232851505279541
1746575876158238700,33.45223876953125,0.0680706822736855,0.01847105473279953,0.02310401517401609,-0.008033543825149536,0.05984429629729515,0.9850865567852753,0.13223836197581798,right,-0.0018020868301391602,-0.31706696019651215,0.6337812298309058,-9.296248408535122,-0.1596541700692674,0.007680854760110378,0.005367159843444824,3.0575276219666003,-0.003258317708969116
1746575876198238700,33.49223876953125,0.06726859138276087,0.030914444476366043,0.022623728774536254,-0.02942335046827793,0.06055171295802455,0.9850948390788252,0.13352306072645537,right,-0.003098785877227783,-0.31657989955519095,0.626424656523019,-9.298238121047616,-0.15940498585415683,0.0035495124757289886,0.0025321245193481445,3.052988809493184,0.0005044639110565186
1746575876238238500,33.532238525390625,0.06639276251263533,0.02650759369134903,0.022107134502555748,-0.024566657841205597,0.06121997798179209,0.9850908587477203,0.13472511154572073,right,0.000278472900390625,-0.3162843167676923,0.6183405726581812,-9.29968364368081,-0.1592462933223408,0.009979628957808018,0.0009192600846290588,3.050233957827091,0.0009608268737792969
1746575876278238500,33.572238525390624,0.06605869356411444,0.013236665166914463,0.021884888891287434,-0.012100322172045708,0.06171966632879881,0.9851024185203592,0.13566479811609397,right,0.0014910697937011719,-0.3158093926688231,0.6153293350782245,-9.301333748975395,-0.1590125998420896,0.00610422994941473,0.0022997111082077026,3.0458073735564946,0.002843797206878662
1746575876318238700,33.61223876953125,0.06605869356411444,-0.005825645290315151,0.021884888891287434,-0.0004836656153202057,0.06171966632879881,0.9851024185203592,0.13566479811609397,right,0.002713501453399658,-0.3158093926688231,0.6153293350782245,-9.301333748975395,-0.1590125998420896,-0.006667224690318108,0.0024067312479019165,3.0458073735564946,0.005839407444000244
1746575876358238700,33.65223876953125,0.06601137656237226,-0.008063271641731262,0.021888828126544118,0.003559115808457136,0.06146207728875615,0.9850895138702267,0.13515080802843776,right,0.0012559294700622559,-0.3161886102744922,0.6148130561191588,-9.300209713381529,-0.15919215448395796,-0.002569583710283041,0.002128198742866516,3.0493419774234294,0.003319650888442993
1746575876398238700,33.69223876953125,0.06601137656237226,-0.010300897061824799,0.021888828126544118,0.007601897232234478,0.06146207728875615,0.9850895138702267,0.13515080802843776,right,-0.00008696317672729492,-0.3161886102744922,0.6148130561191588,-9.300209713381529,-0.15919215448395796,0.0015280572697520256,0.001797012984752655,3.0493419774234294,0.0011602938175201416
1746575876438238700,33.73223876953125,0.06601137656237226,-0.000036481767892837524,0.021888828126544118,0.0005146358162164688,0.06146207728875615,0.9850895138702267,0.13515080802843776,right,-0.0006642937660217285,-0.3161886102744922,0.6148130561191588,-9.300209713381529,-0.15919215448395796,0.004109231289476156,0.004359535872936249,3.0493419774234294,0.001703500747680664
1746575876478238500,33.77223852539063,0.06601137656237226,0.007600309792906046,0.021888828126544118,0.00041577054071240127,0.06146207728875615,0.9850895138702267,0.13515080802843776,right,-0.00011646747589111328,-0.3161886102744922,0.6148130561191588,-9.300209713381529,-0.15919215448395796,0.0014574748929589987,0.00457879900932312,3.0493419774234294,0.002212613821029663
1746575876518238500,33.812238525390626,0.06601137656237226,0.0005393046885728836,0.021888828126544118,0.000029502349207177758,0.06146207728875615,0.9850895138702267,0.13515080802843776,right,0.0011824369430541992,-0.3161886102744922,0.6148130561191588,-9.300209713381529,-0.15919215448395796,0.00010341987945139408,0.004437178373336792,3.0493419774234294,0.0034932196140289307
1746575876558238700,33.85223876953125,0.06601137656237226,0.00032433532760478556,0.021888828126544118,-0.002998320385813713,0.06146207728875615,0.9850895138702267,0.13515080802843776,right,-0.0003482699394226074,-0.3161886102744922,0.6148130561191588,-9.300209713381529,-0.15919215448395796,-0.0008793630404397845,0.002829819917678833,3.0493419774234294,0.0011098980903625488
1746575876598238700,33.89223876953125,0.06601137656237226,-0.0012376978993415833,0.021888828126544118,0.003370711114257574,0.06146207728875615,0.9850895138702267,0.13515080802843776,right,0.0009757280349731445,-0.3161886102744922,0.6148130561191588,-9.300209713381529,-0.15919215448395796,-0.0014745995867997408,0.0021430999040603638,3.0493419774234294,0.0007727742195129395
1746575876638238700,33.93223876953125,0.06601137656237226,-0.0007718141423538327,0.021888828126544118,0.0026935902424156666,0.06146207728875615,0.9850895138702267,0.13515080802843776,right,-0.0002636909484863281,-0.3161886102744922,0.6148130561191588,-9.300209713381529,-0.15919215448395796,-0.004911758005619049,0.0028488188982009888,3.0493419774234294,0.0011785626411437988
1746575876678238700,33.97223876953125,0.06632573359315985,0.001273810281418264,0.022043948548095788,0.0064957402646541595,0.061355934994783715,0.9850654457139157,0.13500041678927632,right,-0.000436246395111084,-0.3165141945224825,0.6176707836378366,-9.299024887511134,-0.15936040680826652,-0.001958395354449749,0.0032380521297454834,3.0523765228137374,0.0011990368366241455
1746575876718238700,34.01223876953125,0.06632573359315985,0.003319434355944395,0.022043948548095788,0.010297889821231365,0.061355934994783715,0.9850654457139157,0.13500041678927632,right,-0.00048804283142089844,-0.3165141945224825,0.6176707836378366,-9.299024887511134,-0.15936040680826652,0.0009949670638889074,0.003918692469596863,3.0523765228137374,0.001528918743133545
1746575876758238500,34.05223852539063,0.06710084538882617,-0.0037216758355498314,0.022435159001207922,0.008313438855111599,0.061195626726723344,0.9850498350750078,0.13480764277751683,right,-0.002217531204223633,-0.3166791669563938,0.6248445477247238,-9.298040552648901,-0.15946322490745365,0.006540852598845959,0.0010827407240867615,3.0539138153836127,0.0024046599864959717
1746575876798238700,34.09223876953125,0.06735898689619765,-0.008997505530714989,0.022595049733972215,0.009778521955013275,0.06101911957158472,0.9850717320456616,0.1344825928167736,right,0.0007204413414001465,-0.3164883487447876,0.6272839767660945,-9.298460239365696,-0.15937352277037706,0.003665041644126177,0.006909474730491638,3.0521356997951865,0.0004302561283111572
1746575876838238700,34.13223876953125,0.06755400547168773,-0.011641331017017365,0.022728594614358187,0.0016638608649373055,0.0607205963719201,0.9850703031150676,0.13391745635088265,right,0.0015617609024047852,-0.3166998071660177,0.6290537629175931,-9.297693931168316,-0.15947713579948813,-0.004160155076533556,0.007002346217632294,3.0541061230853197,-0.00038871169090270996
1746575876878238700,34.17223876953125,0.06774889518985246,-0.01428515650331974,0.02286214203960058,-0.00645079929381609,0.06042197931602912,0.9850688006870958,0.13335214981947005,right,0.002403080463409424,-0.31691138357376497,0.6308220146991312,-9.29692586940527,-0.15958072790939773,-0.011985352262854576,0.007095359265804291,3.0560777154192325,-0.0012078583240509033
1746575876918238700,34.21223876953125,0.06787480666322648,0.005035232752561569,0.02291448004339489,0.001250559464097023,0.0603376236697375,0.9850280286904824,0.13322606590245128,right,-0.0004004836082458496,-0.31746709504995485,0.6318772959057242,-9.29515067642629,-0.15985658905365077,-0.015875885263085365,0.004722811281681061,3.0612557025790212,-0.0013847947120666504
1746575876958238700,34.25223876953125,0.06797770392781637,0.017707178369164467,0.022898659975101578,-0.007205156609416008,0.06056415012945181,0.9849552115899366,0.13373508884054502,right,-0.001381516456604004,-0.3181910851004398,0.632683059330657,-9.292872210100292,-0.1602218216882759,-0.01895834133028984,0.004688948392868042,3.067999916142225,0.0006711483001708984
1746575876998238500,34.29223852539062,0.06782142737876502,0.014006025157868862,0.022738956569751046,-0.007543496321886778,0.06092622787123868,0.984883312051095,0.13447424920299386,right,-0.0009627342224121094,-0.31884766386166524,0.6310941096387803,-9.290959069955349,-0.16054861908946574,-0.014290697872638702,0.004214197397232056,3.074114891891181,0.005379587411880493
1746575877038238700,34.33223876953125,0.06745010679668216,0.009758547879755497,0.022494581872577708,-0.012139517813920975,0.061227092015937144,0.9848359271938296,0.13504424878570287,right,0.0020198822021484375,-0.31928610788505646,0.6275532952267676,-9.289847309321164,-0.16075946041383288,-0.00344828050583601,0.0024333298206329346,3.078197485029697,0.0038009583950042725
1746575877078238700,34.37223876953125,0.06719195045475458,0.015275433659553528,0.022319970160974218,-0.006301772780716419,0.061566720184067183,0.9848279825051178,0.13568670480260162,right,0.0032156705856323242,-0.3191712262597064,0.6251787481151521,-9.290361688584088,-0.16070221989198322,0.0078642088919878,0.004586629569530487,3.0771278099715706,0.0030983388423919678
1746575877118238700,34.41223876953125,0.0675547723315643,0.01095554418861866,0.0224644663757954,0.0030077407136559486,0.06183729481786494,0.9848345521887204,0.13627884601190948,right,-0.002359449863433838,-0.3188011570455947,0.6286262582205235,-9.291269451078772,-0.16053794700946902,0.003028114326298237,0.00327388197183609,3.0736817611709237,0.00457763671875
1746575877158238700,34.45223876953125,0.0675547723315643,-0.0016801469027996063,0.0224644663757954,0.00010441150516271591,0.06183729481786494,0.9848345521887204,0.13627884601190948,right,0.0006778836250305176,-0.3188011570455947,0.6286262582205235,-9.291269451078772,-0.16053794700946902,-0.00015499908477067947,0.005872450768947601,3.0736817611709237,0.004147142171859741
1746575877198238700,34.49223876953125,0.0675547723315643,-0.0026432080194354057,0.0224644663757954,0.002301208907738328,0.06183729481786494,0.9848345521887204,0.13627884601190948,right,0.0014947056770324707,-0.3188011570455947,0.6286262582205235,-9.291269451078772,-0.16053794700946902,-0.0012053671525791287,0.003124423325061798,3.0736817611709237,0.001806795597076416
1746575877238238500,34.532238525390625,0.0675547723315643,0.002328312024474144,0.0224644663757954,0.012392958626151085,0.06183729481786494,0.9848345521887204,0.13627884601190948,right,0.0008303523063659668,-0.3188011570455947,0.6286262582205235,-9.291269451078772,-0.16053794700946902,-0.0037400145083665848,0.0037826895713806152,3.0736817611709237,0.002550870180130005
1746575877278238500,34.572238525390624,0.06803515735781579,0.0038183927536010742,0.02269429039290551,0.0067515624687075615,0.06183071624324906,0.9848241012281643,0.13634549997065173,right,0.00030857324600219727,-0.31883901936749165,0.6330817032594234,-9.290850348883867,-0.16057218390273786,0.0011011045426130295,0.004180319607257843,3.0740345201313493,0.0017940402030944824
1746575877318238700,34.61223876953125,0.06851554867100428,0.0053084734827280045,0.02292411441001519,0.0011101658456027508,0.061824100919944204,0.9848136971957216,0.13641211865207228,right,-0.00021344423294067383,-0.31887690467258206,0.6375368560373783,-9.290429493123293,-0.16060642079600654,0.005942223593592644,0.004577971994876862,3.0743872790917752,0.0010372400283813477
1746575877358238700,34.65223876953125,0.06851554867100428,0.006798554211854935,0.02292411441001519,-0.00453123077750206,0.061824100919944204,0.9848136971957216,0.13641211865207228,right,-0.0006924271583557129,-0.31887690467258206,0.6375368560373783,-9.290429493123293,-0.16060642079600654,0.010783342644572258,0.0054299309849739075,3.0743872790917752,0.00031641125679016113
1746575877398238700,34.69223876953125,0.06851554867100428,0.018507206812500954,0.02292411441001519,-0.0061778537929058075,0.061824100919944204,0.9848136971957216,0.13641211865207228,right,-0.001354515552520752,-0.31887690467258206,0.6375368560373783,-9.290429493123293,-0.16060642079600654,0.011615385301411152,0.0039047971367836,3.0743872790917752,0.0013381540775299072
1746575877438238700,34.73223876953125,0.06884120963592472,0.018635191023349762,0.022998932129198655,-0.009806904941797256,0.06249127506233551,0.9848202941401014,0.13778911590875653,right,0.0005755424499511719,-0.3181940969526527,0.6407066451799124,-9.292313407173753,-0.16029639546139413,0.0011872248724102974,0.0038701221346855164,3.06802797319293,0.0012930035591125488
1746575877478238500,34.77223852539063,0.0686997743488376,0.009572635404765606,0.022872966144872643,-0.008763208985328674,0.0628773212552801,0.9848072121115279,0.13854485587000948,right,0.0018429160118103027,-0.31807882707042173,0.6394166053693742,-9.292756474766135,-0.16024391049866976,0.0002971466165035963,0.004097305238246918,3.066954206481576,0.0040457844734191895
1746575877518238500,34.812238525390626,0.0686997743488376,0.0073181260377168655,0.022872966144872643,-0.004563737660646439,0.0628773212552801,0.9848072121115279,0.13854485587000948,right,0.0009666085243225098,-0.31807882707042173,0.6394166053693742,-9.292756474766135,-0.16024391049866976,0.0005104973679408431,0.0020568445324897766,3.066954206481576,0.0036519765853881836
1746575877558238700,34.85223876953125,0.0686997743488376,0.005625003483146429,0.022872966144872643,-0.00010398123413324356,0.0628773212552801,0.9848072121115279,0.13854485587000948,right,0.0006989240646362305,-0.31807882707042173,0.6394166053693742,-9.292756474766135,-0.16024391049866976,0.0008148427004925907,0.0033909976482391357,3.066954206481576,0.004029422998428345
1746575877598238700,34.89223876953125,0.0686997743488376,0.003931880928575993,0.022872966144872643,0.0043557751923799515,0.0628773212552801,0.9848072121115279,0.13854485587000948,right,0.00043129920959472656,-0.31807882707042173,0.6394166053693742,-9.292756474766135,-0.16024391049866976,0.0011191880330443382,0.004725150763988495,3.066954206481576,0.004406869411468506
1746575877638238700,34.93223876953125,0.0686997743488376,-0.002469940111041069,0.022872966144872643,0.005605272017419338,0.0628773212552801,0.9848072121115279,0.13854485587000948,right,-0.0008199214935302734,-0.31807882707042173,0.6394166053693742,-9.292756474766135,-0.16024391049866976,-0.000220542773604393,0.0053632259368896484,3.066954206481576,0.003179877996444702
1746575877678238700,34.97223876953125,0.0686997743488376,-0.0039638616144657135,0.022872966144872643,-0.0033461274579167366,0.0628773212552801,0.9848072121115279,0.13854485587000948,right,-0.002539694309234619,-0.31807882707042173,0.6394166053693742,-9.292756474766135,-0.16024391049866976,0.0006100466125644743,0.0038812756538391113,3.066954206481576,0.0016997158527374268
1746575877718238700,35.01223876953125,0.06918119187900804,-0.004650350660085678,0.023110731848057366,0.0018659909255802631,0.06291118659137432,0.9848213915524588,0.13867787825847377,right,0.0003832578659057617,-0.31777072311160615,0.6439555639732629,-9.293389511972665,-0.16010899132335318,0.0024316394701600075,0.008767515420913696,3.0640842040032146,0.0009507536888122559
1746575877758238500,35.05223852539063,0.06974517433656892,-0.008844336494803429,0.023410380071658698,0.009982496500015259,0.06270957046663331,0.9848180238709536,0.1383641018282062,right,-0.005830109119415283,-0.31785709240768617,0.6491782670576125,-9.292761150941253,-0.1601655423878531,-0.00643943902105093,0.0037813931703567505,3.0648887983843682,0.00511932373046875
1746575877798238700,35.09223876953125,0.0695081028392522,-0.011708849109709263,0.02331423474581223,-0.0039125606417655945,0.06252386017252655,0.9848089424910366,0.1379628003724496,right,0.0008823275566101074,-0.3181712050670976,0.6469083493642509,-9.291953926211596,-0.1603079830573932,-0.0027327281422913074,0.007410377264022827,3.0678149149641394,0.0027866363525390625
1746575877838238700,35.13223876953125,0.0695081028392522,0.003353516571223736,0.02331423474581223,-0.007266664877533913,0.06252386017252655,0.9848089424910366,0.1379628003724496,right,-0.0006766319274902344,-0.3181712050670976,0.6469083493642509,-9.291953926211596,-0.1603079830573932,-0.0009999143658205867,0.0012150406837463379,3.0678149149641394,0.000008940696716308594
1746575877878238700,35.17223876953125,0.06897318165761893,0.02517244592308998,0.023015864544493298,-0.010067730210721493,0.06276617063324715,0.9847974670230893,0.13837064711119215,right,-0.0003414750099182129,-0.3182332218766386,0.6419246426675468,-9.292108824512361,-0.16032647731859323,-0.00033846613951027393,0.0017782151699066162,3.0683924225911494,0.0005609095096588135
1746575877918238700,35.21223876953125,0.06905552266785807,0.014926153235137463,0.022963086571731444,-0.001107322983443737,0.06324311476971622,0.9847372381688162,0.13936906682475925,right,0.002113163471221924,-0.3185913858409483,0.6426139401059597,-9.290959069955349,-0.16051675742178934,-0.016908865422010422,0.0042995065450668335,3.071728289015591,0.008790433406829834
1746575877958238700,35.25223876953125,0.06935798523441335,0.004399780184030533,0.023070081705509865,0.004832478705793619,0.06334951827690054,0.9846852754927663,0.139657660680186,right,0.0011363625526428223,-0.3190962240788265,0.6453164770629256,-9.289216025680304,-0.16077801768421981,0.0013654772192239761,0.0026229768991470337,3.07642959857434,0.0001310408115386963
1746575877998238500,35.29223852539062,0.0694358194735146,0.02271808311343193,0.023078441921423592,-0.0040409923531115055,0.06362127526572611,0.9846963292153713,0.14020502316857433,right,0.002019345760345459,-0.3187198114587772,0.6461198293350636,-9.290320187529922,-0.1606016257512006,0.014978882856667042,0.005564898252487183,3.0729242208018896,-0.003557264804840088
1746575878038238700,35.33223876953125,0.06978131910802769,0.038044728338718414,0.023159430303914392,-0.012856412678956985,0.06427608971012788,0.9846906734839943,0.1415665435698236,right,-0.004163026809692383,-0.3181826109485338,0.649444589843601,-9.29174174476564,-0.1603641203083103,0.003898629918694496,0.002834804356098175,3.0679210056871176,0.0018478333950042725
1746575878078238700,35.37223876953125,0.0693038232088003,0.01788979396224022,0.022817594152811163,-0.024159925058484077,0.06497498072486989,0.9846543510459161,0.14290738627245503,right,0.0013127923011779785,-0.3181624927898983,0.6450120142236352,-9.2921123316437,-0.16035421402529834,-0.004773574881255627,0.004049159586429596,3.0677336664214727,0.0067702531814575195
1746575878118238700,35.41223876953125,0.06895887019110819,-0.013547658920288086,0.022619040394063396,0.0020812731236219406,0.06510236250025166,0.9846279007820647,0.14312371044754474,right,0.0051757097244262695,-0.3184619617988134,0.6417432947512716,-9.291417335116863,-0.16049277827534864,-0.00430236617103219,0.002749145030975342,3.0705230048790573,0.007369250059127808
1746575878158238700,35.45223876953125,0.06956306307113251,-0.01656988263130188,0.022990445345005817,0.01712537184357643,0.06456800491973559,0.9846430186380545,0.14214265842273452,right,0.0028313398361206055,-0.31858844783607454,0.6473300088424235,-9.290640505525468,-0.16056339239706552,-0.00222997204400599,0.004387624561786652,3.071700816486776,0.005525320768356323
1746575878198238700,35.49223876953125,0.07016715765390763,-0.019592106342315674,0.023361842877333627,0.03216946870088577,0.06403363319078777,0.9846576711819202,0.1411616691069288,right,0.0004863739013671875,-0.3187154789305307,0.6529149693679064,-9.289858415237068,-0.16063393662273748,-0.0001575781498104334,0.006026275455951691,3.0728838887915013,0.003680884838104248
1746575878238238500,35.532238525390625,0.07101398727883482,-0.009287174791097641,0.023837121395701513,0.01596461609005928,0.06360247086628418,0.9846694909126422,0.14042507851360717,right,-0.0034619569778442383,-0.3187370467615847,0.6607769349146634,-9.289235899424552,-0.16066287859680156,0.0038069121073931456,0.006387114524841309,3.0730846720606086,0.000938117504119873
1746575878278238500,35.572238525390624,0.07101398727883482,0.004045669920742512,0.023837121395701513,-0.0015707369893789291,0.06360247086628418,0.9846694909126422,0.14042507851360717,right,-0.0020371079444885254,-0.3187370467615847,0.6607769349146634,-9.289235899424552,-0.16066287859680156,0.011665626429021358,0.007010951638221741,3.0730846720606086,-0.0001913011074066162
1746575878318238700,35.61223876953125,0.07100766960699835,0.01196430716663599,0.023855286852276922,-0.009838283993303776,0.06370681480720089,0.9847363627897209,0.14059259270048272,right,-0.0005440711975097656,-0.31780983299001087,0.6609201427776366,-9.292078429374099,-0.16020852094319935,0.011927093379199505,0.006748281419277191,3.0644486534014344,0.0013738572597503662
1746575878358238700,35.65223876953125,0.07065705909550889,0.010979730635881424,0.02365661590423178,-0.012329595163464546,0.06399539620287167,0.9847548378321566,0.14110320718373906,right,0.001601099967956543,-0.3174142995507586,0.6577477232865989,-9.293518106788396,-0.1600088114529001,0.00653630867600441,0.005174651741981506,3.06076382740885,0.004319667816162109
1746575878398238700,35.69223876953125,0.07033466327905288,-0.0006261970847845078,0.023488662092202576,-0.008937985636293888,0.06415156083459533,0.9847730329743338,0.14135452626085998,right,0.003175079822540283,-0.3171247185598165,0.6548137156613171,-9.29461350080967,-0.15985897421350573,0.00483456626534462,0.003596283495426178,3.058065674366057,0.006748884916305542
1746575878438238700,35.73223876953125,0.07003845315493244,-0.0036941098514944315,0.023373235796374806,-0.001038295216858387,0.06405738548815568,0.9848058032655538,0.14110250038643837,right,0.0003216862678527832,-0.3168508479971266,0.6521191428150981,-9.295642259335517,-0.1597117801524735,0.007524547167122364,0.0035483837127685547,3.055513651795685,0.0023166239261627197
1746575878478238500,35.77223852539063,0.06996132254369897,-0.0009260962251573801,0.02334795763185813,-0.0023979605175554752,0.06408684583780976,0.984836822286837,0.1411313439119572,right,0.0007003545761108398,-0.31645116831409076,0.6514874938480556,-9.296910087314247,-0.15951297560909528,0.0067121610045433044,0.0043115317821502686,3.051789078314602,0.003072798252105713
1746575878518238500,35.812238525390626,0.06996132254369897,0.0018419171683490276,0.02334795763185813,-0.0037576258182525635,0.06408684583780976,0.984836822286837,0.1411313439119572,right,0.0009497404098510742,-0.31645116831409076,0.6514874938480556,-9.296910087314247,-0.15951297560909528,0.005899774841964245,0.005010269582271576,3.051789078314602,0.003449171781539917
1746575878558238700,35.85223876953125,0.06996132254369897,-0.0062662106938660145,0.02334795763185813,-0.002569641685113311,0.06408684583780976,0.984836822286837,0.1411313439119572,right,0.0009883642196655273,-0.31645116831409076,0.6514874938480556,-9.296910087314247,-0.15951297560909528,0.009703396819531918,0.00371406227350235,3.051789078314602,0.004039585590362549
1746575878598238700,35.89223876953125,0.06966808168087081,-0.015289569273591042,0.023303101641776385,0.001230905530974269,0.06379532449446769,0.9849536775197526,0.14043736595847514,right,-0.0001474618911743164,-0.31526800728069193,0.6490121167104691,-9.300696035593747,-0.1589133303710492,0.013096969574689865,0.005631871521472931,3.040760319299996,0.0014511644840240479
1746575878638238700,35.93223876953125,0.06954919251038597,-0.010210223495960236,0.023318416007518515,0.0025240974500775337,0.06346285055046345,0.9850131020724536,0.13972206184138347,right,-0.0016884803771972656,-0.3148097889688376,0.6480030857983976,-9.302162016493082,-0.15867571675292408,0.008332623168826103,0.0031979605555534363,3.0364877565473316,-0.00029918551445007324
1746575878678238700,35.97223876953125,0.06954919251038597,0.003144310787320137,0.023318416007518515,-0.006146223284304142,0.06346285055046345,0.9850131020724536,0.13972206184138347,right,-0.000642240047454834,-0.3148097889688376,0.6480030857983976,-9.302162016493082,-0.15867571675292408,0.0016126884147524834,0.0029553398489952087,3.0364877565473316,-0.000550001859664917
1746575878718238700,36.01223876953125,0.06954919251038597,0.003062986768782139,0.023318416007518515,0.011016425676643848,0.06346285055046345,0.9850131020724536,0.13972206184138347,right,-0.0019089579582214355,-0.3148097889688376,0.6480030857983976,-9.302162016493082,-0.15867571675292408,-0.0051468475721776485,0.0035415515303611755,3.0364877565473316,0.0008609592914581299
1746575878758238500,36.05223852539063,0.06954919251038597,-0.00829253438860178,0.023318416007518515,-0.009524534456431866,0.06346285055046345,0.9850131020724536,0.13972206184138347,right,0.0006313323974609375,-0.3148097889688376,0.6480030857983976,-9.302162016493082,-0.15867571675292408,-0.007934603840112686,0.005732111632823944,3.0364877565473316,0.006802082061767578
1746575878798238700,36.09223876953125,0.06896881793018583,-0.008199602365493774,0.02305614262919996,-0.008377077989280224,0.06326461133645214,0.9850050353645913,0.13924375294529975,right,-0.0008536577224731445,-0.3151980531615397,0.6425229738868773,-9.301359467938541,-0.1588428677767089,0.0005641160532832146,0.002269640564918518,3.0401079928711057,0.000514984130859375
1746575878838238700,36.13223876953125,0.06896881793018583,0.012585693970322609,0.02305614262919996,-0.011350365355610847,0.06326461133645214,0.9850050353645913,0.13924375294529975,right,-0.0005320310592651367,-0.3151980531615397,0.6425229738868773,-9.301359467938541,-0.1588428677767089,0.00014297384768724442,0.0023755505681037903,3.0401079928711057,0.0008533000946044922
1746575878878238700,36.17223876953125,0.06843054718844202,0.015523622743785381,0.022713200477783208,-0.011445078998804092,0.06374071599581994,0.9849679206369117,0.14013251260509962,right,-0.001234889030456543,-0.3153930733091267,0.6374756273694336,-9.301112215179204,-0.1589319229209848,-0.007372676860541105,0.002852335572242737,3.0419261482089754,0.0029528141021728516
1746575878918238700,36.21223876953125,0.06805780551370824,0.006885819137096405,0.022478763179194783,-0.011430984362959862,0.06405592412689226,0.9849445625569666,0.14071771252977394,right,0.001960456371307373,-0.3155099546036109,0.6339844973180443,-9.300994726279377,-0.1589841203838745,-0.000024462584406137466,0.0019380375742912292,3.043015989272296,0.004805535078048706
1746575878958238700,36.25223876953125,0.06805780551370824,0.0025058798491954803,0.022478763179194783,-0.011716315522789955,0.06405592412689226,0.9849445625569666,0.14071771252977394,right,0.0019902586936950684,-0.3155099546036109,0.6339844973180443,-9.300994726279377,-0.1589841203838745,0.007707744836807251,0.0028158575296401978,3.043015989272296,0.003787219524383545
1746575878998238500,36.29223852539062,0.06805780551370824,-0.0005028124433010817,0.022478763179194783,0.013628888875246048,0.06405592412689226,0.9849445625569666,0.14071771252977394,right,-0.0010823607444763184,-0.3155099546036109,0.6339844973180443,-9.300994726279377,-0.1589841203838745,0.008955058641731739,0.0019959136843681335,3.043015989272296,0.0022763311862945557
1746575879038238700,36.33223876953125,0.06805780551370824,-0.006528817117214203,0.022478763179194783,0.002667832188308239,0.06405592412689226,0.9849445625569666,0.14071771252977394,right,0.0003446340560913086,-0.3155099546036109,0.6339844973180443,-9.300994726279377,-0.1589841203838745,0.0011222399771213531,0.0030486062169075012,3.043015989272296,0.0030128061771392822
1746575879078238700,36.37223876953125,0.06843845724994034,-0.004710160195827484,0.022685985026769825,0.007571050431579351,0.06398811869334048,0.9849689875398564,0.14062628440669656,right,-0.0003381967544555664,-0.3151754641202252,0.6375945045087487,-9.301767464217543,-0.15883066780318317,-0.0016927507240325212,0.004645109176635742,3.0398972727298736,0.0025957226753234863
1746575879118238700,36.41223876953125,0.06843845724994034,-0.0028915037401020527,0.022685985026769825,0.012474268674850464,0.06398811869334048,0.9849689875398564,0.14062628440669656,right,-0.0010998249053955078,-0.3151754641202252,0.6375945045087487,-9.301767464217543,-0.15883066780318317,-0.004507740959525108,0.006609730422496796,3.0398972727298736,0.0018606483936309814
1746575879158238700,36.45223876953125,0.06843845724994034,-0.007688424084335566,0.022685985026769825,0.007910534739494324,0.06398811869334048,0.9849689875398564,0.14062628440669656,right,-0.001104593276977539,-0.3151754641202252,0.6375945045087487,-9.301767464217543,-0.15883066780318317,-0.0039358437061309814,0.0072264596819877625,3.0398972727298736,0.001898348331451416
1746575879198238700,36.49223876953125,0.06946494065987809,-0.013757807202637196,0.023237952621399372,0.0025056274607777596,0.06358607052639091,0.984967797445731,0.13998134460735914,right,-0.00047075748443603516,-0.3153039582544402,0.6471151239827275,-9.300718247425555,-0.15891924605004296,-0.0069662039168179035,0.006373412907123566,3.041095542603731,0.0027411282062530518
1746575879238238500,36.532238525390625,0.06946494065987809,-0.0015569301322102547,0.023237952621399372,-0.0063530197367072105,0.06358607052639091,0.984967797445731,0.13998134460735914,right,-0.001814424991607666,-0.3153039582544402,0.6471151239827275,-9.300718247425555,-0.15891924605004296,0.003401620779186487,0.004428446292877197,3.041095542603731,-0.0009544491767883301
1746575879278238500,36.572238525390624,0.06946494065987809,0.02430696412920952,0.023237952621399372,-0.013067016378045082,0.06358607052639091,0.984967797445731,0.13998134460735914,right,-0.0004134178161621094,-0.3153039582544402,0.6471151239827275,-9.300718247425555,-0.15891924605004296,0.01053524762392044,0.000990346074104309,3.041095542603731,-0.00007858872413635254
1746575879318238700,36.61223876953125,0.06923208368546624,0.03222185745835304,0.02304456266582467,-0.0026599857956171036,0.06424938881212282,0.9849769014230303,0.14126248297171867,right,0.0026316046714782715,-0.3146888892384898,0.6450786497190595,-9.302733094379306,-0.15862394891460224,0.004668151028454304,0.002857595682144165,3.035360506083071,0.0015725493431091309
1746575879358238700,36.65223876953125,0.0695209920471104,0.01625155285000801,0.023117407845335183,-0.0008044182322919369,0.06470351911106088,0.9849563435434424,0.14222292571742978,right,0.002633035182952881,-0.314510410353931,0.6478039099644869,-9.303086730122565,-0.15855651439805557,0.0021408710163086653,0.0034021884202957153,3.0336960800021884,0.0031888186931610107
1746575879398238700,36.69223876953125,0.06980968294709708,0.0002812519669532776,0.02319024306137332,0.001051149214617908,0.0651576188717265,0.9849355346334482,0.14318321505375345,right,0.0026345252990722656,-0.3143316262551112,0.6505274166442453,-9.303440365865827,-0.15848903090466482,-0.0003864089958369732,0.003946952521800995,3.0320287313118577,0.004805415868759155
1746575879438238700,36.73223876953125,0.06998980138540392,-0.01175773423165083,0.023281228376945587,0.005499463528394699,0.06505020797752369,0.9849156967310829,0.1430082221331453,right,0.0001615285873413086,-0.31463655491283493,0.6521384320374578,-9.302399916902184,-0.1586429107756005,-0.007625876925885677,0.00401441752910614,3.0348724303051826,0.0036453306674957275
1746575879478238500,36.77223852539063,0.06998980138540392,0.006697886623442173,0.023281228376945587,0.0037948740646243095,0.06505020797752369,0.9849156967310829,0.1430082221331453,right,-0.0028288960456848145,-0.31463655491283493,0.6521384320374578,-9.302399916902184,-0.1586429107756005,0.0051864320412278175,0.003490537405014038,3.0348724303051826,-0.0012096762657165527
1746575879518238500,36.812238525390626,0.06998980138540392,0.012704519554972649,0.023281228376945587,0.006273353472352028,0.06505020797752369,0.9849156967310829,0.1430082221331453,right,0.0012082457542419434,-0.31463655491283493,0.6521384320374578,-9.302399916902184,-0.1586429107756005,0.0024580361787229776,0.0062560588121414185,3.0348724303051826,0.004166543483734131
1746575879558238700,36.85223876953125,0.07102041960185981,0.005191806238144636,0.023727499461183743,0.0037839587312191725,0.06538737272342264,0.9848875022610211,0.14385195375713675,right,-0.00044465065002441406,-0.3144880044296072,0.6617573242541402,-9.302172537887095,-0.15861333608753847,-0.0020418644417077303,0.0027165487408638,3.0334871134266255,0.005058169364929199
1746575879598238700,36.89223876953125,0.07102041960185981,-0.01172543689608574,0.023727499461183743,0.012686618603765965,0.06538737272342264,0.9848875022610211,0.14385195375713675,right,0.0005438923835754395,-0.3144880044296072,0.6617573242541402,-9.302172537887095,-0.15861333608753847,0.0011619804427027702,0.004389971494674683,3.0334871134266255,0.0032338201999664307
1746575879638238700,36.93223876953125,0.07114531760385437,-0.012501941993832588,0.023833339313121538,0.00002205837517976761,0.06507237677357221,0.9848972481040523,0.14323780420614352,right,-0.0003178715705871582,-0.31460276583054436,0.6628943654600531,-9.301742914298176,-0.15866657291237873,0.0004563002730719745,0.006502009928226471,3.0345573730066415,0.0016796290874481201
1746575879678238700,36.97223876953125,0.07152419121192423,-0.011009085923433304,0.024042531980722346,-0.004184516612440348,0.06484401321015629,0.9848883031175325,0.14284564523379598,right,-0.000507056713104248,-0.31482626971162486,0.6663700056813657,-9.300814109015464,-0.158784154485622,-0.004067348316311836,0.007060907781124115,3.0366414858043194,0.0031359493732452393
1746575879718238700,37.01223876953125,0.07152419121192423,-0.00951622985303402,0.024042531980722346,-0.008391091600060463,0.06484401321015629,0.9848883031175325,0.14284564523379598,right,-0.0006015300750732422,-0.31482626971162486,0.6663700056813657,-9.300814109015464,-0.158784154485622,-0.008590996265411377,0.007974214851856232,3.0366414858043194,0.004804790019989014
1746575879758238500,37.05223852539063,0.07187172107901132,-0.005838591605424881,0.024252804374166777,0.0036818431690335274,0.0644492190105559,0.98487030897305,0.14212276259114406,right,0.0014217495918273926,-0.3153087037287087,0.6694969785954803,-9.299119580057264,-0.15902404438204254,-0.0031638480722904205,0.0069310665130615234,3.0411396740064025,0.002516835927963257
1746575879798238700,37.09223876953125,0.07187172107901132,0.010135997086763382,0.024252804374166777,0.0015597669407725334,0.0644492190105559,0.98487030897305,0.14212276259114406,right,-0.00035369396209716797,-0.3153087037287087,0.6694969785954803,-9.299119580057264,-0.15902404438204254,-0.004539142362773418,0.004102796316146851,3.0411396740064025,0.001536250114440918
1746575879838238700,37.13223876953125,0.07218424845466806,0.010724153369665146,0.024337697303532455,-0.0028071855194866657,0.06473247665999514,0.9848101209122793,0.142770315985368,right,-0.0011571049690246582,-0.3157692930922756,0.6723020991440862,-9.297512144860624,-0.15926862079773932,-0.005328554660081863,0.006609536707401276,3.04543357180804,0.0035374462604522705
1746575879878238700,37.17223876953125,0.07218424845466806,0.007074795663356781,0.024337697303532455,-0.014058507978916168,0.06473247665999514,0.9848101209122793,0.142770315985368,right,-0.0009209513664245605,-0.3157692930922756,0.6723020991440862,-9.297512144860624,-0.15926862079773932,-0.0024210463743656874,0.004657655954360962,3.04543357180804,0.004491984844207764
1746575879918238700,37.21223876953125,0.0716245913156959,0.011740177869796753,0.023988985984122673,-0.018552709370851517,0.06523196893800712,0.9847876111041469,0.1436937145025581,right,0.002003610134124756,-0.3157589367946491,0.6671008041739463,-9.297918387573956,-0.15925650888070159,0.007379818707704544,0.006506152451038361,3.045336833435297,0.003111541271209717
1746575879958238700,37.25223876953125,0.07142354777074267,-0.0018323231488466263,0.023910701268643156,-0.01520669087767601,0.06528452585842812,0.984837473750887,0.14373805116476998,right,0.0023760199546813965,-0.31512495624901143,0.6653691580757498,-9.299975904625654,-0.15893854706596408,0.010271620005369186,0.005092829465866089,3.039426440347731,0.0032275021076202393
1746575879998238500,37.29223852539062,0.07122248675314838,-0.015404824167490005,0.023832404044834568,-0.011860671453177929,0.0653370624200009,0.9848871690440226,0.1437824731144359,right,0.0027480125427246094,-0.31449094611085304,0.6636363429337739,-9.302029914546011,-0.1586205571935833,0.013163421303033829,0.0036796480417251587,3.033514585955441,0.003343641757965088
1746575880038238700,37.33223876953125,0.07086444111185365,-0.016728991642594337,0.02373755959457916,-0.004446648061275482,0.06500467252584638,0.9849591508129283,0.1430236481322706,right,0.0012178421020507812,-0.3139309107189385,0.6604259295199066,-9.303960005825758,-0.15832428810373833,0.011083772405982018,0.0025941133499145508,3.0282912983492016,-0.00023952126502990723
1746575880078238700,37.37223876953125,0.07078408973738878,-0.013261061161756516,0.023764807719099685,0.008374975062906742,0.06466703336109172,0.985004386030229,0.14231219704832507,right,0.00031304359436035156,-0.31365342597247503,0.6597377280600368,-9.30485081718564,-0.15817669274506252,-0.00006453599780797958,0.003019973635673523,3.025703035421669,0.00024205446243286133
1746575880118238700,37.41223876953125,0.07101375660724513,-0.01850135065615177,0.023930404790995865,0.007053204346448183,0.06428789610767263,0.9850149292719802,0.14158545759030097,right,-0.00019538402557373047,-0.3137859205977094,0.6618462446466088,-9.304299028521775,-0.1582406328923549,-0.005009482614696026,0.005139864981174469,3.0269390069574116,0.0022950172424316406
1746575880158238700,37.45223876953125,0.07112499102163301,-0.015895560383796692,0.024033235440801087,0.009385871700942516,0.06392218319111669,0.9850192540019809,0.14087132095209018,right,-0.00010716915130615234,-0.31401136284655384,0.6628326984006911,-9.30354499528408,-0.15834657030153923,-0.0020327423699200153,0.004919819533824921,3.0290418244555593,0.0010434985160827637
1746575880198238700,37.49223876953125,0.07112499102163301,-0.004039766266942024,0.024033235440801087,0.000813264399766922,0.06392218319111669,0.9850192540019809,0.14087132095209018,right,-0.0008303523063659668,-0.31401136284655384,0.6628326984006911,-9.30354499528408,-0.15834657030153923,-0.0005795977776870131,0.005399763584136963,3.0290418244555593,0.0018242597579956055
1746575880238238500,37.532238525390625,0.07112499102163301,0.0020406655967235565,0.024033235440801087,-0.006870407611131668,0.06392218319111669,0.9850192540019809,0.14087132095209018,right,-0.003988206386566162,-0.31401136284655384,0.6628326984006911,-9.30354499528408,-0.15834657030153923,0.0026789000257849693,0.004268184304237366,3.0290418244555593,0.0034807920455932617
1746575880278238500,37.572238525390624,0.07051060911574558,-0.004890534095466137,0.023768925719982556,-0.009201055392622948,0.06376245127353108,0.985049215135859,0.14044283399289165,right,-0.0016006231307983398,-0.31389470468935593,0.6571415740869939,-9.304302535653115,-0.1582644280914204,0.0032469104044139385,0.0030053555965423584,3.0279537369579077,0.0027741193771362305
1746575880318238700,37.61223876953125,0.07051060911574558,-0.01182173378765583,0.023768925719982556,-0.011531702242791653,0.06376245127353108,0.985049215135859,0.14044283399289165,right,0.0007097125053405762,-0.31389470468935593,0.6571415740869939,-9.304302535653115,-0.1582644280914204,0.0038149207830429077,0.0011621937155723572,3.0279537369579077,0.0019564926624298096
1746575880358238700,37.65223876953125,0.0694354424944428,-0.00270097516477108,0.023303602213057367,-0.0018546022474765778,0.06349563135361554,0.9850993365769742,0.13971973605361185,right,0.0027155280113220215,-0.3137057950236814,0.6471771563682704,-9.305574455285072,-0.15812874346926772,0.00223422609269619,0.0032506510615348816,3.0261914034605026,0.0005849301815032959
1746575880398238700,37.69223876953125,0.0694354424944428,0.005173330195248127,0.023303602213057367,-0.0034237713553011417,0.06349563135361554,0.9850993365769742,0.13971973605361185,right,0.0006334781646728516,-0.3137057950236814,0.6471771563682704,-9.305574455285072,-0.15812874346926772,0.0021293906029313803,0.004184052348136902,3.0261914034605026,0.0013616681098937988
1746575880438238700,37.73223876953125,0.0694354424944428,0.013047635555267334,0.023303602213057367,-0.004992940928786993,0.06349563135361554,0.9850993365769742,0.13971973605361185,right,-0.0014486312866210938,-0.3137057950236814,0.6471771563682704,-9.305574455285072,-0.15812874346926772,0.0020245551131665707,0.005117446184158325,3.0261914034605026,0.0021384060382843018
1746575880478238500,37.77223852539063,0.0695250227476749,0.01725003495812416,0.023261321159380774,-0.0015482113230973482,0.06407227158780707,0.9850744046342054,0.14089670359728404,right,-0.0001628398895263672,-0.3135280035351253,0.6480480939839035,-9.306052594190835,-0.15805779598075148,0.006417798809707165,0.00469786673784256,3.0245331148594614,0.002826690673828125
1746575880518238500,37.812238525390626,0.06961436216066444,0.021452434360980988,0.023219032687089136,0.001896518049761653,0.06464886092487779,0.9850490543074257,0.14207351241211102,right,0.0011230707168579102,-0.3133500520251416,0.6489169127076864,-9.30653131761849,-0.1579867785961901,0.010811042971909046,0.004278503358364105,3.0228730726927515,0.0035151541233062744
1746575880558238700,37.85223876953125,0.07022423126148962,0.004348434507846832,0.023523858839149488,0.018507523462176323,0.06471496102032823,0.9850772718897629,0.14228007893851596,right,-0.0008611679077148438,-0.31280073959058763,0.6547090131778269,-9.307789208725094,-0.15773857285714155,0.006559790577739477,0.006706312298774719,3.0177479847639797,0.004028141498565674
1746575880598238700,37.89223876953125,0.07083383308150762,-0.012755565345287323,0.023828672482880967,0.03511853516101837,0.06478099382881716,0.9851052853698066,0.142486128228027,right,-0.0028460025787353516,-0.3122512900275702,0.6605001637998968,-9.309040670090914,-0.15749033906044935,0.002308537717908621,0.009134195744991302,3.012620558747649,0.004541307687759399
1746575880638238700,37.93223876953125,0.07129460006911184,-0.018529260531067848,0.02410265912605521,0.008744176477193832,0.06436883870010326,0.9850998902329602,0.1417377977836252,right,-0.0003304481506347656,-0.31256669250493146,0.6647216539524495,-9.307787455159426,-0.15765147259750453,-0.011881515383720398,0.009295105934143066,3.0155639187231658,0.0006440877914428711
1746575880678238700,37.97223876953125,0.07157583644751163,0.007376758381724358,0.024238306632987396,0.0044866446405649185,0.06421111745681954,0.9850591271952844,0.1414904876744196,right,0.00020515918731689453,-0.3131605542031093,0.6672111326806247,-9.305812355694174,-0.15794978117914116,-0.013932010158896446,0.008455820381641388,3.0211051862373948,-0.0026542842388153076
1746575880718238700,38.01223876953125,0.0716777163217439,0.02825814113020897,0.024199663352566687,-0.013725101947784424,0.06462074365362858,0.984989637619311,0.142363245676927,right,-0.0024557113647460938,-0.3136855364455531,0.6680455376781523,-9.30416108135581,-0.1582219778395072,-0.012590517289936543,0.008066050708293915,3.026002602890134,0.0021254122257232666
1746575880758238500,38.05223852539063,0.07123741867162627,0.027027282863855362,0.023858753193823783,-0.026908140629529953,0.0653248629291198,0.9849198594497913,0.1437407995096853,right,-0.0015044808387756348,-0.3140803911412228,0.6638637950140982,-9.303261502167581,-0.15841853331775638,-0.011128436774015427,0.006647020578384399,3.0296856753170487,0.007377028465270996
1746575880798238700,38.09223876953125,0.0703680392992771,0.02211363986134529,0.023325405516238674,-0.03214281424880028,0.06595232874404255,0.9848642464651641,0.14489214141485898,right,0.001730203628540039,-0.31444501645869977,0.6556977319542319,-9.302732509857416,-0.1585830117942689,-0.0030305171385407448,0.003562457859516144,3.0330861314103004,0.004332810640335083
1746575880838238700,38.13223876953125,0.06974125263801592,0.022615483030676842,0.02295523324351899,-0.0170358344912529,0.06642616987928238,0.9848556413855237,0.1457460646859191,right,0.0015597343444824219,-0.31428511796179737,0.6499005899827927,-9.303625659304856,-0.15849345233597145,0.00028764503076672554,0.0013596117496490479,3.0315950160697103,0.004175007343292236
1746575880878238700,38.17223876953125,0.06911432649880324,0.023117326200008392,0.02258504690986917,-0.001928853802382946,0.06689998668666639,0.9848464873169571,0.14660001568171988,right,0.0013887286186218262,-0.3141255766085722,0.6441011829890311,-9.30451354805529,-0.15840379033039995,0.003605807200074196,-0.0008429959416389465,3.0301071155995127,0.004016876220703125
1746575880918238700,38.21223876953125,0.06935487982757717,0.04153266176581383,0.022596292058833126,-0.003293014829978347,0.06754278538746178,0.9847972033770103,0.1479449210864489,right,0.0012283921241760254,-0.3141429099139113,0.6463357371080667,-9.304305458262562,-0.1584356004064061,-0.008726272732019424,0.0005254000425338745,3.0302687359020113,0.0019295215606689453
1746575880958238700,38.25223876953125,0.07019968598419594,0.05793945491313934,0.02282870961277357,0.005941455252468586,0.0685797097633961,0.9847007376209411,0.15019322309182995,right,0.00018364191055297852,-0.3142789505520426,0.6541669421903789,-9.303345088797807,-0.15855679810784146,-0.001369924284517765,0.003224670886993408,3.031537440663576,0.001912146806716919
1746575880998238500,38.29223852539062,0.0711418458344101,0.03324487805366516,0.02313811856872643,0.0061070541851222515,0.06951905339918941,0.9846345268569385,0.1522433249967988,right,-0.0018319487571716309,-0.3140776666942026,0.6629752486765385,-9.303333398360014,-0.15851387499152406,0.0007737248670309782,0.0050659626722335815,3.0296602486148476,0.010240256786346436
1746575881038238700,38.33223876953125,0.0711418458344101,-0.005987182259559631,0.02313811856872643,0.011673735454678535,0.06951905339918941,0.9846345268569385,0.1522433249967988,right,0.0020440220832824707,-0.3140776666942026,0.6629752486765385,-9.303333398360014,-0.15851387499152406,0.009690872393548489,0.008623965084552765,3.0296602486148476,0.007305622100830078
1746575881078238700,38.37223876953125,0.0718294620033426,-0.02992827445268631,0.02353388032464584,0.00949852354824543,0.06926556190399795,0.9846853195885126,0.15181169967701083,right,0.0005165934562683105,-0.31350527160175584,0.669496540204063,-9.304602979904413,-0.15825112449606848,0.010062341578304768,0.009991191327571869,3.0243209334135055,0.0044558048248291016
1746575881118238700,38.41223876953125,0.07217418380293165,-0.03964679315686226,0.023830341324100477,0.03804866597056389,0.0685034281761515,0.9847479744840505,0.15030965466314103,right,0.007373929023742676,-0.3133074122595456,0.6727471394978464,-9.304968306085467,-0.15814789678848598,0.006723671220242977,0.014452800154685974,3.022475013285875,0.00038233399391174316
1746575881158238700,38.45223876953125,0.07372365959478554,-0.03756958991289139,0.024718681756102912,0.05760025978088379,0.06763176333667713,0.9847901153426456,0.1487825200820359,right,0.0005776286125183105,-0.3131901826255087,0.6871902370005846,-9.304268048861623,-0.15812442071942284,0.005118486937135458,0.017828553915023804,3.0213813728302714,0.0041748881340026855
1746575881198238700,38.49223876953125,0.07501363824246243,-0.040035802870988846,0.02548298015651615,0.02464667707681656,0.06671209817838351,0.9848257828236956,0.14712446193852652,right,-0.004824638366699219,-0.31324102795824305,0.6991804614584892,-9.303220585635303,-0.15817194276419566,0.001280670054256916,0.019788645207881927,3.0218557123437524,0.005768895149230957
1746575881238238500,38.532238525390625,0.07482250113811055,-0.018432706594467163,0.025506276828062512,-0.015211958438158035,0.06606097807101706,0.9848921704976409,0.14575955255973444,right,-0.00631183385848999,-0.3129969760552268,0.6974573639929295,-9.304089769685268,-0.1580281230740092,0.0167256947606802,0.011811979115009308,3.019578999583423,-0.0006912350654602051
1746575881278238500,38.572238525390624,0.07316223684027666,0.01295139268040657,0.024738095574845853,-0.04481871426105499,0.06612842525802058,0.9849890479228575,0.1455858746875018,right,-0.0020664334297180176,-0.3120753458475929,0.6822123024575412,-9.308006066346168,-0.15751757994395296,0.024338772520422935,0.009430788457393646,3.0109786367595195,0.0026510953903198242
1746575881318238700,38.61223876953125,0.07174728272142519,0.025710027664899826,0.024026513462625014,-0.03959976136684418,0.06670889332739274,0.9850842298222887,0.14647124512551685,right,0.002025127410888672,-0.3106613643487533,0.6693457335565238,-9.313199543336033,-0.1567855641415367,0.04256521910429001,-0.0025188252329826355,2.997778963446617,0.003650963306427002
1746575881358238700,38.65223876953125,0.07041221738799237,-0.027423758059740067,0.02344082740994927,-0.022096632048487663,0.06686631670054378,0.9852422544545996,0.14649023453340007,right,0.002950727939605713,-0.30877183356823723,0.6573087473474443,-9.319718131449818,-0.15581121532876652,0.044479113072156906,-0.006988920271396637,2.98013049403131,0.01633352041244507
1746575881398238700,38.69223876953125,0.0692960320086115,-0.08314274251461029,0.02315391878086184,0.008127843961119652,0.06568213707162537,0.9854548384292593,0.14384190074647088,right,0.0015491247177124023,-0.30728490935315284,0.6472119354207069,-9.324856663382052,-0.15501138614877988,0.03601793944835663,-0.004077058285474777,2.9662352396696803,0.012342453002929688
1746575881438238700,38.73223876953125,0.06872595791556775,-0.07727813720703125,0.02321295945870552,0.019554326310753822,0.06388608474617836,0.9856774071566907,0.1400511789997271,right,-0.000820457935333252,-0.3060417997752013,0.6421487337470054,-9.328895709639788,-0.15433685381772153,0.03626228868961334,-0.006198171526193619,2.954613190937042,0.001365959644317627
1746575881478238500,38.77223852539063,0.06848215877642064,-0.03263004124164581,0.02333968269903611,0.013090476393699646,0.06268959991222262,0.9858659710817572,0.1375218862829078,right,-0.0012251734733581543,-0.3046259025522985,0.6401598980173469,-9.33321591092646,-0.15360233648338742,0.04449198767542839,-0.003275759518146515,2.941370263004303,-0.00655752420425415
1746575881518238500,38.812238525390626,0.06913209410744836,0.00935865193605423,0.02376992051928735,0.03986874222755432,0.062441302304339356,0.9860205351430207,0.13703022454814534,right,0.0021561384201049805,-0.3026464426262708,0.6466266828786581,-9.33858825161457,-0.15264178123777775,0.0462496280670166,0.0012203380465507507,2.9228464720591902,-0.0014887452125549316
1746575881558238700,38.85223876953125,0.07035149937398333,0.005646519362926483,0.024400288834023568,0.01589568704366684,0.06255737070861009,0.9861083983233918,0.13738425605623814,right,-0.0007315278053283691,-0.3011080702382171,0.6583290303058922,-9.342266647866367,-0.1519262189078168,0.02799837477505207,0.00505644828081131,2.9084423913925885,0.004074454307556152
1746575881598238700,38.89223876953125,0.07134260564421784,0.012635274790227413,0.02491568647334148,0.019375348463654518,0.06263886588589113,0.9861811491981537,0.13764380470225362,right,-0.000920712947845459,-0.29984018653423783,0.6678502343017607,-9.345280442729592,-0.15133573998167707,0.03265613317489624,0.007774785161018372,2.8965657833769916,-0.004922091960906982
1746575881638238700,38.93223876953125,0.07228551849268719,0.04781230911612511,0.025353644429799913,0.0029701516032218933,0.0631309128385049,0.986242974265708,0.13871788087386622,right,-0.004308462142944336,-0.29836943242494485,0.6769686296503991,-9.34888577374518,-0.15065418917002682,0.03348695859313011,0.006663419306278229,2.882782757218182,-0.008964955806732178
1746575881678238700,38.97223876953125,0.07297598483712785,0.05939532071352005,0.025575657363999523,-0.007617440074682236,0.06425788703523888,0.9862693376123899,0.14103814012277963,right,-0.0031290650367736816,-0.2968673443908664,0.6837384891115128,-9.352723744472861,-0.14996557503114744,0.026689063757658005,0.006309062242507935,2.868700163590908,-0.0023626983165740967
1746575881718238700,39.01223876953125,0.07264817350700328,0.02499539405107498,0.025310540271957074,-0.024950586259365082,0.06525236905698081,0.9862881699833798,0.14295513281485855,right,0.004623711109161377,-0.295806400845076,0.6808931096177547,-9.355977777832745,-0.14945655639332747,0.012277952395379543,0.00502505898475647,2.8587492629408833,0.01153796911239624
1746575881758238500,39.05223852539063,0.07264817350700328,-0.04599183052778244,0.025310540271957074,0.009341716766357422,0.06525236905698081,0.9862881699833798,0.14295513281485855,right,0.008759677410125732,-0.295806400845076,0.6808931096177547,-9.355977777832745,-0.14945655639332747,-0.009125388227403164,0.005790501832962036,2.8587492629408833,0.005158096551895142
1746575881798238700,39.09223876953125,0.07272915574128606,-0.02892584726214409,0.025493490687261432,0.030633270740509033,0.06419442700410785,0.9863266905357841,0.14084091156255804,right,-0.0026780366897583008,-0.29620605884569245,0.6815676478784531,-9.354782430568337,-0.14962926633011456,-0.009384849108755589,0.0035812705755233765,2.8624980940803884,-0.01009136438369751
1746575881838238700,39.13223876953125,0.07332592457348644,0.025349494069814682,0.025762035714026802,0.0018539689481258392,0.06410150676705606,0.9862626322478643,0.14078112918844957,right,-0.008508026599884033,-0.29701312038095246,0.6869807589683681,-9.352067326390742,-0.15004532186364372,-0.03273788467049599,-0.0013641640543937683,2.87006706802994,-0.005581647157669067
1746575881878238700,39.17223876953125,0.07389426161781056,0.03475325554609299,0.025859750796197352,0.007525352295488119,0.06487463816149804,0.9860973781566161,0.14250252950068554,right,0.00032520294189453125,-0.29842118884690616,0.6919966874342411,-9.347635481423138,-0.15077964590991597,-0.035870105028152466,0.0008527934551239014,2.8832679103866217,0.008118957281112671
1746575881918238700,39.21223876953125,0.07454165233337441,-0.04133456200361252,0.026128895360982438,0.02751889079809189,0.06485845072002927,0.9860061954709682,0.14262073046238494,right,0.0030498504638671875,-0.29950456041338996,0.6978150913894176,-9.344065221720934,-0.1513358737558111,-0.009497759863734245,0.0032036155462265015,2.8934210556104776,0.01810470223426819
1746575881958238700,39.25223876953125,0.07483190935279013,-0.12806835770606995,0.026560606808145145,0.04197131469845772,0.06302714903224828,0.9861396881406893,0.1389380025351523,right,0.003674805164337158,-0.2992354801031111,0.7005854328855872,-9.344638053172826,-0.15116409411704154,0.029763219878077507,0.0073177143931388855,2.8908997204393145,0.013395488262176514
1746575881998238500,39.29223852539062,0.07478228658128488,-0.1559327095746994,0.027048767608128754,0.04849914088845253,0.05989886667536419,0.9863978862505901,0.1325468727728702,right,0.0017204880714416504,-0.29839835416725996,0.7003023050952702,-9.347083108237385,-0.15066440366354644,0.02943570166826248,0.009627684950828552,2.8830539753749966,-0.0020203590393066406
1746575882038238700,39.33223876953125,0.07477578886925446,-0.0903676450252533,0.027478267662515085,0.02936972677707672,0.057154612138297436,0.98658767090672,0.12696518664200182,right,-0.0010404586791992188,-0.29803693223145056,0.7003193292953074,-9.348125895288586,-0.1504099819992704,0.008855702355504036,0.007104247808456421,2.879666086502373,-0.018887847661972046
1746575882078238700,39.37223876953125,0.07495872034530737,0.03181730955839157,0.02766043929524349,0.0033971667289733887,0.05646847842849568,0.9866028684543182,0.12561546830857714,right,-0.005782663822174072,-0.2983201396704113,0.7019682655461132,-9.3471842305243,-0.15053617514950712,-0.014077315106987953,0.005582019686698914,2.8823209849253297,-0.02765217423439026
1746575882118238700,39.41223876953125,0.07560619063004419,0.14985860884189606,0.027647332941655146,-0.03382139280438423,0.05845898097512917,0.9864340022288393,0.1297759052368164,right,-0.008584320545196533,-0.29887282015726624,0.7078997014217078,-9.345137819388508,-0.15088472835984174,-0.030018363147974014,0.0007398650050163269,2.887501017911732,-0.018577158451080322
1746575882158238700,39.45223876953125,0.07626532911481702,0.15132185816764832,0.02739854023895905,-0.02630523219704628,0.061884613236767236,0.9861351304996138,0.13687356611766238,right,0.0029007792472839355,-0.29991545254338403,0.7138295298621058,-9.341662252232432,-0.15151601500867298,-0.04700765013694763,0.004951640963554382,2.8972707167759535,0.004672706127166748
1746575882198238700,39.49223876953125,0.07732276627454229,0.06143304705619812,0.027488367967453017,0.013657256960868835,0.06420969257670729,0.9858557197337345,0.1418254128741536,right,0.008549273014068604,-0.3014000368545449,0.7233743339292704,-9.336603215277194,-0.15234859229048422,-0.04035007953643799,0.009842641651630402,2.9111764925315975,0.018453896045684814
1746575882238238500,39.532238525390625,0.07859332880653175,-0.018113665282726288,0.027997959192413092,0.029533060267567635,0.06449422658106042,0.9857096970212685,0.14266806457846826,right,0.0012046098709106445,-0.30277586678670626,0.734921271599084,-9.331675111225247,-0.15307872383243862,-0.02921218052506447,0.004640005528926849,2.9240578936755655,0.010999292135238647
1746575882278238500,39.572238525390624,0.07940481443153294,-0.0394585058093071,0.028428113897659868,0.03249964863061905,0.06386762691153193,0.9856310811607807,0.1415922197376701,right,0.006909012794494629,-0.3041506801595311,0.7421740192063152,-9.327059726384281,-0.15376656844321443,-0.03605825826525688,0.00647871196269989,2.936924097250402,0.009027451276779175
1746575882318238700,39.61223876953125,0.08058904941907612,-0.028715556487441063,0.029036267144116206,0.037181608378887177,0.06311580159501219,0.9855132261458341,0.14034790399152938,right,0.004519641399383545,-0.30603877523764283,0.7527711818706244,-9.32062998559773,-0.15471590439962582,-0.05086271092295647,0.005636394023895264,2.954584841625392,0.010402143001556396
1746575882358238700,39.65223876953125,0.08152973819088745,-0.019172171130776405,0.029478008798506837,0.014954762533307076,0.06259643697214069,0.9853587702089301,0.139555770525421,right,-0.0008686184883117676,-0.3082522031195098,0.7610041726868599,-9.313377237990498,-0.15582350897291156,-0.05091091990470886,0.00681111216545105,2.975275455215573,0.009692549705505371
1746575882398238700,39.69223876953125,0.0816722934808803,0.0025594625622034073,0.02949864323835755,-0.0005610231310129166,0.062410355461336074,0.9852244841457769,0.13929684814276885,right,-0.0022188425064086914,-0.3101134315720618,0.7618787635643035,-9.307733094623684,-0.1567402687229537,-0.03564140945672989,0.00863194465637207,2.9926623510852455,0.006945878267288208
1746575882438238700,39.73223876953125,0.08135752350371275,0.03839554637670517,0.029236399355417043,-0.028697093948721886,0.06286032625185842,0.9851289002505523,0.14020911884040976,right,-0.004983961582183838,-0.311059864508272,0.7587183998372405,-9.305145416218043,-0.15720959388774455,-0.00832340307533741,0.006518013775348663,3.001499737535417,0.003929615020751953
1746575882478238500,39.77223852539063,0.08088285201095989,0.03790565952658653,0.028871443214121696,-0.014947132207453251,0.06380620298037135,0.9851027813630052,0.14203680176060465,right,0.0029062628746032715,-0.3107317942354049,0.7543809551548213,-9.306485724911093,-0.15705966275869646,0.010544823482632637,0.007652848958969116,2.9984365505725146,0.009206920862197876
1746575882518238500,39.812238525390626,0.08025803478180274,0.00786055438220501,0.028504043662037123,-0.03056560643017292,0.06438199757273978,0.9851218534228727,0.14307675045609142,right,0.0013219118118286133,-0.3101580376764165,0.7487037863012402,-9.308668329647183,-0.1567721955838862,0.01144091784954071,0.003876231610774994,2.993078822931647,0.009146898984909058
1746575882558238700,39.85223876953125,0.07924387494685227,-0.006552734412252903,0.028040088415363654,-0.009177671745419502,0.06438130396797671,0.9851831616190143,0.14288653943699908,right,0.005779922008514404,-0.30961793718733255,0.7393907451633364,-9.311033305212854,-0.15647104511481816,0.01118942815810442,0.004575282335281372,2.9880346912845965,-0.00017836689949035645
1746575882598238700,39.89223876953125,0.07924387494685227,0.0075196754187345505,0.028040088415363654,-0.0015818323008716106,0.06438130396797671,0.9851831616190143,0.14288653943699908,right,0.0021872520446777344,-0.30961793718733255,0.7393907451633364,-9.311033305212854,-0.15647104511481816,-0.011948234401643276,0.0028679370880126953,2.9880346912845965,-0.0011034607887268066
1746575882638238700,39.93223876953125,0.0795078361111805,0.01606643572449684,0.028082617969420087,0.00573972100391984,0.06461547289482293,0.9850771895012311,0.14346035375282581,right,0.000954747200012207,-0.3107261937111634,0.7415850403372198,-9.307530850049853,-0.15703301283002827,-0.03773247450590134,0.0076722651720047,2.998384235863387,0.00038871169090270996
1746575882678238700,39.97223876953125,0.07987117236228707,0.022232962772250175,0.0281256029973481,-0.00428343890234828,0.06507109668110542,0.98493349280187,0.14451387076983208,right,-0.002064943313598633,-0.31210130349217197,0.744637048318982,-9.303141675180196,-0.15773624984430992,-0.03059433400630951,0.0059723034501075745,3.0112209210827947,0.0030399560928344727
1746575882718238700,40.01223876953125,0.07957729984442438,0.02420860528945923,0.027857334708901477,-0.03100564144551754,0.06562955075617098,0.9848337551950516,0.14564588171445617,right,-0.004545450210571289,-0.3129800552260755,0.7416924462344497,-9.300718831947446,-0.15817482462657367,-0.013630634173750877,0.003012336790561676,3.019420886412263,0.005001276731491089
1746575882758238500,40.05223852539063,0.0790257907640608,0.011856146156787872,0.027519543591828895,-0.011250387877225876,0.06608567066752948,0.9848138468815096,0.1464835650212986,right,-0.00026810169219970703,-0.3129793590491185,0.7365630474567413,-9.301128581792115,-0.1581679207310177,0.006274625658988953,0.004651911556720734,3.019414456671476,0.007167458534240723
1746575882798238700,40.09223876953125,0.07850087688662348,-0.013164740055799484,0.02726718164484858,-0.015935197472572327,0.06613973405205525,0.9848349098580741,0.14649950094360106,right,0.002911806106567383,-0.31279117123502415,0.7317252520367503,-9.302080183428526,-0.15805819631649123,0.0031362497247755527,0.0032014697790145874,3.017658552914858,0.008154064416885376
1746575882838238700,40.13223876953125,0.07850087688662348,-0.013853432610630989,0.02726718164484858,0.00044455938041210175,0.06613973405205525,0.9848349098580741,0.14649950094360106,right,0.001095592975616455,-0.31279117123502415,0.7317252520367503,-9.302080183428526,-0.15805819631649123,-0.0006516040302813053,0.0021813586354255676,3.017658552914858,0.0029624998569488525
1746575882878238700,40.17223876953125,0.07819217087315464,0.0000830749049782753,0.027175384483131188,0.003768899478018284,0.06569632367647904,0.9848434218744823,0.1455670063143438,right,-0.0004265308380126953,-0.31313724938345644,0.7287719551891088,-9.301264190870523,-0.15820559745485271,-0.012119034305214882,0.003489360213279724,3.020887744094431,0.0014198124408721924
1746575882918238700,40.21223876953125,0.07822240197038975,0.006945495959371328,0.02715507441891693,-0.002397027797996998,0.0657264508298323,0.98478638768471,0.14566837277671335,right,0.0007984638214111328,-0.31383492499108767,0.7288882750451564,-9.299138869279622,-0.1585511991933244,-0.021429281681776047,0.006153076887130737,3.0273961030751466,0.0027256011962890625
1746575882958238700,40.25223876953125,0.07865473451327214,0.014600900933146477,0.027291031684568073,-0.005218237638473511,0.06600429446949678,0.9847113612332912,0.14633371610242754,right,-0.0024022459983825684,-0.3144523995524253,0.7327615362819284,-9.296957433587313,-0.15887824147307017,-0.01700562611222267,0.00645776093006134,3.0331551049932837,0.0021728575229644775
1746575882998238500,40.29223852539062,0.07908752843153101,0.022256305441260338,0.02742697566558849,-0.008039447478950024,0.06628202389408679,0.98463609393089,0.14699925150804796,right,-0.005603373050689697,-0.3150695285202015,0.7366370625410229,-9.294771321719884,-0.15920521845035682,-0.012581968680024147,0.006762191653251648,3.038909722997248,0.0016205310821533203
1746575883038238700,40.33223876953125,0.07874121086793977,0.013636025600135326,0.027166243144211493,-0.02204401046037674,0.06669814237437892,0.9845651776922849,0.14782064437575662,right,-0.0016062259674072266,-0.3156983992103012,0.7332676591731607,-9.29311887833774,-0.1595142272336882,-0.018355317413806915,0.006055861711502075,3.0447727698117495,0.0032373666763305664
1746575883078238700,40.37223876953125,0.0779609690385605,0.0037569571286439896,0.026722901032400943,-0.018452225252985954,0.06695213868543484,0.9845119034668729,0.14824299752962078,right,0.0018668770790100098,-0.3163439227115679,0.7258633012007921,-9.291727131718396,-0.1598113225195473,-0.011191821657121181,0.007018104195594788,3.050789545883238,0.0018344223499298096
1746575883118238700,40.41223876953125,0.07747692997264266,0.005896899849176407,0.026463714243426795,-0.013495005667209625,0.06710599188680276,0.9845065610987181,0.14847955471391278,right,0.001330733299255371,-0.31639473858450934,0.721353641756624,-9.291922946551441,-0.15982322610754737,0.007127082906663418,0.006485432386398315,3.051263300874829,-0.0024048686027526855
1746575883158238700,40.45223876953125,0.07747692997264266,-0.00025180354714393616,0.026463714243426795,-0.003316418267786503,0.06710599188680276,0.9845065610987181,0.14847955471391278,right,-0.0008878111839294434,-0.31639473858450934,0.721353641756624,-9.291922946551441,-0.15982322610754737,-0.0005940431728959084,0.005824290215969086,3.051263300874829,0.0025780797004699707
1746575883198238700,40.49223876953125,0.07747692997264266,-0.02100869081914425,0.026463714243426795,-0.0018306996207684278,0.06710599188680276,0.9845065610987181,0.14847955471391278,right,0.0012546181678771973,-0.31639473858450934,0.721353641756624,-9.291922946551441,-0.15982322610754737,-0.016069211065769196,0.005942650139331818,3.051263300874829,0.006279647350311279
1746575883238238500,40.532238525390625,0.07667930903649695,-0.02506137639284134,0.02614388201758328,-0.0007365314522758126,0.06647268182117852,0.9844907496212757,0.14711026029392524,right,0.0011271834373474121,-0.3173265982681034,0.713723877530545,-9.289656170663237,-0.16023688385923543,-0.00738067552447319,0.006010375916957855,3.059946665807068,0.0018574297428131104
1746575883278238500,40.572238525390624,0.07617014241191705,-0.003771139308810234,0.025925220165872963,-0.013862010091543198,0.06656856338493397,0.9845683312858075,0.14717499607467135,right,0.0008078813552856445,-0.3163803115095813,0.7092138527601957,-9.292901436194777,-0.15975538222343497,0.011005884036421776,0.0040178075432777405,3.0511285685792564,0.007407456636428833
1746575883318238700,40.61223876953125,0.07566107338276001,0.01751909777522087,0.025706554216704435,-0.026987487450242043,0.0666644144104171,0.9846456619199325,0.14724020150855013,right,0.00048738718032836914,-0.3154340559902755,0.704700905380398,-9.296135595810412,-0.15927382701720436,0.02939244545996189,0.0020255297422409058,3.0423084255248307,0.012957662343978882
1746575883358238700,40.65223876953125,0.07476860649807138,0.009981523267924786,0.02527773687253026,-0.03646160289645195,0.06700950491350627,0.9847377620924269,0.14773443930862498,right,-0.0008084774017333984,-0.31416511888850374,0.6966919325783848,-9.300603096613287,-0.1586261189017206,0.026956623420119286,-0.0011356249451637268,3.030475948911905,0.010700792074203491
1746575883398238700,40.69223876953125,0.07379294694133252,-0.005374490283429623,0.024835595570168567,-0.00555475614964962,0.06716958217921373,0.9848376791171214,0.14784436835372458,right,0.005431115627288818,-0.3129707845931187,0.6878837722226977,-9.304881212323904,-0.1580071842180496,0.0300957802683115,0.006378397345542908,3.0193343771725893,0.00663110613822937
1746575883438238700,40.73223876953125,0.07417067337130812,-0.019182592630386353,0.025109422971568252,0.015964776277542114,0.06684342218989496,0.984925970955272,0.14719700516501114,right,-0.003337681293487549,-0.3120343241000262,0.6916076150514185,-9.307436742025613,-0.15755100772772754,0.022441938519477844,0.006901204586029053,3.0105957749217747,-0.0003775060176849365
1746575883478238500,40.77223852539063,0.07428958335176263,-0.002149965614080429,0.025236401142728706,0.002934219315648079,0.06658151991498691,0.9849924347333108,0.14665239606797079,right,0.00011080503463745117,-0.3113806239480887,0.6928603185262531,-9.309314810857176,-0.1572264439745547,0.009662669152021408,0.008502230048179626,3.0044939509153363,-0.00904315710067749
1746575883518238500,40.812238525390626,0.07468268906394948,0.056544918566942215,0.02537137564629868,-0.012399544939398766,0.06707133299874739,0.9849961099304898,0.14768193053671022,right,-0.007830202579498291,-0.31081276260370344,0.6966469974581152,-9.3107416287899,-0.1569731786569414,0.01321781612932682,0.005777053534984589,2.999192629636824,-0.01937180757522583
1746575883558238700,40.85223876953125,0.07408690498611033,0.04584021121263504,0.024837594772790583,-0.019144093617796898,0.06871837033604537,0.9849191692191602,0.15091505537997402,right,-0.00009137392044067383,-0.31047835015981917,0.691173899809271,-9.312155002719164,-0.15682898564989003,0.002173551358282566,0.006554141640663147,2.9960701137021184,-0.004017859697341919
1746575883598238700,40.89223876953125,0.07349005409552796,0.035135503858327866,0.024303744370935437,-0.02588864229619503,0.07036517181898906,0.984839242712217,0.1541479853075293,right,0.007646620273590088,-0.31014576929951154,0.6856888925269246,-9.31355902429819,-0.15668431715128198,-0.008870713412761688,0.007332436740398407,2.9929642566412684,0.011334359645843506
1746575883638238700,40.93223876953125,0.07349005409552796,-0.019409876316785812,0.024303744370935437,-0.002682633697986603,0.07036517181898906,0.984839242712217,0.1541479853075293,right,0.0054291486740112305,-0.31014576929951154,0.6856888925269246,-9.31355902429819,-0.15668431715128198,0.007688220590353012,0.0027810558676719666,2.9929642566412684,0.012922167778015137
1746575883678238700,40.97223876953125,0.07247653122204588,-0.06538668274879456,0.023939869388708093,0.023392412811517715,0.06963851831544512,0.9849209754965002,0.15250349417928125,right,0.007693588733673096,-0.3099870677708552,0.6762834238652139,-9.314722807380557,-0.15655093269402715,0.002483525313436985,0.007370986044406891,2.9914822013899682,0.01157107949256897
1746575883718238700,41.01223876953125,0.07289201885246047,-0.0569566935300827,0.024363406634497663,0.03058522567152977,0.06822173926977522,0.985010918913204,0.1496939244033799,right,-0.0020421743392944336,-0.31001199693145615,0.6801481364693492,-9.314366833549737,-0.15654358927949646,0.0065346998162567616,0.00449979305267334,2.9917151333630083,0.000019878149032592773
1746575883758238500,41.05223852539063,0.07300166850806898,-0.003998413681983948,0.024533548077570026,-0.002651892602443695,0.06752411535995392,0.9850688254823063,0.14828749118599904,right,-0.009130299091339111,-0.30985816384560405,0.6812029792845249,-9.31475086443126,-0.15645443360486694,0.008860571309924126,0.002004265785217285,2.9902783785581586,-0.01168292760848999
1746575883798238700,41.09223876953125,0.07246000830146156,0.03975183144211769,0.024202520847433732,-0.021686015650629997,0.06804718418304406,0.9850638696408959,0.14925009427099797,right,0.002561628818511963,-0.3095789321602108,0.6762178843483329,-9.315950887870788,-0.1563103919713158,-0.005176008678972721,0.00583910197019577,2.987670241886377,-0.005298703908920288
1746575883838238700,41.13223876953125,0.07279576355127326,0.03373466432094574,0.024218283883070638,-0.018714863806962967,0.06883709319364283,0.9849677758753836,0.15092930780488426,right,-0.0008460879325866699,-0.31003743971861153,0.6792459999978542,-9.314356312155724,-0.15656782455938464,-0.009930109605193138,0.0049334242939949036,2.9919527415111657,-0.0035686492919921875
1746575883878238700,41.17223876953125,0.07313240024614541,0.02771749347448349,0.02423402953662084,-0.015743713825941086,0.0696270411943396,0.9848709555879167,0.15260910497836144,right,-0.004254043102264404,-0.31049537374337777,0.6822813491057604,-9.3127593983531,-0.15682513827456512,-0.01468421146273613,0.0040270015597343445,2.996229103656113,-0.0018379390239715576
1746575883918238700,41.21223876953125,0.07281608942440101,0.020619329065084457,0.023962633653753552,-0.017360931262373924,0.07019220963182911,0.9847848792003383,0.15373866502304906,right,0.0022170543670654297,-0.31116003762360417,0.6791905434835702,-9.310986543461679,-0.15715470487883035,-0.02118801884353161,0.0027450621128082275,3.0024346802979704,-0.00010925531387329102
1746575883958238700,41.25223876953125,0.07257907676264207,0.02937658503651619,0.0237225826359424,-0.012462915852665901,0.07076506302759875,0.9846876356495287,0.15490203018085902,right,0.003733336925506592,-0.31193893762882324,0.6768138774801046,-9.308812122032046,-0.15754338032073012,-0.02203068695962429,0.000532589852809906,3.009705548083782,0.0038945376873016357
1746575883998238500,41.29223852539062,0.07245425002801123,0.003943979740142822,0.02354217581031205,-0.0027213143184781075,0.07117397017636913,0.9845651191208195,0.15577196125139384,right,0.003704547882080078,-0.31316236830297023,0.6753848675902933,-9.305216727888583,-0.15815099973061703,-0.03703656047582626,0.0023032724857330322,3.0211218451112507,0.014662116765975952
1746575884038238700,41.33223876953125,0.0725037296521963,-0.013838503509759903,0.02352622149272861,0.005525860004127026,0.07104878977927623,0.9844693634290702,0.15559012856097598,right,-0.00009149312973022461,-0.3144904888108765,0.6755540136121213,-9.301173589977621,-0.15880382893870437,-0.025357989594340324,0.0008033737540245056,3.0335102020412683,0.010905206203460693
1746575884078238700,41.37223876953125,0.07273392434377095,-0.004597598686814308,0.023652083767224653,0.013142824172973633,0.07076140983764613,0.9844321458096901,0.1550768740729717,right,0.000371396541595459,-0.31517721184104225,0.6775435069289059,-9.29893779374957,-0.15914365944793507,-0.004049457609653473,0.003953523933887482,3.039913639342785,0.006441354751586914
1746575884118238700,41.41223876953125,0.07343352546051067,0.012199079617857933,0.023980813731244256,0.012437260709702969,0.07081670138573955,0.9844200273901863,0.15529980691045348,right,-0.0010998845100402832,-0.31512573181681397,0.6840604145422577,-9.298617475754021,-0.15914573539062904,0.009064053185284138,0.003024965524673462,3.039433746871352,0.0035489797592163086
1746575884158238700,41.45223876953125,0.07343352546051067,-0.011306172236800194,0.023980813731244256,0.009966541081666946,0.07081670138573955,0.9844200273901863,0.15529980691045348,right,0.0019276738166809082,-0.31512573181681397,0.6840604145422577,-9.298617475754021,-0.15914573539062904,0.004579971078783274,0.004390612244606018,3.039433746871352,0.006544977426528931
1746575884198238700,41.49223876953125,0.07343352546051067,-0.03481142595410347,0.023980813731244256,0.00749582052230835,0.07081670138573955,0.9844200273901863,0.15529980691045348,right,0.0049552321434021,-0.31512573181681397,0.6840604145422577,-9.298617475754021,-0.15914573539062904,0.00009588943794369698,0.005756266415119171,3.039433746871352,0.009540975093841553
1746575884238238500,41.532238525390625,0.07344390770074123,-0.05414724722504616,0.024181267738946837,0.012730659916996956,0.06969485177935986,0.9845247864838692,0.15300682299658552,right,0.001767575740814209,-0.31480789542094156,0.6842278069984168,-9.29957316904366,-0.1589621902936007,-0.006933883763849735,0.007914163172245026,3.036470220890641,0.004841983318328857
1746575884278238700,41.57223876953125,0.07346215420071,-0.03052934817969799,0.024340126473407667,0.0026523517444729805,0.06868871519171096,0.9845731386917655,0.15097959533437402,right,-0.0017272233963012695,-0.315088218808046,0.684334993699938,-9.298711583778262,-0.15907611119245843,-0.005288316868245602,0.0036005228757858276,3.0390839105203744,-0.005563884973526001
1746575884318238700,41.61223876953125,0.07346215420071,0.019859006628394127,0.024340126473407667,-0.0013014432042837143,0.06868871519171096,0.9845731386917655,0.15097959533437402,right,0.0001722574234008789,-0.315088218808046,0.684334993699938,-9.298711583778262,-0.15907611119245843,-0.001585169229656458,0.007824152708053589,3.0390839105203744,-0.005887061357498169
1746575884358238700,41.65223876953125,0.07406262367419725,0.041258178651332855,0.02452106018142677,-0.011130854487419128,0.06930460269611201,0.984506112046584,0.15233595301454586,right,-0.008225500583648682,-0.31525551485555525,0.689880791258812,-9.297792130845785,-0.15919568428390127,-0.010011620819568634,0.006280355155467987,3.040643707183003,0.0010436177253723145
1746575884398238700,41.69223876953125,0.07375711013457095,0.016868755221366882,0.024243876209399676,-0.021233554929494858,0.07004808821772486,0.9844405883705512,0.153808507861559,right,0.0015159249305725098,-0.31549039611610974,0.6869875540353357,-9.297290026542544,-0.15931848954177796,-0.007235688157379627,0.009305909276008606,3.042833618442714,0.008699744939804077
1746575884438238700,41.73223876953125,0.07375711013457095,-0.013390876352787018,0.024243876209399676,-0.013750766403973103,0.07004808821772486,0.9844405883705512,0.153808507861559,right,0.0011445879936218262,-0.31549039611610974,0.6869875540353357,-9.297290026542544,-0.15931848954177796,0.00015062885358929634,0.004218049347400665,3.042833618442714,0.006877481937408447
1746575884478238500,41.77223852539063,0.07252296768612283,-0.02660832181572914,0.023704192236198976,-0.0007870802655816078,0.06970109172731868,0.9844794044695855,0.15290850398375166,right,0.0025815367698669434,-0.3155861575683326,0.6754916889656335,-9.29784006164074,-0.15931168757634498,0.002753800479695201,0.003612823784351349,3.0437261833682654,0.0037998855113983154
1746575884518238500,41.812238525390626,0.07239455030944064,-0.01845594495534897,0.023723550528249454,0.012233921326696873,0.06918181861734854,0.9845127697038872,0.15183623241347743,right,0.00129622220993042,-0.3156566064454475,0.6742821670453996,-9.297712635868788,-0.159329157437499,-0.0008718289900571108,0.005715422332286835,3.044382893711328,0.0015971064567565918
1746575884558238700,41.85223876953125,0.07269635163382689,-0.002330554649233818,0.023910738838450987,0.006125743966549635,0.06890463907165542,0.9845227552815274,0.1513245783103554,right,-0.0018438100814819336,-0.3157098494622657,0.6770764739390462,-9.297347309687733,-0.15935966710213942,-0.0016373037360608578,0.005714632570743561,3.0448794450566172,0.0005983114242553711
1746575884598238700,41.89223876953125,0.07269635163382689,0.006837627850472927,0.023910738838450987,-0.005729235243052244,0.06890463907165542,0.9845227552815274,0.1513245783103554,right,0.0019711852073669434,-0.3157098494622657,0.6770764739390462,-9.297347309687733,-0.15935966710213942,0.003178485669195652,0.009501256048679352,3.0448794450566172,0.0017891526222229004
1746575884638238700,41.93223876953125,0.0726395396894456,0.012485826388001442,0.023841321107489512,-0.008749461732804775,0.06922366411530306,0.9845182086076565,0.15195310034049145,right,-0.0029412508010864258,-0.3154957153748302,0.6765955585543066,-9.298035291951894,-0.15925989077327005,0.0068794135004282,0.004869125783443451,3.0428830105423925,0.00399431586265564
1746575884678238700,41.97223876953125,0.07214598535895872,0.01172939594835043,0.023572870730494588,-0.01894734799861908,0.06955099945028166,0.9845411400033623,0.15251524491564591,right,-0.00013452768325805664,-0.3150190265453922,0.6721108874209225,-9.29981399206221,-0.15901498792592494,0.012195073068141937,0.006007172167301178,3.0384388906151054,0.003576219081878662
1746575884718238700,42.01223876953125,0.07170958483872111,0.00260983407497406,0.023368026170134823,-0.007734891027212143,0.06974249166006202,0.9845977498051414,0.15279550839121653,right,0.0004917383193969727,-0.31422171138127847,0.6682257165506482,-9.302519743889569,-0.1586109008837392,0.019893620163202286,0.005319483578205109,3.0310034799173473,0.0007051527500152588
1746575884758238500,42.05223852539063,0.07170958483872111,-0.0031892647966742516,0.023368026170134823,0.00020019710063934326,0.06974249166006202,0.9845977498051414,0.15279550839121653,right,0.0015055537223815918,-0.31422171138127847,0.6682257165506482,-9.302519743889569,-0.1586109008837392,0.009374115616083145,0.006440281867980957,3.0310034799173473,-0.0002053380012512207
1746575884798238700,42.09223876953125,0.07170958483872111,-0.008988363668322563,0.023368026170134823,0.008135284297168255,0.06974249166006202,0.9845977498051414,0.15279550839121653,right,0.0025193095207214355,-0.31422171138127847,0.6682257165506482,-9.302519743889569,-0.1586109008837392,-0.0011453889310359955,0.007561087608337402,3.0310034799173473,-0.0011158585548400879
1746575884838238700,42.13223876953125,0.07170958483872111,-0.0024573379196226597,0.023368026170134823,-0.008047095499932766,0.06974249166006202,0.9845977498051414,0.15279550839121653,right,-0.002853989601135254,-0.31422171138127847,0.6682257165506482,-9.302519743889569,-0.1586109008837392,-0.004601235501468182,0.004427313804626465,3.0310034799173473,-0.0022433102130889893
1746575884878238700,42.17223876953125,0.07170958483872111,0.002221235539764166,0.023368026170134823,-0.007061194162815809,0.06974249166006202,0.9845977498051414,0.15279550839121653,right,0.00008106231689453125,-0.31422171138127847,0.6682257165506482,-9.302519743889569,-0.1586109008837392,-0.007233938667923212,0.003058813512325287,3.0310034799173473,0.0014780759811401367
1746575884918238700,42.21223876953125,0.07170958483872111,0.008752420544624329,0.023368026170134823,-0.01234062947332859,0.06974249166006202,0.9845977498051414,0.15279550839121653,right,-0.001468360424041748,-0.31422171138127847,0.6682257165506482,-9.302519743889569,-0.1586109008837392,-0.004759833216667175,-0.0005197152495384216,3.0310034799173473,0.002358049154281616
1746575884958238700,42.25223876953125,0.07158023445740855,0.014509334228932858,0.023275468141790042,-0.005177231039851904,0.07010408153165924,0.984623052546406,0.1534792492740129,right,-0.0010820627212524414,-0.31359782896694743,0.6671575758624821,-9.304490751701593,-0.15830748517795287,0.003742358647286892,0.0014893189072608948,3.0251842722445725,0.0019937455654144287
1746575884998238500,42.29223852539062,0.07145047181591982,0.020266247913241386,0.023182906792288422,0.0019861673936247826,0.07046565104440805,0.9846481879340665,0.1541629408742229,right,-0.0006961822509765625,-0.31297409329161086,0.6660847589991986,-9.306457667860387,-0.1580040531465516,0.01224455051124096,0.0034988000988960266,3.0193653568327425,0.0016294121742248535
1746575885038238700,42.33223876953125,0.07132026953497368,0.02602316066622734,0.02309033547931444,0.009149565361440182,0.07082719001888446,0.9846730722913203,0.15484654338297538,right,-0.0003107786178588867,-0.31235041051502205,0.665007046765089,-9.308420492365956,-0.1577005721383063,0.020746741443872452,0.00550881028175354,3.013545564638078,0.0012652277946472168
1746575885078238700,42.37223876953125,0.07194759045530455,0.017459701746702194,0.02335814297632525,0.008035112172365189,0.071232042337942,0.9846878898040549,0.1557353272799422,right,-0.0018503069877624512,-0.3116450516335394,0.6709989806562662,-9.310119697499275,-0.15738619339485133,0.011886069551110268,0.007593713700771332,3.006962386855483,0.0030937790870666504
1746575885118238700,42.41223876953125,0.07194759045530455,-0.010482028126716614,0.02335814297632525,-0.003544791601598263,0.071232042337942,0.9846878898040549,0.1557353272799422,right,0.0013173818588256836,-0.3116450516335394,0.6709989806562662,-9.310119697499275,-0.15738619339485133,-0.0008949786424636841,0.008194155991077423,3.006962386855483,0.0069914162158966064
1746575885158238700,42.45223876953125,0.07194759045530455,-0.035715196281671524,0.02335814297632525,0.005787581205368042,0.071232042337942,0.9846878898040549,0.1557353272799422,right,0.0009096264839172363,-0.3116450516335394,0.6709989806562662,-9.310119697499275,-0.15738619339485133,-0.008049462921917439,0.007444895803928375,3.006962386855483,0.003839343786239624
1746575885198238700,42.49223876953125,0.07156352551265728,-0.023102503269910812,0.02331392250504553,-0.0012446613982319832,0.07019207267997968,0.984723374830856,0.15358993135882945,right,-0.0005561709403991699,-0.3122338216161657,0.6672964728765189,-9.308608708414434,-0.15763722579089032,-0.007144351024180651,0.004950113594532013,3.0124574771404267,0.0018306076526641846
1746575885238238500,42.532238525390625,0.07143457968190899,-0.002336641773581505,0.023283031980463283,-0.0027963053435087204,0.06987597025483544,0.9847135549630195,0.15294848263387872,right,-0.00034350156784057617,-0.3126774409167533,0.6660007339775562,-9.307360754179953,-0.15784346836809238,-0.012617651373147964,0.0022404342889785767,3.0165973534241317,0.0007714331150054932
1746575885278238700,42.57223876953125,0.07143457968190899,0.01023750938475132,0.023283031980463283,-0.002016676589846611,0.06987597025483544,0.9847135549630195,0.15294848263387872,right,0.0013706088066101074,-0.3126774409167533,0.6660007339775562,-9.307360754179953,-0.15784346836809238,-0.006563099566847086,0.006286464631557465,3.0165973534241317,0.004997223615646362
1746575885318238700,42.61223876953125,0.07227504726594697,-0.0011484110727906227,0.023634640319496483,0.02391638420522213,0.07007348365067964,0.9846500415837365,0.153505981117258,right,-0.0017547607421875,-0.31312493361987104,0.6737254830107092,-9.305450536644459,-0.1580995436578827,-0.0003219493664801121,0.007348142564296722,3.020772593282163,0.007258683443069458
1746575885358238700,42.65223876953125,0.0724583447998191,-0.007468686439096928,0.023799255201645206,0.01540284138172865,0.06964124963623525,0.9846903958018133,0.15264952037741802,right,-0.0015196800231933594,-0.31296005087683393,0.6754672121115028,-9.305823461610078,-0.1580146778985935,0.005543941166251898,0.0077390894293785095,3.019234423929453,0.0038055479526519775
1746575885398238700,42.69223876953125,0.07264177231656359,-0.013788960874080658,0.02396386676263729,0.0068892985582351685,0.06920894833482923,0.9847305459175969,0.1517929709576049,right,-0.0012847185134887695,-0.31279536398100904,0.677210183321312,-9.306195217531918,-0.1579297958136889,0.011409832164645195,0.008129894733428955,3.0176977158814666,0.0003522336483001709
1746575885438238700,42.73223876953125,0.07264177231656359,0.008530624210834503,0.02396386676263729,-0.010527178645133972,0.06920894833482923,0.9847305459175969,0.1517929709576049,right,-0.002594292163848877,-0.31279536398100904,0.677210183321312,-9.306195217531918,-0.1579297958136889,0.00890357606112957,0.007844716310501099,3.0176977158814666,-0.0006200671195983887
1746575885478238500,42.77223852539063,0.07201579335860597,0.01901453174650669,0.023646140617603787,-0.019124772399663925,0.06949103352416702,0.9847706579024241,0.15223525384960662,right,-0.0006988644599914551,-0.3121653736779414,0.6715212509647012,-9.308511677780746,-0.15760343014937125,0.0011000162921845913,0.006873197853565216,3.0118188869759437,0.0012322664260864258
1746575885518238500,42.812238525390626,0.07146960521394478,0.013955237343907356,0.02332740648270904,-0.020638279616832733,0.06991485180796604,0.98476966666028,0.1529965709618537,right,0.0014629364013671875,-0.3119137326429531,0.666491074777767,-9.309632790765166,-0.15746954002860658,0.002706619445234537,0.005655296146869659,3.009470278023183,0.003005683422088623
1746575885558238700,42.85223876953125,0.07070249482497878,0.011286815628409386,0.022920720494313342,-0.02271728776395321,0.07021839528893589,0.9847785093445347,0.15347978222362,right,0.004110813140869141,-0.3116902466651056,0.6593968056678772,-9.310811771416663,-0.15733831924384076,0.008630458265542984,0.006613723933696747,3.0073841193988917,0.0010887086391448975
1746575885598238700,42.89223876953125,0.070605931526202,0.013142814859747887,0.02285221537632908,-0.0076872603967785835,0.07050979358543584,0.9848019913616374,0.1540301566431346,right,-0.0013047456741333008,-0.31114150057972456,0.6586140577923506,-9.312520328900218,-0.15707123841756315,0.013721643015742302,0.004285044968128204,3.0022616618186233,0.002544015645980835
1746575885638238700,42.93223876953125,0.070605931526202,0.013541461899876595,0.02285221537632908,-0.02086401730775833,0.07050979358543584,0.9848019913616374,0.1540301566431346,right,0.0003123283386230469,-0.31114150057972456,0.6586140577923506,-9.312520328900218,-0.15707123841756315,0.010464141145348549,0.0027741417288780212,3.0022616618186233,0.0033230483531951904
1746575885678238700,42.97223876953125,0.06968309983419511,0.008449709974229336,0.022369096320996026,-0.00942382961511612,0.07103181476505233,0.9848547354369931,0.1548978375432737,right,0.00186842679977417,-0.3101773320577301,0.6502211271740496,-9.316007586494088,-0.15657402804355708,0.01557980664074421,0.0027664005756378174,2.9932591479346153,0.00502389669418335
1746575885718238700,43.01223876953125,0.0693582944227594,0.0033247279934585094,0.022218183174136198,-0.00184975890442729,0.07119659731222654,0.9849022393607799,0.15514809328030857,right,0.0019408464431762695,-0.30947803482417097,0.6473401649102568,-9.318304172998666,-0.15622120436600145,0.011688349768519402,0.003935270011425018,2.9867277003392574,0.004382312297821045
1746575885758238500,43.05223852539063,0.0693582944227594,-0.00641977833583951,0.022218183174136198,0.008276117965579033,0.07119659731222654,0.9849022393607799,0.15514809328030857,right,0.00003802776336669922,-0.30947803482417097,0.6473401649102568,-9.318304172998666,-0.15622120436600145,0.011997697874903679,0.003438979387283325,2.9867277003392574,0.005414515733718872
1746575885798238700,43.09223876953125,0.06966938951080198,-0.008919003419578075,0.0224441937475858,0.003914939239621162,0.07098591840672744,0.984987012207939,0.1547240295824161,right,-0.00034672021865844727,-0.3085060667775627,0.6504407612740993,-9.320993558213114,-0.1557492704993656,0.013748591765761375,0.005902893841266632,2.9776474450439214,0.003175497055053711
1746575885838238700,43.13223876953125,0.06975556678985048,-0.009265243075788021,0.022544508511107383,-0.003470784518867731,0.07080807821090399,0.9850516987490422,0.15434401325970368,right,0.00032460689544677734,-0.3078118559630956,0.6513879059311002,-9.322997299250959,-0.15540642781016414,0.016252530738711357,0.005724117159843445,2.9711604211121796,0.0020723044872283936
1746575885878238700,43.17223876953125,0.06975556678985048,0.004351560026407242,0.022544508511107383,-0.012106034904718399,0.07080807821090399,0.9850516987490422,0.15434401325970368,right,-0.0015599727630615234,-0.3078118559630956,0.6513879059311002,-9.322997299250959,-0.15540642781016414,0.008844926953315735,0.005287013947963715,2.9711604211121796,0.0006916522979736328
1746575885918238700,43.21223876953125,0.06913870716375493,0.018519990146160126,0.02224764019223374,-0.011479200795292854,0.07105606384206624,0.9851106068659629,0.15470981971443218,right,0.0002924203872680664,-0.30694483878863493,0.6458145627781748,-9.325963747841119,-0.15496196164845769,0.00573372095823288,0.005227953195571899,2.96305631737262,0.00033971667289733887
1746575885958238700,43.25223876953125,0.06912963435788713,0.01605437509715557,0.022177210251272145,-0.008545992895960808,0.07153349374116515,0.9850917150524211,0.15566827155867283,right,-0.00003081560134887695,-0.3067424775802157,0.645771308158338,-9.326568143475056,-0.15487268719136618,0.0020147194154560566,0.005516283214092255,2.9611645122766492,0.0020990371704101562
1746575885998238500,43.29223852539062,0.069120401432502,0.01358876097947359,0.022106788721182463,-0.005612784065306187,0.07201094003010475,0.9850726089571618,0.15662674388591824,right,-0.0003541111946105957,-0.3065401531653081,0.645726592233777,-9.327171370065212,-0.15478338722148766,-0.0017042818944901228,0.0058047473430633545,2.9592729994416236,0.0038582682609558105
1746575886038238700,43.33223876953125,0.069120401432502,0.0018569882959127426,0.022106788721182463,-0.0007670214399695396,0.07201094003010475,0.9850726089571618,0.15662674388591824,right,0.000019788742065429688,-0.3065401531653081,0.645726592233777,-9.327171370065212,-0.15478338722148766,-0.00023290060926228762,0.0038580745458602905,2.9592729994416236,0.002226918935775757
1746575886078238700,43.37223876953125,0.069120401432502,-0.007703888230025768,0.022106788721182463,0.00687193451449275,0.07201094003010475,0.9850726089571618,0.15662674388591824,right,0.001015305519104004,-0.3065401531653081,0.645726592233777,-9.327171370065212,-0.15478338722148766,-0.00551573047414422,0.005463883280754089,2.9592729994416236,0.0026797056198120117
1746575886118238700,43.41223876953125,0.06959026818403174,-0.010919690132141113,0.022316094794179637,0.01249297522008419,0.07190897443324558,0.9850169112972396,0.15652744632777266,right,0.001420736312866211,-0.30726253545213683,0.6499602112155407,-9.324732160219549,-0.1551546825127623,-0.01888853870332241,0.006668686866760254,2.9660259808331726,0.004852950572967529
1746575886158238700,43.45223876953125,0.07012792008825001,-0.005213733296841383,0.022570438944941946,0.01190067920833826,0.07167535291515248,0.9849553216947279,0.15618059012844446,right,-0.0007428526878356934,-0.30816945624939324,0.6547848548930137,-9.321693815436959,-0.15561636129317227,-0.021020276471972466,0.006060995161533356,2.974502132755518,0.003640294075012207
1746575886198238700,43.49223876953125,0.07047086894917484,-0.006518412381410599,0.022709457181594426,0.006656924728304148,0.07156246357421206,0.9848831207450947,0.1560514823106879,right,0.0014969706535339355,-0.3091387873695681,0.6577783376205713,-9.318588250637054,-0.15610413288893288,-0.021743783727288246,0.00860588252544403,2.983558714914322,0.004974871873855591
1746575886238238500,43.532238525390625,0.07067462051368785,-0.020806971937417984,0.022802574335690044,0.0007139556109905243,0.07132807378919523,0.9848246390900307,0.15565217344596508,right,-0.005240142345428467,-0.31007275456693234,0.6594799539066851,-9.315670317363738,-0.15656637609463286,-0.02250177040696144,0.006366617977619171,2.9922824118569493,0.009323805570602417
1746575886278238700,43.57223876953125,0.06968225348301632,-0.010504959151148796,0.02237260134922709,-0.008123744279146194,0.07104241827770649,0.9848637202347005,0.15491334013106586,right,-0.0024995803833007812,-0.3100517232012157,0.6502394665483385,-9.316383434069156,-0.15651236554270595,-0.005272766575217247,0.0035698115825653076,2.9920860125020146,0.004721134901046753
1746575886318238700,43.61223876953125,0.06868994577797982,-0.00020294543355703354,0.021942627586464272,-0.016961444169282913,0.07075681590474736,0.9849025401695395,0.15417468871174364,right,0.0002402663230895996,-0.31003000201910436,0.6409988330595195,-9.317088951990009,-0.15645831774596392,0.011956237256526947,0.000773012638092041,2.9918831834062933,0.00011906027793884277
1746575886358238700,43.65223876953125,0.06868994577797982,0.002317104721441865,0.021942627586464272,-0.004494030028581619,0.07075681590474736,0.9849025401695395,0.15417468871174364,right,0.001534104347229004,-0.31003000201910436,0.6409988330595195,-9.317088951990009,-0.15645831774596392,0.0027732504531741142,0.00016275793313980103,2.9918831834062933,0.0017521381378173828
1746575886398238700,43.69223876953125,0.06868994577797982,-0.010234024375677109,0.021942627586464272,0.004486852325499058,0.07075681590474736,0.9849025401695395,0.15417468871174364,right,-0.00040906667709350586,-0.31003000201910436,0.6409988330595195,-9.317088951990009,-0.15645831774596392,-0.0031175008043646812,0.0023697465658187866,2.9918831834062933,0.002239525318145752
1746575886438238700,43.73223876953125,0.06868994577797982,-0.0135313980281353,0.021942627586464272,-0.002722663339227438,0.07075681590474736,0.9849025401695395,0.15417468871174364,right,-0.0001550912857055664,-0.31003000201910436,0.6409988330595195,-9.317088951990009,-0.15645831774596392,-0.006762167438864708,0.0025374963879585266,2.9918831834062933,0.005645275115966797
1746575886478238500,43.77223852539063,0.0678605141639392,0.007114376872777939,0.02159925177195124,-0.009436231106519699,0.07031479044534109,0.9849206914061116,0.1531614651710051,right,0.0007436871528625488,-0.3103807592304604,0.6331995574854314,-9.316569312030076,-0.15659063746667465,-0.0017720069736242294,0.004398845136165619,2.995158844076097,-0.0028736889362335205
1746575886518238500,43.812238525390626,0.0682657428700151,0.04436187073588371,0.02171942444336205,0.008716952055692673,0.07082645466288648,0.9848896953650655,0.15425759948529288,right,0.000017940998077392578,-0.3102222361980496,0.637007206140086,-9.31678558512926,-0.15653879465521162,0.0037776492536067963,0.005576863884925842,2.9936785423904655,-0.001877814531326294
1746575886558238700,43.85223876953125,0.06930239977439018,0.057355619966983795,0.022074857556590142,0.008131522685289383,0.0718735392308633,0.984838357276319,0.15652340781845883,right,0.0004202127456665039,-0.3096808743438153,0.6467773433957249,-9.317736017721892,-0.15633423538268099,0.017676211893558502,0.009474627673625946,2.9886224280446765,0.0007572472095489502
1746575886598238700,43.89223876953125,0.06989848303853155,0.041625864803791046,0.022274186762666452,-0.012836692854762077,0.07285304520544773,0.9848726403938085,0.1585357802011381,right,-0.0032192468643188477,-0.30816946138109724,0.6526460892986505,-9.321844037562608,-0.15563450289417274,0.04690305143594742,0.0068509504199028015,2.974502132755518,0.000700145959854126
1746575886638238700,43.93223876953125,0.06944971283777314,0.0012955926358699799,0.022039864831001028,-0.0122667346149683,0.07342537537931332,0.9849578157742502,0.15955328205069272,right,0.006328225135803223,-0.30660182873917957,0.6487854683477431,-9.326776233267784,-0.15485803278802623,0.016507312655448914,0.011653974652290344,2.9598496302857993,0.011778503656387329
1746575886678238700,43.97223876953125,0.06951808754454153,-0.03206818923354149,0.02214853163042808,0.029640240594744682,0.07296789459833028,0.9849972502916957,0.15863107400330057,right,0.007744729518890381,-0.30651590696445385,0.649440790451318,-9.326985492104292,-0.15480806480106163,-0.001094510778784752,0.012633472681045532,2.959046204948425,-0.0009219348430633545
1746575886718238700,44.01223876953125,0.07040792555577628,-0.0027412492781877518,0.022659930196602947,0.014368361793458462,0.07241704941861955,0.985018534735255,0.15765521593977616,right,-0.006600677967071533,-0.3065734509477613,0.6577280687380582,-9.326233796954154,-0.15485777884790455,0.0003419945714995265,0.00876501202583313,2.9595842573478817,-0.011534333229064941
1746575886758238500,44.05223852539063,0.07036615692480878,0.03782752901315689,0.022560633314646264,-0.028567984700202942,0.07278217146404446,0.9849556055185467,0.1584128141593125,right,-0.007328987121582031,-0.30705401231271845,0.6572384585902095,-9.324841465812922,-0.15510129380758395,-0.027943652123212814,0.005736537277698517,2.9640768925920127,-0.007628321647644043
1746575886798238700,44.09223876953125,0.06944880263198867,0.05551086366176605,0.02186848356160117,-0.04946243762969971,0.07393998001298896,0.9847691567126357,0.16069059565074884,right,-0.004312872886657715,-0.3085617126962723,0.6483731612198055,-9.320971930903196,-0.15583474588089216,-0.050042472779750824,0.004823721945285797,2.9781673772647976,0.003996104001998901
1746575886838238700,44.13223876953125,0.06795635994847173,0.023186620324850082,0.020898315288812214,-0.047644682228565216,0.07494813932789329,0.9845608330368313,0.16259689790294063,right,0.004758596420288086,-0.3105945822227215,0.6340490139216184,-9.315869639328122,-0.15679955591828149,-0.046428583562374115,0.004013523459434509,2.9971552785903213,0.014773964881896973
1746575886878238700,44.17223876953125,0.06645996904442276,-0.013961803168058395,0.02010581443801069,-0.031794462352991104,0.07515542549359054,0.9844998245834379,0.16282095226581042,right,0.0036618709564208984,-0.31149109073552894,0.6199294492848217,-9.314123087921738,-0.1571866377747299,-0.0030475519597530365,0.0020003095269203186,3.0055253397896884,0.010072290897369385
1746575886918238700,44.21223876953125,0.06525414587670947,-0.03997480124235153,0.019623440348453883,-0.0072939433157444,0.07462068814325731,0.9845777833841106,0.16153159675696713,right,0.0031850337982177734,-0.31125745712238284,0.6087435634797439,-9.315564518901706,-0.15701377181266782,0.013659073039889336,0.0006173998117446899,3.0033441963583227,0.007163673639297485
1746575886958238700,44.25223876953125,0.06445682932358546,-0.04257037490606308,0.01937862975006537,-0.003959092311561108,0.0737676041289099,0.9846574890491888,0.15966994917751165,right,0.0010985136032104492,-0.31121959594347537,0.6013232407532632,-9.316160146707295,-0.1569474182917699,-0.006900697946548462,0.001902855932712555,3.002990852876007,0.006620645523071289
1746575886998238500,44.29223852539062,0.06401694200291878,-0.02150810696184635,0.019253051930226736,-0.004503430332988501,0.07303205431834546,0.9846643474862401,0.15813723865444185,right,-0.0015940070152282715,-0.31192535461870413,0.5970894025757908,-9.3143066277951,-0.15726365557093241,-0.016578005626797676,0.0005666464567184448,3.00957870683372,-0.0008144974708557129
1746575887038238700,44.33223876953125,0.06401694200291878,0.02790324203670025,0.019253051930226736,-0.012938927859067917,0.07303205431834546,0.9846643474862401,0.15813723865444185,right,-0.0037938356399536133,-0.31192535461870413,0.5970894025757908,-9.3143066277951,-0.15726365557093241,-0.00550565030425787,-0.001040630042552948,3.00957870683372,-0.0068343281745910645
1746575887078238700,44.37223876953125,0.0640219595404391,0.06832956522703171,0.019067125327078424,-0.005823519546538591,0.07411356582320715,0.9845567683124877,0.1603501154083429,right,0.00021594762802124023,-0.3122676476357599,0.5970701864186674,-9.313274946659803,-0.15745342599612308,0.0025448016822338104,0.0027483850717544556,3.012773411221802,-0.0012685060501098633
1746575887118238700,44.41223876953125,0.06512037785691341,0.04893578961491585,0.019403322255674833,0.019070940092206,0.07535872799811005,0.9844594680975327,0.16304700184370274,right,-0.002507328987121582,-0.312083629507091,0.6073357425084337,-9.31316622558832,-0.15742989556191672,-0.0032042302191257477,0.002765890210866928,3.011055793648958,0.0074544548988342285
1746575887158238700,44.45223876953125,0.06574658009583914,0.01239268109202385,0.019675542998897583,0.02380918711423874,0.0754028323051165,0.9844108809259096,0.16325753554256767,right,0.00041919946670532227,-0.3125378322527882,0.6130776836939156,-9.311418505138159,-0.15767892435627892,-0.011508233845233917,0.003652229905128479,3.015294746392965,0.007086038589477539
1746575887198238700,44.49223876953125,0.06637297144851957,-0.02415042370557785,0.019947762965819595,0.028547432273626328,0.07544691625327471,0.9843621264006821,0.16346837245151624,right,0.0033452510833740234,-0.3129918686719282,0.6188192230205982,-9.309666108512879,-0.15792791590582558,-0.019812237471342087,0.004538595676422119,3.0195313610494137,0.006717890501022339
1746575887238238500,44.532238525390625,0.06717313194397549,-0.02830612100660801,0.02038112485995275,0.0304143987596035,0.07483667693756137,0.9843143399800988,0.16240526504823166,right,0.0011739134788513184,-0.3140333885719029,0.6260568461239338,-9.306025121662021,-0.15845943446700486,-0.02121599018573761,0.006618507206439972,3.029247283899784,0.004831850528717041
1746575887278238700,44.57223876953125,0.06816981427392789,-0.009038327261805534,0.02089968104126784,0.02263287827372551,0.07437766789073076,0.9842766451746686,0.16166674144505366,right,-0.002053678035736084,-0.3147506457274011,0.6351834978442639,-9.30322584633231,-0.15884168189031897,-0.008226791396737099,0.006661832332611084,3.035936260144412,0.0038521885871887207
1746575887318238700,44.61223876953125,0.06816981427392789,0.007441017776727676,0.02089968104126784,-0.004120871424674988,0.07437766789073076,0.9842766451746686,0.16166674144505366,right,-0.0006077885627746582,-0.3147506457274011,0.6351834978442639,-9.30322584633231,-0.15884168189031897,0.006329413503408432,0.006426379084587097,3.035936260144412,0.0041179656982421875
1746575887358238700,44.65223876953125,0.06834333832563652,0.016925133764743805,0.020965079094878932,-0.013374364003539085,0.07464580384968732,0.9842966733745613,0.16221373944329504,right,0.002203822135925293,-0.3142009556246057,0.6369117098763585,-9.304779505515098,-0.1585835666793921,0.01856374740600586,0.00887393206357956,3.030810003171861,0.002005249261856079
1746575887398238700,44.69223876953125,0.06845316669921374,0.02530006133019924,0.02098741610019093,-0.009915363974869251,0.07510912734093204,0.9843338857824134,0.16312802059734333,right,-0.0023468732833862305,-0.3132497541789422,0.6381305110815912,-9.307581118932365,-0.15812955728844846,0.019939955323934555,0.0059380903840065,3.0219372531473634,0.003706514835357666
1746575887438238700,44.73223876953125,0.0681492140846338,0.013116973452270031,0.0208109800753821,-0.008909943513572216,0.0755121279369831,0.9843648926046912,0.16386381059731936,right,0.0032435059547424316,-0.3125218225445215,0.6354510627392679,-9.309967137286067,-0.157767838559899,0.014136917889118195,0.007453799247741699,3.015145108789205,0.003977596759796143
1746575887478238500,44.77223852539063,0.06813692329659758,0.004024234600365162,0.020827459536038234,0.0006782989948987961,0.07563303918461813,0.9844252060805401,0.16406556985529447,right,0.0005238652229309082,-0.31162956911934114,0.6355195248655975,-9.312655353456735,-0.1573306993287396,0.026668192818760872,0.0056111812591552734,3.0068180099487303,-0.002251923084259033
1746575887518238500,44.812238525390626,0.06805246260688369,0.0014204645995050669,0.020829643317173057,-0.00010472483700141311,0.07568034403011806,0.9845062346474389,0.164097768851846,right,-0.000718235969543457,-0.31055523124590384,0.6349523194368928,-9.31592633795142,-0.15679948639629318,0.021925419569015503,0.005505174398422241,2.9967879065826533,0.0012280046939849854
1746575887558238700,44.85223876953125,0.06805246260688369,-0.018746457993984222,0.020829643317173057,-0.008141540922224522,0.07568034403011806,0.9845062346474389,0.164097768851846,right,0.0036223530769348145,-0.31055523124590384,0.6349523194368928,-9.31592633795142,-0.15679948639629318,-0.0025966372340917587,0.0037354454398155212,2.9967879065826533,0.008314132690429688
1746575887598238700,44.89223876953125,0.06755645474013663,-0.04803043603897095,0.020710504567544214,0.02219226211309433,0.07485722177514931,0.9845568633280232,0.16235899421336988,right,0.005021929740905762,-0.3108196028753296,0.6302779709503055,-9.315449368089437,-0.15689278212408458,-0.015898633748292923,0.00811663269996643,2.9992563425228,0.007470279932022095
1746575887638238700,44.93223876953125,0.06797396947548077,-0.01826728880405426,0.021038107762618302,0.017627714201807976,0.0739574694543593,0.9845907876962717,0.16061418537738098,right,-0.0027471184730529785,-0.31117031290554953,0.6340957756727934,-9.314135362881421,-0.15706261415228068,0.0033886022865772247,0.0036487579345703125,3.002530834148824,-0.007985353469848633
1746575887678238700,44.97223876953125,0.068525515647006,0.052236348390579224,0.0212621286208805,-0.0022876467555761337,0.07425488669220884,0.9845709100970499,0.16129935355730732,right,-0.0028696060180664062,-0.3110214747230065,0.63926338756904,-9.31423005542755,-0.15701707846810575,0.0008487363811582327,0.0028252750635147095,3.0011411333560942,-0.006620228290557861
1746575887718238700,45.01223876953125,0.06926401986995871,0.09215684980154037,0.02136769657687106,-0.01143899280577898,0.07584535235023576,0.9844456565852332,0.16464310270725685,right,-0.003092944622039795,-0.31091508194794626,0.646163960737735,-9.314073988083004,-0.15702809532413453,-0.0031037048902362585,0.005042627453804016,3.000147738404572,0.002414703369140625
1746575887758238500,45.05223852539063,0.0692489336062769,0.040852852165699005,0.02120455318570851,-0.009772158227860928,0.07692517542119377,0.9843887648680303,0.16681814580612797,right,-0.000016689300537109375,-0.3105711051790903,0.6460947679590433,-9.315112683480978,-0.15688151280719514,0.0075808074325323105,0.0063447728753089905,2.996936082881689,0.008531630039215088
1746575887798238700,45.09223876953125,0.06923302258482059,-0.010451145470142365,0.021041375806672518,-0.00810532458126545,0.07800484580078947,0.9843306179987946,0.16899281750434458,right,0.0030594468116760254,-0.3102271260343374,0.6460178302653133,-9.31615079435706,-0.1567347297892926,0.018265321850776672,0.007647722959518433,2.993724135097861,0.014648586511611938
1746575887838238700,45.13223876953125,0.06833418065478522,-0.04343508929014206,0.020742249827748523,-0.011541577987372875,0.07742177612970802,0.9844552157803865,0.16762614685130367,right,0.0006906390190124512,-0.3094040460944242,0.6378118735864758,-9.319182709398865,-0.15628077037280153,0.03097127191722393,0.007137805223464966,2.986036795465648,0.002959132194519043
1746575887878238700,45.17223876953125,0.06743119236856983,-0.008202411234378815,0.020455590207017597,-0.009421687573194504,0.07686939987385773,0.9846094513094442,0.1663024059454387,right,0.0024105310440063477,-0.30815596690740593,0.6296471257008612,-9.323466085806489,-0.15561845441879163,0.03352043032646179,0.004028536379337311,2.9743761682882903,-0.00723111629486084
1746575887918238700,45.21223876953125,0.06741880387711278,0.010196464136242867,0.02039307852529479,-0.0048870788887143135,0.07737724918470051,0.984608172625349,0.1673087114709555,right,0.0022975802421569824,-0.3076566126532701,0.6296316358707845,-9.32495427853763,-0.15538264031520835,0.014802834019064903,0.005677603185176849,2.9697093455210326,-0.002410411834716797
1746575887958238700,45.25223876953125,0.06740585699022,0.028595339506864548,0.020330556880099354,-0.00035247066989541054,0.07788498428046879,0.9846066530902715,0.16831468687188153,right,0.0021843910217285156,-0.30715729901931227,0.629610666147992,-9.326440717703104,-0.15514677723478035,-0.003914760425686836,0.007327228784561157,2.96504223049283,0.002410382032394409
1746575887998238500,45.29223852539062,0.06783705327377595,0.017845066264271736,0.020455389337333162,-0.002084694104269147,0.07838824229592563,0.9845550687728559,0.16940771619833975,right,0.0006920099258422852,-0.3072168971554535,0.6336201940502971,-9.325992389413713,-0.1552040865373794,-0.0029236264526844025,0.006684735417366028,2.9655995721146464,-0.00024703145027160645
1746575888038238700,45.33223876953125,0.06792263882816073,0.012753736227750778,0.020438819289154992,0.000815010629594326,0.07872034207488793,0.9845187442007229,0.17010102291808538,right,0.0044348835945129395,-0.30732685868655757,0.6343962199240922,-9.325612450185417,-0.155268617704173,-0.004419188015162945,0.010806836187839508,2.9666274538576602,0.001989036798477173
1746575888078238700,45.37223876953125,0.06858308529911004,-0.0051859039813280106,0.02072067856926063,0.008853518404066563,0.07874426677861075,0.9844560959157148,0.17028467589654678,right,-0.0034009814262390137,-0.3079767218139022,0.6404228598024696,-9.323266179320216,-0.15561610526434225,-0.01895046979188919,0.006879851222038269,2.9727009285524484,0.006377309560775757
1746575888118238700,45.41223876953125,0.06844628361112172,-0.02258741483092308,0.020673123074311593,-0.00017439201474189758,0.07839659433907976,0.9844272319608779,0.16959305382374867,right,-0.0005459189414978027,-0.30874246559183893,0.6389915848903358,-9.321080067452788,-0.15598014674645816,-0.014927126467227936,0.007461093366146088,2.979856353265047,0.005578905344009399
1746575888158238700,45.45223876953125,0.06813155813996997,-0.022300859913229942,0.020574082568828173,-0.005891143810003996,0.0778924963360374,0.9844275872574382,0.16854657993143238,right,-0.000029325485229492188,-0.30932503215243384,0.6359396499738097,-9.31954686653614,-0.15624354180387587,-0.008830217644572258,0.003399781882762909,2.9852985443189737,0.004690051078796387
1746575888198238700,45.49223876953125,0.06763819561964143,-0.014962890185415745,0.020387339965747115,-0.005916244816035032,0.07748815097903414,0.9844445087954369,0.16766078389248223,right,0.0013335943222045898,-0.3096229721342636,0.631281521969661,-9.31897169699669,-0.15636184177000073,-0.001640289556235075,0.0029244795441627502,2.9880817452967166,0.0021334290504455566
1746575888238238500,45.532238525390625,0.06763819561964143,-0.001760837621986866,0.020387339965747115,-0.0019391435198485851,0.07748815097903414,0.9844445087954369,0.16766078389248223,right,0.0012454390525817871,-0.3096229721342636,0.631281521969661,-9.31897169699669,-0.15636184177000073,-0.0033493302762508392,0.001238994300365448,2.9880817452967166,0.0007336735725402832
1746575888278238700,45.57223876953125,0.0675637765249679,0.00752605777233839,0.020324047951480073,0.004822730552405119,0.07747019124073858,0.9843977400446162,0.16764246838012767,right,0.001974165439605713,-0.3102624180001618,0.6304588804751634,-9.317110579299927,-0.15667323208046352,-0.02208985947072506,0.0032717064023017883,2.9940535131826995,0.0023710131645202637
1746575888318238700,45.61223876953125,0.06764825337136238,-0.0020985230803489685,0.02027873910362203,0.0006837109103798866,0.07755171047556086,0.9842714044237396,0.1678933499152022,right,0.0025842785835266113,-0.3117903223420585,0.6309359964676201,-9.312482334977387,-0.157430374955261,-0.05159690976142883,0.006890811026096344,3.008318477639556,0.006189495325088501
1746575888358238700,45.65223876953125,0.06759200327894639,0.02335904911160469,0.020093550408294726,-0.00406188890337944,0.07765357121018036,0.9840323743618821,0.16823115298085953,right,0.0007017254829406738,-0.31475916996613706,0.6298061887200921,-9.303565453550219,-0.15889119197878068,-0.06913883984088898,0.0058590322732925415,3.0360157551214098,-0.0019432306289672852
1746575888398238700,45.69223876953125,0.0675367655660506,0.04881662130355835,0.01990831875387832,-0.008807488717138767,0.07775526113599807,0.983791242200546,0.16856913252073902,right,-0.0011892914772033691,-0.31772808937684066,0.6286812032781541,-9.294566739058494,-0.16035166411566146,-0.08668076992034912,0.004826761782169342,3.0636870213791725,-0.010073274374008179
1746575888438238700,45.73223876953125,0.06802361002281837,0.09737128019332886,0.01970084803826705,-0.017224274575710297,0.07930468011671228,0.9833533569730982,0.17198266850222502,right,0.0005671977996826172,-0.32157133193289994,0.6324011005841195,-9.282443170544505,-0.1622928686931663,-0.12331581115722656,0.005460686981678009,3.0994673598125577,-0.007370561361312866
1746575888478238500,45.77223852539063,0.06901376700124723,0.09766285866498947,0.019544525167653513,-0.013051810674369335,0.08147524606002365,0.9827231073830219,0.1768256038747889,right,0.0020543932914733887,-0.3269692028868874,0.6404288511518389,-9.264987008830904,-0.16503075467209927,-0.15317890048027039,0.005776606500148773,3.1496435956060886,0.003578364849090576
1746575888518238500,45.812238525390626,0.07019201505978183,0.06322938203811646,0.01954463280091848,0.01070049125701189,0.08313123735596273,0.9821107488440631,0.18067093447447674,right,0.003306567668914795,-0.33249169882236956,0.6501149633858353,-9.246733559259772,-0.16782669980626325,-0.1255476176738739,0.0064053013920784,3.200883076716959,0.00669330358505249
1746575888558238700,45.85223876953125,0.0714611262907142,0.01871909573674202,0.019805963350635447,0.01101556047797203,0.08399188778738795,0.9817023502410771,0.1828331574310832,right,0.0002300739288330078,-0.3362539795523247,0.660985097772628,-9.233823808804154,-0.16974608582356038,-0.0651414543390274,0.007084794342517853,3.235735194389522,0.011680036783218384
1746575888598238700,45.89223876953125,0.07211515948931031,-0.009112853556871414,0.020034975001586033,0.013233083300292492,0.08399558909199689,0.9815596671002632,0.18303438836935493,right,-0.00011962652206420898,-0.33781425581049906,0.6666595632124692,-9.228342747044563,-0.17054051165349476,-0.012502219527959824,0.007155619561672211,3.2501752231523393,0.009983688592910767
1746575888638238700,45.93223876953125,0.07242817970403827,-0.01651005446910858,0.02026273061016766,0.009716912172734737,0.08362412413972006,0.9816088474528823,0.18231780593419747,right,-0.0022177696228027344,-0.3375421525132863,0.6696122024729847,-9.229015531739591,-0.1704130148464649,0.024621032178401947,0.006376184523105621,3.2476576873734593,0.005771905183792114
1746575888678238700,45.97223876953125,0.07255400733053233,-0.018349170684814453,0.020451655612512665,0.01393892802298069,0.0832524547540678,0.9817422035863943,0.18151830314818554,right,0.0006445050239562988,-0.33630363925693874,0.6710645201731473,-9.232935335531831,-0.16980290770889872,0.041015736758708954,0.008328206837177277,3.2361949208557603,0.00580325722694397
1746575888718238700,46.01223876953125,0.07261276192496507,-0.034392304718494415,0.020667824741040557,0.003239767625927925,0.0826968869627807,0.981936864867096,0.18030485181856235,right,-0.0016550421714782715,-0.3345239422412011,0.672023720594123,-9.23862565612793,-0.1689201618672843,0.04996304214000702,0.007973074913024902,3.219714618436992,0.0037493109703063965
1746575888758238500,46.05223852539063,0.0719654729514809,-0.0472501665353775,0.020601654535920617,-0.00005425699055194855,0.08184051764483907,0.9821741905924593,0.1783546661785674,right,0.00023305416107177734,-0.33266828679667804,0.666472004751116,-9.24500220542252,-0.16796322253447668,0.05014166608452797,0.00565057247877121,3.2025200302690267,0.0008270740509033203
1746575888798238700,46.09223876953125,0.07110703321919108,-0.04575430974364281,0.020431515466314297,-0.006249893456697464,0.08091831102806878,0.9823987213244098,0.17624894012404918,right,-0.0006191730499267578,-0.3310561687494747,0.6589014233663678,-9.25070889263153,-0.16711574850085362,0.0368378683924675,0.004741832613945007,3.187573221027851,0.0014164447784423828
1746575888838238700,46.13223876953125,0.07021247363890912,-0.03748752549290657,0.02018730992606331,-0.008348744362592697,0.08013715838028229,0.9825598138466151,0.17445719032437698,right,-0.001004040241241455,-0.3300624129366063,0.6508477346397936,-9.254449832725525,-0.16657386946686303,0.0290317814797163,0.004917077720165253,3.1783553108274933,0.0005515813827514648
1746575888878238700,46.17223876953125,0.06932009101757178,-0.029220741242170334,0.01994308290626777,-0.010447596199810505,0.0793559203280949,0.9827198553190812,0.1726669623537462,right,-0.0013901591300964355,-0.32906710031362746,0.642807782177627,-9.258177913337946,-0.16603181798955297,0.021225694566965103,0.005090929567813873,3.1691198649704453,-0.0003114938735961914
1746575888918238700,46.21223876953125,0.06842952544047681,-0.024046557024121284,0.019637961064026606,-0.01154213584959507,0.07879473494318771,0.982821920695546,0.17134953720375898,right,-0.00017023086547851562,-0.3285528175382964,0.6346738678216934,-9.26037162398994,-0.16573110686255,0.010371004231274128,0.004156284034252167,3.1643466592192646,0.00045618414878845215
1746575888958238700,46.25223876953125,0.06795971039749886,-0.011413746513426304,0.019448748507007972,-0.0008765365928411484,0.07868572139254612,0.9828663886934844,0.1710320071864964,right,0.0024266839027404785,-0.32821072610398166,0.6303966288939118,-9.261748173040152,-0.1655415543112839,0.009830624796450138,0.004458889365196228,3.161171244053542,0.0006462037563323975
1746575888998238500,46.29223852539062,0.06749005629640625,0.0012190630659461021,0.019259529307673166,0.009789061732590199,0.0785767078419048,0.9829108566914228,0.17071470720897877,right,0.005023300647735596,-0.32786848505780336,0.626119682227075,-9.263122384002804,-0.165351969108789,0.009290245361626148,0.0047614723443984985,3.1579937830612064,0.0008364319801330566
1746575889038238700,46.33223876953125,0.06749005629640625,-0.011533644050359726,0.019259529307673166,0.005903251003473997,0.0785767078419048,0.9829108566914228,0.17071470720897877,right,-0.0015622377395629883,-0.32786848505780336,0.626119682227075,-9.263122384002804,-0.165351969108789,-0.00021938979625701904,0.006473928689956665,3.1579937830612064,0.006592780351638794
1746575889078238700,46.37223876953125,0.06817414849410083,-0.03706248104572296,0.019705374633286584,0.020924219861626625,0.07796601278094108,0.9829758930295679,0.169570891875434,right,0.0027677416801452637,-0.32753002876973414,0.6325291108779609,-9.263757759296894,-0.16520142875843893,0.008347857743501663,0.010962717235088348,3.154851393382251,0.0043579936027526855
1746575889118238700,46.41223876953125,0.06859154185560119,-0.04024423658847809,0.020077514748914775,0.016171002760529518,0.07707427909431964,0.9830781751360103,0.1678037667155564,right,-0.0020142197608947754,-0.3270532850007876,0.6364986720960587,-9.264992269527912,-0.16496593890846886,0.013995145447552204,0.009258247911930084,3.1504242245897647,0.0032035410404205322
1746575889158238700,46.45223876953125,0.06832823961991089,-0.029248714447021484,0.020102969048441454,-0.0041623953729867935,0.07629109770726732,0.9831775688595852,0.1661463863872819,right,-0.003659665584564209,-0.32663692694740365,0.63414867490381,-9.26646760277748,-0.16473471211508273,0.0076096029952168465,0.007273748517036438,3.1465573200285433,0.0024493038654327393
1746575889198238700,46.49223876953125,0.06752313614426807,-0.011320602148771286,0.019730214495873474,-0.012121038511395454,0.07629127962839584,0.9832111731241989,0.1659999387641215,right,0.00046199560165405273,-0.32638546420884407,0.6267413943219929,-9.267764072328806,-0.16457903989062975,0.0024930001236498356,0.0051736608147621155,3.1442215705573555,0.006055086851119995
1746575889238238500,46.532238525390625,0.06671815040801232,0.006607508286833763,0.019357462488162825,-0.020079681649804115,0.07629144119067595,0.9832446100352085,0.16585370294270135,right,0.004583120346069336,-0.32613389996903625,0.61933345615305,-9.269054696661234,-0.16442334674697565,-0.0026236032135784626,0.0030736252665519714,3.1418849443033334,0.009660959243774414
1746575889278238700,46.57223876953125,0.06671815040801232,0.007000919431447983,0.019357462488162825,0.015581799671053886,0.07629144119067595,0.9832446100352085,0.16585370294270135,right,0.006118357181549072,-0.32613389996903625,0.61933345615305,-9.269054696661234,-0.16442334674697565,0.008324285969138145,0.00959371030330658,3.1418849443033334,0.00567278265953064
1746575889318238700,46.61223876953125,0.06736016677557356,0.009068360552191734,0.019678959269873817,0.004330417141318321,0.07639921840302696,0.9832817685253721,0.1661477001122073,right,-0.003499925136566162,-0.3254454572025705,0.6254296541363,-9.270810600417851,-0.1641125751281346,0.01783551648259163,0.008255071938037872,3.1354885212644934,-0.000509113073348999
1746575889358238700,46.65223876953125,0.06745439496677581,0.03855001926422119,0.019675323847131797,-0.029280727729201317,0.07695105280581292,0.9833108458006649,0.16724276240297076,right,-0.005790770053863525,-0.324536718601172,0.62649501834549,-9.27359117104709,-0.16368058879619238,0.015690144151449203,0.0040954723954200745,3.1270433490023013,0.002069711685180664
1746575889398238700,46.69223876953125,0.06674199830253931,0.02282625250518322,0.0192185180600714,-0.02121065929532051,0.07775050769325736,0.9832876367685385,0.1687337659903889,right,0.0007131695747375488,-0.32418729940314117,0.6199612326625734,-9.27512437196374,-0.16349591474125882,0.010614550672471523,0.004220351576805115,3.123795453122258,0.0070983171463012695
1746575889438238700,46.73223876953125,0.06602919873837813,0.007102485746145248,0.018761709944110867,-0.013140592724084854,0.07854995464268652,0.9832636644657683,0.17022501133443665,right,0.007216155529022217,-0.32383898614266277,0.6134215286955237,-9.276649389573931,-0.16331112895187863,0.005538957193493843,0.004345841705799103,3.120557494114339,0.012125968933105469
1746575889478238500,46.77223852539063,0.06602919873837813,-0.03079088404774666,0.018761709944110867,0.021771270781755447,0.07854995464268652,0.9832636644657683,0.17022501133443665,right,0.0031034350395202637,-0.32383898614266277,0.6134215286955237,-9.276649389573931,-0.16331112895187863,0.010211089625954628,0.0019511058926582336,3.120557494114339,0.0044924914836883545
1746575889518238500,46.812238525390626,0.06668615554493959,-0.048758383840322495,0.019294491288503024,0.03546205908060074,0.07744846497243553,0.9834007194943258,0.16805860561908148,right,0.0011252164840698242,-0.3230927590076792,0.6196707983486354,-9.278564867806434,-0.16294957843716268,0.01675211451947689,0.003190644085407257,3.1136189270228147,0.002906113862991333
1746575889558238700,46.85223876953125,0.06705002740227452,-0.0347958467900753,0.01968359341814378,0.017562024295330048,0.07632602589090588,0.9835320438261264,0.1658072951215945,right,-0.0022602081298828125,-0.3224780116512304,0.6231750801425426,-9.280247121804953,-0.16263961696035775,0.017797615379095078,0.0032187476754188538,3.10790171841979,-0.0028964877128601074
1746575889598238700,46.89223876953125,0.06741530194071076,-0.02083330787718296,0.02007267583679718,-0.0003380104899406433,0.07520345050785446,0.983661898724177,0.16355617974307254,right,-0.005646467208862305,-0.3218640882166972,0.62669324433133,-9.281920607975124,-0.16232942487621652,0.018843114376068115,0.003245420753955841,3.102190939557552,-0.008699774742126465
1746575889638238700,46.93223876953125,0.06693247177375214,0.020545249804854393,0.019878251910133368,-0.021889910101890564,0.07516326869017373,0.983724232006216,0.1633648474118407,right,-0.0030778050422668457,-0.321222853711058,0.6223445476025342,-9.28420491952002,-0.1619942457412403,0.014432529918849468,0.0008760839700698853,3.096225016890466,-0.006173282861709595
1746575889678238700,46.97223876953125,0.0662181235382762,0.039588455110788345,0.019415539138177878,-0.031100183725357056,0.07600828069302204,0.9837017221373473,0.16494718610736472,right,0.0010972023010253906,-0.32083464189349176,0.6157916918929666,-9.28584567246437,-0.161792034585795,-0.003299619071185589,-0.0004787370562553406,3.092612379351258,0.004296302795410156
1746575889718238700,47.01223876953125,0.06579717674084433,0.021668171510100365,0.01907446452838739,-0.007396465167403221,0.07676768600725685,0.983624666379558,0.1664364073261085,right,0.005952179431915283,-0.32114562902165883,0.6118195368589833,-9.285144246196745,-0.16194308738343433,-0.007630352396517992,0.0023076683282852173,3.0955063472270963,0.00697636604309082
1746575889758238500,47.05223852539063,0.06624079723624328,0.018921827897429466,0.019233013637701583,0.007551903836429119,0.07716374614691765,0.9836059505521186,0.16730350122099852,right,-0.0008856058120727539,-0.320904133870639,0.615988018182665,-9.285617708927392,-0.16184979889794832,0.017720745876431465,0.0006923675537109375,3.0932591528221964,0.0018446147441864014
1746575889798238700,47.09223876953125,0.06662416142616619,0.0030923206359148026,0.019424771790445782,0.009145003743469715,0.07735501921884973,0.9836513357584422,0.16771643558789287,right,0.0019360184669494629,-0.32007082325633646,0.619719167535007,-9.287949366745352,-0.16145913872820908,0.02295880764722824,0.004235446453094482,3.085503131867945,0.004722952842712402
1746575889838238700,47.13223876953125,0.06673837860610163,-0.0182077344506979,0.01954065815746228,0.006988706532865763,0.07717148106224958,0.9837159512298235,0.16733141954958264,right,0.005252540111541748,-0.31941831225130657,0.6209140764079988,-9.289885303243993,-0.16113915377757249,0.009178734384477139,0.004329964518547058,3.079428488129377,0.008075952529907227
1746575889878238700,47.17223876953125,0.06713682040253918,-0.03812696784734726,0.019838088905444414,0.039808306843042374,0.07651306169531216,0.9837589835983123,0.16605920783728295,right,0.006797909736633301,-0.31944246807803905,0.6246105197731405,-9.289563231682777,-0.16115381604302623,-0.003428625874221325,0.006019867956638336,3.0796535290569067,0.0067345499992370605
1746575889918238700,47.21223876953125,0.06782657427024415,-0.043081898242235184,0.02029308790588199,0.015108857303857803,0.07562184973185013,0.9837807451342717,0.16438165974139018,right,-0.001080155372619629,-0.319893064530378,0.6309237945731729,-9.287744784083962,-0.1613846658117001,-0.014971144497394562,0.005831509828567505,3.083848350398242,0.006374239921569824
1746575889958238700,47.25223876953125,0.06872791820588277,-0.023678625002503395,0.020787431546349256,0.018154921010136604,0.07497070385332587,0.9837408221817052,0.16325043909749157,right,-0.003231525421142578,-0.3208316247845071,0.6390959220476449,-9.28428032284379,-0.16186822230799897,-0.018157903105020523,0.0074713826179504395,3.0925843223005534,0.004906773567199707
1746575889998238500,47.29223852539062,0.06962840296379888,-0.004275349900126457,0.021281751162414198,0.021200984716415405,0.07431945618056021,0.983700062461117,0.16211969114391156,right,-0.005384624004364014,-0.3217711613755757,0.647253582605347,-9.280798325946927,-0.16235162728017927,-0.021344661712646484,0.009112730622291565,3.101326431682706,0.0034386813640594482
1746575890038238700,47.33223876953125,0.07000955196582606,0.003665020689368248,0.021428278325631326,-0.007111717015504837,0.07428978818180237,0.9836258044337913,0.16216435624029793,right,-0.0055522918701171875,-0.3226441066932605,0.6506012855980545,-9.2778470749259,-0.16279521179305748,-0.013176384381949902,0.01121532917022705,3.1094466097742317,0.005641341209411621
1746575890078238700,47.37223876953125,0.06946228514277009,0.00040760496631264687,0.021148485133666604,-0.01938435807824135,0.07440569404684673,0.9836282202835642,0.162308250617636,right,-0.0014563202857971191,-0.3226190408431624,0.6455291699655353,-9.278279621124266,-0.16276408813068813,0.012638713233172894,0.01195380836725235,3.109213385540247,0.0042979419231414795
1746575890118238700,47.41223876953125,0.06839010586734033,0.010837031528353691,0.020663271953148186,-0.04071667790412903,0.07455693537872458,0.9837253061173968,0.16238475916933817,right,-0.003355741500854492,-0.32148817978756583,0.6358206997692585,-9.28246830498576,-0.16216926778488985,0.0356350839138031,0.0043214187026023865,3.0986937450915573,-0.0027688443660736084
1746575890158238700,47.45223876953125,0.06748142005676551,0.017296068370342255,0.020183972293264057,-0.03345629572868347,0.07516367203500215,0.9837889731989364,0.16341275011088746,right,-0.0009615421295166016,-0.3203008740828572,0.6276332285951822,-9.286706088685989,-0.16156226503714083,0.019409412518143654,0.0020155534148216248,3.087644527810812,0.0013637244701385498
1746575890198238700,47.49223876953125,0.06657179654678236,0.023755105212330818,0.019704651930136326,-0.026195909827947617,0.07577029671761391,0.9838517198356521,0.16444139950358266,right,0.0014303922653198242,-0.31911451382467304,0.6194288062863051,-9.290921660554408,-0.16095512709088738,0.0031837429851293564,-0.00028858333826065063,3.076599694444239,0.005495816469192505
1746575890238238500,47.532238525390625,0.06657179654678236,-0.0037642214447259903,0.019704651930136326,-0.0022335369139909744,0.07577029671761391,0.9838517198356521,0.16444139950358266,right,0.0029144287109375,-0.31911451382467304,0.6194288062863051,-9.290921660554408,-0.16095512709088738,-0.018911881372332573,0.0005469545722007751,3.076599694444239,0.014829456806182861
1746575890278238700,47.57223876953125,0.06578796897168832,-0.030126331374049187,0.019290661802832898,-0.004690040834248066,0.07559794866027249,0.9837633155541404,0.16402888236737756,right,0.0019927024841308594,-0.32054608062847423,0.6118559233466163,-9.287000103196501,-0.16162502537695336,-0.03807123377919197,0.0010075122117996216,3.0899267935290933,0.0161249041557312
1746575890318238700,47.61223876953125,0.06507102750060076,-0.03310918062925339,0.01896862634954546,-0.004123712424188852,0.07499700569020341,0.9836865460429447,0.16276594123650856,right,0.0033336281776428223,-0.322218949962279,0.6048605845665559,-9.28226489136815,-0.16240807196314175,-0.02735435590147972,0.007847011089324951,3.105492026929557,0.012505680322647095
1746575890358238700,47.65223876953125,0.06443408898483885,-0.031103532761335373,0.018750398401624225,-0.007150884717702866,0.07434014163020157,0.983708160414685,0.16134694001666455,right,0.002795279026031494,-0.3226952617508804,0.5988529051169753,-9.281171250912546,-0.16260496775312822,0.012479200959205627,0.008692149072885513,3.1099224105924366,0.0045198798179626465
1746575890398238700,47.69223876953125,0.06381011404629568,-0.002886580303311348,0.01856165833670402,-0.010352928191423416,0.07399427799382237,0.9838362118961095,0.160488912914674,right,0.0026510953903198242,-0.32154492694957243,0.593289316173084,-9.285107421317695,-0.16200846907621777,0.04383865371346474,0.007330365478992462,3.0992215683579443,-0.002766042947769165
1746575890438238700,47.73223876953125,0.0636482735096438,0.03598439693450928,0.018503692644839337,-0.013878303579986095,0.07439542340710396,0.9839573695470887,0.16119406769105427,right,0.00034940242767333984,-0.31968062120769875,0.5921530786847695,-9.290953224736452,-0.16109262902326496,0.040136344730854034,0.006756648421287537,3.0818706205844877,-0.004076838493347168
1746575890478238500,47.77223852539063,0.06359595867444198,0.0218401700258255,0.01838200314235462,-0.010638171806931496,0.07513429353431177,0.9839439508377256,0.16266373109528293,right,-0.00003260374069213867,-0.31915419153967767,0.5917700341839343,-9.292602160987258,-0.16084544969020428,0.016634220257401466,0.007179252803325653,3.0769694045394655,0.004245758056640625
1746575890518238500,47.812238525390626,0.06354283589768234,0.007695943117141724,0.01826030876611176,-0.007398039102554321,0.07587305565686148,0.9839299933188604,0.16413305476569107,right,-0.00041496753692626953,-0.318627880628682,0.5913791351702063,-9.294248174628615,-0.16059817954189723,-0.006867906078696251,0.007602661848068237,3.072068188494444,0.012568354606628418
1746575890558238700,47.85223876953125,0.06354283589768234,-0.028386816382408142,0.01826030876611176,0.0020027700811624527,0.07587305565686148,0.9839299933188604,0.16413305476569107,right,0.002012908458709717,-0.318627880628682,0.5913791351702063,-9.294248174628615,-0.16059817954189723,0.008413819596171379,0.00631791353225708,3.072068188494444,0.013441026210784912
1746575890598238700,47.89223876953125,0.06310804399266853,-0.05985891819000244,0.018248418617314723,0.013400634750723839,0.07487357356503425,0.9840703907089069,0.16199837174780107,right,0.0032831430435180664,-0.3179057849262418,0.5874777803501114,-9.296716026046871,-0.16020734936741335,0.029420986771583557,0.006120841950178146,3.065342387370765,0.00938001275062561
1746575890638238700,47.93223876953125,0.06297816029461505,-0.045617666095495224,0.018445390204646864,0.020530950278043747,0.07366250725299073,0.9842720646678637,0.1594554129812431,right,-0.00010859966278076172,-0.3165367523580564,0.5865338505635038,-9.30097192992568,-0.15950605632743478,0.04141264781355858,0.005558431148529053,3.0525866584330794,0.0006399154663085938
1746575890678238700,47.97223876953125,0.063247658607097,-0.01002771407365799,0.01876080142598778,0.013011099770665169,0.07300946836305079,0.9844573971440228,0.15809308033052805,right,-0.001991450786590576,-0.31474831868094055,0.5893845272868872,-9.3062472399801,-0.15862372354217827,0.05021773278713226,0.004190761595964432,3.035914632834494,-0.005481153726577759
1746575890718238700,48.01223876953125,0.06382241508298436,0.014407435432076454,0.019119471489581975,0.012839577160775661,0.07303888789591115,0.9845990655716055,0.15815871069583431,right,-0.0033815503120422363,-0.31279632423997855,0.5951101018594578,-9.311803120541573,-0.15768520124316007,0.044069722294807434,0.005646765232086182,3.017706775970757,-0.0016933679580688477
1746575890758238500,48.05223852539063,0.0638683671729399,0.005892375484108925,0.019177030100459833,0.010892224498093128,0.07325128268036385,0.9847025531581146,0.15852895948005613,right,-0.0023401379585266113,-0.31125338681284853,0.5958344706112518,-9.316410906597971,-0.15693141140088143,0.03569113463163376,0.005988717079162598,3.0033062024354935,0.00004425644874572754
1746575890798238700,48.09223876953125,0.06391372181190766,-0.0026226844638586044,0.019234574650408436,0.00894487276673317,0.07346372663433864,0.984805397899471,0.15889914434617514,right,-0.0013010501861572266,-0.30971041321327386,0.596552263491787,-9.320997649866342,-0.15617751901132912,0.02731255069375038,0.006331354379653931,2.988898322376609,0.0017826855182647705
1746575890838238700,48.13223876953125,0.06348019749245866,-0.0205597672611475,0.019111408323024152,-0.016092469915747643,0.07326102331314611,0.9849176895326949,0.15836693119717155,right,0.0005752444267272949,-0.30853560506875694,0.5927336550517007,-9.324753203007578,-0.15557846270599204,0.02787141315639019,0.006105776876211166,2.977923631636798,0.003793478012084961
1746575890878238700,48.17223876953125,0.06273963190821812,-0.0336742103099823,0.018895218016331265,-0.007886133156716824,0.07270466918796821,0.9850591197562361,0.1570698043223244,right,0.0007128715515136719,-0.30737794825963616,0.5860436558937654,-9.328623906961083,-0.15496941136590187,0.029020728543400764,0.004247602075338364,2.967104715980589,0.001714468002319336
1746575890918238700,48.21223876953125,0.06194730975846573,-0.01701832003891468,0.01864431304378677,-0.0027605537325143814,0.0721707571628653,0.9851895830907728,0.155816606059687,right,0.0021229982376098633,-0.3063422108281306,0.578842163549736,-9.332147404912114,-0.15441917050279724,0.025991467759013176,0.0033134184777736664,2.957422110877931,-0.001263052225112915
1746575890958238700,48.25223876953125,0.06193049058823502,0.005474625155329704,0.018685912537554077,0.0068431030958890915,0.07208858719422082,0.9852596142162543,0.1556112679939095,right,-0.000720679759979248,-0.3055069652228276,0.5788378892334177,-9.334619347983597,-0.1540054933356835,0.015526015311479568,0.0036936141550540924,2.949611437126994,0.00022599101066589355
1746575890998238500,48.29223852539062,0.06222795349100691,0.00843370147049427,0.01882222686520338,0.0068305376917123795,0.07229741941446845,0.9852846065652981,0.15605629606324517,right,-0.0013328790664672852,-0.30491845068878853,0.5817223951611667,-9.336177683341502,-0.15373070049519008,0.012414841912686825,0.004154253751039505,2.9441069944918152,0.001819312572479248
1746575891038238700,48.33223876953125,0.06242744253215535,0.003368748351931572,0.01892963577781689,-0.004404524341225624,0.07242466072891049,0.9853261055096165,0.15631505426331455,right,-0.001567840576171875,-0.30420933449765825,0.5837149572178721,-9.338142845934629,-0.15339127358501536,0.021601611748337746,0.005353234708309174,2.9374729633048173,0.0012583136558532715
1746575891078238700,48.37223876953125,0.06256352842336899,-0.0049390485510230064,0.01905160530625266,0.006704464554786682,0.07235868320132918,0.9854081353397863,0.15615704039560493,right,-0.0017881393432617188,-0.30316248561730297,0.5851776867141947,-9.341127414703369,-0.15287932435196072,0.029654428362846375,0.003741491585969925,2.927676668694615,-0.0012530386447906494
1746575891118238700,48.41223876953125,0.062388168071610454,-0.01247286144644022,0.019036966203481862,-0.002924141474068165,0.07220957958852312,0.9855013814945043,0.155781703596957,right,-0.001956164836883545,-0.30210642730964177,0.5837320544831455,-9.344310136392712,-0.15234945618449902,0.021749213337898254,0.004584960639476776,2.917790942235291,-0.0025156140327453613
1746575891158238700,48.45223876953125,0.06230088898240813,-0.002563551999628544,0.019045614421074865,0.001502303872257471,0.07210920585326026,0.9855701031600623,0.15553020042956206,right,0.00026863813400268555,-0.3013082959560088,0.583061279082112,-9.34668271074295,-0.1519509081899676,0.01336158812046051,0.006162136793136597,2.910317537614703,-0.005874007940292358
1746575891198238700,48.49223876953125,0.062450356444039824,0.010753637179732323,0.019110545626126484,0.004166242200881243,0.0722092374534358,0.9855750020921796,0.15574798590288988,right,-0.001168668270111084,-0.301116439872135,0.5844931385161355,-9.347152666342257,-0.1518638932766447,-0.0040038879960775375,0.006387550383806229,2.9085207173258065,-0.004656374454498291
1746575891238238500,48.532238525390625,0.06272004927465602,0.017977938055992126,0.019183068857295916,0.0028464547358453274,0.07245291597554859,0.9855196288990131,0.1563032870031472,right,-0.0017981529235839844,-0.3015614322238456,0.586932823285833,-9.345701883012056,-0.15209807534300573,-0.015916097909212112,0.007611498236656189,2.912688066138327,-0.0004366934299468994
1746575891278238700,48.57223876953125,0.06287406943563038,0.008712666109204292,0.019179255125652814,-0.00379389151930809,0.0727178317833816,0.9854350087970731,0.15690087565578048,right,-0.00021147727966308594,-0.30239548740335076,0.5882193924976512,-9.343183762711286,-0.15252005363646934,-0.022794554010033607,0.007178511470556259,2.920496986323595,0.0030846595764160156
1746575891318238700,48.61223876953125,0.06274215174926677,0.00233650766313076,0.019042712932976352,-0.011161008849740028,0.07293720135557163,0.9853543160827866,0.157363855405505,right,-0.00037020444869995117,-0.3032752548759844,0.5868255269864574,-9.34069311493933,-0.15295281400399902,-0.020994465798139572,0.0057188719511032104,2.9287320229664444,0.005037367343902588
1746575891358238700,48.65223876953125,0.06240766729339118,0.00027612061239778996,0.01885859128501402,-0.006082880776375532,0.07293411782990382,0.9853191966655559,0.1573288059011853,right,0.0008231401443481445,-0.30380981545946395,0.5836034596674143,-9.339325333717465,-0.15320343871877404,-0.017337944358587265,0.0037710629403591156,2.933734653559327,0.005605041980743408
1746575891398238700,48.69223876953125,0.06240766729339118,-0.0017842669039964676,0.01885859128501402,-0.0010047522373497486,0.07293411782990382,0.9853191966655559,0.1573288059011853,right,0.0021560192108154297,-0.30380981545946395,0.5836034596674143,-9.339325333717465,-0.15320343871877404,-0.013681421987712383,0.0014946870505809784,2.933734653559327,0.006682872772216797
1746575891438238700,48.73223876953125,0.06219575075588712,-0.009402078576385975,0.01873011611739111,0.00920562632381916,0.07280730433296115,0.985252595707679,0.15708345208642263,right,0.0008657574653625488,-0.3048525783932257,0.581433824010752,-9.336390449309349,-0.15370674187739763,-0.013950757682323456,0.0024046488106250763,2.9434906161591408,0.007890462875366211
1746575891478238500,48.77223852539063,0.062443232511984414,-0.01912025734782219,0.018866124622847966,0.012678241357207298,0.07247691035943699,0.9852139449788478,0.15648507202647471,right,0.0007683634757995605,-0.30563103852288753,0.5836011946450919,-9.333956500160694,-0.1540933052892732,-0.012548087164759636,0.002168666571378708,2.9507720053389668,0.006766647100448608
1746575891518238500,48.812238525390626,0.06274277342603402,-0.020711397752165794,0.019062583066510777,0.0185994952917099,0.0719978394715347,0.9852057362023429,0.1555814594493897,right,0.00031501054763793945,-0.3061393175151694,0.5863029644170775,-9.332283013990521,-0.15434575390337613,-0.007174581754952669,0.0018275007605552673,2.9555250450849533,0.004668772220611572
1746575891558238700,48.85223876953125,0.06303856030554379,-0.017728706821799278,0.01925336825744235,0.004757782444357872,0.07157721038544997,0.9852018814268605,0.15479097863361035,right,-0.004828751087188721,-0.30653174114418635,0.5889901942070573,-9.330950888603924,-0.1545419672370625,-0.007600238546729088,0.0015316419303417206,2.959194381247461,0.0024285614490509033
1746575891598238700,48.89223876953125,0.06282089954034742,0.0003260429948568344,0.019151988220436372,-0.006885109469294548,0.07141512487333598,0.98517829267694,0.15444979042902565,right,-0.00036448240280151367,-0.3070385472440263,0.5868649822140112,-9.3295807692945,-0.1547803567670444,-0.013654343783855438,0.004572916775941849,2.9639322234243153,0.0006599128246307373
1746575891638238700,48.93223876953125,0.0625712013987378,0.009620207361876965,0.01897896658316691,-0.010730255395174026,0.07154463368481391,0.9851155796330123,0.15470573214877215,right,0.00011104345321655273,-0.3077836960114067,0.5843971307957545,-9.327520329633355,-0.1551406357797284,-0.01650703325867653,0.0036912746727466583,2.970897094000876,-0.0007214248180389404
1746575891678238700,48.97223876953125,0.0625712013987378,0.0067606596276164055,0.01897896658316691,-0.007309574633836746,0.07154463368481391,0.9851155796330123,0.15470573214877215,right,-0.00043773651123046875,-0.3077836960114067,0.5843971307957545,-9.327520329633355,-0.1551406357797284,-0.0191385168582201,0.003929655998945236,2.970897094000876,0.002809286117553711
1746575891718238700,49.01223876953125,0.062242814740466466,0.0038510255981236696,0.01871608542104303,-0.005328688770532608,0.07188652038451424,0.985006141333081,0.15539844006528516,right,-0.00046306848526000977,-0.3089479470100729,0.5811185109838843,-9.324253436791896,-0.1557083849873227,-0.011878324672579765,0.003312431275844574,2.9817759231507774,0.0001696944236755371
1746575891758238500,49.05223852539063,0.06265749584095971,-0.010696697048842907,0.0189242709213598,0.000307668000459671,0.07169515280133172,0.9849767316751743,0.15509633620774735,right,0.00003927946090698242,-0.30942921603271106,0.5848951069131493,-9.322578197056055,-0.15595727145492097,-0.010704955086112022,0.005382385104894638,2.986271773265302,0.0022709667682647705
1746575891798238700,49.09223876953125,0.06265749584095971,-0.025244418531656265,0.0189242709213598,0.00594402477145195,0.07169515280133172,0.9849767316751743,0.15509633620774735,right,0.0007124543190002441,-0.30942921603271106,0.5848951069131493,-9.322578197056055,-0.15595727145492097,-0.009531586430966854,0.007837455719709396,2.986271773265302,0.004830718040466309
1746575891838238700,49.13223876953125,0.06314193858465623,-0.018408047035336494,0.01923577675760722,0.012188519351184368,0.07100149639821604,0.9849649922033867,0.15379540707084122,right,0.0011683106422424316,-0.31013604877908096,0.5892779616398737,-9.320184579917788,-0.15630998956562903,-0.004323246888816357,0.005941618233919144,2.992873655748367,0.0005633533000946045
1746575891878238700,49.17223876953125,0.06339858665423907,-0.0027889832854270935,0.01939031520890514,0.002289295196533203,0.0706938724128065,0.9849522727872353,0.15322902531487115,right,-0.0004387497901916504,-0.3105368095874935,0.5915939104320481,-9.318835503396391,-0.15651081565736105,-0.011069467291235924,0.004811052232980728,2.9966160571470857,0.0013584792613983154
1746575891918238700,49.21223876953125,0.06339858665423907,0.007556152530014515,0.01939031520890514,0.002542239148169756,0.0706938724128065,0.9849522727872353,0.15322902531487115,right,0.0004363059997558594,-0.3105368095874935,0.5915939104320481,-9.318835503396391,-0.15651081565736105,-0.009886971674859524,0.00507078692317009,2.9966160571470857,0.004401475191116333
1746575891958238700,49.25223876953125,0.06339858665423907,0.0031520482152700424,0.01939031520890514,0.000956115429289639,0.0706938724128065,0.9849522727872353,0.15322902531487115,right,0.0013999342918395996,-0.3105368095874935,0.5915939104320481,-9.318835503396391,-0.15651081565736105,0.0011606672778725624,0.00568210706114769,2.9966160571470857,0.004675149917602539
1746575891998238500,49.29223852539062,0.06339858665423907,-0.0012520551681518555,0.01939031520890514,-0.0006300080567598343,0.0706938724128065,0.9849522727872353,0.15322902531487115,right,0.0023636221885681152,-0.3105368095874935,0.5915939104320481,-9.318835503396391,-0.15651081565736105,0.012208306230604649,0.00629342719912529,2.9966160571470857,0.004948824644088745
1746575892038238700,49.33223876953125,0.06339858665423907,0.00043343647848814726,0.01939031520890514,0.011991333216428757,0.0706938724128065,0.9849522727872353,0.15322902531487115,right,-0.0013430118560791016,-0.3105368095874935,0.5915939104320481,-9.318835503396391,-0.15651081565736105,0.024016067385673523,0.0045111216604709625,2.9966160571470857,0.004146486520767212
1746575892078238700,49.37223876953125,0.06407453611380942,0.01149047538638115,0.01972954281075676,0.01230526715517044,0.07085825021014565,0.9850020337472625,0.15362909991292023,right,0.00011730194091796875,-0.30960376678635876,0.598071618546173,-9.321219768184424,-0.156079509251131,0.024475201964378357,0.0033238083124160767,2.987902297076583,0.0015684664249420166
1746575892118238700,49.41223876953125,0.06474990873104478,0.022547513246536255,0.02006875790427913,0.012619201093912125,0.07102265457674967,0.9850516641023744,0.15402852776553946,right,0.0015763640403747559,-0.3086705782245266,0.6045469155075028,-9.323591758012771,-0.15564817478725815,0.02493433468043804,0.002136737108230591,2.979184737613797,-0.001009136438369751
1746575892158238700,49.45223876953125,0.06573496473814357,0.022925209254026413,0.020516166865464428,0.01870195008814335,0.071442299945045,0.9850764003075295,0.15499492506731344,right,0.0024487972259521484,-0.3077508498672769,0.613910627386719,-9.325721755778789,-0.155240430933316,0.010701938532292843,0.003675006330013275,2.9705902200087904,0.0039206743240356445
1746575892198238700,49.49223876953125,0.06682574248977416,-0.0023248065263032913,0.021028551793377724,0.027191143482923508,0.07158237061472898,0.9850670028413226,0.15544042136929917,right,0.002091825008392334,-0.3075129830095716,0.6241296774536371,-9.325751566395162,-0.15516699472134116,-0.002022163011133671,0.006239347159862518,2.9683669910013672,0.007952392101287842
1746575892238238500,49.532238525390625,0.06768143993366207,-0.0318337008357048,0.021494206401328833,0.024806223809719086,0.07111878665907626,0.9850548720919572,0.1546530336686266,right,-0.0017792582511901855,-0.30792794072882723,0.6320261297918855,-9.32398455672264,-0.15539336122862726,-0.012387250550091267,0.006593555212020874,2.9722452937394377,0.0044359564781188965
1746575892278238700,49.57223876953125,0.0678647725422202,-0.04041103646159172,0.021681019474869626,0.014506116509437561,0.07031642461115224,0.9850608148898046,0.15308194749569243,right,0.00003731250762939453,-0.30856107182100395,0.6336077729601413,-9.32198899899125,-0.15569447104128475,-0.01148933731019497,0.006574265658855438,2.9781615320459007,0.00018867850303649902
1746575892318238700,49.61223876953125,0.0681190381039568,-0.021520765498280525,0.021906049677671423,0.015676110982894897,0.06964472304677649,0.9850986698477344,0.15176179834778034,right,0.0007420778274536133,-0.3086353522596906,0.6359629577841609,-9.321606721675396,-0.15572553484212767,0.0048857517540454865,0.0043117329478263855,2.9788553595289584,-0.0013141632080078125
1746575892358238700,49.65223876953125,0.06861075030471595,-0.00420762225985527,0.02220079033524113,0.013392194174230099,0.06934706308905209,0.9851319086566329,0.1512229825703234,right,0.0010467767715454102,-0.308370081194328,0.6406005544569343,-9.322081353449821,-0.15560612850074854,0.007551426533609629,0.005357809364795685,2.9763769867166876,0.0018992424011230469
1746575892398238700,49.69223876953125,0.06928572630272609,-0.0025293210055679083,0.02255588461085191,0.012356988154351711,0.06924836209773134,0.9851547000256037,0.15111289190510677,right,-0.00014972686767578125,-0.30801793826331797,0.6469651210527867,-9.322691594302654,-0.15545496085548396,0.00971513893455267,0.006122946739196777,2.973086128477752,0.0026621222496032715
1746575892438238700,49.73223876953125,0.06928572630272609,-0.005858838092535734,0.02255588461085191,0.009274122305214405,0.06924836209773134,0.9851547000256037,0.15111289190510677,right,0.0007630586624145508,-0.30801793826331797,0.6469651210527867,-9.322691594302654,-0.15545496085548396,0.01216505654156208,0.005705937743186951,2.973086128477752,0.0031964778900146484
1746575892478238500,49.77223852539063,0.0698281380277482,-0.00833973754197359,0.02290340816297874,0.00910149421542883,0.06897839014665748,0.985242779876108,0.15060277391613872,right,0.0004903078079223633,-0.3069959268637407,0.6522334168445318,-9.32536578194797,-0.1549648833994402,0.017300261184573174,0.005338363349437714,2.963533871756494,0.0032075047492980957
1746575892518238500,49.812238525390626,0.07020515319100916,-0.001794740092009306,0.023146302028078304,0.008904488757252693,0.06880619425907727,0.9853095395210425,0.1502751557829383,right,-0.00011962652206420898,-0.3061962244692408,0.6559152471624314,-9.327479997622966,-0.15458045458716993,0.017739180475473404,0.005366846919059753,2.956057252265513,0.0026426315307617188
1746575892558238700,49.85223876953125,0.07059483507706582,-0.0021964197512716055,0.02339297331225163,0.007907761260867119,0.06866362859766904,0.9853780017956918,0.15000680853640536,right,-0.0008901357650756836,-0.3053407383729424,0.659728083448857,-9.329742681857944,-0.15416959904632774,0.020754683762788773,0.0038916394114494324,2.9480569011613724,0.0024238228797912598
1746575892598238700,49.89223876953125,0.07098461193109859,-0.0025980996433645487,0.02363963463295233,0.006911034695804119,0.06852094872118628,0.9854462232193586,0.14973798112635126,right,-0.0016615986824035645,-0.3044853406787952,0.6635431116923689,-9.331997182786465,-0.15375869452864088,0.02377018705010414,0.0024162232875823975,2.940055381013453,0.002205193042755127
1746575892638238700,49.93223876953125,0.071155326806134,-0.0037887636572122574,0.023773083941667345,0.007754694204777479,0.06843956635102647,0.9855167953965169,0.1495573218705634,right,0.000920712947845459,-0.3035899539194759,0.665323126976937,-9.334505950736999,-0.1533215615884884,0.02377508394420147,0.007146768271923065,2.93167713650763,0.00143510103225708
1746575892678238700,49.97223876953125,0.07169217794469725,-0.006078646518290043,0.024082568965288834,0.008458125405013561,0.06835210868105526,0.9855796575883466,0.149422053674076,right,-0.004903316497802734,-0.30271607452542526,0.6705175538148731,-9.336699076867102,-0.15290801964082998,0.014667708426713943,0.006177939474582672,2.9234982139661905,0.006085872650146484
1746575892718238700,50.01223876953125,0.07161980997221463,-0.006849540397524834,0.02409249807360245,-0.0005115233361721039,0.06819205330861373,0.9856268533907254,0.14906423838473049,right,0.0014639496803283691,-0.30225408817633476,0.6699384387526661,-9.338093746095895,-0.1526737525245775,0.010878554545342922,0.007269598543643951,2.9191733365043997,0.004336416721343994
1746575892758238500,50.05223852539063,0.07161980997221463,0.0008534397929906845,0.02409249807360245,-0.0006443659076467156,0.06819205330861373,0.9856268533907254,0.14906423838473049,right,-0.001358330249786377,-0.30225408817633476,0.6699384387526661,-9.338093746095895,-0.1526737525245775,0.011047201231122017,0.006256662309169769,2.9191733365043997,0.00251692533493042
1746575892798238700,50.09223876953125,0.07147997612813163,0.009960716590285301,0.024055910457536245,-0.008793281391263008,0.06825826374205252,0.985696114021638,0.14913218086204946,right,-0.00044918060302734375,-0.3013039648452278,0.668830404445529,-9.340949720048904,-0.15220193392178852,0.008254658430814743,0.005530938506126404,2.91027691334337,0.0025200247764587402
1746575892838238700,50.13223876953125,0.07112855030600947,0.009960241615772247,0.02386953038940703,-0.008483633399009705,0.0684579884529569,0.9857118546639384,0.14946844205137053,right,0.0006991028785705566,-0.3009902058267449,0.6656126114428043,-9.34209421390891,-0.15203944237772948,0.009335273876786232,0.0048768967390060425,2.9073385218039154,0.001997232437133789
1746575892878238700,50.17223876953125,0.07112855030600947,0.009959766641259193,0.02386953038940703,-0.008173985406756401,0.0684579884529569,0.9857118546639384,0.14946844205137053,right,0.0017306208610534668,-0.3009902058267449,0.6656126114428043,-9.34209421390891,-0.15203944237772948,0.010415889322757721,0.0038947314023971558,2.9073385218039154,0.0011748075485229492
1746575892918238700,50.21223876953125,0.07040948528776048,0.0052518961019814014,0.023503853760181825,-0.007840980775654316,0.06879546633067042,0.9857567340368552,0.15000739982420402,right,0.0034524202346801758,-0.30024149073457185,0.6590478460997342,-9.344739175459742,-0.1516524360367189,0.011423373594880104,0.005614638328552246,2.9003254281714557,0.0024406909942626953
1746575892958238700,50.25223876953125,0.07032782196232146,0.0017584806773811579,0.02347660925262108,0.0005019074305891991,0.06891454925033476,0.9858023673230959,0.15020374894752975,right,-0.0016682147979736328,-0.29953870213450806,0.658427741440013,-9.346824165040253,-0.15130580445358202,0.018610883504152298,0.003972336649894714,2.8937407890841365,0.0032151639461517334
1746575892998238500,50.29223852539062,0.07023261556323815,0.00025703199207782745,0.023456256004713297,0.0004113371833227575,0.06897920171750255,0.985860566226263,0.15028226261373587,right,0.001285851001739502,-0.2987197482598891,0.6577039572101085,-9.349247592794894,-0.15090008233892022,0.018624315038323402,0.004090249538421631,2.886066308933496,0.004086166620254517
1746575893038238700,50.33223876953125,0.07024852511241253,-0.0008731216657906771,0.023497963335829968,0.0030468234326690435,0.06898415568964134,0.9859197862893292,0.15025732386198742,right,0.0007158517837524414,-0.29791394682300376,0.6580157265730202,-9.351554116171599,-0.1505034490850614,0.01589484140276909,0.004297703504562378,2.878513117074966,0.003122389316558838
1746575893078238700,50.37223876953125,0.07045165841719633,-0.0035555947106331587,0.023631869497436116,0.006055628415197134,0.06894359359117716,0.9859706173757384,0.15017384300045158,right,-0.000629127025604248,-0.2972211095935328,0.660055561837554,-9.353407050561904,-0.15016817967534005,0.0158289335668087,0.005267180502414703,2.872017325314879,0.0020700395107269287
1746575893118238700,50.41223876953125,0.07045165841719633,-0.008844168856739998,0.023631869497436116,0.005908699240535498,0.06894359359117716,0.9859706173757384,0.15017384300045158,right,-0.00017583370208740234,-0.2972211095935328,0.660055561837554,-9.353407050561904,-0.15016817967534005,0.010135847143828869,0.00726579874753952,2.872017325314879,0.0018845200538635254
1746575893158238700,50.45223876953125,0.07052923224947348,-0.005996950902044773,0.02374097920503139,0.0019209589809179306,0.0686877343501068,0.986043478880835,0.14963124948258616,right,-0.00027996301651000977,-0.296459147125233,0.660935194216296,-9.355536463806033,-0.14978907608416486,0.013330674730241299,0.007023058831691742,2.8648718374744058,0.0017190277576446533
1746575893198238700,50.49223876953125,0.07060720344545324,-0.003149733180180192,0.023850085591469575,-0.002066780813038349,0.06843177107338581,0.9861161832117514,0.14908854862812684,right,-0.0003846883773803711,-0.29569728610082974,0.6618184067916124,-9.357659447309373,-0.14940995616737407,0.016525503247976303,0.006779946386814117,2.8577257651120425,0.001553654670715332
1746575893238238500,50.532238525390625,0.07060720344545324,0.001213582931086421,0.023850085591469575,-0.004701145924627781,0.06843177107338581,0.9861161832117514,0.14908854862812684,right,-0.0010271072387695312,-0.29569728610082974,0.6618184067916124,-9.357659447309373,-0.14940995616737407,0.01500781998038292,0.005509316921234131,2.8577257651120425,0.0011896491050720215
1746575893278238700,50.57223876953125,0.07014660636134884,0.00585534330457449,0.023664577610337627,-0.009216472506523132,0.0685139807255516,0.9862021363845187,0.14913285799937712,right,-0.0008244514465332031,-0.29455737005493343,0.6577361059140414,-9.361206326135992,-0.14883308926984765,0.013327199965715408,0.004746854305267334,2.847030183574557,0.0014636814594268799
1746575893318238700,50.61223876953125,0.06982024843645851,0.006975762080401182,0.023517142136637175,-0.0084227928891778,0.06863413729534894,0.9862471720251489,0.1492972643050489,right,0.000021576881408691406,-0.29390468196415825,0.6548105007909238,-9.363272611016034,-0.14850224118233915,0.01081561204046011,0.003024660050868988,2.840904686431587,0.0015785694122314453
1746575893358238700,50.65223876953125,0.06982024843645851,0.005226412322372198,0.023517142136637175,-0.0046211229637265205,0.06863413729534894,0.9862471720251489,0.1492972643050489,right,-0.00008660554885864258,-0.29390468196415825,0.6548105007909238,-9.363272611016034,-0.14850224118233915,0.007098210509866476,0.0033265724778175354,2.840904686431587,0.001415848731994629
1746575893398238700,50.69223876953125,0.06965384995994088,-0.00038095656782388687,0.023446274306486402,0.0006403061561286449,0.06874570153723536,0.9862868418439218,0.14947047375030653,right,0.000889122486114502,-0.2932950788862955,0.6533728692032397,-9.36510684070587,-0.1481981736620266,0.0022903336212038994,0.004804603755474091,2.835182217131555,0.0034338533878326416
1746575893438238700,50.73223876953125,0.06965384995994088,-0.003390164114534855,0.023446274306486402,0.003147212089970708,0.06874570153723536,0.9862868418439218,0.14947047375030653,right,0.0007587075233459473,-0.2932950788862955,0.6533728692032397,-9.36510684070587,-0.1481981736620266,-0.0011457318905740976,0.00342414528131485,2.835182217131555,0.0037568509578704834
1746575893478238500,50.77223852539063,0.0698223262658227,-0.005818631965667009,0.02356056455145321,0.0061134579591453075,0.06853662907099477,0.9863014067246262,0.14907004197738447,right,-0.0010436773300170898,-0.2932560722072458,0.6549583848290145,-9.36510742522776,-0.14818002710122163,0.002140681492164731,0.004449024796485901,2.834816014167666,0.0013859868049621582
1746575893518238500,50.812238525390626,0.0698223262658227,-0.005172258708626032,0.02356056455145321,0.003535495139658451,0.06853662907099477,0.9863014067246262,0.14907004197738447,right,-0.0019731521606445312,-0.2932560722072458,0.6549583848290145,-9.36510742522776,-0.14818002710122163,0.003992334008216858,0.004228368401527405,2.834816014167666,0.002330213785171509
1746575893558238700,50.85223876953125,0.0698223262658227,0.00012681959196925163,0.02356056455145321,-0.002467263024300337,0.06853662907099477,0.9863014067246262,0.14907004197738447,right,-0.00023221969604492188,-0.2932560722072458,0.6549583848290145,-9.36510742522776,-0.14818002710122163,0.0019866274669766426,0.005890063941478729,2.834816014167666,0.002995103597640991
1746575893598238700,50.89223876953125,0.0698223262658227,0.006079340819269419,0.02356056455145321,0.014758868142962456,0.06853662907099477,0.9863014067246262,0.14907004197738447,right,-0.002226531505584717,-0.2932560722072458,0.6549583848290145,-9.36510742522776,-0.14818002710122163,-0.007060390897095203,0.0066175684332847595,2.834816014167666,0.00428202748298645
1746575893638238700,50.93223876953125,0.0698223262658227,-0.002362112980335951,0.02356056455145321,-0.004630444571375847,0.06853662907099477,0.9863014067246262,0.14907004197738447,right,0.0018367171287536621,-0.2932560722072458,0.6549583848290145,-9.36510742522776,-0.14818002710122163,-0.012984528206288815,0.008219212293624878,2.834816014167666,0.005459517240524292
1746575893678238700,50.97223876953125,0.07025318708335059,-0.002402621554210782,0.023784511953526127,0.0006408551707863808,0.06831153870916111,0.9862795810209106,0.1486973054483192,right,0.00027060508728027344,-0.29366723338343687,0.6589114333037287,-9.363660733550786,-0.14839296948967842,-0.004990968853235245,0.005171187222003937,2.8386759044662115,0.0028303563594818115
1746575893718238700,51.01223876953125,0.07025318708335059,0.00556416530162096,0.023784511953526127,-0.005898896139115095,0.06831153870916111,0.9862795810209106,0.1486973054483192,right,0.000011146068572998047,-0.29366723338343687,0.6589114333037287,-9.363660733550786,-0.14839296948967842,-0.0012925108894705772,0.004258006811141968,2.8386759044662115,0.0035076141357421875
1746575893758238500,51.05223852539063,0.07012917076967114,0.0029356824234128,0.023698878544641443,-0.0029867736157029867,0.06846789408991528,0.9862668863025255,0.14899823004196072,right,0.0006706118583679199,-0.2937218401429191,0.6577393207844346,-9.363587668314576,-0.1484192035420782,0.00010392104741185904,0.00542217493057251,2.8391882379025217,0.00426405668258667
1746575893798238700,51.09223876953125,0.07012917076967114,0.0003071997780352831,0.023698878544641443,-0.00007465085946023464,0.06846789408991528,0.9862668863025255,0.14899823004196072,right,0.0013374686241149902,-0.2937218401429191,0.6577393207844346,-9.363587668314576,-0.1484192035420782,0.0015003531007096171,0.0064668208360672,2.8391882379025217,0.005072802305221558
1746575893838238700,51.13223876953125,0.07012917076967114,-0.003263701917603612,0.023698878544641443,-0.009720318019390106,0.06846789408991528,0.9862668863025255,0.14899823004196072,right,0.0011007189750671387,-0.2937218401429191,0.6577393207844346,-9.363587668314576,-0.1484192035420782,0.002961116610094905,0.00508580356836319,2.8391882379025217,0.004010826349258423
1746575893878238700,51.17223876953125,0.07012917076967114,-0.002383520593866706,0.023698878544641443,0.0037185857072472572,0.06846789408991528,0.9862668863025255,0.14899823004196072,right,-0.0016364455223083496,-0.2937218401429191,0.6577393207844346,-9.363587668314576,-0.1484192035420782,0.010214454494416714,0.003996551036834717,2.8391882379025217,0.0026583075523376465
1746575893918238700,51.21223876953125,0.07012917076967114,0.0020995556842535734,0.023698878544641443,-0.00295433821156621,0.06846789408991528,0.9862668863025255,0.14899823004196072,right,-0.000606536865234375,-0.2937218401429191,0.6577393207844346,-9.363587668314576,-0.1484192035420782,0.008662913925945759,0.004544302821159363,2.8391882379025217,0.0005611777305603027
1746575893958238700,51.25223876953125,0.07019281783596204,0.001074375119060278,0.023748250511361677,0.0003506997600197792,0.06856649827960028,0.9863162421311525,0.14917163294270785,right,-0.0008919835090637207,-0.29293859477462203,0.6584910889998078,-9.36576092070043,-0.1480374818607216,0.008776594884693623,0.005784459412097931,2.831835537052154,0.0014028549194335938
1746575893998238500,51.29223852539062,0.07025630209099586,0.00004919443745166063,0.023797625022939434,0.003655737964436412,0.06866503518232367,0.9863653938574866,0.1493448216231163,right,-0.0011779069900512695,-0.29215533231009144,0.6592411767147481,-9.367928912389278,-0.1476557392601635,0.008890275843441486,0.007024772465229034,2.824480498114228,0.0022447407245635986
1746575894038238700,51.33223876953125,0.07025630209099586,-0.00881728995591402,0.023797625022939434,0.0044980840757489204,0.06866503518232367,0.9863653938574866,0.1493448216231163,right,-0.00008040666580200195,-0.29215533231009144,0.6592411767147481,-9.367928912389278,-0.1476557392601635,-0.0010804114863276482,0.006488479673862457,2.824480498114228,0.0029734671115875244
1746575894078238700,51.37223876953125,0.07025630209099586,-0.01050079707056284,0.023797625022939434,0.006779330782592297,0.06866503518232367,0.9863653938574866,0.1493448216231163,right,0.0003115534782409668,-0.29215533231009144,0.6592411767147481,-9.367928912389278,-0.1476557392601635,-0.0036843318957835436,0.006450578570365906,2.824480498114228,0.0009206235408782959
1746575894118238700,51.41223876953125,0.07045510941410571,-0.004965359810739756,0.023951683821941114,0.002665294799953699,0.06829152794798855,0.9863918531092194,0.1486147671184538,right,0.0004070401191711426,-0.2921015502288458,0.6611142771102487,-9.367949370655417,-0.1476273263282469,0.0033986882772296667,0.00584004819393158,2.823975471201539,0.0017130076885223389
1746575894158238700,51.45223876953125,0.07045510941410571,-0.0012029369827359915,0.023951683821941114,-0.0011167563498020172,0.06829152794798855,0.9863918531092194,0.1486147671184538,right,0.0002468228340148926,-0.2921015502288458,0.6611142771102487,-9.367949370655417,-0.1476273263282469,0.0028359198477119207,0.0061433687806129456,2.823975471201539,0.0029841363430023193
1746575894198238700,51.49223876953125,0.07045510941410571,0.005874191410839558,0.023951683821941114,-0.0052530704997479916,0.06829152794798855,0.9863918531092194,0.1486147671184538,right,-0.0002682805061340332,-0.2921015502288458,0.6611142771102487,-9.367949370655417,-0.1476273263282469,0.006637422367930412,0.005398064851760864,2.823975471201539,0.002265244722366333
1746575894238238500,51.532238525390625,0.07012260682428992,0.003667073789983988,0.02380273805531752,-0.006774406414479017,0.06840967576083862,0.9864388738790563,0.1487732458616213,right,0.0007233619689941406,-0.291420824219661,0.6581338730599731,-9.370084044596553,-0.14728236842704637,0.008688478730618954,0.00593295693397522,2.8175819707721472,0.0038328468799591064
1746575894278238700,51.57223876953125,0.06985713597602752,0.0027441431302577257,0.023687836570092293,-0.003960868343710899,0.06848814349298711,0.9864801074045152,0.14886601070546077,right,0.0004887580871582031,-0.29083890418592173,0.6557607141878455,-9.371892555323242,-0.14698759200074563,0.011331107467412949,0.005034983158111572,2.812115522059798,0.004388153553009033
1746575894318238700,51.61223876953125,0.06985713597602752,0.00046367174945771694,0.023687836570092293,0.0016725589521229267,0.06848814349298711,0.9864801074045152,0.14886601070546077,right,0.0009450912475585938,-0.29083890418592173,0.6557607141878455,-9.371892555323242,-0.14698759200074563,0.01652025617659092,0.004366643726825714,2.812115522059798,0.0031680166721343994
1746575894358238700,51.65223876953125,0.06978698162668183,-0.0022669287864118814,0.023689179100208062,0.0016127349808812141,0.06849038254517699,0.9865414409599983,0.14882196130675232,right,0.001325070858001709,-0.29000609681490147,0.6552662817344069,-9.374271559414266,-0.14657419202337177,0.013139859773218632,0.004858851432800293,2.804290527522564,0.0032170116901397705
1746575894398238700,51.69223876953125,0.06971688404895529,-0.004997529089450836,0.023690518309167,0.0015529108932241797,0.06849260123851846,0.9866026071618771,0.14877796858473236,right,0.001704394817352295,-0.2891733073711366,0.6547716300852596,-9.376644133764504,-0.14616077572038294,0.009759463369846344,0.005351074039936066,2.7964634871587157,0.0032661259174346924
1746575894438238700,51.73223876953125,0.06971688404895529,-0.004769072402268648,0.023690518309167,0.00006269454024732113,0.06849260123851846,0.9866026071618771,0.14877796858473236,right,0.00015366077423095703,-0.2891733073711366,0.6547716300852596,-9.376644133764504,-0.14616077572038294,0.004679639358073473,0.004700116813182831,2.7964634871587157,0.0020741820335388184
1746575894478238500,51.77223852539063,0.06986128216364626,-0.005227488465607166,0.02382135223693852,0.0007610874017700553,0.06823938804365642,0.9866577816234012,0.148260589570733,right,-0.0000489354133605957,-0.28861640691416424,0.6562342499837279,-9.378101346835493,-0.14588505081677358,0.006652957294136286,0.004857860505580902,2.7912285091146827,0.0011309683322906494
1746575894518238500,51.812238525390626,0.06986128216364626,0.0018719476647675037,0.02382135223693852,-0.005133414175361395,0.06823938804365642,0.9866577816234012,0.148260589570733,right,-0.00021570920944213867,-0.28861640691416424,0.6562342499837279,-9.378101346835493,-0.14588505081677358,0.013635309413075447,0.0051826611161231995,2.7912285091146827,-0.000519096851348877
1746575894558238700,51.85223876953125,0.06963220176233739,0.003767620772123337,0.023751249192428915,0.009649330750107765,0.06818475101198289,0.9867203024775164,0.14808118232161274,right,0.005000054836273193,-0.2878531422983137,0.6542339430119842,-9.380373967942594,-0.14549883070632258,0.006393567658960819,0.00836046040058136,2.7840523338750005,0.0005862116813659668
1746575894598238700,51.89223876953125,0.06963220176233739,-0.002833837643265724,0.023751249192428915,0.0045642065815627575,0.06818475101198289,0.9867203024775164,0.14808118232161274,right,0.0035396814346313477,-0.2878531422983137,0.6542339430119842,-9.380373967942594,-0.14549883070632258,-0.0007608197629451752,0.007602207362651825,2.7840523338750005,0.0014917552471160889
1746575894638238700,51.93223876953125,0.06963220176233739,-0.009435296058654785,0.023751249192428915,-0.0005209185183048248,0.06818475101198289,0.9867203024775164,0.14808118232161274,right,0.002079308032989502,-0.2878531422983137,0.6542339430119842,-9.380373967942594,-0.14549883070632258,-0.00791520718485117,0.00684395432472229,2.7840523338750005,0.0023972690105438232
1746575894678238700,51.97223876953125,0.06927318266610717,-0.001424669288098812,0.023604416579639062,-0.0020523089915513992,0.06780466305702405,0.9867020902207978,0.14728967483471492,right,0.0011277198791503906,-0.2885550875055364,0.6507306841313839,-9.378656058108806,-0.1458233089877922,-0.010900505818426609,0.0033561959862709045,2.7906521705314518,0.0023139119148254395
1746575894718238700,52.01223876953125,0.06927318266610717,0.004520988091826439,0.023604416579639062,-0.004241049289703369,0.06780466305702405,0.9867020902207978,0.14728967483471492,right,0.0008422136306762695,-0.2885550875055364,0.6507306841313839,-9.378656058108806,-0.1458233089877922,-0.010101421736180782,0.003642760217189789,2.7906521705314518,0.004380941390991211
1746575894758238500,52.05223852539063,0.0690818818673901,0.0026630936190485954,0.023470855010827994,-0.0029862248338758945,0.06793562323028964,0.9866589858459882,0.1475503301676215,right,0.002411067485809326,-0.28907346597579664,0.6488366140130907,-9.377336207681894,-0.14607543001108816,0.009135973639786243,0.0031964480876922607,2.7955250372648237,0.00461086630821228
1746575894798238700,52.09223876953125,0.06908778732809993,-0.0007085192482918501,0.023500492181127486,0.0010471907444298267,0.06797459966733573,0.9867116893945121,0.1475953105394802,right,-0.0014207959175109863,-0.28830276310844544,0.6490405390873552,-9.379479064929484,-0.14569621671488547,0.031252823770046234,0.0002593323588371277,2.7882798884421587,0.006054341793060303
1746575894838238700,52.13223876953125,0.06906847659084853,-0.011382708325982094,0.023573456003540817,0.014395883306860924,0.0678413812446432,0.9868276709403471,0.14725525487090324,right,0.0034914016723632812,-0.2868169340622135,0.6491445839837193,-9.383613972777127,-0.1449590177963361,0.0380573645234108,0.0029974058270454407,2.7743071849301457,0.006846636533737183
1746575894878238700,52.17223876953125,0.06954906021031934,-0.03793463855981827,0.023947924834984702,0.02164604514837265,0.0672492699961931,0.9869547272931202,0.14606576806218824,right,-0.0003592371940612793,-0.28549115017861926,0.653909168037027,-9.386962114161252,-0.14430738736328108,0.028635209426283836,0.0015106871724128723,2.7618343645870684,0.008090406656265259
1746575894918238700,52.21223876953125,0.06998266917336718,-0.0458105131983757,0.02434478192163817,0.02815018966794014,0.06625676170352397,0.9870871858974682,0.1440715383081768,right,0.0010719895362854004,-0.28446725160658554,0.6581767623536289,-9.389493678465485,-0.14379285340815384,0.027993617579340935,0.004017859697341919,2.75219822897464,0.0010668039321899414
1746575894958238700,52.25223876953125,0.07081186603271529,-0.028346559032797813,0.024878690076363764,0.025285543873906136,0.06557075513940434,0.9871763715318654,0.14276526535128223,right,-0.00012612342834472656,-0.28365366521165586,0.6661204878997057,-9.391175347942113,-0.1434028447992687,0.019241265952587128,0.005500607192516327,2.744539530915022,-0.0012304186820983887
1746575894998238500,52.29223852539062,0.07164199012460509,-0.010882604867219925,0.02541257498298931,0.02242089807987213,0.06488473045784514,0.9872647102188165,0.14145869631030414,right,-0.0013259649276733398,-0.2828411693635507,0.6740754654921591,-9.392840066283942,-0.14301272191108064,0.01048891432583332,0.0069822147488594055,2.736889016161859,-0.0035284757614135742
1746575895038238700,52.33223876953125,0.07239208832894527,0.000026766210794448853,0.025812673290970055,0.008764904923737049,0.06470199377034078,0.987282864521729,0.1411845488402858,right,-0.0032033920288085938,-0.28256812834254,0.6811748491685837,-9.393076797649265,-0.14289881918960126,0.0010199584066867828,0.00719953328371048,2.734317704369128,-0.004591107368469238
1746575895078238700,52.37223876953125,0.07239208832894527,0.0034411861561238766,0.025812673290970055,0.003606208600103855,0.06470199377034078,0.987282864521729,0.1411845488402858,right,0.0006904006004333496,-0.28256812834254,0.6811748491685837,-9.393076797649265,-0.14289881918960126,-0.008185440674424171,0.005847908556461334,2.734317704369128,-0.004675686359405518
1746575895118238700,52.41223876953125,0.07309334973620044,-0.0017627165652811527,0.026112349887967706,0.008215589448809624,0.06471412294057427,0.9872049228991866,0.14135343107893514,right,0.0006049871444702148,-0.2834860555718595,0.6875781403396278,-9.390089890792966,-0.14337647853222102,-0.024588903412222862,0.005344219505786896,2.742961321812868,-0.0007049739360809326
1746575895158238700,52.45223876953125,0.07369300327297446,-0.0001144456909969449,0.026355728250766396,0.012459712103009224,0.06468346767743247,0.987108240003028,0.14143675439921083,right,-0.0005016326904296875,-0.2847280155057252,0.6929574222251772,-9.386271209287642,-0.14400953010068265,-0.031850364059209824,0.004726499319076538,2.754652636389434,0.0010806024074554443
1746575895198238700,52.49223876953125,0.0742464684233413,-0.002371234353631735,0.02658386104377441,0.0151352658867836,0.06461384732153384,0.987017231342753,0.14143342507091158,right,0.0004938244819641113,-0.2859327378496031,0.6979056192170828,-9.382570016682147,-0.14462149373891772,-0.024340525269508362,0.003689497709274292,2.7659894384399055,0.00229528546333313
1746575895238238500,52.532238525390625,0.07490306978817218,-0.006742439698427916,0.02688220927220941,0.021074024960398674,0.06451044539760746,0.986953216900306,0.14135946606947947,right,0.000024020671844482422,-0.286758438013798,0.7038949227597564,-9.379828609019517,-0.14504886501011124,-0.013635518029332161,0.003954850137233734,2.773756857571006,0.0032789409160614014
1746575895278238700,52.57223876953125,0.07564915124480615,-0.007872473448514938,0.027250073448576512,0.018563536927103996,0.06430749899064887,0.9869141344003489,0.14108382831882849,right,-0.0006170272827148438,-0.2872990603668811,0.710779421576485,-9.377804409715532,-0.14533574123200446,-0.00863184779882431,0.004448339343070984,2.7788416134893894,0.0018783211708068848
1746575895318238700,52.61223876953125,0.07642450831691534,-0.004581450950354338,0.02763654848846275,0.018781648948788643,0.06410135269286289,0.9868815550633373,0.14080173134947427,right,-0.00044912099838256836,-0.2877423857761883,0.7179562544032931,-9.3760210334301,-0.14557533881617363,-0.008936298079788685,0.005917541682720184,2.783010715867579,0.002635478973388672
1746575895358238700,52.65223876953125,0.07710592900171599,0.006369604263454676,0.02795493493962918,0.013108264654874802,0.06405492145516227,0.9868415616123227,0.14082879471916446,right,-0.00041675567626953125,-0.2881653880492699,0.7242543316341936,-9.374355146044492,-0.14580610136129196,-0.008668885566294193,0.006561890244483948,2.786988387326896,0.0017414093017578125
1746575895398238700,52.69223876953125,0.07759965324005835,0.009224055334925652,0.028149220372040387,0.007454137783497572,0.06419850454514772,0.9867832078445873,0.1412198594583725,right,-0.0017429590225219727,-0.2887180268874714,0.7287631142955273,-9.372459541556239,-0.14609988343675093,-0.01865306869149208,0.006937868893146515,2.7921839101433754,0.005131900310516357
1746575895438238700,52.73223876953125,0.07779558184028024,0.004844429902732372,0.028177385135334323,-0.004340249579399824,0.0644081184383949,0.9867043387899488,0.1417157540868282,right,0.001673877239227295,-0.2895719722368375,0.7304138041120022,-9.369936160558462,-0.1465341426456152,-0.02128160186111927,0.008153669536113739,2.8002105647325513,0.0067719221115112305
1746575895478238500,52.77223852539063,0.07761357171944182,-0.004996566101908684,0.02805481965621954,-0.012939298525452614,0.06440808225261392,0.9866471528387607,0.14172992864197154,right,0.0021919608116149902,-0.29041141716863283,0.7285258714735507,-9.367721991640328,-0.1469422742998084,-0.01959780603647232,0.006301820278167725,2.8080989798948166,0.005823075771331787
1746575895518238700,52.81223876953125,0.0773300145251991,-0.006285914685577154,0.02790350185355546,0.000884772278368473,0.06428657840244824,0.9866032576188533,0.14148011577897568,right,0.0032584071159362793,-0.29120072869477076,0.7256981007017195,-9.365715327993035,-0.14731871635583946,-0.014355801045894623,0.007171623408794403,2.8155145168483258,0.004884183406829834
1746575895558238700,52.85223876953125,0.07745821139975027,-0.015082066878676414,0.02796898255066687,0.003897017566487193,0.0640276545973385,0.9865559973378873,0.1410160545273596,right,-0.00358504056930542,-0.29204955188231035,0.7267135613545775,-9.363236370658875,-0.1477347313124263,-0.023128243163228035,0.005392611026763916,2.8234871031627056,0.006951808929443359
1746575895598238700,52.89223876953125,0.07714638880291536,-0.015695028007030487,0.027825805241112767,0.0003003859892487526,0.06372380877054415,0.9865136074890329,0.14039901610118635,right,0.004549384117126465,-0.29298183543560363,0.7235906800936908,-9.360833985692262,-0.1481756589724926,-0.01665790192782879,0.00903397798538208,2.832241487504542,0.005214571952819824
1746575895638238700,52.93223876953125,0.07714820343352319,-0.0035375291481614113,0.027831157718560106,-0.0004083861713297665,0.06352807860051554,0.9864818414305376,0.14003221279157776,right,0.00005906820297241211,-0.29358943914796093,0.7234748716942966,-9.359114906814694,-0.1484700687503894,-0.0082769226282835,0.006937459111213684,2.837945544365048,0.002763807773590088
1746575895678238700,52.97223876953125,0.07714820343352319,0.002932798583060503,0.027831157718560106,-0.0049767037853598595,0.06352807860051554,0.9864818414305376,0.14003221279157776,right,-0.0007189512252807617,-0.29358943914796093,0.7234748716942966,-9.359114906814694,-0.1484700687503894,-0.00939440168440342,0.009155988693237305,2.837945544365048,0.004121750593185425
1746575895718238700,53.01223876953125,0.07657569780919936,0.0017653378890827298,0.027518010889170174,-0.00768548296764493,0.06360403360416281,0.9864416922595671,0.14013058077707938,right,0.00046247243881225586,-0.29421679162989467,0.7179802928660064,-9.357750632724166,-0.1487624158950885,-0.004493867512792349,0.007504574954509735,2.843834017881751,0.002451866865158081
1746575895758238500,53.05223852539063,0.07600316126317495,0.0005978773115202785,0.027204860738623857,-0.01039426214993,0.0636800049976507,0.986401328806879,0.14022865032836548,right,0.0016431808471679688,-0.29484421284453355,0.7124868830814958,-9.35637934437096,-0.14905474671417285,0.00040666665881872177,0.005853042006492615,2.849721906876564,0.0007820427417755127
1746575895798238700,53.09223876953125,0.07600316126317495,-0.0006308654556050897,0.027204860738623857,-0.009006681852042675,0.0636800049976507,0.986401328806879,0.14022865032836548,right,0.002222418785095215,-0.29484421284453355,0.7124868830814958,-9.35637934437096,-0.14905474671417285,0.007225388661026955,0.005138784646987915,2.849721906876564,0.0021669864654541016
1746575895838238700,53.13223876953125,0.07497589168923931,-0.0014727473026141524,0.026725074636995028,-0.01078806072473526,0.06368734399304549,0.986449092381659,0.1400690996868657,right,-0.0016629695892333984,-0.29444294079045424,0.7029606375843286,-9.35824572276473,-0.1488221287375607,0.005896471440792084,0.003538675606250763,2.8459564168632028,0.0018547475337982178
1746575895878238700,53.17223876953125,0.07497589168923931,-0.003058871254324913,0.026725074636995028,-0.0043910592794418335,0.06368734399304549,0.986449092381659,0.1400690996868657,right,0.0004336833953857422,-0.29444294079045424,0.7029606375843286,-9.35824572276473,-0.1488221287375607,-0.0018451041541993618,0.0025745630264282227,2.8459564168632028,-0.0012350976467132568
1746575895918238700,53.21223876953125,0.07497589168923931,-0.002045461442321539,0.026725074636995028,0.0037748273462057114,0.06368734399304549,0.986449092381659,0.1400690996868657,right,0.002441704273223877,-0.29444294079045424,0.7029606375843286,-9.35824572276473,-0.1488221287375607,-0.007151600439101458,0.0034133940935134888,2.8459564168632028,-0.0017847716808319092
1746575895958238700,53.25223876953125,0.07497589168923931,-0.004723290912806988,0.026725074636995028,0.02135981060564518,0.06368734399304549,0.986449092381659,0.1400690996868657,right,0.0010044574737548828,-0.29444294079045424,0.7029606375843286,-9.35824572276473,-0.1488221287375607,-0.009078048169612885,0.004804842174053192,2.8459564168632028,0.0027182400226593018
1746575895998238500,53.29223852539062,0.07573122219241828,-0.016095716506242752,0.027100964082438055,0.022366726770997047,0.06335556076141598,0.9863878534007239,0.13955556797976412,right,-0.0013217926025390625,-0.29537961178368816,0.7098269431572407,-9.355050141593813,-0.14930082273014014,-0.01044260710477829,0.006887279450893402,2.8547452879965305,0.0019525587558746338
1746575896038238700,53.33223876953125,0.07630953213649408,-0.014530998654663563,0.027424754019772467,0.016398411244153976,0.06296689499985135,0.9863773080340846,0.13887140889060115,right,-0.0016788244247436523,-0.29571678022888503,0.715163554944843,-9.35367768419683,-0.1494759120307884,0.0019292458891868591,0.006592072546482086,2.8579084282025695,0.0015523433685302734
1746575896078238700,53.37223876953125,0.07630953213649408,-0.01706414483487606,0.027424754019772467,0.0016574366018176079,0.06296689499985135,0.9863773080340846,0.13887140889060115,right,-0.0007703304290771484,-0.29571678022888503,0.715163554944843,-9.35367768419683,-0.1494759120307884,-0.0014113509096205235,0.007167026400566101,2.8579084282025695,0.0028581321239471436
1746575896118238700,53.41223876953125,0.07622771966646681,-0.0019764015451073647,0.027447554072482665,-0.007837658748030663,0.06252006494146747,0.986397147658145,0.13795957286942787,right,-0.0005298852920532227,-0.29585232307690246,0.7143688243705779,-9.353349767416715,-0.14952764988864917,-0.0006011896766722202,0.0036612823605537415,2.8591800555735825,0.0013188719749450684
1746575896158238700,53.45223876953125,0.07595351203884769,0.014853731729090214,0.027291524016585886,-0.01061128918081522,0.06266529424914107,0.9863896700839899,0.13821472575397015,right,0.00006204843521118164,-0.2958987781376722,0.7117939323812723,-9.353412895780801,-0.14954543682834012,-0.0027897246181964874,0.0024977177381515503,2.8596158166423438,0.0025832653045654297
1746575896198238700,53.49223876953125,0.07588720502756098,0.0177699513733387,0.027193302544029168,-0.007021306082606316,0.06305849415589133,0.9863537247709202,0.1390098262706109,right,0.0016832947731018066,-0.29606224825237426,0.7111383180167525,-9.352993793585895,-0.14963474933521945,-0.008037073537707329,0.0027096569538116455,2.8611490175589918,0.004724562168121338
1746575896238238500,53.532238525390625,0.07600153367452897,0.010672293603420258,0.02718772756203324,-0.0021070968359708786,0.06339120778257816,0.986311975868817,0.13971387322123166,right,0.00015610456466674805,-0.2963111413788096,0.7121534864086657,-9.35220235094726,-0.14977057753655315,-0.0035765711218118668,0.003779895603656769,2.8634835979864,0.006091088056564331
1746575896278238700,53.57223876953125,0.07600153367452897,0.0014892369508743286,0.02718772756203324,0.0010093876626342535,0.06339120778257816,0.986311975868817,0.13971387322123166,right,0.0019985437393188477,-0.2963111413788096,0.7121534864086657,-9.35220235094726,-0.14977057753655315,0.0035945861600339413,0.004769749939441681,2.8634835979864,0.005439311265945435
1746575896318238700,53.61223876953125,0.07600153367452897,-0.003551846370100975,0.02718772756203324,0.0036877752281725407,0.06339120778257816,0.986311975868817,0.13971387322123166,right,0.0008968114852905273,-0.2963111413788096,0.7121534864086657,-9.35220235094726,-0.14977057753655315,0.009427586570382118,0.005217269062995911,2.8634835979864,0.0037508010864257812
1746575896358238700,53.65223876953125,0.07600153367452897,-0.008592929691076279,0.02718772756203324,0.006366163492202759,0.06339120778257816,0.986311975868817,0.13971387322123166,right,-0.00020498037338256836,-0.2963111413788096,0.7121534864086657,-9.35220235094726,-0.14977057753655315,0.015260586515069008,0.00566478818655014,2.8634835979864,0.002062290906906128
1746575896398238700,53.69223876953125,0.07634338479374037,-0.008577486500144005,0.027448473057770775,0.0018039392307400703,0.06309961826563423,0.9864178004285162,0.13911289013463174,right,-0.0005347728729248047,-0.29504188066024056,0.7156271538686007,-9.355574457728862,-0.14914770272297856,0.018374020233750343,0.004078879952430725,2.8515765948325393,0.0013975203037261963
1746575896438238700,53.73223876953125,0.07644742552435488,-0.0037689064629375935,0.027556558186438172,0.004237485118210316,0.06291904330482424,0.9864826922858313,0.13872593336823427,right,0.0018392205238342285,-0.2942884856938553,0.7167643412049859,-9.357639573565125,-0.14877436017166937,0.015417606569826603,0.006467655301094055,2.84450680257678,-0.0007123649120330811
1746575896478238500,53.77223852539063,0.07714824521015234,-0.0020055100321769714,0.027920451347640568,0.015715884044766426,0.06288673513930934,0.9865099318398546,0.13874067772407284,right,-0.0017943382263183594,-0.2937674157215003,0.7234363663148135,-9.358611048945784,-0.14853978296999645,0.006322835572063923,0.007348999381065369,2.8396161079257727,0.0030004382133483887
1746575896518238700,53.81223876953125,0.07714824521015234,0.0021217986941337585,0.027920451347640568,0.006835241802036762,0.06288673513930934,0.9865099318398546,0.13874067772407284,right,-0.001204073429107666,-0.2937674157215003,0.7234363663148135,-9.358611048945784,-0.14853978296999645,0.011176155880093575,0.006857044994831085,2.8396161079257727,0.0013421475887298584
1746575896558238700,53.85223876953125,0.07714824521015234,0.0062491074204444885,0.027920451347640568,-0.002045399509370327,0.06288673513930934,0.9865099318398546,0.13874067772407284,right,-0.0006137490272521973,-0.2937674157215003,0.7234363663148135,-9.358611048945784,-0.14853978296999645,0.01602947525680065,0.006365090608596802,2.8396161079257727,-0.0003161430358886719
1746575896598238700,53.89223876953125,0.07699136674286879,0.017772626131772995,0.027878496295273354,-0.01052791066467762,0.0629746318722789,0.9865913295315457,0.13883906335731927,right,-0.0011101961135864258,-0.2926152394592422,0.7222193186752498,-9.361980233117938,-0.14796833749946947,0.01449271384626627,0.006770119071006775,2.8287992380961775,0.0028926432132720947
1746575896638238700,53.93223876953125,0.07667389720028916,0.014248212799429893,0.027700917609415163,-0.013604222796857357,0.06331546265923839,0.9866229363739392,0.13945067542290845,right,-0.0006742477416992188,-0.29196303807870116,0.7193883330330252,-9.36404710251987,-0.14764532844325626,0.010294117033481598,0.006076730787754059,2.8226746177360416,0.006179332733154297
1746575896678238700,53.97223876953125,0.07626259707312022,0.005832085385918617,0.027493952357438893,-0.010106010362505913,0.06353687507000011,0.9866598998273395,0.13980890173189303,right,0.0006136298179626465,-0.2913629596912427,0.71566573231332,-9.366029216247796,-0.14734143272643713,0.014933832921087742,0.005718804895877838,2.8170383654147386,0.005655229091644287
1746575896718238700,54.01223876953125,0.07573976008304646,0.002327246591448784,0.0272630834215023,-0.010126126930117607,0.063626392855089,0.9867253060962362,0.1398714002994845,right,0.004643559455871582,-0.29051359398106397,0.7109495174463838,-9.36878465243578,-0.1469069644698816,0.027378924190998077,0.006736569106578827,2.809059057098627,0.004183769226074219
1746575896758238500,54.05223852539063,0.07565686824480866,0.00183684634976089,0.027268179005684703,-0.004421647638082504,0.06364488010133891,0.9868102649486485,0.13984017658745546,right,-0.0017699003219604492,-0.2893409914106132,0.710421401919052,-9.37212110338211,-0.14632581476757028,0.026514461264014244,0.004014410078525543,2.7980396504342555,0.0040472447872161865
1746575896798238700,54.09223876953125,0.07546614196857879,0.008658881299197674,0.027212032156858267,-0.005911664105951786,0.0637096344087147,0.9868898925374288,0.13988966695395172,right,-0.0004533529281616211,-0.2882251533277838,0.7088688387148082,-9.375364030826091,-0.14577025211933398,0.025128286331892014,0.00470791757106781,2.787550112862885,0.0015742480754852295
1746575896838238700,54.13223876953125,0.0754516100849746,0.013179704546928406,0.027226493113329486,-0.0015510818921029568,0.06391323271765399,0.9869674896703283,0.14023966445237038,right,0.0007772445678710938,-0.2869626758033076,0.708997360465303,-9.378876422861218,-0.1451520352230909,0.03199935331940651,0.005739644169807434,2.775677888761461,0.0013416707515716553
1746575896878238700,54.17223876953125,0.07557234530762971,0.007617684081196785,0.02730494324778768,-0.0018868304323405027,0.06413034422311466,0.9870420418006236,0.1406363474023344,right,0.00038295984268188477,-0.2856894941543045,0.7103959021516144,-9.382306981831789,-0.1445334667860239,0.026213765144348145,0.006080806255340576,2.763700742980838,0.0030509531497955322
1746575896918238700,54.21223876953125,0.07568466204408589,-0.001552521251142025,0.027391980422201093,0.005836745724081993,0.06418854134230718,0.9871079041357051,0.14072228330300565,right,0.00029736757278442383,-0.28467973956776055,0.7116603691294789,-9.385004550352692,-0.14404027997866395,0.024297375231981277,0.006497293710708618,2.754198170620203,0.0023858845233917236
1746575896958238700,54.25223876953125,0.07578727426781423,-0.009701943024992943,0.027499162549784913,0.0025688365567475557,0.06405492134758752,0.987180797638516,0.1404217533784318,right,0.0008167624473571777,-0.28374612747158284,0.7128177224710583,-9.387491690993308,-0.14357899347163602,0.022837337106466293,0.006153397262096405,2.745409884008765,0.0038147270679473877
1746575896998238500,54.29223852539062,0.07569915036990807,-0.011207384057343006,0.027525935365724178,-0.002726811682805419,0.063816283324681,0.9872580601615807,0.13988471608447425,right,-0.0006819367408752441,-0.2828942280543502,0.7121670765426009,-9.389882970044017,-0.14314859408320346,0.022461416199803352,0.006691493093967438,2.7373887823775407,0.0014676451683044434
1746575897038238700,54.33223876953125,0.07549044471851381,-0.0013131368905305862,0.02748410231881814,-0.002368934452533722,0.0637003885229519,0.9873426385326642,0.13957003480364136,right,0.00018835067749023438,-0.281853105567563,0.7104219133757055,-9.392868123334646,-0.14262404722849262,0.026896826922893524,0.006596304476261139,2.7275831354171034,-0.0002505779266357422
1746575897078238700,54.37223876953125,0.07525426582276032,0.004414667841047049,0.027405474085231325,-0.007117359898984432,0.0637522705649052,0.9874180153664973,0.13959054104595675,right,-0.0004493594169616699,-0.2807912260618324,0.7084208757515996,-9.395918743076919,-0.14209295967893615,0.02025049924850464,0.004632912576198578,2.717579043275118,-0.00012376904487609863
1746575897118238700,54.41223876953125,0.0748983321501573,0.008191129192709923,0.02724075561759465,-0.007876718416810036,0.06391402211620197,0.9874667796250705,0.13983115295010767,right,0.0004832744598388672,-0.28003521835090367,0.7052300438210368,-9.398216498625278,-0.14171192057755025,0.009330411441624165,0.004718080163002014,2.7104548904836174,-0.0010723769664764404
1746575897158238700,54.45223876953125,0.07467287680604132,0.0056992461904883385,0.027115794675913945,-0.006055158097296953,0.06409175481753376,0.9874758974242712,0.1401476522765453,right,-0.0008006691932678223,-0.2797994491804485,0.7031587905049324,-9.399012032917142,-0.141592671279132,-0.0007857112213969231,0.0035996586084365845,2.708232538259029,-0.0010809600353240967
1746575897198238700,54.49223876953125,0.07467287680604132,0.004829054698348045,0.027115794675913945,-0.006127683911472559,0.06409175481753376,0.9874758974242712,0.1401476522765453,right,-0.0012893080711364746,-0.2797994491804485,0.7031587905049324,-9.399012032917142,-0.141592671279132,-0.007770604453980923,0.004325106739997864,2.708232538259029,0.0005617141723632812
1746575897238238500,54.532238525390625,0.07442057681207144,0.0025044346693903208,0.02694720824438963,-0.004193285945802927,0.06426167681469684,0.9874312800530545,0.1404813827263116,right,0.0009596347808837891,-0.280345904031671,0.7006772758875042,-9.397712056234479,-0.14185868738875707,-0.010284913703799248,0.00384463369846344,2.7133827606290577,-0.0006227493286132812
1746575897278238700,54.57223876953125,0.07442057681207144,-0.0008624133188277483,0.02694720824438963,0.0016652834601700306,0.06426167681469684,0.9874312800530545,0.1404813827263116,right,-0.00027567148208618164,-0.280345904031671,0.7006772758875042,-9.397712056234479,-0.14185868738875707,-0.008220179937779903,0.004557527601718903,2.7133827606290577,0.0014714598655700684
1746575897318238700,54.61223876953125,0.07442057681207144,-0.004122995771467686,0.02694720824438963,0.004718811251223087,0.06426167681469684,0.9874312800530545,0.1404813827263116,right,0.0005643367767333984,-0.280345904031671,0.7006772758875042,-9.397712056234479,-0.14185868738875707,0.0010110894218087196,0.005300484597682953,2.7133827606290577,0.0010567009449005127
1746575897358238700,54.65223876953125,0.07442057681207144,-0.001622108742594719,0.02694720824438963,0.0024547900538891554,0.06426167681469684,0.9874312800530545,0.1404813827263116,right,-0.0001283884048461914,-0.280345904031671,0.7006772758875042,-9.397712056234479,-0.14185868738875707,0.004520886577665806,0.003805689513683319,2.7133827606290577,0.0002816617488861084
1746575897398238700,54.69223876953125,0.07442057681207144,0.003796414937824011,0.02694720824438963,0.020649366080760956,0.06426167681469684,0.9874312800530545,0.1404813827263116,right,0.0034860968589782715,-0.280345904031671,0.7006772758875042,-9.397712056234479,-0.14185868738875707,0.0031414595432579517,0.00684838742017746,2.7133827606290577,0.0021792948246002197
1746575897438238700,54.73223876953125,0.07546204707326501,-0.00839114561676979,0.027458140782464956,0.007223470136523247,0.06405530119985685,0.9873873924415614,0.1402391315141367,right,-0.0011636614799499512,-0.28089400321103586,0.7103520630098878,-9.395492626619339,-0.1421592000087508,-0.011615127325057983,0.00530637800693512,2.7185475960463283,0.005172699689865112
1746575897478238500,54.77223852539063,0.07561446082562362,-0.015299409627914429,0.027546860080747766,0.0041064126417040825,0.06373272489017168,0.9873512297438196,0.139644646991805,right,-0.0005707740783691406,-0.28166861652908887,0.7116247863594443,-9.393281964832545,-0.1425380151028578,-0.015462738461792469,0.0060748085379600525,2.7258453518390655,0.0033343732357025146
1746575897518238700,54.81223876953125,0.07573053683163425,-0.0011225081980228424,0.027584355816055416,0.003276133444160223,0.06372223760155829,0.9873149305874416,0.13966386769975353,right,0.00046885013580322266,-0.28216467317627314,0.7126127014182507,-9.391849886202811,-0.14278668103190545,-0.009560037404298782,0.005616605281829834,2.73051801982522,0.0038847625255584717
1746575897558238700,54.85223876953125,0.07573053683163425,0.013054391369223595,0.027584355816055416,0.002445854479447007,0.06372223760155829,0.9873149305874416,0.13966386769975353,right,0.0016544461250305176,-0.28216467317627314,0.7126127014182507,-9.391849886202811,-0.14278668103190545,-0.0036573358811438084,0.0052591487765312195,2.73051801982522,0.004911601543426514
1746575897598238700,54.89223876953125,0.07573053683163425,0.009237471967935562,0.027584355816055416,-0.0011992121580988169,0.06372223760155829,0.9873149305874416,0.13966386769975353,right,0.0022035837173461914,-0.28216467317627314,0.7126127014182507,-9.391849886202811,-0.14278668103190545,0.0008718292228877544,0.005915969610214233,2.73051801982522,0.008177042007446289
1746575897638238700,54.93223876953125,0.07573053683163425,-0.0035724909976124763,0.027584355816055416,-0.0051740314811468124,0.06372223760155829,0.9873149305874416,0.13966386769975353,right,-0.0011003613471984863,-0.28216467317627314,0.7126127014182507,-9.391849886202811,-0.14278668103190545,0.002511365106329322,0.0034972652792930603,2.73051801982522,0.007286965847015381
1746575897678238700,54.97223876953125,0.07573053683163425,-0.009840384125709534,0.027584355816055416,0.014050634577870369,0.06372223760155829,0.9873149305874416,0.13966386769975353,right,0.0023292899131774902,-0.28216467317627314,0.7126127014182507,-9.391849886202811,-0.14278668103190545,0.011880313977599144,0.005016930401325226,2.73051801982522,0.002820432186126709
1746575897718238700,55.01223876953125,0.07573053683163425,-0.006560508161783218,0.027584355816055416,0.006317513529211283,0.06372223760155829,0.9873149305874416,0.13966386769975353,right,-0.0007236003875732422,-0.28216467317627314,0.7126127014182507,-9.391849886202811,-0.14278668103190545,0.008909028023481369,0.005315035581588745,2.73051801982522,0.0008143484592437744
1746575897758238500,55.05223852539063,0.07630927131171168,-0.003470681607723236,0.02792107019195662,0.004259667359292507,0.06352784196063943,0.9873667285199755,0.1393195429001363,right,0.001240551471710205,-0.2814522582716077,0.7181961275737733,-9.393372565725445,-0.14244888950710727,0.007158695254474878,0.006459660828113556,2.723807124009728,-0.000331878662109375
1746575897798238700,55.09223876953125,0.07673038464295684,0.0004457584582269192,0.028132974306794276,0.004809050355106592,0.06355142452950718,0.9873777008315024,0.13941411401562914,right,0.000816047191619873,-0.281162934676454,0.7222120852168649,-9.393854796284437,-0.14232086013467338,0.003620085772126913,0.006717488169670105,2.7210814984381195,0.0002060234546661377
1746575897838238700,55.13223876953125,0.07673038464295684,0.004362198524177074,0.028132974306794276,0.0053584338165819645,0.06355142452950718,0.9873777008315024,0.13941411401562914,right,0.00034242868423461914,-0.281162934676454,0.7222120852168649,-9.393854796284437,-0.14232086013467338,0.00008147628977894783,0.007384829223155975,2.7210814984381195,0.0004659891128540039
1746575897878238700,55.17223876953125,0.07673038464295684,0.004071000497788191,0.028132974306794276,0.009602544829249382,0.06355142452950718,0.9873777008315024,0.13941411401562914,right,0.000860750675201416,-0.281162934676454,0.7222120852168649,-9.393854796284437,-0.14232086013467338,-0.008778996765613556,0.007398046553134918,2.7210814984381195,0.0023075342178344727
1746575897918238700,55.21223876953125,0.07760106470294914,-0.0008393516764044762,0.028526246093731177,0.00011243391782045364,0.06360960171494467,0.9873243871836249,0.13968050141689528,right,-0.0027891993522644043,-0.28163591390595816,0.7302909814499318,-9.391938149008155,-0.14258564458912784,-0.01132296770811081,0.006293348968029022,2.7255373088032004,0.002068161964416504
1746575897958238700,55.25223876953125,0.07765332224964432,-0.003136785700917244,0.02854692194478889,-0.0036771618761122227,0.06357318983946,0.9873088192325756,0.1396260808019726,right,-0.0018728375434875488,-0.28187771690840413,0.7307306880414486,-9.391242567959427,-0.14270579916185017,-0.0033829882740974426,0.005411922931671143,2.727815190607309,0.002368152141571045
1746575897998238500,55.29223852539062,0.07765332224964432,-0.0033988833893090487,0.02854692194478889,-0.004986131563782692,0.06357318983946,0.9873088192325756,0.1396260808019726,right,0.0006242990493774414,-0.28187771690840413,0.7307306880414486,-9.391242567959427,-0.14270579916185017,-0.003064545802772045,0.00502333790063858,2.727815190607309,0.0014890730381011963
1746575898038238700,55.33223876953125,0.07765332224964432,0.003993715159595013,0.02854692194478889,0.0022470210678875446,0.06357318983946,0.9873088192325756,0.1396260808019726,right,0.0006866455078125,-0.28187771690840413,0.7307306880414486,-9.391242567959427,-0.14270579916185017,-0.004237318877130747,0.005015231668949127,2.727815190607309,0.0009167790412902832
1746575898078238700,55.37223876953125,0.07765332224964432,-0.0008390266448259354,0.02854692194478889,0.006670923437923193,0.06357318983946,0.9873088192325756,0.1396260808019726,right,0.001214146614074707,-0.28187771690840413,0.7307306880414486,-9.391242567959427,-0.14270579916185017,-0.013042693957686424,0.005151443183422089,2.727815190607309,0.0039003193378448486
1746575898118238700,55.41223876953125,0.07802647829368331,-0.00442349910736084,0.02870431837943076,0.006496647372841835,0.06343822275705838,0.9872369689109681,0.1394576921045922,right,-0.000321805477142334,-0.28292149085049134,0.7340127053868025,-9.388125897243619,-0.14323009098659392,-0.014400919899344444,0.005015015602111816,2.737645387487113,0.003538280725479126
1746575898158238700,55.45223876953125,0.07839958327429454,-0.008007971569895744,0.028861710716614863,0.006322371307760477,0.06330326188507328,0.987164820630841,0.13928971657713182,right,-0.0018588900566101074,-0.283965313917156,0.7372911425355821,-9.384997536090015,-0.1437543292409077,-0.015759143978357315,0.00487896054983139,2.7474735385403037,0.003176450729370117
1746575898198238700,55.49223876953125,0.07851028055754997,-0.002685515210032463,0.028910136673223813,-0.0010813791304826736,0.063140942900291,0.9871232582730303,0.13901172044745455,right,-0.000896453857421875,-0.28467091192560545,0.7381778622422367,-9.382980935570597,-0.14410178620787817,-0.010936243459582329,0.0039284005761146545,2.754115168511867,0.0016543567180633545
1746575898238238500,55.532238525390625,0.07851028055754997,0.004374627023935318,0.028910136673223813,-0.0014534629881381989,0.063140942900291,0.9871232582730303,0.13901172044745455,right,-0.00015723705291748047,-0.28467091192560545,0.7381778622422367,-9.382980935570597,-0.14410178620787817,-0.0060442001558840275,0.00436054915189743,2.754115168511867,0.0024808943271636963
1746575898278238700,55.57223876953125,0.07851028055754997,0.0025205742567777634,0.028910136673223813,0.00183743960224092,0.063140942900291,0.9871232582730303,0.13901172044745455,right,0.001130223274230957,-0.28467091192560545,0.7381778622422367,-9.382980935570597,-0.14410178620787817,-0.005045037250965834,0.003949962556362152,2.754115168511867,0.0049571692943573
1746575898318238700,55.61223876953125,0.07851028055754997,-0.000594315817579627,0.028910136673223813,-0.003633820218965411,0.063140942900291,0.9871232582730303,0.13901172044745455,right,0.00027507543563842773,-0.28467091192560545,0.7381778622422367,-9.382980935570597,-0.14410178620787817,-0.006456588860601187,0.004973135888576508,2.754115168511867,0.0038300752639770508
1746575898358238700,55.65223876953125,0.07867363547575637,-0.00010820478200912476,0.028927725448440446,0.017521420493721962,0.0632949346476367,0.987042621773924,0.1393945704265923,right,0.001093447208404541,-0.28562318317451646,0.7395041424099356,-9.380241281473635,-0.14458210433079055,-0.007553084287792444,0.007490679621696472,2.7630767658635973,0.004112690687179565
1746575898398238700,55.69223876953125,0.07869180557294422,0.0006180411437526345,0.028910869181873456,0.007381069473922253,0.06327901817337053,0.9869945005599472,0.1393988312212266,right,0.000803530216217041,-0.28630843287574365,0.7395255505241454,-9.378338078200816,-0.14492064838918428,-0.007866747677326202,0.0067060962319374084,2.7695237500458956,0.0031451284885406494
1746575898438238700,55.73223876953125,0.07869180557294422,0.0013442870695143938,0.028910869181873456,-0.0027592824772000313,0.06327901817337053,0.9869945005599472,0.1393988312212266,right,0.0007076263427734375,-0.28630843287574365,0.7395255505241454,-9.378338078200816,-0.14492064838918428,-0.008180410601198673,0.005923695862293243,2.7695237500458956,0.0028349757194519043
1746575898478238500,55.77223852539063,0.07848481834720147,0.011508949100971222,0.028746730657854675,-0.012615812942385674,0.063478298775143,0.9869245733870015,0.13981438384186423,right,-0.00015503168106079102,-0.2871623322414109,0.7373986214980482,-9.37612975450158,-0.14534114083312585,-0.007252078503370285,0.005527384579181671,2.7775559575930235,0.00486263632774353
1746575898518238700,55.81223876953125,0.07815131172168917,0.005164298694580793,0.02853375219384307,-0.011800672858953476,0.06375490495812249,0.986893471230193,0.14033930263926744,right,-0.00005698204040527344,-0.2874362626255344,0.734212173481658,-9.375616544282435,-0.14547311543839073,-0.0014228210784494877,0.006091617047786713,2.780131945560872,0.008358478546142578
1746575898558238700,55.85223876953125,0.0776574211248187,-0.007559182588011026,0.02829171773232028,-0.010724985972046852,0.0637867635925993,0.9869026725043212,0.14032978569137464,right,0.002850830554962158,-0.28740999906747416,0.7295872170947492,-9.376050844046473,-0.1454442765581791,0.002514176070690155,0.005374245345592499,2.7798849850624796,0.00829017162322998
1746575898598238700,55.89223876953125,0.0776574211248187,-0.010082006454467773,0.02829171773232028,-0.014091662131249905,0.0637867635925993,0.9869026725043212,0.14032978569137464,right,-0.00007271766662597656,-0.28740999906747416,0.7295872170947492,-9.376050844046473,-0.1454442765581791,0.009509595111012459,0.003559395670890808,2.7798849850624796,0.004835397005081177
1746575898638238700,55.93223876953125,0.07693784160711395,-0.008668094873428345,0.028020571935959915,-0.001145985908806324,0.06344605261950342,0.9869837334842694,0.13950226875943586,right,0.00015097856521606445,-0.2867712589305272,0.7229765667833388,-9.378341585332155,-0.14509479653995092,0.014928104355931282,0.0028383880853652954,2.773877561341226,0.0023302435874938965
1746575898678238700,55.97223876953125,0.0766018468639437,-0.0034976094029843807,0.027898933101061084,-0.006472635082900524,0.06329675601999438,0.9870324651201922,0.13912815873717002,right,-0.00044727325439453125,-0.2863120946295848,0.7199228052359073,-9.379853158938884,-0.14485247944912402,0.008400997146964073,0.0031348243355751038,2.769558236837387,0.002485990524291992
1746575898718238700,56.01223876953125,0.07679401559557754,0.0028470861725509167,0.027985569601195817,0.0016890624538064003,0.06344974196058921,0.9870475654365448,0.13944694899081642,right,-0.0006588101387023926,-0.28591168448436155,0.7218103725481778,-9.380819373622536,-0.14466556998282587,0.0074141975492239,0.003970630466938019,2.7657912855193016,0.0027721822261810303
1746575898758238500,56.05223852539063,0.07679401559557754,0.009191781282424927,0.027985569601195817,0.0098507609218359,0.06344974196058921,0.9870475654365448,0.13944694899081642,right,-0.0009688735008239746,-0.28591168448436155,0.7218103725481778,-9.380819373622536,-0.14466556998282587,0.0064273979514837265,0.004998907446861267,2.7657912855193016,0.002674281597137451
1746575898798238700,56.09223876953125,0.07739859908532314,-0.002617918886244297,0.028270342403523448,0.013102368451654911,0.06363520864866345,0.9870591814500134,0.13988749254507946,right,-0.00012564659118652344,-0.28542202129052746,0.7275863256011158,-9.381730643248558,-0.1444494957997231,0.0002498496323823929,0.006616637110710144,2.7611837917238473,0.0035617947578430176
1746575898838238700,56.13223876953125,0.0778947323430376,-0.01421497855335474,0.028543801633043982,0.008274856954813004,0.06344496519050752,0.9870725171907554,0.1395674112254037,right,-0.0008730888366699219,-0.2852747907868118,0.7322724375907331,-9.381773313346505,-0.14438810872313385,0.0024216631427407265,0.006788238883018494,2.75979847484529,0.001444697380065918
1746575898878238700,56.17223876953125,0.07794893327312104,-0.011326968669891357,0.028620960086474235,-0.00012104958295822144,0.063140165435549,0.9871022089786866,0.13895005222604503,right,-0.0009254813194274902,-0.2851173647717298,0.7328148008391261,-9.382166696578263,-0.14430336673735314,0.004674291703850031,0.0071340277791023254,2.7583170041158795,-0.0023109912872314453
1746575898918238700,56.21223876953125,0.07794893327312104,0.005539240315556526,0.028620960086474235,-0.002089367713779211,0.063140165435549,0.9871022089786866,0.13895005222604503,right,-0.0023040175437927246,-0.2851173647717298,0.7328148008391261,-9.382166696578263,-0.14430336673735314,-0.0017143962904810905,0.004991374909877777,2.7583170041158795,-0.0022698044776916504
1746575898958238700,56.25223876953125,0.07794893327312104,0.022389274090528488,0.028620960086474235,-0.011880561709403992,0.063140165435549,0.9871022089786866,0.13895005222604503,right,-0.0016391277313232422,-0.2851173647717298,0.7328148008391261,-9.382166696578263,-0.14430336673735314,-0.007499735802412033,0.005268283188343048,2.7583170041158795,-0.0017971992492675781
1746575898998238500,56.29223852539062,0.07757892620222791,0.027744531631469727,0.028312087684453282,-0.013978177681565285,0.06391689376108373,0.9870303910075416,0.14048955558806903,right,-0.0008518695831298828,-0.2855225208837211,0.7292565969008952,-9.381322062447667,-0.14451333015973042,-0.0118145402520895,0.0036856159567832947,2.76212954814136,0.0015488862991333008
1746575899038238700,56.33223876953125,0.07736185215767535,0.018666837364435196,0.02809706399462111,-0.01342698372900486,0.0645038490778795,0.9869544863969254,0.1416758504718154,right,0.0005496740341186523,-0.28610996109053727,0.727094596561417,-9.37986134224534,-0.14481275806883445,-0.01650005578994751,0.004844784736633301,2.7676567871302367,0.00562557578086853
1746575899078238700,56.37223876953125,0.07721800763058413,0.005783168599009514,0.02800140006787736,-0.0055300574749708176,0.06456486459662639,0.9869234573440174,0.14179879428874972,right,0.0005667209625244141,-0.2865276048114505,0.7256561612561344,-9.378812125453353,-0.14501576465213845,-0.010801823809742928,0.004436410963535309,2.771585651011765,0.005010724067687988
1746575899118238700,56.41223876953125,0.07721800763058413,-0.007100501097738743,0.02800140006787736,0.002366868779063225,0.06456486459662639,0.9869234573440174,0.14179879428874972,right,0.000690758228302002,-0.2865276048114505,0.7256561612561344,-9.378812125453353,-0.14501576465213845,-0.005103591829538345,0.0038813501596450806,2.771585651011765,0.004796534776687622
1746575899158238700,56.45223876953125,0.07721800763058413,-0.0044371141120791435,0.02800140006787736,0.007916677743196487,0.06456486459662639,0.9869234573440174,0.14179879428874972,right,0.0006159543991088867,-0.2865276048114505,0.7256561612561344,-9.378812125453353,-0.14501576465213845,0.0007241698913276196,0.005622252821922302,2.771585651011765,0.001981675624847412
1746575899198238700,56.49223876953125,0.07721800763058413,0.004721447825431824,0.02800140006787736,-0.003927301615476608,0.06456486459662639,0.9869234573440174,0.14179879428874972,right,0.0012221932411193848,-0.2865276048114505,0.7256561612561344,-9.378812125453353,-0.14501576465213845,-0.00016329885693266988,0.0050897300243377686,2.771585651011765,0.0025101900100708008
1746575899238238500,56.532238525390625,0.07721800763058413,0.00763870682567358,0.02800140006787736,0.005012360401451588,0.06456486459662639,0.9869234573440174,0.14179879428874972,right,0.002489447593688965,-0.2865276048114505,0.7256561612561344,-9.378812125453353,-0.14501576465213845,-0.002502876566722989,0.008347570896148682,2.771585651011765,0.003215610980987549
1746575899278238700,56.57223876953125,0.07795301559169054,-0.0004495205357670784,0.02829940060891304,-0.0019059511832892895,0.06479413273172108,0.986854679846612,0.1423989100613797,right,-0.004475235939025879,-0.2870854913374217,0.7324289433266967,-9.376733565613627,-0.14532305545532456,-0.006362659856677055,0.005526088178157806,2.776833196276426,0.004194706678390503
1746575899318238700,56.61223876953125,0.07795301559169054,0.003712096717208624,0.02829940060891304,-0.0028364751487970352,0.06479413273172108,0.986854679846612,0.1423989100613797,right,-0.0028743743896484375,-0.2870854913374217,0.7324289433266967,-9.376733565613627,-0.14532305545532456,-0.005054152570664883,0.005299806594848633,2.776833196276426,0.0039389729499816895
1746575899358238700,56.65223876953125,0.07795301559169054,0.007873713970184326,0.02829940060891304,-0.0037669993471354246,0.06479413273172108,0.986854679846612,0.1423989100613797,right,-0.001273512840270996,-0.2870854913374217,0.7324289433266967,-9.376733565613627,-0.14532305545532456,-0.0037456457503139973,0.005073532462120056,2.776833196276426,0.0036832690238952637
1746575899398238700,56.69223876953125,0.07785459200173543,0.012784391641616821,0.028177283567391062,-0.007338068448007107,0.0651820847683388,0.9868010737312002,0.1431913118018452,right,-0.0006043314933776855,-0.287504193702181,0.7314155285004525,-9.37564577037692,-0.14553746530170333,-0.00004409882239997387,0.005672179162502289,2.7807708279863,0.004032254219055176
1746575899438238700,56.73223876953125,0.07785459200173543,0.011807368136942387,0.028177283567391062,-0.010280274786055088,0.0651820847683388,0.9868010737312002,0.1431913118018452,right,0.0001964569091796875,-0.287504193702181,0.7314155285004525,-9.37564577037692,-0.14553746530170333,0.0011556545505300164,0.0047648996114730835,2.7807708279863,0.004479736089706421
1746575899478238500,56.77223852539063,0.07744465477633736,0.01062951609492302,0.027904243770953213,-0.005039566196501255,0.06570604069698321,0.9867775833852096,0.1441903323301393,right,-0.001074373722076416,-0.2874542260674146,0.7275828184697777,-9.376082992750407,-0.14551343100353328,0.005718492437154055,0.0033579692244529724,2.780300872386992,0.00571027398109436
1746575899518238700,56.81223876953125,0.07727815783967637,0.0028710761107504368,0.027805156838654272,0.0042520565912127495,0.0659404659253103,0.9867920322242534,0.1446224131318835,right,0.002710700035095215,-0.28707751021123457,0.7261025167841464,-9.377247944876551,-0.14532825085094186,0.010821325704455376,0.004719637334346771,2.7767580852136016,0.005429118871688843
1746575899558238700,56.85223876953125,0.07746442956188339,-0.004735640250146389,0.027914324680115447,0.0011034081690013409,0.06593832679567672,0.9868208664012205,0.14462335946416285,right,-0.0011405348777770996,-0.28662719777722007,0.7279458796285092,-9.378357951945066,-0.14511239839525644,0.009559360332787037,0.0044762492179870605,2.7725223473399874,0.004624694585800171
1746575899598238700,56.89223876953125,0.07746442956188339,-0.0034872200340032578,0.027914324680115447,0.00495168287307024,0.06593832679567672,0.9868208664012205,0.14462335946416285,right,0.002267777919769287,-0.28662719777722007,0.7279458796285092,-9.378357951945066,-0.14511239839525644,0.0162753164768219,0.004393428564071655,2.7725223473399874,0.0016834139823913574
1746575899638238700,56.93223876953125,0.07789968867989445,-0.004877103492617607,0.028178523072632522,0.008298031985759735,0.06574637295788661,0.9868693527959045,0.1442679373468743,right,0.0014016032218933105,-0.28601155233507575,0.7321605016488582,-9.379740346214176,-0.14481822028151306,0.01049743127077818,0.005357280373573303,2.766730904456973,0.0019101500511169434
1746575899678238700,56.97223876953125,0.07833513212876039,-0.0062669869512319565,0.028442727331164385,0.011644382029771805,0.06555440894067233,0.9869177555137864,0.1439123274524699,right,0.0005347728729248047,-0.28539613542644493,0.736377900148183,-9.381116310742497,-0.1445240375741833,0.004719546530395746,0.006320849061012268,2.760940338356793,0.002136796712875366
1746575899718238700,57.01223876953125,0.07833513212876039,-0.004590105265378952,0.028442727331164385,0.005558923352509737,0.06555440894067233,0.9869177555137864,0.1439123274524699,right,0.00020390748977661133,-0.28539613542644493,0.736377900148183,-9.381116310742497,-0.1445240375741833,-0.0003979364410042763,0.007965967059135437,2.760940338356793,0.0012821853160858154
1746575899758238500,57.05223852539063,0.07878901202896472,-0.004294296260923147,0.028708156925084678,0.0012157461605966091,0.06521351147194328,0.986925387582463,0.14329231655661684,right,-0.00038623809814453125,-0.28548378208478337,0.7406167067617178,-9.380539972159266,-0.14457324156560525,-0.007027517072856426,0.007714711129665375,2.7617650987431404,0.0016964077949523926
1746575899798238700,57.09223876953125,0.07878901202896472,-0.01147005520761013,0.028708156925084678,-0.0022528620902448893,0.06521351147194328,0.986925387582463,0.14329231655661684,right,-0.0004367232322692871,-0.28548378208478337,0.7406167067617178,-9.380539972159266,-0.14457324156560525,-0.0025666854344308376,0.007345639169216156,2.7617650987431404,0.0030799508094787598
1746575899838238700,57.13223876953125,0.07844613253425262,-0.016998104751110077,0.028599369788880526,-0.006836813874542713,0.06476132212921824,0.9869454970532517,0.14233700749014525,right,0.0007550716400146484,-0.2857113568369384,0.7373509829640388,-9.380166462671756,-0.14466062656467707,0.003876015543937683,0.005320645868778229,2.7639064946860072,0.004714488983154297
1746575899878238700,57.17223876953125,0.07800093998993275,-0.01665855012834072,0.02845412918384926,-0.0008263913914561272,0.06432022925385258,0.9869915568398719,0.14137185365754878,right,0.0007441043853759766,-0.28558798064787816,0.7332014620691537,-9.38083340214789,-0.14457166091692916,0.00648784963414073,0.004205144941806793,2.76274563421309,0.0020855069160461426
1746575899918238700,57.21223876953125,0.07791358441192671,-0.009105352684855461,0.028451602310716702,0.0006605653325095773,0.06409933216245879,0.9870202550199342,0.14090272955085306,right,0.00015091896057128906,-0.2854103781041972,0.7324201754983514,-9.381386359855533,-0.1444745980149195,0.0051606083288788795,0.003967657685279846,2.761074193869531,0.0017102956771850586
1746575899958238700,57.25223876953125,0.07791358441192671,-0.0015521547757089138,0.028451602310716702,0.0021475222893059254,0.06409933216245879,0.9870202550199342,0.14090272955085306,right,-0.0004987120628356934,-0.2854103781041972,0.7324201754983514,-9.381386359855533,-0.1444745980149195,0.003833366557955742,0.0036505088210105896,2.761074193869531,0.0011646449565887451
1746575899998238500,57.29223852539062,0.07791358441192671,0.001251331064850092,0.028451602310716702,0.0015415826346725225,0.06409933216245879,0.9870202550199342,0.14090272955085306,right,-0.00027054548263549805,-0.2854103781041972,0.7324201754983514,-9.381386359855533,-0.1444745980149195,0.004019816406071186,0.003899417817592621,2.761074193869531,0.0027050673961639404
1746575900038238700,57.33223876953125,0.07791358441192671,-0.0017978393007069826,0.028451602310716702,0.0002556863473728299,0.06409933216245879,0.9870202550199342,0.14090272955085306,right,-0.00011491775512695312,-0.2854103781041972,0.7324201754983514,-9.381386359855533,-0.1444745980149195,0.0006178121548146009,0.0036249831318855286,2.761074193869531,0.0017639994621276855
1746575900078238700,57.37223876953125,0.07786261200048235,0.007460139691829681,0.028470347167103286,0.0014125372981652617,0.06394550338081874,0.9870673302107638,0.14055865600848658,right,0.000017821788787841797,-0.28490229317442317,0.7320510499250144,-9.382821361094713,-0.1442175103500511,0.004230371676385403,0.003897838294506073,2.7562928048118946,0.0008721649646759033
1746575900118238700,57.41223876953125,0.07786261200048235,0.007345910184085369,0.028470347167103286,-0.008287787437438965,0.06394550338081874,0.9870673302107638,0.14055865600848658,right,-0.0013824701309204102,-0.28490229317442317,0.7320510499250144,-9.382821361094713,-0.1442175103500511,-0.004765220917761326,0.00542130321264267,2.7562928048118946,0.002251356840133667
1746575900158238700,57.45223876953125,0.07786261200048235,0.0037330114282667637,0.028470347167103286,0.007274766452610493,0.06394550338081874,0.9870673302107638,0.14055865600848658,right,0.002301812171936035,-0.28490229317442317,0.7320510499250144,-9.382821361094713,-0.1442175103500511,-0.010239176452159882,0.008377112448215485,2.7562928048118946,0.0015352070331573486
1746575900198238700,57.49223876953125,0.07777638194534801,0.002684610430151224,0.02835683290393703,-0.008968238718807697,0.06423386961134535,0.9869988783174488,0.14116576319451793,right,-0.0014553666114807129,-0.28562448246615313,0.731087100263685,-9.380897115033864,-0.14457950905193417,-0.017688602209091187,0.0070699527859687805,2.7630890408232807,0.003180205821990967
1746575900238238500,57.532238525390625,0.07752139791793604,0.0000621273647993803,0.028194511300884083,-0.004094698932021856,0.06434114182526364,0.9869561506257823,0.14137366164192075,right,-0.00036895275115966797,-0.2861939627610251,0.7285731446813791,-9.379512967199087,-0.14485506008411028,-0.006778012029826641,0.007783509790897369,2.7684470607250926,0.003903627395629883
1746575900278238700,57.57223876953125,0.07752139791793604,0.004987239837646484,0.028194511300884083,-0.003241598606109619,0.06434114182526364,0.9869561506257823,0.14137366164192075,right,0.0000032186508178710938,-0.2861939627610251,0.7285731446813791,-9.379512967199087,-0.14485506008411028,0.0016095228493213654,0.006721563637256622,2.7684470607250926,0.004882693290710449
1746575900318238700,57.61223876953125,0.07752139791793604,0.001503361389040947,0.028194511300884083,-0.0023168784100562334,0.06434114182526364,0.9869561506257823,0.14137366164192075,right,0.0006684660911560059,-0.2861939627610251,0.7285731446813791,-9.379512967199087,-0.14485506008411028,0.005730920936912298,0.005595684051513672,2.7684470607250926,0.005218952894210815
1746575900358238700,57.65223876953125,0.07752139791793604,-0.00339362770318985,0.028194511300884083,-0.0013899501645937562,0.06434114182526364,0.9869561506257823,0.14137366164192075,right,0.0005888938903808594,-0.2861939627610251,0.7285731446813791,-9.379512967199087,-0.14485506008411028,0.01214304007589817,0.005523055791854858,2.7684470607250926,0.006171107292175293
1746575900398238700,57.69223876953125,0.07689010272420838,-0.0017676042625680566,0.027925006872605403,-0.008461374789476395,0.06436807403184105,0.9870340956143506,0.14128919150786193,right,-0.0008547306060791016,-0.28523984844190753,0.722854328643158,-9.38260041182041,-0.14436308514761914,0.01179464440792799,0.00385342538356781,2.7594696812823414,0.0028683245182037354
1746575900438238700,57.73223876953125,0.07674557836336005,0.004723840858787298,0.027882369119099772,0.0035449936985969543,0.06441477945954668,0.9870923973839357,0.14132259647642198,right,0.001282036304473877,-0.2844134963381045,0.721672863773629,-9.384975324258209,-0.14395138285195722,0.016137225553393364,0.005054309964179993,2.7516923252791163,0.000949561595916748
1746575900478238500,57.77223852539063,0.07683437591936254,0.007202654145658016,0.02793909829067691,-0.003458221908658743,0.06452630195623957,0.9871352141426151,0.14152601889602223,right,-0.00040715932846069336,-0.2836824880749652,0.7226604135062545,-9.386914183366297,-0.14359656675783225,0.014255957677960396,0.005383983254432678,2.7448107490718363,0.001622021198272705
1746575900518238700,57.81223876953125,0.07683437591936254,0.004140215460211039,0.02793909829067691,-0.0003110396210104227,0.06452630195623957,0.9871352141426151,0.14152601889602223,right,-0.00015842914581298828,-0.2836824880749652,0.7226604135062545,-9.386914183366297,-0.14359656675783225,0.011156636290252209,0.005554951727390289,2.7448107490718363,0.001345306634902954
1746575900558238700,57.85223876953125,0.07683437591936254,0.0010777765419334173,0.02793909829067691,0.0028361426666378975,0.06452630195623957,0.9871352141426151,0.14152601889602223,right,0.0000903010368347168,-0.2836824880749652,0.7226604135062545,-9.386914183366297,-0.14359656675783225,0.008057314902544022,0.0057259202003479,2.7448107490718363,0.0010686218738555908
1746575900598238700,57.89223876953125,0.07711624078195005,-0.0018166841473430395,0.02808924336898263,0.002568058203905821,0.06465455533052729,0.9871773542049014,0.14178835875478854,right,-0.0004067420959472656,-0.2828914372523905,0.7254732789698988,-9.388872331696748,-0.14321920718723805,0.0009374902583658695,0.006849765777587891,2.737362478892505,0.002639263868331909
1746575900638238700,57.93223876953125,0.07711624078195005,-0.008879098109900951,0.02808924336898263,0.005566091276705265,0.06465455533052729,0.9871773542049014,0.14178835875478854,right,-0.00004857778549194336,-0.2828914372523905,0.7254732789698988,-9.388872331696748,-0.14321920718723805,0.0050710816867649555,0.007856883108615875,2.737362478892505,0.0013635456562042236
1746575900678238700,57.97223876953125,0.07722570671863153,-0.007134106010198593,0.028211310667864014,0.0019018228631466627,0.06434027548764597,0.9872362637183713,0.14113958424010922,right,-0.0009589791297912598,-0.2823173938358582,0.7266221567440777,-9.390357601818442,-0.14293047461552086,0.01286512240767479,0.007445201277732849,2.7319562359347938,0.0021843314170837402
1746575900718238700,58.01223876953125,0.07711494656890211,-0.0009143808856606483,0.028199759776564335,-0.004010637290775776,0.06419498743652867,0.9872837434721826,0.1408043921311098,right,-0.00030362606048583984,-0.28180621389322486,0.7256895520690828,-9.391829427936672,-0.1426700463896423,0.0062925564125180244,0.005505986511707306,2.727141529129445,0.0012115538120269775
1746575900758238500,58.05223852539063,0.07711494656890211,0.007264413870871067,0.028199759776564335,-0.008035771548748016,0.06419498743652867,0.9872837434721826,0.1408043921311098,right,0.0005309581756591797,-0.28180621389322486,0.7256895520690828,-9.391829427936672,-0.1426700463896423,0.003558045718818903,0.00402609258890152,2.727141529129445,-0.0011588037014007568
1746575900798238700,58.09223876953125,0.07711494656890211,0.011774989776313305,0.028199759776564335,-0.005842271260917187,0.06419498743652867,0.9872837434721826,0.1408043921311098,right,0.00047451257705688477,-0.28180621389322486,0.7256895520690828,-9.391829427936672,-0.1426700463896423,-0.0008876551873981953,0.0040601640939712524,2.727141529129445,0.0016435682773590088
1746575900838238700,58.13223876953125,0.07687657832243666,0.006169488653540611,0.028032888867628142,-0.004698494449257851,0.0646354392862375,0.9872798795783588,0.14164807586143113,right,0.000041365623474121094,-0.28151491235311904,0.7235118427038192,-9.392793889054655,-0.14253054662845988,-0.0001295363763347268,0.004362702369689941,2.7243974911183115,0.002078026533126831
1746575900878238700,58.17223876953125,0.07687657832243666,0.002991211134940386,0.028032888867628142,-0.0030009951442480087,0.0646354392862375,0.9872798795783588,0.14164807586143113,right,-0.0006037354469299316,-0.28151491235311904,0.7235118427038192,-9.392793889054655,-0.14253054662845988,-0.0023180819116532803,0.004434354603290558,2.7243974911183115,0.0016039907932281494
1746575900918238700,58.21223876953125,0.07687657832243666,-0.00031313090585172176,0.028032888867628142,0.0002199471928179264,0.0646354392862375,0.9872798795783588,0.14164807586143113,right,0.0004265904426574707,-0.28151491235311904,0.7235118427038192,-9.392793889054655,-0.14253054662845988,-0.0010490886634215713,0.00322076678276062,2.7243974911183115,0.00340995192527771
1746575900958238700,58.25223876953125,0.07687657832243666,-0.003170127049088478,0.028032888867628142,0.0068569970317184925,0.0646354392862375,0.9872798795783588,0.14164807586143113,right,0.0009819269180297852,-0.28151491235311904,0.7235118427038192,-9.392793889054655,-0.14253054662845988,-0.0030511529184877872,0.004652164876461029,2.7243974911183115,0.003905355930328369
1746575900998238500,58.29223852539062,0.07687657832243666,0.0029067951254546642,0.028032888867628142,0.008750883862376213,0.0646354392862375,0.9872798795783588,0.14164807586143113,right,-0.00016868114471435547,-0.28151491235311904,0.7235118427038192,-9.392793889054655,-0.14253054662845988,0.0006837740074843168,0.004888854920864105,2.7243974911183115,0.00003260374069213867
1746575901038238700,58.33223876953125,0.07765951925011763,0.009777316823601723,0.02838665738173361,0.008009711280465126,0.06478467312717448,0.9872501765721904,0.1420671294073454,right,-0.0011483430862426758,-0.28159025180621877,0.7308496382459998,-9.39201998207271,-0.14259894095211303,0.001323613920249045,0.004735194146633148,2.7251071006923913,0.0006426870822906494
1746575901078238700,58.37223876953125,0.07765951925011763,0.0072080413810908794,0.02838665738173361,0.000756783876568079,0.06478467312717448,0.9872501765721904,0.1420671294073454,right,-0.0006754398345947266,-0.28159025180621877,0.7308496382459998,-9.39201998207271,-0.14259894095211303,-0.003203617874532938,0.007280610501766205,2.7251071006923913,0.0015474557876586914
1746575901118238700,58.41223876953125,0.07824334679813229,-0.005080032628029585,0.028641251558514463,0.000047117762733250856,0.06483195318353822,0.9872008209469425,0.1422719181654315,right,-0.0005990862846374512,-0.2820914079726597,0.7362259975221007,-9.390229007002711,-0.1428679617621385,-0.008650923147797585,0.00839727371931076,2.729827991734445,0.004182308912277222
1746575901158238700,58.45223876953125,0.07824334679813229,-0.017368106171488762,0.028641251558514463,-0.0006625483511015773,0.06483195318353822,0.9872008209469425,0.1422719181654315,right,-0.0003401041030883789,-0.2820914079726597,0.7362259975221007,-9.390229007002711,-0.1428679617621385,-0.014098228886723518,0.010062173008918762,2.729827991734445,0.007298588752746582
1746575901198238700,58.49223876953125,0.07863269871478336,-0.018346110358834267,0.02884392262715608,-0.00043571702553890646,0.06451001504969853,0.9871597829090943,0.14171441139243232,right,0.0006402730941772461,-0.2828680401308646,0.7397153009425849,-9.38782486847043,-0.14325558152309306,-0.0010005440562963486,0.00769372284412384,2.7371421141400933,0.002972334623336792
1746575901238238500,58.532238525390625,0.07863269871478336,-0.0016090236604213715,0.02884392262715608,-0.004446601960808039,0.06451001504969853,0.9871597829090943,0.14171441139243232,right,-0.000429689884185791,-0.2828680401308646,0.7397153009425849,-9.38782486847043,-0.14325558152309306,0.003269776701927185,0.005096890032291412,2.7371421141400933,0.0019534826278686523
1746575901278238700,58.57223876953125,0.07863269871478336,0.007289799861609936,0.02884392262715608,-0.0085836760699749,0.06451001504969853,0.9871597829090943,0.14171441139243232,right,-0.0002167224884033203,-0.2828680401308646,0.7397153009425849,-9.38782486847043,-0.14325558152309306,0.0014520772965624928,0.0041539594531059265,2.7371421141400933,0.0021394193172454834
1746575901318238700,58.61223876953125,0.07790483576880172,0.009365202859044075,0.028465565741034135,-0.012479648925364017,0.06469243570693937,0.9871613673663191,0.14197860739548937,right,-0.00000864267349243164,-0.28287268071136124,0.7328810710083693,-9.3883480155617,-0.14323814363878495,-0.004350203555077314,0.004023201763629913,2.7371859532818195,0.0009754002094268799
1746575901358238700,58.65223876953125,0.07761280684563315,0.016297724097967148,0.028265478737826387,-0.007640426512807608,0.06503677111650985,0.9871289464193415,0.14264451781728774,right,0.0054743289947509766,-0.2830900883197028,0.7300931938555091,-9.387968660855293,-0.14334533628118137,-0.008179685100913048,0.006409354507923126,2.7392332412004468,0.0009410381317138672
1746575901398238700,58.69223876953125,0.0780951921227238,0.004932904615998268,0.028445413989921016,0.012146448716521263,0.06528211075362554,0.9870739655555729,0.14323234615261496,right,-0.001785874366760254,-0.28350998809666883,0.7345319800205529,-9.386467608642578,-0.14357646724504347,-0.012815704569220543,0.006808802485466003,2.743186655001342,0.0041863322257995605
1746575901438238700,58.73223876953125,0.07831127546056978,-0.010459411889314651,0.02853458577626061,0.0029408661648631096,0.06521236179871309,0.987031459088048,0.1431525142992769,right,-0.0021257996559143066,-0.28411851138529937,0.7364294842049479,-9.384642731302977,-0.14388245896262822,-0.009834466502070427,0.008000142872333527,2.7489155540421604,0.004789412021636963
1746575901478238500,58.77223852539063,0.07833637123819784,-0.017358534038066864,0.028586423948916893,0.005789150483906269,0.06487552204803901,0.9870371964267829,0.14248480987414666,right,-0.00031059980392456055,-0.28434449709718984,0.7366163850791752,-9.384004433399438,-0.143985175695608,0.002845495007932186,0.006619445979595184,2.7510429214596748,0.003826141357421875
1746575901518238700,58.81223876953125,0.07840880842540676,-0.011508926749229431,0.028688722152396085,0.006299842149019241,0.06447965536328291,0.987078094033511,0.14168182825289707,right,-0.0007815361022949219,-0.28411309564267967,0.7373459414627402,-9.384585448157786,-0.1438619154236916,0.012011840008199215,0.005763642489910126,2.748864700637758,0.002319157123565674
1746575901558238700,58.85223876953125,0.07860550351878415,-0.008340653963387012,0.028837058279943328,0.008061123080551624,0.06422154660933899,0.9871181547458531,0.14116869798320064,right,0.000529944896697998,-0.2837320141988915,0.7392740599811076,-9.385483858302235,-0.14367292702108192,0.009274587035179138,0.006647557020187378,2.745277197539806,0.001763850450515747
1746575901598238700,58.89223876953125,0.07860550351878415,-0.00536236260086298,0.028837058279943328,0.005248855799436569,0.06422154660933899,0.9871181547458531,0.14116869798320064,right,0.00040733814239501953,-0.2837320141988915,0.7392740599811076,-9.385483858302235,-0.14367292702108192,0.002188204787671566,0.006464652717113495,2.745277197539806,0.0006663203239440918
1746575901638238700,58.93223876953125,0.07860550351878415,0.00009499210864305496,0.028837058279943328,-0.0014782692305743694,0.06422154660933899,0.9871181547458531,0.14116869798320064,right,-0.0004991888999938965,-0.2837320141988915,0.7392740599811076,-9.385483858302235,-0.14367292702108192,-0.007746515795588493,0.0055174753069877625,2.745277197539806,0.0002505481243133545
1746575901678238700,58.97223876953125,0.07860550351878415,0.0033969939686357975,0.028837058279943328,-0.00788420345634222,0.06422154660933899,0.9871181547458531,0.14116869798320064,right,-0.0018677711486816406,-0.2837320141988915,0.7392740599811076,-9.385483858302235,-0.14367292702108192,-0.014554345980286598,0.005990840494632721,2.745277197539806,0.0019928812980651855
1746575901718238700,59.01223876953125,0.07816094701127041,0.0052635036408901215,0.02859383002754201,-0.009078381583094597,0.06426198711408897,0.987085170631676,0.14121289445569654,right,-0.0005180239677429199,-0.2842801767904602,0.7349839615717529,-9.384310138347745,-0.14392961869518672,-0.008891137316823006,0.005046337842941284,2.7504373567819593,0.0032441914081573486
1746575901758238500,59.05223852539063,0.07816094701127041,0.007130012847483158,0.02859383002754201,-0.010272559709846973,0.06426198711408897,0.987085170631676,0.14121289445569654,right,0.0009514093399047852,-0.2842801767904602,0.7349839615717529,-9.384310138347745,-0.14392961869518672,-0.0032279291190207005,0.003664374351501465,2.7504373567819593,0.00502169132232666
1746575901798238700,59.09223876953125,0.07747440574236956,-0.00030237622559070587,0.02822520744419157,-0.004606994334608316,0.06434689572200843,0.9870502159600962,0.14131404303767325,right,0.00016361474990844727,-0.2848778545294306,0.7284137163359672,-9.383172074228524,-0.14420372704009576,-0.0004515026230365038,0.003933526575565338,2.7560627954483032,0.0038940012454986572
1746575901838238700,59.13223876953125,0.07747440574236956,-0.003626991296187043,0.02822520744419157,-0.001356396358460188,0.06434689572200843,0.9870502159600962,0.14131404303767325,right,0.0009922385215759277,-0.2848778545294306,0.7284137163359672,-9.383172074228524,-0.14420372704009576,0.002501081209629774,0.004233978688716888,2.7560627954483032,0.002735733985900879
1746575901878238700,59.17223876953125,0.07733936750162179,-0.009105732664465904,0.028189913406961215,0.0032025943510234356,0.06414350034395983,0.9870664253788187,0.14088194071584334,right,0.0010838508605957031,-0.28487259509283275,0.7271477149881422,-9.383284886953234,-0.14419069250651884,-0.001961230766028166,0.004920355975627899,2.7560134033486245,0.0036118626594543457
1746575901918238700,59.21223876953125,0.07730509635769034,-0.013069575652480125,0.028200065019325676,0.0022673956118524075,0.06389309942995569,0.9870661902471184,0.14038132950325885,right,-0.0004354715347290039,-0.28511376087337176,0.7267747900225222,-9.382646589049696,-0.1443014680041895,-0.0059600588865578175,0.005346864461898804,2.7582831018462777,0.0022713541984558105
1746575901958238700,59.25223876953125,0.07730509635769034,-0.009956162422895432,0.028200065019325676,-0.007620007265359163,0.06389309942995569,0.9870661902471184,0.14038132950325885,right,-0.0013158917427062988,-0.28511376087337176,0.7267747900225222,-9.382646589049696,-0.1443014680041895,-0.003027208847925067,0.0026993751525878906,2.7582831018462777,0.00021147727966308594
1746575901998238500,59.29223852539062,0.07730509635769034,-0.0004073856398463249,0.028200065019325676,0.0021594311110675335,0.06389309942995569,0.9870661902471184,0.14038132950325885,right,0.0015966296195983887,-0.28511376087337176,0.7267747900225222,-9.382646589049696,-0.1443014680041895,-0.0017497993540018797,0.005369551479816437,2.7582831018462777,0.0003738105297088623
1746575902038238700,59.33223876953125,0.07705120391560252,-0.003980299457907677,0.028083648956258263,-0.0019601108506321907,0.06367619800162676,0.9870404812280262,0.13993508356469458,right,0.0026922225952148438,-0.2857384901378031,0.7242598115269094,-9.38111105004549,-0.14459518157647508,-0.006837359629571438,0.0050429776310920715,2.7641616384908554,0.0005584657192230225
1746575902078238700,59.37223876953125,0.0767969978893679,-0.0075532132759690285,0.02796723289319085,-0.006079652812331915,0.06345929657329778,0.987014772208934,0.13948863317566193,right,0.0037873387336730957,-0.2863631973032804,0.7217424218785017,-9.379571419388055,-0.14488889514876063,-0.011924920603632927,0.004716642200946808,2.770039006091654,0.0007432401180267334
1746575902118238700,59.41223876953125,0.0767969978893679,0.004510209895670414,0.02796723289319085,0.00030782725661993027,0.06345929657329778,0.987014772208934,0.13948863317566193,right,0.0010886788368225098,-0.2863631973032804,0.7217424218785017,-9.379571419388055,-0.14488889514876063,-0.004048819653689861,0.004496395587921143,2.770039006091654,0.0000073015689849853516
1746575902158238700,59.45223876953125,0.0767969978893679,0.011512558907270432,0.02796723289319085,-0.0007728990167379379,0.06345929657329778,0.987014772208934,0.13948863317566193,right,-0.0002626180648803711,-0.2863631973032804,0.7217424218785017,-9.379571419388055,-0.14488889514876063,-0.006790716201066971,0.0052873194217681885,2.770039006091654,0.0019357502460479736
1746575902198238700,59.49223876953125,0.0768636011360514,0.012224463745951653,0.027912512282537678,-0.004044868517667055,0.06381662696424978,0.9869303732612774,0.1402633544556168,right,-0.0011612176895141602,-0.28720465954761876,0.7221879006236791,-9.377195922428369,-0.1453167650219004,-0.006644335109740496,0.004507541656494141,2.7779540169999,0.0020947158336639404
1746575902238238500,59.532238525390625,0.07685509303882727,0.010598016902804375,0.02784559230959643,0.0024507511407136917,0.06408040654996063,0.9868716631295085,0.1408250437659956,right,0.0032216906547546387,-0.28778837318543804,0.7219835371579975,-9.375583811056613,-0.14561212675060017,-0.010921320877969265,0.005185015499591827,2.783443262065947,0.0018723011016845703
1746575902278238700,59.57223876953125,0.07685509303882727,0.007683995645493269,0.02784559230959643,0.008816263638436794,0.06408040654996063,0.9868716631295085,0.1408250437659956,right,0.0028014183044433594,-0.28778837318543804,0.7219835371579975,-9.375583811056613,-0.14561212675060017,-0.010867069475352764,0.006085895001888275,2.783443262065947,0.0019221007823944092
1746575902318238700,59.61223876953125,0.07732263988330404,0.006812973879277706,0.02800307788437773,0.005501010920852423,0.06436761475334653,0.9867992761872579,0.1415066912729466,right,0.0019450783729553223,-0.2884135685818805,0.7262324267741292,-9.373508173826336,-0.14594490861720683,-0.010421644896268845,0.006466813385486603,2.78932150644958,0.003030836582183838
1746575902358238700,59.65223876953125,0.07779072364721909,0.005941952113062143,0.028160550950829775,0.0021857579704374075,0.06465484952599733,0.986726758640092,0.14218886590096605,right,0.0010881423950195312,-0.28903849318138847,0.7304843120649457,-9.371427275899052,-0.14627766242617066,-0.009976220317184925,0.00684744119644165,2.795196243701875,0.004139930009841919
1746575902398238700,59.69223876953125,0.07779072364721909,0.003907870966941118,0.028160550950829775,-0.00313177821226418,0.06465484952599733,0.986726758640092,0.14218886590096605,right,0.0002320408821105957,-0.28903849318138847,0.7304843120649457,-9.371427275899052,-0.14627766242617066,-0.010239413008093834,0.005240984261035919,2.795196243701875,0.0053379833698272705
1746575902438238700,59.73223876953125,0.07765630729338595,-0.0045411367900669575,0.02803583420680676,-0.003362999763339758,0.06480529598232672,0.9866543231665506,0.14251833242561773,right,0.0010587573051452637,-0.2899413959867128,0.7290285602986812,-9.36900560171008,-0.14672302241354834,-0.013586876913905144,0.006157472729682922,2.803682332496345,0.008408457040786743
1746575902478238500,59.77223852539063,0.07746962027053972,-0.016092928126454353,0.02793725134812724,-0.002439718460664153,0.06465426043143843,0.9866137233253415,0.14222107741503454,right,0.0017790794372558594,-0.29068749442709346,0.7271173198498785,-9.367053298598528,-0.14708059627951986,-0.014794564805924892,0.005973786115646362,2.810693088041246,0.01067700982093811
1746575902518238700,59.81223876953125,0.0771862303717739,-0.01754823885858059,0.02783997799502682,0.00016634422354400158,0.06423458559764009,0.9866058463643741,0.14135554114552504,right,0.000885307788848877,-0.29124770696707264,0.7243412792652845,-9.36568785546422,-0.14733552904810257,-0.004698856733739376,0.004752218723297119,2.8159558308750388,0.004849433898925781
1746575902558238700,59.85223876953125,0.0771862303717739,0.007165044546127319,0.02783997799502682,0.00006270460289670154,0.06423458559764009,0.9866058463643741,0.14135554114552504,right,0.000641167163848877,-0.29124770696707264,0.7243412792652845,-9.36568785546422,-0.14733552904810257,0.005473576486110687,0.004963576793670654,2.8159558308750388,0.0014038681983947754
1746575902598238700,59.89223876953125,0.0773516475389568,0.010545745491981506,0.02785246360416445,-0.0048032961785793304,0.06485277168956267,0.9866058778031382,0.14260388437431812,right,0.0003738999366760254,-0.29064643982057703,0.7260211951762437,-9.36725437412858,-0.1470618804164901,0.0076424009166657925,0.0050854310393333435,2.8103073035940525,0.0017383694648742676
1746575902638238700,59.93223876953125,0.07751624483437389,0.013926446437835693,0.02786493260751525,-0.009669297374784946,0.06547094363305349,0.9866054439297784,0.14385192650827833,right,0.00010639429092407227,-0.29004494097906186,0.7276938045635819,-9.36881797018349,-0.14678815015680435,0.009811225347220898,0.005208037793636322,2.804655561442673,0.0020731985569000244
1746575902678238700,59.97223876953125,0.07768004036683829,0.01730714738368988,0.02787738832623666,-0.014535298570990562,0.0660891116075368,0.9866046284210966,0.14509970496965746,right,-0.0001614093780517578,-0.2894432693585422,0.7293591804925352,-9.370379812672734,-0.14651435459466006,0.011980049312114716,0.005331389605998993,2.799000896681845,0.0024082958698272705
1746575902718238700,60.01223876953125,0.07720502075535388,-0.007906707003712654,0.02764081990325204,-0.01211128756403923,0.06626359562163132,0.9866334596238735,0.14536134603448755,right,0.003626108169555664,-0.28900562443669603,0.7250023735225201,-9.371945162293315,-0.1462865398521693,0.0037489086389541626,0.006049662828445435,2.7948873238831755,0.007076144218444824
1746575902758238500,60.05223852539063,0.07679839272313355,-0.03383834660053253,0.02750474824124241,0.006615176796913147,0.0658229019395161,0.9866615112941951,0.14441381493965355,right,0.003511488437652588,-0.2891297925490911,0.7211647681210189,-9.371893139845133,-0.14632126994269978,-0.0061422232538461685,0.003748469054698944,2.79605461409688,0.005788445472717285
1746575902798238700,60.09223876953125,0.07687136423224158,-0.03280550241470337,0.027640583057016194,0.019882287830114365,0.06506216821234957,0.9866896052410989,0.14289693980532261,right,0.001320958137512207,-0.2894223296282072,0.721785822628811,-9.371024540317059,-0.14644693697076686,0.0007220134139060974,0.0048483386635780334,2.7988042050659656,0.0016707181930541992
1746575902838238700,60.13223876953125,0.07716362524220126,-0.006354963406920433,0.027859625651618484,0.014304542914032936,0.0645577319518533,0.9867227789370799,0.1419141092645531,right,-0.0011584758758544922,-0.28934593094062,0.7245410396210848,-9.371026293882727,-0.14640511041741255,0.005204739980399609,0.005109056830406189,2.7980861199244855,-0.0026374757289886475
1746575902878238700,60.17223876953125,0.07716362524220126,0.01663014478981495,0.027859625651618484,0.021554332226514816,0.0645577319518533,0.9867227789370799,0.1419141092645531,right,0.0006576776504516602,-0.28934593094062,0.7245410396210848,-9.371026293882727,-0.14640511041741255,0.006223004311323166,0.00862172245979309,2.7980861199244855,0.00023499131202697754
1746575902918238700,60.21223876953125,0.07725867076898368,0.011256450787186623,0.02787872596994003,0.005136251449584961,0.06487002768953022,0.986734462994744,0.14253812667480492,right,0.0024686455726623535,-0.2888748911979961,0.7255334116593003,-9.37227074098587,-0.14618466973375577,0.006260159891098738,0.00837232917547226,2.7936583666101096,0.0015902817249298096
1746575902958238700,60.25223876953125,0.07725867076898368,0.005882757715880871,0.02787872596994003,-0.011281827464699745,0.06487002768953022,0.986734462994744,0.14253812667480492,right,0.004152834415435791,-0.2888748911979961,0.7255334116593003,-9.37227074098587,-0.14618466973375577,0.0062973154708743095,0.008224137127399445,2.7936583666101096,0.0024940669536590576
1746575902998238500,60.29223852539062,0.07705138121222417,0.007039740681648254,0.027739860767853747,-0.008404430001974106,0.065288493972399,0.9867505539151407,0.14332844637322173,right,0.002228260040283203,-0.28832019441903606,0.7237097764287144,-9.373964685422182,-0.14591547242211245,0.0012732045724987984,0.0045263394713401794,2.7884438468322155,0.0009014606475830078
1746575903038238700,60.33223876953125,0.07694188163430483,0.006552486214786768,0.027646195728624652,-0.003290938213467598,0.0655882578027046,0.9867387974460521,0.14391574570788268,right,0.00037723779678344727,-0.2882364440239669,0.7227012569732963,-9.374276235589384,-0.1458787254357881,-0.003151337616145611,0.004832260310649872,2.787656203585863,0.0030898451805114746
1746575903078238700,60.37223876953125,0.07694188163430483,-0.002965968567878008,0.027646195728624652,-0.0010208508465439081,0.0655882578027046,0.9867387974460521,0.14391574570788268,right,0.001872718334197998,-0.2882364440239669,0.7227012569732963,-9.374276235589384,-0.1458787254357881,-0.0046377237886190414,0.004770360887050629,2.787656203585863,0.0070810019969940186
1746575903118238700,60.41223876953125,0.07694188163430483,-0.010935904458165169,0.027646195728624652,-0.004679095931351185,0.0655882578027046,0.9867387974460521,0.14391574570788268,right,-0.0011847615242004395,-0.2882364440239669,0.7227012569732963,-9.374276235589384,-0.1458787254357881,-0.0014328805264085531,0.0038960054516792297,2.787656203585863,0.006290793418884277
1746575903158238700,60.45223876953125,0.07694188163430483,-0.015489875338971615,0.027646195728624652,0.015051397494971752,0.0655882578027046,0.9867387974460521,0.14391574570788268,right,0.0010315775871276855,-0.2882364440239669,0.7227012569732963,-9.374276235589384,-0.1458787254357881,0.009174998849630356,0.004795797169208527,2.787656203585863,0.004088014364242554
1746575903198238700,60.49223876953125,0.07710465904746194,-0.013139892369508743,0.027821954576021095,0.010498350486159325,0.06502495883364565,0.9867969640707346,0.14278169735026702,right,-0.000433504581451416,-0.28790160361233497,0.7242990475587546,-9.375088721016049,-0.14570325756147073,0.012539149262011051,0.004985325038433075,2.784507968688011,0.003382056951522827
1746575903238238500,60.532238525390625,0.07736526591027836,-0.011522644199430943,0.02801560307685873,0.012325074523687363,0.06469324900124485,0.9868466153425918,0.14212556014433636,right,-0.000023186206817626953,-0.28744576130126676,0.7268402564741671,-9.376164241293072,-0.14547780155958373,0.012571106664836407,0.007205747067928314,2.7802213774099944,0.0017547011375427246
1746575903278238700,60.57223876953125,0.07766622260801107,-0.008346263319253922,0.02820031903471612,0.0086527019739151,0.06451178077348414,0.9868748476088471,0.14178709419787727,right,-0.0002541542053222656,-0.2871389492449512,0.7297281599353999,-9.376794940412044,-0.1453314877915232,0.006374157499521971,0.007390812039375305,2.777335885101557,0.001783132553100586
1746575903318238700,60.61223876953125,0.07766622260801107,-0.005169881507754326,0.02820031903471612,0.004980328492820263,0.06451178077348414,0.9868748476088471,0.14178709419787727,right,-0.0005494356155395508,-0.2871389492449512,0.7297281599353999,-9.376794940412044,-0.1453314877915232,0.00017720786854624748,0.007870368659496307,2.777335885101557,0.0015173554420471191
1746575903358238700,60.65223876953125,0.07766622260801107,-0.004129521548748016,0.02820031903471612,0.003590710461139679,0.06451178077348414,0.9868748476088471,0.14178709419787727,right,-0.0010952353477478027,-0.2871389492449512,0.7297281599353999,-9.376794940412044,-0.1453314877915232,-0.0027628305833786726,0.00783015787601471,2.777335885101557,0.0020158588886260986
1746575903398238700,60.69223876953125,0.07766622260801107,-0.0012953558471053839,0.02820031903471612,-0.006437086500227451,0.06451178077348414,0.9868748476088471,0.14178709419787727,right,-0.002032637596130371,-0.2871389492449512,0.7297281599353999,-9.376794940412044,-0.1453314877915232,0.0032626439351588488,0.00657247006893158,2.777335885101557,0.0006308853626251221
1746575903438238700,60.73223876953125,0.07766622260801107,0.008327243849635124,0.02820031903471612,-0.012961182743310928,0.06451178077348414,0.9868748476088471,0.14178709419787727,right,-0.0012665987014770508,-0.2871389492449512,0.7297281599353999,-9.376794940412044,-0.1453314877915232,0.00919144507497549,0.00507962703704834,2.777335885101557,0.000730365514755249
1746575903478238500,60.77223852539063,0.07739592492554713,0.014295440167188644,0.028099948387048875,-0.012457260861992836,0.06456404080887068,0.9869418143168397,0.1418084381216619,right,0.0008507966995239258,-0.2862245250993524,0.7273897070504725,-9.379519981461764,-0.14487219928791334,0.007472600322216749,0.0037367790937423706,2.7687343532338735,0.00045669078826904297
1746575903518238700,60.81223876953125,0.07749151626364839,0.01298444252461195,0.028118315367806315,-0.004927921574562788,0.06484020866768718,0.9869437550198471,0.14236704329265698,right,0.000603795051574707,-0.2859170816206362,0.7283521223418414,-9.380298564618826,-0.14473155862331305,0.0034690345637500286,0.005150556564331055,2.7658421389237047,0.0006438195705413818
1746575903558238700,60.85223876953125,0.07749151626364839,0.011673444882035255,0.028118315367806315,0.0026014167815446854,0.06484020866768718,0.9869437550198471,0.14236704329265698,right,0.0002773404121398926,-0.2859170816206362,0.7283521223418414,-9.380298564618826,-0.14473155862331305,-0.000534531194716692,0.00666249543428421,2.7658421389237047,0.0005359947681427002
1746575903598238700,60.89223876953125,0.07771571689814195,0.0064880275167524815,0.028175625887766082,0.0008813553722575307,0.0652336544675995,0.986925187400097,0.14318927160292474,right,-0.000742495059967041,-0.28575500226206524,0.7304900111533701,-9.380582057735323,-0.1446704975939301,-0.00271959719248116,0.006793506443500519,2.7643171213135123,0.0007527470588684082
1746575903638238700,60.93223876953125,0.07738383110943318,-0.005247280467301607,0.028007292077800474,-0.003490682225674391,0.0651727352821989,0.9869064019973594,0.1430371964546693,right,0.00011730194091796875,-0.2861635279901397,0.7272893154159188,-9.379697091594338,-0.14485896383316574,-0.007982965558767319,0.005512945353984833,2.7681606449991465,0.0025244951248168945
1746575903678238700,60.97223876953125,0.07738383110943318,-0.016982588917016983,0.028007292077800474,-0.00786271970719099,0.0651727352821989,0.9869064019973594,0.1430371964546693,right,0.0010672211647033691,-0.2861635279901397,0.7272893154159188,-9.379697091594338,-0.14485896383316574,-0.013246333226561546,0.0039060041308403015,2.7681606449991465,0.00468820333480835
1746575903718238700,61.01223876953125,0.0766684325705287,-0.016061313450336456,0.02768258368327124,-0.007427343167364597,0.06480670899913299,0.9868868612312256,0.14222921420251133,right,0.0009402632713317871,-0.2869611044127627,0.7204095658395439,-9.378010745942593,-0.14521773046381636,-0.006675568409264088,0.003196142613887787,2.7756632757142183,0.0019299089908599854
1746575903758238500,61.05223852539063,0.076367803747522,-0.005763477645814419,0.027552801442592884,-0.0077031273394823074,0.06459064541207474,0.9868781606895668,0.1417664228898977,right,-0.0021345019340515137,-0.28735950169206836,0.7175058072220534,-9.377124026235938,-0.14539803784232988,-0.009366489946842194,0.0018967166543006897,2.7794100610271095,0.0030241310596466064
1746575903798238700,61.09223876953125,0.076367803747522,0.007338357158005238,0.027552801442592884,-0.0029283538460731506,0.06459064541207474,0.9868781606895668,0.1417664228898977,right,0.000340878963470459,-0.28735950169206836,0.7175058072220534,-9.377124026235938,-0.14539803784232988,-0.0052327741868793964,0.004498183727264404,2.7794100610271095,0.0029361844062805176
1746575903838238700,61.13223876953125,0.076367803747522,0.0011071204207837582,0.027552801442592884,0.00751821044832468,0.06459064541207474,0.9868781606895668,0.1417664228898977,right,-0.0033587217330932617,-0.28735950169206836,0.7175058072220534,-9.377124026235938,-0.14539803784232988,-0.005782679188996553,0.0056846365332603455,2.7794100610271095,0.007414072751998901
1746575903878238700,61.17223876953125,0.076367803747522,0.00036941462894901633,0.027552801442592884,0.004832534119486809,0.06459064541207474,0.9868781606895668,0.1417664228898977,right,-0.0018374919891357422,-0.28735950169206836,0.7175058072220534,-9.377124026235938,-0.14539803784232988,-0.001756317913532257,0.004891753196716309,2.7794100610271095,0.004740267992019653
1746575903918238700,61.21223876953125,0.076367803747522,-0.0003682912210933864,0.027552801442592884,0.0021468575578182936,0.06459064541207474,0.9868781606895668,0.1417664228898977,right,-0.00031626224517822266,-0.28735950169206836,0.7175058072220534,-9.377124026235938,-0.14539803784232988,0.0022700433619320393,0.004098877310752869,2.7794100610271095,0.0020664632320404053
1746575903958238700,61.25223876953125,0.076367803747522,0.00926120299845934,0.027552801442592884,0.0015260877553373575,0.06459064541207474,0.9868781606895668,0.1417664228898977,right,0.0004496574401855469,-0.28735950169206836,0.7175058072220534,-9.377124026235938,-0.14539803784232988,0.0002983391750603914,0.004087381064891815,2.7794100610271095,0.0030577778816223145
1746575903998238500,61.29223852539062,0.07627797581614297,0.004635619465261698,0.02745588890041059,0.00003907410427927971,0.06481263422519414,0.9868291198936554,0.14222747184395226,right,0.0003203749656677246,-0.28786321269977105,0.7165566898036748,-9.375790731805562,-0.14564983019088615,-0.0009716521017253399,0.005638055503368378,2.7841470264211297,0.0033976733684539795
1746575904038238700,61.33223876953125,0.07627797581614297,-0.0028669750317931175,0.02745588890041059,-0.004086376167833805,0.06481263422519414,0.9868291198936554,0.14222747184395226,right,0.00116729736328125,-0.28786321269977105,0.7165566898036748,-9.375790731805562,-0.14564983019088615,0.0004273088416084647,0.00413648784160614,2.7841470264211297,0.0024604201316833496
1746575904078238700,61.37223876953125,0.07627797581614297,-0.0012046884512528777,0.02745588890041059,-0.004036460537463427,0.06481263422519414,0.9868291198936554,0.14222747184395226,right,0.0021330714225769043,-0.28786321269977105,0.7165566898036748,-9.375790731805562,-0.14564983019088615,0.004126167390495539,0.005794234573841095,2.7841470264211297,0.0007044970989227295
1746575904118238700,61.41223876953125,0.07627797581614297,-0.0005630961968563497,0.02745588890041059,-0.005926185287535191,0.06481263422519414,0.9868291198936554,0.14222747184395226,right,0.0011711716651916504,-0.28786321269977105,0.7165566898036748,-9.375790731805562,-0.14564983019088615,0.002705998718738556,0.007016472518444061,2.7841470264211297,0.000947117805480957
1746575904158238700,61.45223876953125,0.07627797581614297,0.0000784960575401783,0.02745588890041059,-0.007815909571945667,0.06481263422519414,0.9868291198936554,0.14222747184395226,right,0.00020933151245117188,-0.28786321269977105,0.7165566898036748,-9.375790731805562,-0.14564983019088615,0.001285830163396895,0.008238710463047028,2.7841470264211297,0.0011897385120391846
1746575904198238700,61.49223876953125,0.07627797581614297,-0.0007621347904205322,0.02745588890041059,-0.0034899250604212284,0.06481263422519414,0.9868291198936554,0.14222747184395226,right,0.0005782842636108398,-0.28786321269977105,0.7165566898036748,-9.375790731805562,-0.14564983019088615,-0.0008574373787268996,0.00791880488395691,2.7841470264211297,0.0005997419357299805
1746575904238238500,61.532238525390625,0.07627797581614297,-0.004790102131664753,0.02745588890041059,0.0008583841845393181,0.06481263422519414,0.9868291198936554,0.14222747184395226,right,-0.0004387497901916504,-0.28786321269977105,0.7165566898036748,-9.375790731805562,-0.14564983019088615,-0.004685846157371998,0.005104966461658478,2.7841470264211297,0.0013376176357269287
1746575904278238700,61.57223876953125,0.07590612658647569,-0.005046367179602385,0.027274698312233323,0.003454802092164755,0.06476388254271351,0.9868237993596014,0.14208419513383896,right,0.00020557641983032227,-0.2880786627772047,0.7130247893504797,-9.37545872337222,-0.14574203607172434,-0.004484538920223713,0.005543626844882965,2.7861726870298384,0.001754671335220337
1746575904318238700,61.61223876953125,0.07590612658647569,-0.0033205621875822544,0.027274698312233323,0.0046783979050815105,0.06476388254271351,0.9868237993596014,0.14208419513383896,right,0.0008299350738525391,-0.2880786627772047,0.7130247893504797,-9.37545872337222,-0.14574203607172434,-0.002765289042145014,0.006312794983386993,2.7861726870298384,0.002810448408126831
1746575904358238700,61.65223876953125,0.07590612658647569,-0.004899965133517981,0.027274698312233323,0.0029501046519726515,0.06476388254271351,0.9868237993596014,0.14208419513383896,right,-0.0011309981346130371,-0.2880786627772047,0.7130247893504797,-9.37545872337222,-0.14574203607172434,-0.001983752939850092,0.007010690867900848,2.7861726870298384,0.00322723388671875
1746575904398238700,61.69223876953125,0.07590612658647569,-0.0032938108779489994,0.027274698312233323,-0.003223583335056901,0.06476388254271351,0.9868237993596014,0.14208419513383896,right,-0.0006666183471679688,-0.2880786627772047,0.7130247893504797,-9.37545872337222,-0.14574203607172434,0.000472919549793005,0.004545785486698151,2.7861726870298384,0.0020283162593841553
1746575904438238700,61.73223876953125,0.07590612658647569,0.005201492924243212,0.027274698312233323,-0.008300402201712132,0.06476388254271351,0.9868237993596014,0.14208419513383896,right,0.0017014741897583008,-0.2880786627772047,0.7130247893504797,-9.37545872337222,-0.14574203607172434,0.0036452715285122395,0.005141109228134155,2.7861726870298384,0.0027086734771728516
1746575904478238500,61.77223852539063,0.07590612658647569,0.007404034491628408,0.027274698312233323,-0.005730110220611095,0.06476388254271351,0.9868237993596014,0.14208419513383896,right,0.001504361629486084,-0.2880786627772047,0.7130247893504797,-9.37545872337222,-0.14574203607172434,0.003170250216498971,0.0036521553993225098,2.7861726870298384,0.0023148953914642334
1746575904518238700,61.81223876953125,0.07524392728540279,0.006645780988037586,0.026936216141926428,-0.006522697396576405,0.06485415533658276,0.9868203749671419,0.1421757871298561,right,0.0012150406837463379,-0.2882127484459266,0.7067880869179963,-9.375555754005909,-0.14578792901305246,-0.001328055514022708,0.004758335649967194,2.7874335007458924,0.0034884512424468994
1746575904558238700,61.85223876953125,0.07524392728540279,0.002414865419268608,0.026936216141926428,-0.0030480166897177696,0.06485415533658276,0.9868203749671419,0.1421757871298561,right,0.0005617141723632812,-0.2882127484459266,0.7067880869179963,-9.375555754005909,-0.14578792901305246,-0.004408503882586956,0.005599319934844971,2.7874335007458924,0.0037035346031188965
1746575904598238700,61.89223876953125,0.07524392728540279,-0.0021595298312604427,0.026936216141926428,-0.0023663623724132776,0.06485415533658276,0.9868203749671419,0.1421757871298561,right,0.001067817211151123,-0.2882127484459266,0.7067880869179963,-9.375555754005909,-0.14578792901305246,-0.002644895575940609,0.004951730370521545,2.7874335007458924,0.004257559776306152
1746575904638238700,61.93223876953125,0.07524392728540279,-0.0052429987117648125,0.026936216141926428,0.0006143294740468264,0.06485415533658276,0.9868203749671419,0.1421757871298561,right,0.00019174814224243164,-0.2882127484459266,0.7067880869179963,-9.375555754005909,-0.14578792901305246,0.0006796612869948149,0.005215153098106384,2.7874335007458924,0.004087120294570923
1746575904678238700,61.97223876953125,0.07524392728540279,-0.00832646805793047,0.026936216141926428,0.0035950217861682177,0.06485415533658276,0.9868203749671419,0.1421757871298561,right,-0.0006842613220214844,-0.2882127484459266,0.7067880869179963,-9.375555754005909,-0.14578792901305246,0.004004218149930239,0.005478575825691223,2.7874335007458924,0.003916680812835693
1746575904718238700,62.01223876953125,0.07507315020839571,-0.005189110524952412,0.026887772422215774,0.0028466926887631416,0.06464772742132503,0.9868430671896984,0.14172813941298168,right,0.000588536262512207,-0.28812812021191564,0.7052046901840716,-9.375911727836728,-0.14573465840681443,0.004633413162082434,0.006555989384651184,2.786637966454029,0.0018436014652252197
1746575904758238700,62.05223876953125,0.07507315020839571,-0.0020517536904662848,0.026887772422215774,0.002098363358527422,0.06464772742132503,0.9868430671896984,0.14172813941298168,right,0.0018249750137329102,-0.28812812021191564,0.7052046901840716,-9.375911727836728,-0.14573465840681443,0.005262607708573341,0.007471948862075806,2.786637966454029,-0.00031062960624694824
1746575904798238700,62.09223876953125,0.07507315020839571,-0.005867830477654934,0.026887772422215774,0.00855659693479538,0.06464772742132503,0.9868430671896984,0.14172813941298168,right,-0.0032198429107666016,-0.28812812021191564,0.7052046901840716,-9.375911727836728,-0.14573465840681443,-0.006807084195315838,0.005419805645942688,2.786637966454029,0.0020401477813720703
1746575904838238700,62.13223876953125,0.0749319384906843,-0.007980450056493282,0.02685826518962198,-0.0051586562767624855,0.0642710328121021,0.9868405335482762,0.1409636301389139,right,-0.00048810243606567383,-0.2885422946864658,0.7037941657990217,-9.374859588435292,-0.1459240331621553,-0.011170173063874245,0.008556462824344635,2.7905317590221763,0.00237882137298584
1746575904878238700,62.17223876953125,0.0749319384906843,-0.00018289266154170036,0.02685826518962198,-0.004072812385857105,0.0642710328121021,0.9868405335482762,0.1409636301389139,right,-0.0006096959114074707,-0.2885422946864658,0.7037941657990217,-9.374859588435292,-0.1459240331621553,-0.007855292409658432,0.005371406674385071,2.7905317590221763,0.0021230578422546387
1746575904918238700,62.21223876953125,0.07431313835532301,0.004785201512277126,0.026540764148471566,-0.013201070949435234,0.06422280107572366,0.9868091232679039,0.1408044887987423,right,-0.0018507838249206543,-0.289177332378509,0.6978611955534666,-9.373523955917358,-0.1462151341371869,-0.009485766291618347,0.0049804747104644775,2.7965014810815454,0.002822965383529663
1746575904958238700,62.25223876953125,0.07371733569812172,0.007643813267350197,0.026211492260835446,-0.014608943834900856,0.06438325381901563,0.9867777582547546,0.1410621218065488,right,0.00021666288375854492,-0.2896164895162415,0.6921857802655548,-9.372712639534473,-0.14641588109063788,-0.006915373727679253,0.005774766206741333,2.800629082405567,0.0038394927978515625
1746575904998238500,62.29223852539062,0.07371733569812172,0.0032382700592279434,0.026211492260835446,-0.01486240141093731,0.06438325381901563,0.9867777582547546,0.1410621218065488,right,0.002521038055419922,-0.2896164895162415,0.6921857802655548,-9.372712639534473,-0.14641588109063788,0.0005179503932595253,0.0048868656158447266,2.800629082405567,0.00249287486076355
1746575905038238700,62.33223876953125,0.07284465087323526,0.0033930339850485325,0.025751222381349796,-0.013482118025422096,0.06464897776755553,0.9867762142249246,0.14147091891837454,right,0.00186997652053833,-0.2896104501935161,0.6840072961155325,-9.373329894649983,-0.146390081126389,0.006825009826570749,0.006630018353462219,2.8005720915213224,0.001367807388305664
1746575905078238700,62.37223876953125,0.07243664940376768,0.00289562763646245,0.025546835985902457,-0.009249027818441391,0.06476731805704533,0.9867934063622089,0.14163885141227994,right,-0.0005775690078735352,-0.2893654924293397,0.6802325998824089,-9.374292017680405,-0.14625825062883985,0.004043038934469223,0.004879564046859741,2.798269952058792,0.0019410252571105957
1746575905118238700,62.41223876953125,0.07243664940376768,0.0014538493705913424,0.025546835985902457,-0.0037977886386215687,0.06476731805704533,0.9867934063622089,0.14163885141227994,right,0.0012567639350891113,-0.2893654924293397,0.6802325998824089,-9.374292017680405,-0.14625825062883985,-0.00296077411621809,0.0055874064564704895,2.798269952058792,-0.0011320710182189941
1746575905158238700,62.45223876953125,0.07243664940376768,0.014952152967453003,0.025546835985902457,-0.00032312446273863316,0.06476731805704533,0.9867934063622089,0.14163885141227994,right,0.0007001161575317383,-0.2893654924293397,0.6802325998824089,-9.374292017680405,-0.14625825062883985,0.004529833793640137,0.006560467183589935,2.798269952058792,-0.005002707242965698
1746575905198238700,62.49223876953125,0.072367349616651,0.02677147649228573,0.025443813633020784,0.0005498168175108731,0.06536510148508673,0.9867883623704046,0.14281869488936716,right,-0.0011154413223266602,-0.28890470661228856,0.6796760619781911,-9.375624143067002,-0.14604386387292081,0.00640327762812376,0.006527051329612732,2.7939386448562145,-0.000265270471572876
1746575905238238500,62.532238525390625,0.07243136308258104,0.009797001257538795,0.025418935147904678,-0.006869502831250429,0.06582119225838849,0.9867772887795008,0.14373938495130464,right,-0.000934302806854248,-0.2886220148733989,0.6803333568431437,-9.376368239432573,-0.14591829419604596,-0.00009325705468654633,0.007402502000331879,2.791281408345699,0.005562037229537964
1746575905278238700,62.57223876953125,0.07243136308258104,-0.015268590301275253,0.025418935147904678,-0.009824615903198719,0.06582119225838849,0.9867772887795008,0.14373938495130464,right,-0.00018662214279174805,-0.2886220148733989,0.6803333568431437,-9.376368239432573,-0.14591829419604596,-0.008051262237131596,0.004120208323001862,2.791281408345699,0.00305137038230896
1746575905318238700,62.61223876953125,0.07142893334998796,-0.01747850701212883,0.024968025010532933,-0.011306910775601864,0.06544678988931617,0.9867803354250073,0.14285749842596754,right,0.0023363232612609863,-0.2891674015230939,0.6708251584593207,-9.375525358867645,-0.14614318785610894,-0.012237424030900002,0.002312570810317993,2.7964079575791954,0.000680774450302124
1746575905358238700,62.65223876953125,0.0711220081274592,0.006721055135130882,0.024814747804660035,0.0044054267928004265,0.06531046146975993,0.9867503440476028,0.14256408172927915,right,0.001349329948425293,-0.2897837349580651,0.6678249537300318,-9.374010278129576,-0.14643334596814195,-0.012980678118765354,-0.00016717612743377686,2.8022008617669343,-0.001682579517364502
1746575905398238700,62.69223876953125,0.071674635288486,0.0363900400698185,0.024992649886800014,0.01025344617664814,0.06578490734968485,0.9866772572643279,0.14362823219146023,right,0.0010187029838562012,-0.29022576015342144,0.6729163585849106,-9.37240342745483,-0.14668262964588666,-0.01131025142967701,0.001799747347831726,2.806354474315047,0.0012325942516326904
1746575905438238700,62.73223876953125,0.07256672191468468,0.03494051471352577,0.025307077173249558,0.01217927411198616,0.06648287143057739,0.9865938772298418,0.14518929309399184,right,-0.0003631114959716797,-0.29051554472295604,0.6812181037884205,-9.370987715438007,-0.14687460851920894,-0.003409148193895817,0.005817942321300507,2.809077469538152,0.006911814212799072
1746575905478238500,62.77223852539063,0.07319504323716136,0.014506913721561432,0.025554488347317765,0.004304869100451469,0.06693977324337096,0.9865730671075094,0.14619522802935403,right,-0.001009225845336914,-0.29022261478058725,0.687166125472635,-9.371378176060318,-0.14676397026898402,0.01184142380952835,0.006915166974067688,2.8063249559596177,0.003637373447418213
1746575905518238700,62.81223876953125,0.07336278537992902,0.007273245602846146,0.02563464811094309,-0.0002657170407474041,0.06714515178744031,0.9866070135740662,0.14660316716157823,right,-0.0003413558006286621,-0.289518586933244,0.6888827201321721,-9.373230525928735,-0.14642778814944646,0.014912224374711514,0.005436040461063385,2.7997087526902553,0.0016365647315979004
1746575905558238700,62.85223876953125,0.07336278537992902,0.00017768703401088715,0.02563464811094309,-0.0025359978899359703,0.06714515178744031,0.9866070135740662,0.14660316716157823,right,0.0017142295837402344,-0.289518586933244,0.6888827201321721,-9.373230525928735,-0.14642778814944646,0.0029896805062890053,0.0045795440673828125,2.7997087526902553,0.0027421116828918457
1746575905598238700,62.89223876953125,0.07336278537992902,-0.004476767964661121,0.02563464811094309,0.004888469353318214,0.06714515178744031,0.9866070135740662,0.14660316716157823,right,0.0013377666473388672,-0.289518586933244,0.6888827201321721,-9.373230525928735,-0.14642778814944646,-0.004880079068243504,0.0045095086097717285,2.7997087526902553,0.0022728443145751953
1746575905638238700,62.93223876953125,0.07336278537992902,-0.0031839548610150814,0.02563464811094309,0.010796792805194855,0.06714515178744031,0.9866070135740662,0.14660316716157823,right,0.003921926021575928,-0.289518586933244,0.6888827201321721,-9.373230525928735,-0.14642778814944646,-0.004813690669834614,0.004176594316959381,2.7997087526902553,0.00275304913520813
1746575905678238700,62.97223876953125,0.07411433989453332,-0.0011893215123564005,0.026019009474011034,0.03150738775730133,0.06695972357520033,0.9865964118671385,0.14634530457720973,right,0.004020333290100098,-0.289654196597461,0.6958988825045526,-9.372331531262397,-0.14651649443908385,-0.0017438186332583427,0.007115446031093597,2.800983302670717,0.00486522912979126
1746575905718238700,63.01223876953125,0.07517676043968732,-0.008289375342428684,0.026545332407952482,0.013814201578497887,0.06678866979602398,0.986568904133359,0.14616957117441867,right,-0.0029333829879760742,-0.28992838809001015,0.705798126032576,-9.370821126699447,-0.14668486730452968,-0.0036112493835389614,0.0068320706486701965,2.8035601674214004,0.00508350133895874
1746575905758238700,63.05223876953125,0.07544002344576736,-0.012794742360711098,0.02671365771654316,0.005433313548564911,0.06649320626218898,0.9865797128889674,0.14561273217620047,right,-0.00016051530838012695,-0.2899898860377313,0.7082521681211889,-9.37046281478107,-0.14671652131646712,0.007331694010645151,0.010166235268115997,2.8041379673093556,0.00414469838142395
1746575905798238700,63.09223876953125,0.07544002344576736,-0.007348956540226936,0.02671365771654316,-0.00168977165594697,0.06649320626218898,0.9865797128889674,0.14561273217620047,right,-0.0014252066612243652,-0.2899898860377313,0.7082521681211889,-9.37046281478107,-0.14671652131646712,0.008458282798528671,0.007390722632408142,2.8041379673093556,0.001910388469696045
1746575905838238700,63.13223876953125,0.07544002344576736,-0.003746874863281846,0.02671365771654316,-0.0029151130001991987,0.06649320626218898,0.9865797128889674,0.14561273217620047,right,-0.00014322996139526367,-0.2899898860377313,0.7082521681211889,-9.37046281478107,-0.14671652131646712,0.0012747007422149181,0.008516669273376465,2.8041379673093556,0.0029636621475219727
1746575905878238700,63.17223876953125,0.07544002344576736,-0.0028621102683246136,0.02671365771654316,-0.004121723584830761,0.06649320626218898,0.9865797128889674,0.14561273217620047,right,0.00046902894973754883,-0.2899898860377313,0.7082521681211889,-9.37046281478107,-0.14671652131646712,-0.0064751747995615005,0.006995752453804016,2.8041379673093556,0.003929316997528076
1746575905918238700,63.21223876953125,0.07483539268544687,-0.009823383763432503,0.026481084804971224,-0.007218611892312765,0.06604473908933768,0.9866077336925863,0.1446223902439219,right,-0.002543807029724121,-0.2901708086532174,0.7025484035216272,-9.370383319804072,-0.14677250140134732,-0.007340909447520971,0.004949986934661865,2.805838049225509,0.004211395978927612
1746575905958238700,63.25223876953125,0.07483539268544687,-0.015181738883256912,0.026481084804971224,0.00731743173673749,0.06604473908933768,0.9866077336925863,0.1446223902439219,right,0.002001941204071045,-0.2901708086532174,0.7025484035216272,-9.370383319804072,-0.14677250140134732,0.003448160830885172,0.006377167999744415,2.805838049225509,0.0024802088737487793
1746575905998238500,63.29223852539062,0.0747198945988899,-0.010125111788511276,0.02651450167675681,0.0077010346576571465,0.06551828172737068,0.9866637111813508,0.14352559065924747,right,0.0003578066825866699,-0.28991102083812154,0.7015205217786132,-9.37119112905562,-0.14662611289871483,0.011694036424160004,0.005644477903842926,2.803397085814178,0.002509772777557373
1746575906038238700,63.33223876953125,0.07502793485890982,-0.025711150839924812,0.02675961729349864,0.017757881432771683,0.06506357012415374,0.9867384731870555,0.14261619190820296,right,0.001181483268737793,-0.2892128875677508,0.7045536789294332,-9.37292365193665,-0.14627991674178917,0.02140701934695244,0.006212636828422546,2.796835535341501,0.005426675081253052
1746575906078238700,63.37223876953125,0.0751233111925425,-0.04439418762922287,0.026959848589161686,0.012156311422586441,0.06423246177536977,0.9868456078990565,0.14090964444684848,right,-0.000746309757232666,-0.28845652119014753,0.7056062567222863,-9.374963048809766,-0.14588718262664774,0.021308109164237976,0.005418546497821808,2.7897254110753535,0.0011249780654907227
1746575906118238700,63.41223876953125,0.07492417328919981,-0.031059790402650833,0.027014339396192622,0.0027177194133400917,0.06336987367264843,0.986945957781634,0.13910496319129606,right,-0.002648770809173584,-0.2878862356154385,0.7038583170764148,-9.376688557428121,-0.14557528419084517,0.010332204401493073,0.005104467272758484,2.7843635917812586,-0.0027241408824920654
1746575906158238700,63.45223876953125,0.07458633797271952,-0.007294882088899612,0.026918460402864136,-0.00339661817997694,0.06292998710703145,0.9869844832011618,0.13816100802074868,right,-0.0011747479438781738,-0.28782823521471357,0.7007024833939969,-9.377086616834998,-0.1455232750373285,-0.0032236091792583466,0.004687279462814331,2.783818232858181,-0.0017586350440979004
1746575906198238700,63.49223876953125,0.07458633797271952,0.010063907131552696,0.026918460402864136,-0.013098569586873055,0.06292998710703145,0.9869844832011618,0.13816100802074868,right,-0.0022353529930114746,-0.28782823521471357,0.7007024833939969,-9.377086616834998,-0.1455232750373285,-0.0023572214413434267,0.0038839802145957947,2.783818232858181,-0.0009212195873260498
1746575906238238500,63.532238525390625,0.07392858583416223,0.021575529128313065,0.026531729371799557,-0.02074488066136837,0.0633943803286308,0.9869652242704258,0.13900590782164615,right,-0.0006771087646484375,-0.28784621043753683,0.6945308820869773,-9.377495782157778,-0.14552267183572462,0.008302897214889526,0.004302330315113068,2.7839871596843,0.001363128423690796
1746575906278238700,63.57223876953125,0.07329553402147197,0.03082558885216713,0.02616392135477162,-0.02268512174487114,0.06402940380782887,0.9869909322053646,0.14016322341180595,right,0.0004699230194091797,-0.28707311973245225,0.6887517141636461,-9.380077030822633,-0.1451365207212657,0.02434231899678707,0.003001488745212555,2.7767168764203785,0.0020408034324645996
1746575906318238700,63.61223876953125,0.07289615612252935,0.027485348284244537,0.025921430485712403,-0.01310273353010416,0.06471530147372699,0.9870425491365594,0.14143601440084444,right,0.002045571804046631,-0.28582209039455725,0.6852578806985169,-9.383808618566393,-0.14452330927983947,0.030403612181544304,0.0037299692630767822,2.7649484049543736,0.004173696041107178
1746575906358238700,63.65223876953125,0.07278195206598023,0.011313661932945251,0.02584829299137707,-0.003961593843996525,0.06516333802523822,0.9870975428160027,0.14227313353399634,right,0.0015982389450073242,-0.28466349867387275,0.6844187264606356,-9.387075511407852,-0.14395904039069526,0.016653552651405334,0.002474948763847351,2.75404531814605,0.0063886940479278564
1746575906398238700,63.69223876953125,0.07278195206598023,-0.008040910586714745,0.02584829299137707,0.0035828338004648685,0.06516333802523822,0.9870975428160027,0.14227313353399634,right,0.00113600492477417,-0.28466349867387275,0.6844187264606356,-9.387075511407852,-0.14395904039069526,0.002608693204820156,0.004574157297611237,2.75404531814605,0.004163593053817749
1746575906438238700,63.73223876953125,0.07278195206598023,-0.01979268342256546,0.02584829299137707,0.012977637350559235,0.06516333802523822,0.9870975428160027,0.14227313353399634,right,-0.0000017285346984863281,-0.28466349867387275,0.6844187264606356,-9.387075511407852,-0.14395904039069526,-0.007805066183209419,0.006100699305534363,2.75404531814605,0.0030663907527923584
1746575906478238500,63.77223852539063,0.07322966030150914,-0.03047444298863411,0.02614943095768227,0.014258663170039654,0.06445612308456891,0.9871041810473701,0.14092646970973483,right,0.0010777115821838379,-0.2851115492327361,0.6885309840850532,-9.385536465272306,-0.1441770212368287,-0.014522673562169075,0.006970211863517761,2.7582623513191935,0.0036639273166656494
1746575906518238700,63.81223876953125,0.07352052710946957,-0.04459020495414734,0.02637763500095585,0.02029890939593315,0.06359399399506545,0.9870875469326358,0.1392664632924881,right,-7.152557373046875e-7,-0.2860575290302598,0.6910689050648361,-9.382729591158032,-0.14463108320803852,-0.024709150195121765,0.006473831832408905,2.767163450655341,0.003055274486541748
1746575906558238700,63.85223876953125,0.07390521454122617,-0.05536194518208504,0.026668375385962156,0.035876207053661346,0.06249567606759128,0.9870506920067431,0.1371632472533008,right,0.0024440884590148926,-0.28745974083693115,0.694391108290106,-9.378584161916375,-0.14530683983446732,-0.033319659531116486,0.009391888976097107,2.780352894835174,-0.00032526254653930664
1746575906598238700,63.89223876953125,0.07486953376471805,-0.06181212514638901,0.02724181767376736,0.04285941272974014,0.06130156846905584,0.9869844760419754,0.1349670927851753,right,0.004485905170440674,-0.2891820141103224,0.703075496135652,-9.373121220335364,-0.14615641829415862,-0.040208835154771805,0.010923407971858978,2.7965453202232715,-0.000478893518447876
1746575906638238700,63.93223876953125,0.07593549246479764,-0.08306903392076492,0.027912858923729914,0.036605700850486755,0.05977754388088423,0.986929948462679,0.13212158398003088,right,-0.0069471001625061035,-0.29096187310663024,0.7126877394158393,-9.367388814163208,-0.14702711496649282,-0.03814531862735748,0.011451974511146545,2.8132708295747637,-0.004695236682891846
1746575906678238700,63.97223876953125,0.0763951200679645,-0.07226267457008362,0.02830166514262374,0.02353348396718502,0.058208576585197055,0.9868881484826383,0.1290940274479273,right,-0.008786976337432861,-0.292709326567951,0.7166168224930762,-9.36214389924705,-0.1478597993831944,-0.043063074350357056,0.004650287330150604,2.8296827429324387,-0.00024828314781188965
1746575906718238700,64.01223876953125,0.07626628562242178,-0.07036726176738739,0.02835914940905136,0.02187739498913288,0.0568375778642799,0.9868033292103117,0.12640497987041777,right,0.00167924165725708,-0.2949948352367312,0.7149160829897969,-9.35576325829923,-0.14894489635733615,-0.051290106028318405,0.008009843528270721,2.851135280805826,0.009036093950271606
1746575906758238700,64.05223876953124,0.07617290614711839,-0.1245616227388382,0.028544760052649113,0.022694218903779984,0.05492205212107948,0.9867959189134429,0.12258422274254399,right,-0.0021029114723205566,-0.2965914213519377,0.7136950898274779,-9.351279390883445,-0.14967513779184266,-0.008736960589885712,0.008480764925479889,2.8661124851852655,0.014093190431594849
1746575906798238700,64.09223876953125,0.07460087150463313,-0.1840202808380127,0.028273692219859373,-0.011172961443662643,0.05177030393506896,0.9870140895257278,0.11594678391799346,right,-0.005216360092163086,-0.29633182469516006,0.6990490901637822,-9.353131156229972,-0.14941091673699777,0.04000919684767723,0.006015606224536896,2.863677659253776,0.004035770893096924
1746575906838238700,64.13223876953126,0.0711708496136669,-0.16545844078063965,0.027197904268765085,-0.04028581455349922,0.04823542899537697,0.9873524046669779,0.10820750001822373,right,-0.0003801584243774414,-0.29499008079464356,0.6672362671218812,-9.359297862166166,-0.14855595791641774,0.04469310864806175,0.001737058162689209,2.851090564881265,-0.009972691535949707
1746575906878238700,64.17223876953125,0.06727859989474647,-0.15663795173168182,0.025786436544771783,-0.05211067572236061,0.04521781584378453,0.9875919598426318,0.10149277611393433,right,0.0037074685096740723,-0.294561673557776,0.6308846316065639,-9.363042309391497,-0.1481646545870593,-0.003584921360015869,-0.002728603780269623,2.8470705155849454,0.0020019114017486572
1746575906918238700,64.21223876953125,0.0632698694040105,-0.16307511925697327,0.024258974999017306,-0.04297011345624924,0.04217320282999922,0.9876647145548259,0.09479256241083872,right,0.008516550064086914,-0.29626475906040656,0.5930383005540818,-9.360643431556225,-0.14883385751118117,-0.055754728615283966,-0.00459124892950058,2.863048713700473,0.004536181688308716
1746575906958238700,64.25223876953125,0.06065319093469759,-0.1423344612121582,0.023360168130972865,0.006823822855949402,0.039167862026269595,0.9875831986233914,0.08843501873763762,right,0.006974995136260986,-0.2995602520710704,0.5679674991182982,-9.352694518378376,-0.15033164140357577,-0.08655259013175964,-0.004954230040311813,2.893942741397023,0.0010601580142974854
1746575906998238500,64.29223852539063,0.060276499124875926,-0.10201486945152283,0.023446032809033686,0.0505172535777092,0.03667082361664164,0.9873551015369884,0.08348117934924922,right,0.007633030414581299,-0.3039481237176995,0.5636740031754598,-9.340142495319247,-0.15243211407827176,-0.11880303919315338,-0.0007119178771972656,2.935028785023093,0.005780607461929321
1746575907038238700,64.33223876953124,0.06206632770447345,-0.07600152492523193,0.024473157390002297,0.08597497642040253,0.03473874011057913,0.9869899625028947,0.08004322997530094,right,0.0030004382133483887,-0.30930368083906723,0.5794070674235001,-9.32329657445848,-0.1550652890945262,-0.1268947273492813,0.008038073778152466,2.9850992223545907,0.009086281061172485
1746575907078238700,64.37223876953125,0.06482376773046108,-0.09321767836809158,0.025972750564334898,0.09056715667247772,0.032937261194369974,0.9866594172592204,0.07699975189909176,right,-0.000877082347869873,-0.3138206194688026,0.6042336483072489,-9.308113033851981,-0.15730141647162493,-0.08768890053033829,0.015102136880159378,3.027262539823353,0.017359107732772827
1746575907118238700,64.41223876953126,0.0658194069887851,-0.11800765246152878,0.02683659641119324,0.06827419996261597,0.03015811877218996,0.986537986315683,0.07162113010400079,right,-0.0011960864067077637,-0.316305078875411,0.6130043261967599,-9.299972982016206,-0.1584712186256403,-0.06436200439929962,0.01409485936164856,3.0504274345725775,0.01338168978691101
1746575907158238700,64.45223876953125,0.06680175890189094,-0.14279761910438538,0.027700176997379734,0.045981235802173615,0.02737864248425396,0.9864068307456529,0.06624063927332756,right,-0.0015226006507873535,-0.3187945750004878,0.6216309925056993,-9.291760449466109,-0.15963944942318697,-0.04103510454297066,0.013102270662784576,3.0736206786334512,0.009401410818099976
1746575907198238700,64.49223876953126,0.06639719275816026,-0.1109805703163147,0.02789763428697005,0.02242227829992771,0.024715198648306225,0.986333228011401,0.06084721482249369,right,-0.001546621322631836,-0.3206868541634589,0.61748483261168,-9.286191124901174,-0.16049214140706727,-0.029776863753795624,0.01023312658071518,3.0912369993448254,0.004801392555236816
1746575907238238500,64.53223852539062,0.06547309840517684,-0.0787075012922287,0.027733314596462933,-0.0017029307782649994,0.022814841759695306,0.9862725138165979,0.05690024581472246,right,-0.0014406442642211914,-0.3222025890017229,0.608595971702598,-9.282071999144554,-0.1611735241975268,-0.02887263149023056,0.008781328797340393,3.1053397589772938,0.0033130645751953125
1746575907278238700,64.57223876953125,0.06443722983131772,-0.05043552815914154,0.02741861805264,-0.007511073723435402,0.021570386644930946,0.9862283442965406,0.054247843387934785,right,0.00112152099609375,-0.32330363636066894,0.5987601122669876,-9.279279738077522,-0.16166825319567313,-0.016544481739401817,0.006639961153268814,3.1155799979627132,-0.001898348331451416
1746575907318238700,64.61223876953125,0.06371787560368324,-0.02176857180893421,0.027164600925202193,-0.008441084064543247,0.02092201849318458,0.9861878711356585,0.05284459014318575,right,0.0012238025665283203,-0.3241185276296952,0.5919230327885597,-9.27717136762142,-0.1620431663697607,-0.01736624911427498,0.006161287426948547,3.1231562784358857,-0.0017164349555969238
1746575907358238700,64.65223876953125,0.06338760721543646,-0.018187299370765686,0.027044217820356847,-0.002604926470667124,0.020577584517049087,0.9861186181814331,0.052128155929699306,right,-0.0006063580513000488,-0.32512895768667466,0.5886588433608413,-9.274211933293937,-0.16252811451525903,-0.03093101643025875,0.004431735724210739,3.1325474993765354,-0.00008919835090637207
1746575907398238700,64.69223876953124,0.0630703077950707,-0.028972230851650238,0.026938621691231398,0.0019250060431659222,0.020111228634419335,0.9859974963846442,0.05118984240819431,right,-0.00012993812561035156,-0.32680215354780007,0.5853849362567067,-9.269154649904369,-0.1633369340558978,-0.05123800411820412,0.005370326340198517,3.1480919822499156,-0.003382384777069092
1746575907438238700,64.73223876953125,0.06267363486727318,-0.033648595213890076,0.026802629207326914,-0.003331927116960287,0.01951979456813479,0.9858146149785023,0.050011800361395596,right,0.0004984736442565918,-0.3292634256465056,0.5812209849776699,-9.261624838921428,-0.16453016050384836,-0.07005341351032257,0.004914779216051102,3.1709418197005985,-0.0018988847732543945
1746575907478238500,64.77223852539062,0.06238824268709525,-0.047677118331193924,0.026738828600745862,0.012292874976992607,0.01871558118696914,0.9855449785925962,0.04845662247189796,right,0.0005570650100708008,-0.33278203281777874,0.5778785792145877,-9.2505972489506,-0.16624028552777403,-0.09670159965753555,0.00639776885509491,3.2035742154970763,-0.004110544919967651
