time,seconds_elapsed,roll,rotationRateZ,quaternionY,rotationRateY,quaternionZ,quaternionW,yaw,devicelocation,accelerationZ,pitch,gravityX,gravityZ,quaternionX,rotationRateX,accelerationX,gravityY,accelerationY
1746728743355295000,0.352294921875,-0.18818482759673305,0.05826689302921295,-0.09228678729255338,-0.0458897165954113,7.686151032107162e-19,0.9897701545403009,-0.020566376847564894,left,0.00204080855473876,-0.21708208739971124,-1.7915325577519834,-9.407419795778393,-0.1088036013429511,0.045678604394197464,-0.0014066691510379314,2.112167948686331,-0.0031731436029076576
1746728743395295000,0.392294921875,-0.18922817373404188,0.03672605752944946,-0.09288050064658158,-0.049485139548778534,0.0008132568641792551,0.989701168698053,-0.019074273127807354,left,0.0038424134254455566,-0.21746366885391125,-1.8011949968494474,-9.404753206917643,-0.10892310735584529,0.03204952925443649,-0.0029548555612564087,2.1158219411492345,-0.004701331257820129
1746728743435295200,0.432295166015625,-0.1925656394054762,0.005620465148240328,-0.09460201504763267,-0.04479598253965378,0.0015222553814856522,0.9895871685245757,-0.01792990798450748,left,0.002180933952331543,-0.21665635637304967,-1.8328993180155753,-9.400362863004206,-0.10846812991914129,0.004946159198880196,-0.007100924849510193,2.108090762375295,-0.0006453990936279297
1746728743475295000,0.472294921875,-0.19419018978935984,0.004657623823732138,-0.0954138670543735,-0.042058106511831284,0.001582889496760707,0.9895494396987622,-0.017912727926006372,left,0.0005148053169250488,-0.21591726505938297,-1.8484683508083224,-9.398898635670543,-0.10810042274485583,0.006024048663675785,-0.007090434432029724,2.101011617769301,0.0029655247926712036
1746728743515295000,0.512294921875,-0.19642837186106252,0.030948977917432785,-0.0965899388243841,-0.038809653371572495,0.0022814577649797898,0.9894611491710086,-0.016707214166519,left,-0.002043783664703369,-0.2155351157949593,-1.8696566847875713,-9.39552477532327,-0.10785136014521088,0.02357415109872818,-0.007951736450195312,2.0973509033046662,0.005879402160644531
1746728743555295000,0.552294921875,-0.198132728046995,0.0485648512840271,-0.09753421167792999,-0.040057066828012466,0.003297924986643681,0.9893771397087381,-0.014835691693252143,left,0.00020503997802734375,-0.2155096487538847,-1.885677845261991,-9.39237712494731,-0.10774556323827943,0.029703378677368164,-0.0077469199895858765,2.097106865415722,0.00499783456325531
1746728743595295000,0.592294921875,-0.19983715192975368,0.06618072837591171,-0.09847830456738646,-0.04130448400974274,0.004314399725384928,0.9892912758003395,-0.01296411286032156,left,0.002450287342071533,-0.2154873360514445,-1.9016930143870412,-9.389194987779856,-0.1076395670491271,0.03583260625600815,-0.0075426846742630005,2.096893076534569,0.004113182425498962
1746728743635295000,0.632294921875,-0.20203991481148123,0.06378615647554398,-0.09973748693427335,-0.045328378677368164,0.0060970017005837224,0.9891282691874668,-0.009686010410654597,left,0.002937495708465576,-0.21633545268502694,-1.9220128949686883,-9.38323754068017,-0.10789083216515828,0.016939565539360046,-0.00435929000377655,2.1050172001488505,-0.0021891146898269653
1746728743675295200,0.672295166015625,-0.20438924013357138,0.07340137660503387,-0.10101975812686632,-0.07888557016849518,0.007418907601339012,0.9889615827946839,-0.007347766741811152,left,0.007186591625213623,-0.21709974985480215,-1.943724814430624,-9.37711818101704,-0.10814345760986957,0.007325376383960247,-0.005829080939292908,2.112337021642923,-0.0030177682638168335
1746728743715295000,0.712294921875,-0.20673708965754745,0.08301659673452377,-0.1023016731078022,-0.11244276165962219,0.008740827852878913,0.988791356095656,-0.005010890179567013,left,0.011429131031036377,-0.21786938600994255,-1.9654012241877614,-9.370935108467936,-0.10839570179213302,-0.002288813702762127,-0.007302507758140564,2.119706819758564,-0.0038515031337738037
1746728743754775000,0.751775146484375,-0.21143446823222117,0.12504711747169495,-0.10489053986145236,-0.1254817694425583,0.011451684376929424,0.9885127935226644,-0.00006145612227596579,left,-0.0058623021468520164,-0.21805899985417698,-2.009313723411411,-9.361206326135992,-0.10820934780990246,0.026513313874602318,-0.005887124687433243,2.1215223447479308,0.0012438121484592557
1746728744039822800,1.03682275390625,-0.21947070324991086,0.027445316314697266,-0.10967422541207306,0.01105971448123455,0.019060144942966265,0.9881679347094512,0.01486643741863263,left,-0.010910757817327976,-0.21434226653767507,-2.086179228688031,-9.35238822890818,-0.10551039531952881,0.03656448423862457,0.0008005608688108623,2.0859221851870418,-0.0031645125709474087
1746728744079822800,1.07682275390625,-0.2178350282365921,0.05647950619459152,-0.10902134214652846,0.012729777954518795,0.020388710802925866,0.9882610283808054,0.01779588075280886,left,-0.004306674003601074,-0.2137329008490613,-2.0711532167308033,-9.357027579146623,-0.10506521870594747,0.017138928174972534,-0.000398784875869751,2.0800826653786,-0.0013426542282104492
1746728744119822800,1.11682275390625,-0.21689515236933943,0.06115437299013138,-0.10867881615857214,0.008992516435682774,0.021486155460395333,0.9882882785357381,0.020117515506819877,left,-0.0027878284454345703,-0.21372509752802354,-2.0623614229880274,-9.358985727477073,-0.10494484770279726,0.013168598525226116,-0.0005361884832382202,2.0800079927071926,-0.002038732171058655
1746728744159822600,1.156822509765625,-0.21577299483416643,0.05959790199995041,-0.10826934642856863,0.014383276924490929,0.0227770162910019,0.9883356582647174,0.02288309008386259,left,0.0020514726638793945,-0.2134055952409778,-2.0520000418409703,-9.361942823716998,-0.10464934402888704,0.028284907341003418,-0.001915082335472107,2.076945828657597,-0.0007471442222595215
1746728744199822600,1.196822509765625,-0.21482389194260004,0.05567284673452377,-0.10793922225117535,0.008996546268463135,0.02399901303730452,0.9884027366126817,0.02554975634591154,left,0.0024617910385131836,-0.21252825070527512,-2.043501385825872,-9.365662721022963,-0.1040826077737929,0.03622288629412651,-0.0020810067653656006,2.0685364583611485,0.0036855190992355347
1746728744239822600,1.236822509765625,-0.21392840669759625,0.044461123645305634,-0.10763233525062504,0.014517726376652718,0.025194324326742457,0.9884817608826123,0.028188367232862856,left,0.0019044876098632812,-0.211340997195252,-2.035633721190691,-9.36988238454461,-0.1033644771682206,0.04681503772735596,-0.00017030537128448486,2.0571539174728093,0.002135172486305237
1746728744279822600,1.276822509765625,-0.21313864636544264,0.03296513855457306,-0.10734431549961095,0.014896787703037262,0.026085458272897665,0.9885714376637535,0.0302193942587905,left,0.004206955432891846,-0.20996096911987056,-2.028831639960408,-9.374252854713797,-0.1025831150016088,0.05839943140745163,0.0009975731372833252,2.043919611237943,-0.0010151714086532593
1746728744434790400,1.431790283203125,-0.2133008371223759,0.01279410533607006,-0.1076142167913732,-0.0260624960064888,0.027810111945544523,0.9887609258831149,0.034198600845393536,left,0.004707633517682552,-0.2051489407600647,-2.032410521360487,-9.383427510294318,-0.09998749329880771,0.047522686421871185,0.0017186615150421858,1.9977426742136477,-0.004947266541421413
1746728744474790700,1.471790771484375,-0.21412875279244167,0.032315757125616074,-0.10810786048677863,-0.02950103208422661,0.028650566245729675,0.98879282417886,0.036024378146413516,left,0.0001366734504699707,-0.20316724647973136,-2.0410158526204527,-9.385591994851827,-0.09889722798060137,0.05486229434609413,-0.0020271390676498413,1.978712541181594,-0.004419580101966858
1746728744514790700,1.511790771484375,-0.21464395179393234,0.03746875002980232,-0.1084546911341422,-0.029651116579771042,0.029579631353675508,0.9888100351188712,0.03800496190984376,left,-0.0007569193840026855,-0.20172299906040445,-2.04645745915249,-9.38732159512341,-0.09806817406895502,0.048120688647031784,-0.002688467502593994,1.9648384757384656,-0.0045562684535980225
1746728744554790400,1.551790283203125,-0.21516192362094927,0.04262174293398857,-0.10880134462200276,-0.029801201075315475,0.030508619002324135,0.9888255598570808,0.03998566168763696,left,-0.0016536116600036621,-0.20027974914281152,-2.051922884951532,-9.389020800256729,-0.0972389600701731,0.041379086673259735,-0.0033473819494247437,1.9509699632532893,-0.004693523049354553
1746728744594790400,1.591790283203125,-0.21576275178505308,0.034251462668180466,-0.10916823009171807,-0.022326581180095673,0.031245761007941738,0.9888182218213897,0.041520474556559814,left,-0.003176748752593994,-0.19931142512869848,-2.0579672796823085,-9.389627533978222,-0.09666708271529538,0.03315965458750725,-0.004727557301521301,1.9416629134647547,-0.001848861575126648
1746728744634790400,1.631790283203125,-0.21650319998992118,0.010605499148368835,-0.1095956739000188,-0.01842517778277397,0.03191165378101643,0.9888367262241552,0.042968216159460296,left,0.00043767690658569336,-0.19768599417109692,-2.0655944135598836,-9.391170671766996,-0.09577221280310434,0.05018371343612671,-0.0030240118503570557,1.9260358668744564,-0.005475074052810669
1746728744674790400,1.671790283203125,-0.21716905536951478,0.006551588885486126,-0.1099425360650549,-0.015406983904540539,0.03213328057304823,0.9888949447526812,0.04357560715623244,left,-0.001203000545501709,-0.19559417493950151,-2.072710675305873,-9.393706912246346,-0.09469346918040986,0.05409298837184906,-0.0033167600631713867,1.9059175002142785,0.001420721411705017
1746728744714790400,1.711790283203125,-0.21771665106677643,-0.0021773148328065872,-0.1102233480731166,-0.016689535230398178,0.03227238052932502,0.9889330195831469,0.04396581169458458,left,0.001687467098236084,-0.19408900522558875,-2.0784715769201516,-9.395361109194159,-0.0939185880328578,0.03299340605735779,-0.0032296031713485718,1.8914361165277658,-0.002641648054122925
1746728744754790700,1.751790771484375,-0.21826472628461555,-0.01090622041374445,-0.11050410298316767,-0.017972087487578392,0.032411525194745126,0.9889704623869127,0.0443568733842184,left,0.004575252532958984,-0.1925841086466512,-2.0842346704915165,-9.396989002656936,-0.09314365857973557,0.011893818154931068,-0.0031422078609466553,1.8769529792755841,-0.006703853607177734
1746728744794790400,1.791790283203125,-0.219372979262018,-0.019699912518262863,-0.11100255087676475,-0.013636825606226921,0.031937047915978165,0.9889249588927843,0.04328996791955494,left,-0.0008740425109863281,-0.1926113809316411,-2.094636529779434,-9.394623442569374,-0.09319839995092338,-0.019971352070569992,-0.00199340283870697,1.877215575734526,-0.0008183270692825317
1746728744834790400,1.831790283203125,-0.21953034815960765,-0.006428309716284275,-0.11105510621303594,0.004727384075522423,0.031675311410802834,0.9889047631174027,0.042699758979332286,left,-0.0015745162963867188,-0.19303703727879032,-2.095940744245797,-9.39351285097897,-0.09343922672327186,-0.014948255382478237,-0.003542572259902954,1.8813124896593392,-0.0002848505973815918
1746728744874790400,1.871790283203125,-0.21953034815960765,-0.00030067237094044685,-0.11105510621303594,0.0005909702740609646,0.031675311410802834,0.9889047631174027,0.042699758979332286,left,-0.0023439526557922363,-0.19303703727879032,-2.095940744245797,-9.39351285097897,-0.09343922672327186,-0.013599179685115814,-0.0027269572019577026,1.8813124896593392,0.0012966692447662354
1746728744914790400,1.911790283203125,-0.21925236185445066,-0.0036142845638096333,-0.11091186443707057,0.006027710158377886,0.03159979143890737,0.9888924450511937,0.042505579329846985,left,-0.0013752579689025879,-0.19366382530529586,-2.093072495333105,-9.392942357614636,-0.09376445773743748,-0.012128663249313831,-0.0019576549530029297,1.8873446094304323,0.0006828457117080688
1746728744954790400,1.951790283203125,-0.2189744847450185,-0.006927897222340107,-0.1107686128284017,0.011464450508356094,0.03152427180869734,0.9888800426919787,0.04231156429493446,left,-0.00040709972381591797,-0.19429067879071932,-2.090204830942303,-9.392366603553295,-0.09408967751640047,-0.010658146813511848,-0.0011882930994033813,1.893376583071053,0.00006903707981109619
1746728744994790700,1.991790771484375,-0.2189744847450185,-0.010241510346531868,-0.1107686128284017,0.01690119132399559,0.03152427180869734,0.9888800426919787,0.04231156429493446,left,0.0006197094917297363,-0.19429067879071932,-2.090204830942303,-9.392366603553295,-0.09408967751640047,-0.00918763130903244,-0.00012649595737457275,1.893376583071053,0.00007033348083496094
1746728745034790400,2.031790283203125,-0.21835443538885851,-0.0049669393338263035,-0.11043868862106809,0.007459778338670731,0.031249881252107665,0.988903881574983,0.04177455931293681,left,0.003323853015899658,-0.19467236013581687,-2.0842240029670296,-9.39295463257432,-0.0943179139592207,-0.005701293237507343,-0.0029881447553634644,1.8970491341039537,0.0013394802808761597
1746728745074790400,2.071790283203125,-0.21773457393710463,0.00030763261020183563,-0.11010875259741154,-0.001981634646654129,0.030975533696233997,0.9889275098963161,0.04123785302405851,left,0.006027400493621826,-0.19505441113979505,-2.0782446362964806,-9.393536816376447,-0.09454614113445088,-0.0022149544674903154,-0.0058496445417404175,1.900724900007248,0.002608254551887512
1746728745114790400,2.111790283203125,-0.21773457393710463,0.003750616917386651,-0.11010875259741154,0.018803153187036514,0.030975533696233997,0.9889275098963161,0.04123785302405851,left,0.0025780797004699707,-0.19505441113979505,-2.0782446362964806,-9.393536816376447,-0.09454614113445088,0.0074974047020077705,-0.006479427218437195,1.900724900007248,0.001478731632232666
1746728745154790400,2.151790283203125,-0.21720566236904573,0.01508738286793232,-0.10986845007584357,0.01763240247964859,0.031172589009206216,0.9889752606241115,0.0417443506737722,left,0.0021436214447021484,-0.19451789396797003,-2.073495395942777,-9.395628820219635,-0.09426109166122552,0.01979449763894081,-0.006231963634490967,1.8955628410689531,0.0030623525381088257
1746728745194790400,2.191790283203125,-0.21667707312322845,0.026424147188663483,-0.10962811408890785,0.016461651772260666,0.03136960268820408,0.9890228847415541,0.04225044140877798,left,0.0017086267471313477,-0.19398108927440955,-2.0687471785023805,-9.397716147887706,-0.0939760124176068,0.03209158778190613,-0.005984410643577576,1.8903977133907377,0.00464630126953125
1746728745234790700,2.231790771484375,-0.21568878827792506,0.018321499228477478,-0.10918667988973618,0.020673880353569984,0.03182938194759789,0.9891279669121428,0.04342460604216226,left,0.002727508544921875,-0.19256342610417898,-2.060030057431012,-9.402364265954494,-0.09322599506532249,0.04477884620428085,-0.0026395022869110107,1.876753949572146,0.0005684345960617065
1746728745274790400,2.271790283203125,-0.21470250985286718,0.010218854993581772,-0.10874515644960893,0.024886108934879303,0.03228912298987122,0.9892320795423228,0.04459699959423491,left,0.003743469715118408,-0.1911446497179338,-2.051320973535627,-9.406983742448688,-0.09247589832534511,0.05746610462665558,0.0007062405347824097,1.8630958649672567,-0.0035079866647720337
1746728745314790400,2.311790283203125,-0.2141049986954222,-0.0019364426843822002,-0.10846838403729286,-0.01018607895821333,0.03249763071882811,0.9893762672866867,0.0453444108806409,left,0.004065811634063721,-0.18858131474749035,-2.046707780651748,-9.412843574392795,-0.09117644391200114,0.05009961873292923,0.0005908608436584473,1.8384097520001232,-0.0008352547883987427
1746728745354790400,2.351790283203125,-0.21466133809083368,0.001160060754045844,-0.10874256848209508,-0.03057258203625679,0.03252990318737278,0.9894000848140948,0.04548257782166563,left,0.002192556858062744,-0.18740553293245893,-2.052403215814382,-9.413808620032668,-0.09057797591627864,0.025139708071947098,-0.00037895143032073975,1.8270824484303592,0.004104748368263245
1746728745394790400,2.391790283203125,-0.21640766740183243,0.01311417669057846,-0.10963403951476137,-0.022528035566210747,0.03291875470433129,0.9893165237256893,0.046159977084278096,left,0.00011211633682250977,-0.1869251686056823,-2.069027895139903,-9.411066043326258,-0.09027468615982638,0.008675798773765564,-0.002048894762992859,1.8224540579773485,0.0011336207389831543
1746728745434790400,2.431790283203125,-0.2169487236754853,0.009471215307712555,-0.109920516519763,-0.017072152346372604,0.03316560315477597,0.9893184094194326,0.046700660622354936,left,0.0002505779266357422,-0.18607258921296937,-2.074453281189501,-9.411459426558018,-0.08981413475379438,0.023432139307260513,-0.0016413182020187378,1.814238018295914,0.0019143074750900269
1746728745474790700,2.471790771484375,-0.21750355522108009,0.01866770349442959,-0.11022197045341224,-0.017216628417372704,0.03350808252937075,0.9893205563137454,0.04744471347947185,left,0.0012066960334777832,-0.18511890330506015,-2.080047155673802,-9.411991925999521,-0.08929196492672291,0.0197808425873518,-0.003031715750694275,1.8050461193196474,0.00324442982673645
1746728745514790700,2.511790771484375,-0.2176260151127579,0.026964137330651283,-0.11034354992936878,-0.010770664550364017,0.03418390753934664,0.9892802635192431,0.04877473880984347,left,0.0005753040313720703,-0.18535438571775575,-2.0811079167731106,-9.411322063913941,-0.08933308367697446,0.010979846119880676,-0.0029331594705581665,1.807315963947773,-0.000675395131111145
1746728745554790400,2.551790283203125,-0.21774811497918106,0.03526057302951813,-0.11046506966247725,-0.004324700683355331,0.03485969296546062,0.9892393383563555,0.050104737206504935,left,-0.00005602836608886719,-0.18558998608783853,-2.0821648784801363,-9.41065161730647,-0.08937415674513753,0.002178850583732128,-0.0028349608182907104,1.8095868314892052,-0.004595354199409485
1746728745594790400,2.591790283203125,-0.21786989761501108,0.04355700686573982,-0.11058653163635751,0.002121263649314642,0.03553548010000186,0.989197991728438,0.05143480738584468,left,-0.0006874799728393555,-0.18582574787289233,-2.0832186253167686,-9.409981170699,-0.08941518216359325,-0.006622145883738995,-0.0027371197938919067,1.8118590142048894,-0.008515417575836182
1746728745634790400,2.631790283203125,-0.21765183179055278,0.02180343307554722,-0.11053744741754815,0.010949963703751564,0.036172641463525376,0.9891821140155446,0.05273219471558588,left,-0.008437812328338623,-0.18592464393637786,-2.081127936647832,-9.41026057216227,-0.08939630801808066,0.0010685115121304989,0.00009582936763763428,1.8128122232764958,-0.012116342782974243
1746728745674790400,2.671790283203125,-0.21704967382603144,0.005418267101049423,-0.11022921250299937,0.012582935392856598,0.036009069321734304,0.9891922406531878,0.05239030052539409,left,-0.007511615753173828,-0.18654051383342138,-2.0752203200392425,-9.410420146638154,-0.08973080840455441,-0.01915018819272518,0.00018209218978881836,1.8187474585443735,-0.007715761661529541
1746728745714790400,2.711790283203125,-0.21644763629285035,-0.010966898873448372,-0.10992094346188047,0.014215907081961632,0.035845498204999486,0.9892021144118132,0.052048764667842834,left,-0.006586313247680664,-0.18715656712876214,-2.0693134340830146,-9.410571537807582,-0.09006527967650801,-0.0393688902258873,0.0002684295177459717,1.8246837167255578,-0.003315269947052002
1746728745754790700,2.751790771484375,-0.2158457250288027,-0.027352062985301018,-0.1096126514493181,0.015848878771066666,0.0356819704306662,0.9892116933157618,0.051707665369399004,left,-0.005661725997924805,-0.18777282614664265,-2.0634075710400936,-9.410715330192446,-0.09039973175740826,-0.059587590396404266,0.00035487115383148193,1.8306211439505218,0.0010850727558135986
1746728745794790400,2.791790283203125,-0.21506828046449197,-0.006712192203849554,-0.10918507058813842,0.014231955632567406,0.03512243840108683,0.989187424417226,0.050452321232082646,left,0.0048198699951171875,-0.18962147049063507,-2.0553648420989514,-9.408994497749209,-0.09139697269615359,-0.0439174622297287,0.0012151002883911133,1.8484284571893512,0.006096929311752319
1746728745834790400,2.831790283203125,-0.2149135138758,0.010293601080775261,-0.10910903101124055,-0.002177329733967781,0.03509246136084239,0.9891484010609665,0.05029696314282438,left,0.005456805229187012,-0.1906550782848658,-2.0535000711403786,-9.407440838566423,-0.09191964267114885,-0.015213096514344215,0.0009127110242843628,1.8583819881878791,0.005515947937965393
1746728745874790400,2.871790283203125,-0.21512279430378492,0.015196409076452255,-0.10923924058086133,-0.011488239280879498,0.03537649658808886,0.9891055086035068,0.05080308175923586,left,-0.001121819019317627,-0.19111673599929527,-2.055285493252426,-9.406171257022022,-0.09211677199148732,-0.0035494817420840263,-0.0002145320177078247,1.8628269848980008,0.004552945494651794
1746728745914782500,2.911782470703125,-0.21559602413430642,0.019063644111156464,-0.10951236727620653,-0.017388563603162766,0.03580307685186496,0.9890410245391469,0.051567368608328674,left,0.00021564390044659376,-0.19162947702111277,-2.0595318986505267,-9.404263377574086,-0.09232025413557388,-0.009049632586538792,-0.002629536669701338,1.867763564517349,0.001604922697879374
1746728746094314500,3.091314453125,-0.2153489977694195,0.001912980922497809,-0.10951062880919825,0.005788223817944527,0.036908079438989064,0.9887634126372201,0.0532713578911324,left,-0.0008347614202648401,-0.19687603638289658,-2.055086463548988,-9.395069432771205,-0.09482704236967826,-0.012993482872843742,-0.00015420018462464213,1.9182469665639101,0.002236390020698309
1746728746134314500,3.131314453125,-0.2153489977694195,-0.00025845516938716173,-0.10951062880919825,0.00407621031627059,0.036908079438989064,0.9887634126372201,0.0532713578911324,left,-0.00029098987579345703,-0.19687603638289658,-2.055086463548988,-9.395069432771205,-0.09482704236967826,-0.010584578849375248,0.0009480565786361694,1.9182469665639101,0.0035831034183502197
1746728746174314500,3.171314453125,-0.2153489977694195,0.0013825026107951999,-0.10951062880919825,0.00042031961493194103,0.036908079438989064,0.9887634126372201,0.0532713578911324,left,0.0007727742195129395,-0.19687603638289658,-2.055086463548988,-9.395069432771205,-0.09482704236967826,-0.005998928565531969,0.0012524127960205078,1.9182469665639101,0.0042776018381118774
1746728746214314500,3.211314453125,-0.21511321516842127,-0.00038011535070836544,-0.10939532829439584,-0.0009052603272721171,0.036898912355510294,0.9887582335237712,0.05323606051747472,left,-0.00011944770812988281,-0.19724972174152425,-2.0527179808519778,-9.39485315967202,-0.09501816692386236,0.0006088661029934883,0.0004716813564300537,1.9218406071417033,0.0031445473432540894
1746728746254314500,3.251314453125,-0.21511321516842127,-0.002680030418559909,-0.10939532829439584,-0.00011482957052066922,0.036898912355510294,0.9887582335237712,0.05323606051747472,left,-0.00007224082946777344,-0.19724972174152425,-2.0527179808519778,-9.39485315967202,-0.09501816692386236,0.004272845108062029,0.0003219097852706909,1.9218406071417033,0.0014221221208572388
1746728746294314500,3.291314453125,-0.21511321516842127,-0.0046328287571668625,-0.10939532829439584,0.002728095045313239,0.036898912355510294,0.9887582335237712,0.05323606051747472,left,-0.0004691481590270996,-0.19724972174152425,-2.0527179808519778,-9.39485315967202,-0.09501816692386236,0.005730564706027508,0.0004610717296600342,1.9218406071417033,0.0008405894041061401
1746728746334314200,3.331314208984375,-0.21494735287901465,-0.007255450822412968,-0.1092968197295117,0.0045995526015758514,0.03672981257179687,0.9887907179032842,0.05294785531293317,left,-0.00018858909606933594,-0.19688985020533606,-2.051307091140747,-9.395868474194407,-0.09485895962284493,0.006104122381657362,0.0011083632707595825,1.9183797991633413,0.0007900148630142212
1746728746374314500,3.371314453125,-0.21494735287901465,-0.009878072887659073,-0.1092968197295117,0.0064710103906691074,0.03672981257179687,0.9887907179032842,0.05294785531293317,left,-0.000011622905731201172,-0.19688985020533606,-2.051307091140747,-9.395868474194407,-0.09485895962284493,0.006477680057287216,0.00189952552318573,1.9183797991633413,0.0003865361213684082
1746728746414314500,3.411314453125,-0.21500025423089103,-0.006431663408875465,-0.10929751823021776,-0.008831193670630455,0.03648340789431627,0.9888249119888333,0.05250526834738736,left,-0.0016199946403503418,-0.19631196272703932,-2.0520403738513586,-9.396841118618845,-0.09459630904424779,0.010985614731907845,0.000313684344291687,1.9128218727752566,-0.0004688054323196411
1746728746454314500,3.451314453125,-0.21470687057558235,0.00078232167288661,-0.10915628312307188,-0.009179819375276566,0.03651852483091982,0.9888540515959676,0.05263694230485289,left,-0.0005459189414978027,-0.19600230443001457,-2.0494094408258796,-9.398021268314123,-0.09444128419149352,0.005022346507757902,0.00028280913829803467,1.9098432953558862,0.00019560754299163818
1746728746494314500,3.491314453125,-0.21470687057558235,0.007996306754648685,-0.10915628312307188,-0.009528445079922676,0.03651852483091982,0.9888540515959676,0.05263694230485289,left,0.00040781497955322266,-0.19600230443001457,-2.0494094408258796,-9.398021268314123,-0.09444128419149352,-0.0009409212507307529,0.0005201995372772217,1.9098432953558862,0.0005562752485275269
1746728746534314500,3.531314453125,-0.21470687057558235,0.008585539646446705,-0.10915628312307188,-0.0003211610019207001,0.03651852483091982,0.9888540515959676,0.05263694230485289,left,0.0010389089584350586,-0.19600230443001457,-2.0494094408258796,-9.398021268314123,-0.09444128419149352,-0.007039132993668318,0.0017179250717163086,1.9098432953558862,0.0006232261657714844
1746728746574314200,3.571314208984375,-0.21470687057558235,0.007405931130051613,-0.10915628312307188,-0.0047753010876476765,0.03651852483091982,0.9888540515959676,0.05263694230485289,left,0.0020766258239746094,-0.19600230443001457,-2.0494094408258796,-9.398021268314123,-0.09444128419149352,-0.006416541989892721,0.0012892484664916992,1.9098432953558862,0.00044582784175872803
1746728746614314500,3.611314453125,-0.21462280797730823,0.003983716480433941,-0.1091448231529723,-0.008699923753738403,0.03681561005211682,0.988825415636972,0.05319784653598524,left,0.0007267594337463379,-0.19645870591194206,-2.0484335815310475,-9.397340884834527,-0.09463800125050585,-0.005132167134433985,-0.0007190406322479248,1.9142332008779048,-0.0002011805772781372
1746728746654314500,3.651314453125,-0.21481290574366316,0.0021417182870209217,-0.10925109959746866,-0.008236711844801903,0.036942975913692645,0.9887949537411213,0.053402991833773006,left,0.0012090802192687988,-0.1967845204349993,-2.050086901696026,-9.396341352403164,-0.09478446614747864,-0.006147687789052725,-0.0019186139106750488,1.9173668227285146,0.0008593648672103882
1746728746694314500,3.691314453125,-0.21481290574366316,0.0004960097139701247,-0.10925109959746866,-0.001727455761283636,0.036942975913692645,0.9887949537411213,0.053402991833773006,left,0.00017321109771728516,-0.1967845204349993,-2.050086901696026,-9.396341352403164,-0.09478446614747864,-0.001840297132730484,-0.0026265233755111694,1.9173668227285146,0.0000508427619934082
1746728746734314500,3.731314453125,-0.21481290574366316,-0.0011496988590806723,-0.10925109959746866,0.004781800322234631,0.036942975913692645,0.9887949537411213,0.053402991833773006,left,-0.0008626580238342285,-0.1967845204349993,-2.050086901696026,-9.396341352403164,-0.09478446614747864,0.0024670930579304695,-0.003334417939186096,1.9173668227285146,-0.0007576942443847656
1746728746774314500,3.771314453125,-0.21481290574366316,-0.006514273583889008,-0.10925109959746866,0.008857747539877892,0.036942975913692645,0.9887949537411213,0.053402991833773006,left,-0.001502394676208496,-0.1967845204349993,-2.050086901696026,-9.396341352403164,-0.09478446614747864,0.005543457344174385,-0.0015252381563186646,1.9173668227285146,-0.0007452815771102905
1746728746814314200,3.811314208984375,-0.21481290574366316,-0.010383076034486294,-0.10925109959746866,0.012033690698444843,0.036942975913692645,0.9887949537411213,0.053402991833773006,left,-0.0015880465507507324,-0.1967845204349993,-2.050086901696026,-9.396341352403164,-0.09478446614747864,0.0076087722554802895,-0.0012102723121643066,1.9173668227285146,-0.0011975765228271484
1746728746854314500,3.851314453125,-0.2143521134723665,-0.005999704357236624,-0.10899918661796036,0.01406136341392994,0.036685972724923514,0.9888547724991994,0.052983774758679145,left,-0.0010699033737182617,-0.19624715865509745,-2.0459758131153882,-9.398290732905268,-0.09454999301743008,0.006498041562736034,-0.0003345310688018799,1.9121984801799057,-0.00015915930271148682
1746728746894314500,3.891314453125,-0.21385892123437505,-0.004494476597756147,-0.10874471959430561,0.010273553431034088,0.03655265550464634,0.9888873597786353,0.052765039681518876,left,-0.000013768672943115234,-0.19621141194645306,-2.0413548753164705,-9.399365084138513,-0.09455325066343605,0.00013337982818484306,0.0005512982606887817,1.9118546351782977,-0.0008872002363204956
1746728746934314500,3.931314453125,-0.21336576208774052,-0.0029892493039369583,-0.10849025323185937,0.00648574298247695,0.03641933828436902,0.9889199470580711,0.052546297218908786,left,0.0010420680046081543,-0.1961758030043356,-2.0367336452566085,-9.400437097284197,-0.09455650765357235,-0.006231281906366348,0.0014370977878570557,1.9115122514814138,-0.0016153454780578613
1746728746974314500,3.971314453125,-0.21336576208774052,-0.0037340668495744467,-0.10849025323185937,0.0029327799566090107,0.03641933828436902,0.9889199470580711,0.052546297218908786,left,0.001892387866973877,-0.1961758030043356,-2.0367336452566085,-9.400437097284197,-0.09455650765357235,-0.008165218867361546,0.0020734667778015137,1.9115122514814138,-0.0012927651405334473
1746728747014314500,4.011314453125,-0.21336576208774052,-0.002735684160143137,-0.10849025323185937,-0.0033647269010543823,0.03641933828436902,0.9889199470580711,0.052546297218908786,left,0.0009563565254211426,-0.1961758030043356,-2.0367336452566085,-9.400437097284197,-0.09455650765357235,-0.00721214571967721,0.001528814435005188,1.9115122514814138,-0.0002871006727218628
1746728747054314500,4.051314453125,-0.2134220929543906,-0.00037899473682045937,-0.10850575351184985,-0.005160931032150984,0.03627630956873409,0.9888945004524491,0.05219148945240576,left,0.000013232231140136719,-0.1967510849884477,-2.0370299978546798,-9.399246426194905,-0.09485933947657119,-0.0044365981593728065,0.0008341968059539795,1.9170451895587146,0.00023606419563293457
1746728747094314500,4.091314453125,-0.2134220929543906,-0.0015584237407892942,-0.10850575351184985,-0.005637714173644781,0.03627630956873409,0.9888945004524491,0.05219148945240576,left,-0.0005922913551330566,-0.1967510849884477,-2.0370299978546798,-9.399246426194905,-0.09485933947657119,-0.0015876907855272293,0.0007663965225219727,1.9170451895587146,0.00012053549289703369
1746728747134314500,4.131314453125,-0.21366208751697946,-0.0035153250209987164,-0.10861256821171912,-0.002109610941261053,0.03615531714455687,0.9888707026161243,0.05188992324854657,left,-0.001181185245513916,-0.19707428592554668,-2.0391541504018007,-9.398151032173633,-0.09503125425000403,-0.00697293458506465,0.0005054771900177002,1.9201535308375954,0.0008715838193893433
1746728747174314500,4.171314453125,-0.21366208751697946,-0.005472226068377495,-0.10861256821171912,0.0014184925239533186,0.03615531714455687,0.9888707026161243,0.05188992324854657,left,-0.0016584396362304688,-0.19707428592554668,-2.0391541504018007,-9.398151032173633,-0.09503125425000403,-0.01235817838460207,0.000027939677238464355,1.9201535308375954,0.0019395649433135986
1746728747214314500,4.211314453125,-0.2141110707839493,-0.0008370880968868732,-0.10881841167155373,-0.005877654068171978,0.03599077165239072,0.9888194168640756,0.05144105141046193,left,-0.0022762417793273926,-0.19776916432694838,-2.043089590154588,-9.395928679949044,-0.09539130722141216,-0.013647802174091339,0.0007619559764862061,1.9268356389500199,0.002255469560623169
1746728747254314500,4.251314453125,-0.21373303691279188,-0.00010075198952108622,-0.10863438070189053,-0.005432970821857452,0.035988021435763545,0.9888116506370966,0.05141222489682134,left,-0.0008752942085266113,-0.19833938008405405,-2.0393040802665054,-9.395625313088297,-0.0956817542397018,-0.013108748942613602,0.001063317060470581,1.9323181620143353,0.002302393317222595
1746728747294314500,4.291314453125,-0.21335502511461144,0.0006355841760523617,-0.10845034907101865,-0.004988288041204214,0.03598522924347647,0.9888038420927725,0.05138353937932583,left,0.0005251765251159668,-0.19890963775907403,-2.035518716508895,-9.395316685530542,-0.09597220191386426,-0.01256969477981329,0.0013646632432937622,1.9378005389481783,0.0023493915796279907
1746728747334314200,4.331314208984375,-0.21335502511461144,0.0021778172813355923,-0.10845034907101865,-0.0009424076415598392,0.03598522924347647,0.9888038420927725,0.05138353937932583,left,0.0018826127052307129,-0.19890963775907403,-2.035518716508895,-9.395316685530542,-0.09597220191386426,-0.013707407750189304,0.0018134266138076782,1.9378005389481783,0.0054210275411605835
1746728747374314500,4.371314453125,-0.21345018353608874,0.0046545579098165035,-0.10851342354652808,-0.004917465150356293,0.03614726271435314,0.9887781990601248,0.05167052554111345,left,0.0006232857704162598,-0.199210990908795,-2.0362888240985573,-9.394552130898832,-0.09610399041906709,-0.0021471334621310234,0.0007197856903076172,1.940697429433465,0.003017991781234741
1746728747414314500,4.411314453125,-0.21345018353608874,0.007131299003958702,-0.10851342354652808,-0.008892523124814034,0.03614726271435314,0.9887781990601248,0.05167052554111345,left,-0.000558018684387207,-0.199210990908795,-2.0362888240985573,-9.394552130898832,-0.09610399041906709,0.009413139894604683,-0.000452384352684021,1.940697429433465,0.0009103715419769287
1746728747454314500,4.451314453125,-0.2139076944013531,0.005767785478383303,-0.10875398907621751,-0.008466959930956364,0.03630995969100833,0.988734435428762,0.05192580535211154,left,-0.0020641684532165527,-0.1994909938364602,-2.0404713704802093,-9.393087903565167,-0.09622034613862517,0.00319652259349823,0.00008337199687957764,1.9433890066049992,-0.0003577917814254761
1746728747494314500,4.491314453125,-0.21436520259876404,0.004404271952807903,-0.10899455460590712,-0.008041396737098694,0.03647269864332347,0.9886907141147445,0.05218106749065108,left,-0.003570556640625,-0.19977116922307092,-2.04465260168761,-9.391620753622055,-0.0963367018581801,-0.0030200951732695103,0.0006190091371536255,1.9460820450812577,-0.0016261190176010132
1746728747534314500,4.531314453125,-0.21436520259876404,0.004106728360056877,-0.10899455460590712,0.00022259168326854706,0.03647269864332347,0.9886907141147445,0.05218106749065108,left,0.00023061037063598633,-0.19977116922307092,-2.04465260168761,-9.391620753622055,-0.0963367018581801,-0.006617068313062191,-0.0005953013896942139,1.9460820450812577,-0.001825094223022461
1746728747721484500,4.718484619140625,-0.21473990716917712,-0.003968511708080769,-0.10920360298840256,0.004926372319459915,0.03668298100368831,0.9885634812237694,0.05235730522128477,left,-0.000680844415910542,-0.20179292373720725,-2.0473289812900126,-9.386990755733848,-0.0973201880471414,-0.006022932007908821,0.00032320115133188665,1.9655103836506604,0.000621020095422864
1746728747761352400,4.7583525390625,-0.21462274968102943,-0.00837521068751812,-0.1091294582561805,0.001402564812451601,0.03650818050065192,0.9885674510027371,0.05199683802204527,left,0.000680844415910542,-0.20196753176525784,-2.046156138118356,-9.38689489414394,-0.09742836516477493,-0.008535053580999374,-0.00032320115133188665,1.9671878153435884,-0.000621020095422864
1746728747801352400,4.7983525390625,-0.21476050283107054,-0.004173720721155405,-0.1091826869134731,0.0006989571847952902,0.03635873930723938,0.9885539060547093,0.051655841630885546,left,0.0002612471580505371,-0.20220597035654617,-2.047349147295207,-9.386154889431594,-0.0975623851086932,-0.004253377206623554,-0.0006198137998580933,1.9694785566292703,-0.0001563727855682373
1746728747841352400,4.8383525390625,-0.21476050283107054,-0.000707992585375905,-0.1091826869134731,-0.0009004898020066321,0.03635873930723938,0.9885539060547093,0.051655841630885546,left,0.0007958412170410156,-0.20220597035654617,-2.047349147295207,-9.386154889431594,-0.0975623851086932,-0.0027657169848680496,-0.00077076256275177,1.9694785566292703,0.0009229481220245361
1746728747881352400,4.8783525390625,-0.21493070523588015,0.0005832111928611994,-0.10926840355505896,-0.002990062814205885,0.036373865789216635,0.9885237899899347,0.0516260540489825,left,0.00042492151260375977,-0.20262000905234082,-2.0487726042270658,-9.38500864200592,-0.09776567987104748,-0.004913714714348316,-0.0011253803968429565,1.9734559358276427,0.0008181929588317871
1746728747921352700,4.918352783203125,-0.21493070523588015,0.0018744150875136256,-0.10926840355505896,-0.005079636350274086,0.036373865789216635,0.9885237899899347,0.0516260540489825,left,0.00017088651657104492,-0.20262000905234082,-2.0487726042270658,-9.38500864200592,-0.09776567987104748,-0.007061712443828583,-0.001625165343284607,1.9734559358276427,0.0011190325021743774
1746728748080296000,5.0772958984375,-0.21563963861484728,-0.010048182681202888,-0.10962205123730116,0.0032551777549088,0.03639950351350538,0.9883856090179568,0.0513970238500175,left,-0.0005269274115562439,-0.20461537885973424,-2.054578660157323,-9.379688323765993,-0.09875204527726367,-0.009717585518956184,0.0008006024872884154,1.9926196321114897,-0.000994349829852581
1746728748239767300,5.236767333984375,-0.2138392828670203,-0.004895463120192289,-0.10875543381015428,0.011998424306511879,0.03655108571459779,0.9884948367466737,0.05192489983020627,left,0.002047707559540868,-0.20422105550336517,-2.0378551966324445,-9.384139457955955,-0.0985610639776075,-0.009761471301317215,0.0003415938117541373,1.9888330993101,0.0020671901293098927
1746728748279635200,5.27663525390625,-0.21381480985101622,0.0007391218096017838,-0.10873500090153472,-0.000020894338376820087,0.036458374060288026,0.9884814374595609,0.05170195197731432,left,0.0024224426597356796,-0.20458218550901353,-2.0374730654470623,-9.383487131527065,-0.09875222043150139,-0.004304270725697279,-0.0004993443144485354,1.992300921551138,0.005986993201076984
1746728748319635200,5.31663525390625,-0.213795675139471,0.006948105059564114,-0.10875090480233579,-0.001082765869796276,0.03670042893266127,0.9884493752474945,0.05214332970838254,left,0.0021557211875915527,-0.2050627332976112,-2.037090057478845,-9.382589305904506,-0.09896620627292346,-0.009899111464619637,-0.0007552504539489746,1.9969149912178514,0.0035175085067749023
1746728748359635200,5.35663525390625,-0.21406361442217156,0.006245629861950874,-0.10890299100733612,-0.007695597596466541,0.03689461402147035,0.9883941909276914,0.05243909799997223,left,-0.0000317692756652832,-0.20573389719069116,-2.03931883944422,-9.380731110817193,-0.09927707451567701,-0.011981114745140076,-0.0005675703287124634,2.0033584682688117,0.0021818429231643677
1746728748399635200,5.39663525390625,-0.21414313819011108,0.003850627224892378,-0.1089577387098392,-0.0012085502967238426,0.03703837202675704,0.9883541016268976,0.05265880667917611,left,-0.00017219781875610352,-0.20633695415029657,-2.0398076458744705,-9.379386710470914,-0.09956183840477664,-0.009404820390045643,-0.0012020766735076904,2.009147426933795,0.0013913214206695557
1746728748439635000,5.436635009765625,-0.21427989796264463,0.0038119032979011536,-0.1090369452019494,-0.0021695448085665703,0.03715082725476865,0.9883213033426691,0.052828316514432656,left,-0.0005068778991699219,-0.2067592970988243,-2.0409097618974745,-9.378277872446178,-0.09975889269756333,-0.006564324721693993,-0.0008941888809204102,2.0132010862387717,0.0011569559574127197
1746728748479635000,5.476635009765625,-0.21427989796264463,0.002050141105428338,-0.1090369452019494,0.002585063222795725,0.03715082725476865,0.9883213033426691,0.052828316514432656,left,-0.0008878111839294434,-0.2067592970988243,-2.0409097618974745,-9.378277872446178,-0.09975889269756333,-0.0010040225461125374,-0.000558897852897644,2.0132010862387717,0.0001195073127746582
1746728748519635000,5.516635009765625,-0.21427989796264463,-0.002421776996925473,-0.1090369452019494,0.009716948494315147,0.03715082725476865,0.9883213033426691,0.052828316514432656,left,-0.0011502504348754883,-0.2067592970988243,-2.0409097618974745,-9.378277872446178,-0.09975889269756333,0.002905554138123989,-0.00020137429237365723,2.0132010862387717,-0.000543549656867981
1746728748559635200,5.55663525390625,-0.2137077739713212,-0.010042182169854641,-0.10875071695988953,0.01418883353471756,0.03708572118809109,0.9883496995172208,0.052745815218834056,left,-0.0011792182922363281,-0.2068406410185798,-2.0355092180281877,-9.37928383461833,-0.09981422386048426,-0.0023748716339468956,0.00046978890895843506,2.0139818613529203,-0.00045734643936157227
1746728748599635200,5.59663525390625,-0.2131243221718342,-0.014283297583460808,-0.10843882968435273,0.01732884719967842,0.03681864088470582,0.9883793000485073,0.05224183239991605,left,0.00011169910430908203,-0.2070560717561002,-2.0299445696383716,-9.380045466640592,-0.09995889592963238,-0.007768760900944471,0.0003469735383987427,2.0160494614072144,0.0004738718271255493
1746728748639635200,5.63663525390625,-0.21259960021941218,-0.01297792512923479,-0.10815048876104628,0.013781826011836529,0.03650040531914284,0.9884060800952108,0.05162561106254225,left,0.00005698204040527344,-0.20729969942894266,-2.0249187043003736,-9.380628819486498,-0.10012235671570029,-0.0084715336561203,0.0006147623062133789,2.018387548965961,0.00156460702419281
1746728748679635000,5.676635009765625,-0.2122163754632163,-0.007714312989264727,-0.10794970521636701,0.008768832311034203,0.03636705300852665,0.9884265288444991,0.05138542804264285,left,0.0003209114074707031,-0.20738808666672484,-2.021286046886444,-9.381229707989096,-0.10018601717727264,-0.0030638049356639385,0.0007544010877609253,2.019235690227896,0.0011659711599349976
1746728748719635000,5.716635009765625,-0.21183319216242819,-0.00245070131495595,-0.10774892167168776,0.0037558390758931637,0.036233700697910466,0.9884469775937872,0.05114528171642715,left,0.000584721565246582,-0.20747659031659454,-2.017653681733459,-9.381828842926025,-0.100249677638845,0.002343923319131136,0.0008940845727920532,2.0200850005336104,0.0007672011852264404
1746728748877702100,5.8747021484375,-0.21191886256580833,0.0033424950670450926,-0.10780184625014348,-0.006325393449515104,0.03634906569508632,0.9884553688980827,0.05140500991802373,left,-0.000682569167111069,-0.20713913528633962,-2.0186006071947515,-9.382322179400921,-0.10006726145533706,0.0014909321907907724,-0.00011386460391804576,2.016846603134274,-0.0006890633376315236
1746728748917702100,5.9147021484375,-0.2121819554304107,0.0006835148669779301,-0.1079225918480748,-0.00653538852930069,0.03626671016447321,0.9884345515380312,0.051190846521319694,left,0.001878201961517334,-0.20734041240477502,-2.020983556808531,-9.381393374118208,-0.10017355814711133,-0.0037068838719278574,0.00002619624137878418,2.018778155718744,-0.000008881092071533203
1746728748957702100,5.9547021484375,-0.2121819554304107,-0.001975465100258589,-0.1079225918480748,-0.006745383609086275,0.03626671016447321,0.9884345515380312,0.051190846521319694,left,0.004533708095550537,-0.20734041240477502,-2.020983556808531,-9.381393374118208,-0.10017355814711133,-0.008904700167477131,-0.00007674098014831543,2.018778155718744,0.0008682608604431152
1746728748997702100,5.9947021484375,-0.2127520284793326,0.0019236726220697165,-0.10819622622169092,-0.0008834078907966614,0.036209857637555964,0.9883919631681787,0.050987511314715024,left,-0.0035791993141174316,-0.20763348119712907,-2.0262062598928807,-9.379661435759067,-0.10031913310697865,-0.0030441167764365673,0.0011874139308929443,2.021590582790971,0.0011291354894638062
1746728749037702400,6.034702392578125,-0.2127520284793326,0.008731035515666008,-0.10819622622169092,0.0008969677146524191,0.036209857637555964,0.9883919631681787,0.050987511314715024,left,0.0008410811424255371,-0.20763348119712907,-2.0262062598928807,-9.379661435759067,-0.10031913310697865,-0.005541895516216755,-0.0003689974546432495,2.021590582790971,0.0019364804029464722
1746728749236524300,6.233524169921875,-0.21465049837579303,0.008857076056301594,-0.10919463048689118,-0.02216513082385063,0.03692196661094576,0.9883216400639582,0.05235129443939505,left,-0.003347669495269656,-0.20653531640035608,-2.0444811906434595,-9.377961061581969,-0.09966731415607648,0.014036140404641628,-0.0028021293692290783,2.0110513608589766,0.002395142801105976
1746728749276393500,6.2733935546875,-0.21534835837821611,0.015084784477949142,-0.10956429936744667,-0.020322691649198532,0.03719517386624317,0.9882569979152752,0.052797367157178594,left,-0.0013016867451369762,-0.20688118409044962,-2.0508764446385204,-9.375852106603979,-0.09980099642914446,-0.017694959416985512,-0.0028976015746593475,2.0143710068009795,0.0031522493809461594
1746728749316393500,6.3133935546875,-0.21533030319478835,0.0088181272149086,-0.1095774841188752,-0.01120669674128294,0.03739735444417467,0.9882152909563497,0.05313574320298646,left,-0.0013225078582763672,-0.20757047500223255,-2.0504099961705506,-9.374530502611398,-0.1001235875354297,-0.012887559831142426,-0.00200439989566803,2.0209858948960897,0.0016370564699172974
1746728749356393200,6.353393310546875,-0.2153120109022233,0.002551470883190632,-0.10959065771518617,-0.0020907018333673477,0.03759953570547698,0.9881734154114132,0.05347418992284152,left,-0.0013437271118164062,-0.2082597665184097,-2.0499404789626596,-9.373204806965589,-0.10044616871825503,-0.00808016024529934,-0.0011115074157714844,2.0276000523388387,0.00012198090553283691
1746728749396393200,6.393393310546875,-0.21513776128933637,-0.0017049694433808327,-0.10950108400730754,0.0010527253616601229,0.03755378710926625,0.9881780768945576,0.05338620458928862,left,-0.000893712043762207,-0.208384412676165,-2.048253110397607,-9.37331469708085,-0.10051587764558673,-0.005376461893320084,-0.0007392317056655884,2.028795984125137,0.00008109211921691895
1746728749436393200,6.433393310546875,-0.21513776128933637,-0.005961409769952297,-0.10950108400730754,0.004196152091026306,0.03755378710926625,0.9881780768945576,0.05338620458928862,left,-0.00045490264892578125,-0.208384412676165,-2.048253110397607,-9.37331469708085,-0.10051587764558673,-0.0026727633085101843,-0.0001948922872543335,2.028795984125137,0.00016216933727264404
1746728749476393500,6.4733935546875,-0.21490736266501584,-0.00971018336713314,-0.10936808393406543,0.005590333603322506,0.0373489595070739,0.988186561147953,0.05297152411546077,left,-0.0005687475204467773,-0.2086086142899082,-2.0459964175119993,-9.373342169609666,-0.10065372258984055,-0.007418744266033173,0.00006639957427978516,2.030947024679184,0.000393599271774292
1746728749516393500,6.5133935546875,-0.21490736266501584,-0.011322565376758575,-0.10936808393406543,-0.00023534009233117104,0.0373489595070739,0.988186561147953,0.05297152411546077,left,0.0005063414573669434,-0.2086086142899082,-2.0459964175119993,-9.373342169609666,-0.10065372258984055,-0.005671053193509579,0.00046978890895843506,2.030947024679184,0.00024993717670440674
1746728749556393500,6.5533935546875,-0.2150660732916071,-0.0029343366622924805,-0.10942830542852851,-0.004333709366619587,0.037172219681389194,0.9881698709470879,0.05256704424206717,left,0.0005657076835632324,-0.20889939393678944,-2.047357915123552,-9.372439667811989,-0.10081665455098289,-0.00593776348978281,0.00034996867179870605,2.033736655397713,0.00039756298065185547
1746728749596393500,6.5933935546875,-0.21522495991704177,0.0054538920521736145,-0.10948852758419694,-0.008432078175246716,0.0369954375383593,0.9881532227218826,0.05216241634718868,left,0.0006250143051147461,-0.20919013478462273,-2.048720727909356,-9.371535996970534,-0.10097958585625534,-0.006204474251717329,0.00023029744625091553,2.036525847724825,0.0005452185869216919
1746728749636393200,6.633393310546875,-0.21547133074899488,0.009597640484571457,-0.10961624755151181,-0.01045665517449379,0.03706068116255074,0.98812208753951,0.05223707012967839,left,0.0002288222312927246,-0.20949578362264892,-2.0508963183827698,-9.370422482770682,-0.10112203293601028,-0.0063362279906868935,-0.00035074353218078613,2.0394578095234928,0.00042338669300079346
1746728749676393200,6.673393310546875,-0.2157843052849097,0.008175965398550034,-0.10978575483629387,-0.010961993597447872,0.037215145053659755,0.9880818730454889,0.05248106776386753,left,-0.0002345442771911621,-0.20984264135835684,-2.053677327403426,-9.369088603818415,-0.10127430505865755,-0.00564679317176342,-0.00023020803928375244,2.0427847619891164,-0.00014221668243408203
1746728749716393500,6.7133935546875,-0.2157843052849097,0.0029963222332298756,-0.10978575483629387,-0.008128027431666851,0.037215145053659755,0.9880818730454889,0.05248106776386753,left,-0.00006479024887084961,-0.20984264135835684,-2.053677327403426,-9.369088603818415,-0.10127430505865755,-0.0056402068585157394,-0.0008549690246582031,2.0427847619891164,0.0004011988639831543
1746728749756393500,6.7533935546875,-0.216171526551655,-0.002022291999310255,-0.10997243468775056,-0.005830149166285992,0.03718272007699245,0.9880436827060094,0.05233716234891626,left,0.00024086236953735352,-0.2102072988497716,-2.057145149644464,-9.367564755252003,-0.10145527725546452,-0.005317613482475281,-0.00021810829639434814,2.0462822487160564,0.00039523839950561523
1746728749796393500,6.7933935546875,-0.21655890206017572,-0.007040905766189098,-0.11015912503311907,-0.0035322706680744886,0.037150252782979724,0.9880055343421906,0.05219302196086805,left,0.0005462169647216797,-0.21057195305133605,-2.060613264146447,-9.366037399554251,-0.10163626003160763,-0.004995020106434822,0.0004187971353530884,2.049779443182051,0.00038929283618927
1746728749836393500,6.8333935546875,-0.2168237729779992,-0.009656863287091255,-0.11027345996102349,-0.0007532213348895311,0.036999697378211675,0.9879861264191403,0.05183834847484569,left,-0.0006989240646362305,-0.2107855136105347,-2.0629998670220373,-9.365063586086034,-0.10175645050953223,-0.00532563915476203,0.0011687129735946655,2.0518274617530405,0.0009872019290924072
1746728749876393200,6.873393310546875,-0.2168237729779992,-0.004401637241244316,-0.11027345996102349,-0.011738142929971218,0.036999697378211675,0.9879861264191403,0.05183834847484569,left,-0.0005738735198974609,-0.2107855136105347,-2.0629998670220373,-9.365063586086034,-0.10175645050953223,-0.004305305425077677,0.0003588050603866577,2.0518274617530405,0.0009485334157943726
1746728749916393200,6.913393310546875,-0.2168237729779992,0.005530196242034435,-0.11027345996102349,0.004963668994605541,0.036999697378211675,0.9879861264191403,0.05183834847484569,left,-0.002092599868774414,-0.2107855136105347,-2.0629998670220373,-9.365063586086034,-0.10175645050953223,-0.00947507843375206,-0.00010763108730316162,2.0518274617530405,0.00262567400932312
1746728749956393500,6.9533935546875,-0.21702155321368127,0.007262693252414465,-0.11037730851663592,-0.005475049838423729,0.03705872182958603,0.9879400037787432,0.05186904204670347,left,-0.0012062788009643555,-0.2114296403455029,-2.064566970208287,-9.363363211908936,-0.10206947490506812,-0.010159085504710674,0.0010545998811721802,2.058003958430886,0.0012806504964828491
1746728749996393500,6.9933935546875,-0.21722047797035915,0.00504263024777174,-0.11048338056541433,-0.004047447815537453,0.03713351864049698,0.9878915848299665,0.051928218224692235,left,0.001605212688446045,-0.21210405017378575,-2.0661299817413092,-9.361595033192634,-0.10239584625404236,-0.014245218597352505,0.0013344436883926392,2.0644699395745993,0.00259341299533844
1746728750036393500,7.0333935546875,-0.217606091865486,0.0018844692967832088,-0.11067622296482395,-0.012448951601982117,0.03716760875796873,0.9878413149876207,0.05189922474473524,left,0.002537250518798828,-0.21264902816947928,-2.069496535564959,-9.359697090616821,-0.10265963402060702,-0.009225962683558464,0.0007142126560211182,2.0696942500941455,0.0023569315671920776
1746728750076393500,7.0733935546875,-0.21819555888253167,0.002738931216299534,-0.1109664548177723,-0.011469324119389057,0.03718744475218311,0.9878035050771833,0.05186689199472742,left,0.0012829303741455078,-0.2127541806932578,-2.0749663452781735,-9.35826325842142,-0.10270244072214646,-0.006712895818054676,0.00024145841598510742,2.0707021119624374,0.0038647055625915527
1746728750116393200,7.113393310546875,-0.2187850816916189,0.003593393135815859,-0.11125668667072065,-0.010489695705473423,0.037207280746397384,0.9877656951667458,0.05183450440815476,left,0.000028312206268310547,-0.2128593525419907,-2.0804355704694983,-9.356825919094682,-0.10274524742368593,-0.004199828952550888,-0.00023134052753448486,2.0717102660916744,0.005372434854507446
1746728750156393200,7.153393310546875,-0.21928605403475052,0.014168350026011467,-0.11151970668015371,-0.009419385343790054,0.03738075834073158,0.9877241668874442,0.05211703567849494,left,-0.003760695457458496,-0.2130142705189826,-2.085053001137078,-9.355469243788718,-0.10279672327389379,0.0019733677618205547,-0.0003112107515335083,2.0731952439524233,0.004923120141029358
1746728750196393500,7.1933935546875,-0.21925912769638173,0.025752495974302292,-0.11155251318246483,-0.002040622755885124,0.03782306360460651,0.9877106603575236,0.05301938218673029,left,-0.0011479854583740234,-0.21297756909887447,-2.0848175849460064,-9.355599592170119,-0.10272877403324314,0.011554442346096039,-0.0023470520973205566,2.072843361774832,0.00423257052898407
1746728750236393500,7.2333935546875,-0.21932237217510436,0.03530566766858101,-0.11165331567297411,-0.009285026229918003,0.03849476230310063,0.9876797496564927,0.054369965945116575,left,-0.00008159875869750977,-0.21300516674067901,-2.085396846138686,-9.355411376121639,-0.10266585118902917,0.005374712869524956,-0.0019799917936325073,2.0731080040603875,0.004587233066558838
1746728750276393500,7.2733935546875,-0.21938194651696954,0.032315194606781006,-0.11175731098236394,-0.003973482176661491,0.039208921890682986,0.9876338380871924,0.05577992078544304,left,-0.0009929537773132324,-0.2132852163966188,-2.0858277849018574,-9.35472047124803,-0.10272432817153003,0.003369959769770503,-0.002268552780151367,2.0757921285778282,0.0026385337114334106
1746728750316393500,7.3133935546875,-0.2192039197827524,0.02348494715988636,-0.11173176247555078,0.0013879453763365746,0.039796576318135685,0.9876140085967298,0.0569762968486867,left,-0.00020051002502441406,-0.21339895954005708,-2.0841110441118476,-9.354861341023444,-0.1027172011547358,0.012227784842252731,-0.0017303526401519775,2.0768822619020937,0.001096278429031372
1746728750356393200,7.353393310546875,-0.21898937007574765,0.004275858402252197,-0.11164065744699797,0.002841534558683634,0.039945162172622804,0.9876514053814128,0.05736452096693913,left,-0.0006434321403503418,-0.21279090787392352,-2.0823777905784544,-9.356538918846844,-0.10239932287029792,0.011281726881861687,0.0007716715335845947,2.0710542864009738,-0.0024184882640838623
1746728750396393200,7.393393310546875,-0.2187750685411191,-0.014933228492736816,-0.1115495409327263,0.004295123741030693,0.04009374905216595,0.9876885492870794,0.057752562081678706,left,-0.0010867714881896973,-0.21218275913922158,-2.080645706088841,-9.358212989538908,-0.10208143499033827,0.010335668921470642,0.003273800015449524,2.065224411203712,-0.005933091044425964
1746728750436393200,7.433393310546875,-0.21873555584203283,-0.028492577373981476,-0.11148962246424733,0.0043497709557414055,0.03971613457603671,0.9877345184880912,0.05705088048173781,left,-0.00010919570922851562,-0.21163152314997566,-2.0805225181005893,-9.359404829671979,-0.10184894033033985,0.004948046058416367,0.0037259161472320557,2.0599396026685834,-0.004308551549911499
1746728750476393500,7.4733935546875,-0.21892964596448175,-0.026587001979351044,-0.1115263989882161,-0.005152757279574871,0.039167007065878015,0.9877740604393527,0.05597676623198468,left,0.0010245442390441895,-0.21109131993244162,-2.0825804735437035,-9.360085797673463,-0.10163802516063833,0.0010662083514034748,0.0017160475254058838,2.0547598619431255,-0.0016440004110336304
1746728750632043800,7.629043701171875,-0.22242089260949494,-0.007479304447770119,-0.1131400028370831,-0.029250988736748695,0.03825827541428093,0.9875858986556866,0.05370464208688175,left,-0.0007782087777741253,-0.21175876826503945,-2.114943112488091,-9.3514179225713,-0.10202789639866831,-0.012663697823882103,-0.004572335630655289,2.0611596459828316,0.0015264323446899652
1746728750791522600,7.7885224609375,-0.22277492240687147,0.014413051307201385,-0.11336247324851147,-0.00656286533921957,0.038787276033481304,0.9876663102827782,0.05499354472316586,left,0.0011477696243673563,-0.20942691482317286,-2.1193097832649945,-9.355330712100862,-0.1007958484909349,0.037070926278829575,0.0024202000349760056,2.0387971536576748,-0.0015368794556707144
1746728750831522600,7.8285224609375,-0.22200501960502592,0.013529419898986816,-0.11302617431332979,-0.008066178299486637,0.03920062606688401,0.9877360113575256,0.056002340202137485,left,0.002250194549560547,-0.20856815689670435,-2.1124911892913283,-9.358664240437745,-0.10032939163194379,0.026256557554006577,0.0021730512380599976,2.030558902144432,-0.003282219171524048
1746728750871522300,7.868522216796875,-0.22168271639330417,0.009038262069225311,-0.11289916760415099,-0.007102128118276596,0.039521031764997015,0.987776928479437,0.056760583425276595,left,0.0016965866088867188,-0.20785995980053082,-2.109790405900031,-9.36074513836503,-0.09994291714543331,0.017927903681993484,0.0022970587015151978,2.0237638351768252,-0.002405419945716858
1746728750911522600,7.9085224609375,-0.22187562508254566,-0.0010122070088982582,-0.11300433591735366,-0.013032535091042519,0.03964091446383803,0.9877833571782437,0.05702993463190257,left,0.0012637972831726074,-0.20743471568462318,-2.1117853791095316,-9.361176515519618,-0.09971371630660415,0.0066683329641819,0.0014385581016540527,2.019683141734451,-0.0016610324382781982
1746728750951522600,7.9485224609375,-0.22246314359332436,-0.0015267918352037668,-0.11327339457199707,-0.012829558923840523,0.039465985041838646,0.9877671379329696,0.0566353878811983,left,0.000580132007598877,-0.20726043753500703,-2.1173624485895037,-9.36027752085328,-0.09963828740443188,0.006683393847197294,-0.0002848207950592041,2.018010678477585,0.0002873241901397705
1746728750991522600,7.9885224609375,-0.22305055917177116,-0.0020413766615092754,-0.1135424420715231,-0.012626583687961102,0.03929109827886993,0.9877507924190295,0.05624105343359811,left,-0.00010383129119873047,-0.20708594167594976,-2.1229383490256963,-9.359375603577494,-0.09956284857879653,0.006698454264551401,-0.002008289098739624,2.016336023263633,0.002235889434814453
1746728751031522600,8.0285224609375,-0.2233805017233907,0.006859260145574808,-0.11373152380937272,-0.007491504307836294,0.03957192239618456,0.9877306464197646,0.05679614361075384,left,-0.00006985664367675781,-0.20690542478750307,-2.126106896059215,-9.35902898209691,-0.09943559357409755,0.006150273606181145,-0.0016269832849502563,2.0146036465130743,0.0006031543016433716
1746728751071522600,8.0685224609375,-0.22371054854549144,0.015759896486997604,-0.11392059439210146,-0.002356424927711487,0.03985266290386481,0.9877103314928033,0.05735111023642143,left,-0.00003612041473388672,-0.2067250675484016,-2.1292761737450956,-9.358681191572547,-0.0993083286459416,0.005602092947810888,-0.0012456327676773071,2.0128725849367677,-0.0010297149419784546
1746728751111522600,8.1085224609375,-0.22401632786461168,0.002990167587995529,-0.11408260277921971,-0.0034894184209406376,0.039976039993745466,0.9876865126813149,0.057565900993946414,left,-0.000024974346160888672,-0.20676424178520977,-2.132120311129838,-9.357952292776107,-0.09930934491878131,0.0036374316550791264,-0.0011204183101654053,2.0132485786423087,-0.0015656203031539917
1746728751151522600,8.1485224609375,-0.22432218179535926,-0.00977956224232912,-0.11424463215416478,-0.004622411914169788,0.040099374766280775,0.9876627358454881,0.05778059528008894,left,-0.000014007091522216797,-0.20680354100242485,-2.1349647407755254,-9.35722280945778,-0.09931038235029344,0.0016727701295167208,-0.0009952038526535034,2.0136257413916288,-0.0021016299724578857
1746728751191522600,8.1885224609375,-0.22473548556880288,-0.021460290998220444,-0.1144220763343851,-0.0031004215124994516,0.03986246499326936,0.9876628292033021,0.05728803458701686,left,-0.0010476112365722656,-0.20654208829050333,-2.1389492803670467,-9.356852807101607,-0.0992010724321252,0.003379033412784338,-0.00021727383136749268,2.0111163889192043,-0.0007501989603042603
1746728751349696500,8.346696533203126,-0.22563454115221063,0.007629189640283585,-0.11471054775817396,-0.006622004322707653,0.03838225830375525,0.9877245175127259,0.054316082127664055,left,-0.0008364861714653671,-0.20549429772015945,-2.147830944350362,-9.356974387654661,-0.09883595041866303,0.011091061867773533,-0.000591265968978405,2.001058374632895,0.0009263065876439214
1746728751389566200,8.386566162109375,-0.22577078458968663,0.013397577218711376,-0.11481224156987944,-0.004340237472206354,0.038736978688456415,0.9877117517807946,0.055039727682919204,left,0.001361688831821084,-0.20532234534216465,-2.1491827973507345,-9.357017057752609,-0.09870682717407395,0.012956781312823296,-0.0006464023026637733,1.9994075386859476,-0.001242040190845728
1746728751429566200,8.426566162109374,-0.22608134101682792,0.005403194576501846,-0.11498455512014623,-0.005768402945250273,0.03895257836408336,0.9877076102035436,0.05549271863802493,left,-0.0010332465171813965,-0.2048937556485769,-2.1522804711051284,-9.357183646491169,-0.09846296984019096,0.010701771825551987,-0.0006077885627746582,1.995292504582554,-0.0023472607135772705
1746728751469566200,8.466566162109375,-0.22625864385841762,-0.0015783780254423618,-0.11507798575364311,-0.0027683950029313564,0.039027760540011135,0.9877096851368931,0.055660093740855864,left,-0.0008578896522521973,-0.20459764074591005,-2.1540718845665454,-9.357377123236656,-0.09830355010651103,0.005036764312535524,-0.0005792230367660522,1.9924493901111184,-0.0021723657846450806
1746728751509566000,8.50656591796875,-0.22625864385841762,-0.0029983404092490673,-0.11507798575364311,-0.0005112274084240198,0.039027760540011135,0.9877096851368931,0.055660093740855864,left,-0.0007799267768859863,-0.20459764074591005,-2.1540718845665454,-9.357377123236656,-0.09830355010651103,0.0021174317225813866,-0.00022517144680023193,1.9924493901111184,-0.0009274035692214966
1746728751549566000,8.54656591796875,-0.22625864385841762,-0.0026415251195430756,-0.11507798575364311,0.0026237706188112497,0.039027760540011135,0.9877096851368931,0.055660093740855864,left,-0.0007486343383789062,-0.20459764074591005,-2.1540718845665454,-9.357377123236656,-0.09830355010651103,-0.0009562051855027676,0.00003300607204437256,1.9924493901111184,-0.00025369226932525635
1746728751589566000,8.58656591796875,-0.22625864385841762,-0.0033738480415195227,-0.11507798575364311,0.0018556026043370366,0.039027760540011135,0.9877096851368931,0.055660093740855864,left,-0.0010052323341369629,-0.20459764074591005,-2.1540718845665454,-9.357377123236656,-0.09830355010651103,0.00006676616612821817,0.000354573130607605,1.9924493901111184,-0.0010970979928970337
1746728751629566200,8.626566162109375,-0.22625864385841762,-0.00019620032981038094,-0.11507798575364311,-0.01056116633117199,0.039027760540011135,0.9877096851368931,0.055660093740855864,left,0.0020141005516052246,-0.20459764074591005,-2.1540718845665454,-9.357377123236656,-0.09830355010651103,0.0012391970958560705,0.000014960765838623047,1.9924493901111184,-0.0010037273168563843
1746728751788055000,8.785054931640625,-0.22606448137844665,-0.001128579257056117,-0.11501166501496775,0.0036425432190299034,0.03929366219296499,0.9876693323004639,0.056128556556785336,left,-0.00015391700435429811,-0.20540430854036645,-2.1518941021360454,-9.356225615113972,-0.09867904194856848,-0.01527787558734417,-0.0004774013359565288,2.000194451279938,0.001615369925275445
1746728751828054800,8.8250546875,-0.2261781151590125,0.005779976025223732,-0.11508699168978576,-0.006925011053681374,0.039486287530251206,0.9876454148648888,0.05648520910075459,left,0.0004521012306213379,-0.20560370726237037,-2.152867769473791,-9.355591993385552,-0.09875481117695281,-0.001145336776971817,-0.0010411441326141357,2.0021086143381894,0.0018026381731033325
1746728751868054800,8.8650546875,-0.22637599748672374,0.006960578728467226,-0.11520190365382392,-0.006566520780324936,0.039670819997209304,0.9876320435659354,0.056850145799217364,left,0.000849604606628418,-0.20550409953759086,-2.154763812353462,-9.355360522717238,-0.09868066326524948,0.0036408724263310432,-0.002829909324645996,2.0011524826571345,0.002398967742919922
1746728751908054800,8.9050546875,-0.22637599748672374,0.00814118143171072,-0.11520190365382392,-0.006208030041307211,0.039670819997209304,0.9876320435659354,0.056850145799217364,left,0.0012707710266113281,-0.20550409953759086,-2.154763812353462,-9.355360522717238,-0.09868066326524948,0.008427081629633904,-0.00481201708316803,2.0011524826571345,0.0028977394104003906
1746728751948054800,8.9450546875,-0.226431845647396,0.01880352757871151,-0.1152660427986993,0.008259255439043045,0.04004767698185346,0.9876273755293684,0.057637816834879056,left,-0.001821756362915039,-0.20523243397124152,-2.1554082477368413,-9.355769688040018,-0.0984999260648741,0.007552019320428371,-0.0034928470849990845,1.998544345985353,0.004745990037918091
1746728751988054800,8.9850546875,-0.22578278872118487,0.012988916598260403,-0.11498762463840834,0.010752476751804352,0.040430086683891774,0.987635753482751,0.05845042687606662,left,-0.0010007023811340332,-0.2054724766638562,-2.14922780553624,-9.35669849332273,-0.09858482779889512,0.0038841497153043747,-0.0012367069721221924,2.000848823535442,0.0023002177476882935
1746728752028054800,9.0250546875,-0.22513351943174734,0.007174304686486721,-0.11470918350666778,0.013245698064565659,0.04081249706930106,0.9876439628501218,0.05926326027564342,left,-0.0001800060272216797,-0.20571202475565886,-2.143045317509025,-9.357624375995993,-0.09866971034185924,0.0002162798773497343,0.001019209623336792,2.003148478779942,-0.00014507770538330078
1746728752068055000,9.065054931640624,-0.22513351943174734,-0.0006008753553032875,-0.11470918350666778,0.012965299189090729,0.04081249706930106,0.9876439628501218,0.05926326027564342,left,0.000051081180572509766,-0.20571202475565886,-2.143045317509025,-9.357624375995993,-0.09866971034185924,0.002959015080705285,0.0024027079343795776,2.003148478779942,-0.0004447251558303833
1746728752108054800,9.1050546875,-0.22448159886560584,0.0016603602562099695,-0.11439773816501951,0.003270045854151249,0.04089169100458529,0.9876857145444227,0.05950852839302738,left,0.0003719925880432129,-0.2055316726365702,-2.1370248881757257,-9.359371511924266,-0.09857985908604017,0.008558263070881367,0.0012404024600982666,2.00141712494269,0.0001309812068939209
1746728752148054800,9.1450546875,-0.22418497458443323,0.003210520837455988,-0.1142623694904706,-0.0009101349860429764,0.04099805295686328,0.9877108439332594,0.059782081555724176,left,-0.0005116462707519531,-0.2052708427745392,-2.1343644367948174,-9.360513667696713,-0.09844138893095704,0.005078929476439953,0.0004935711622238159,1.9989130331672726,-0.0006367862224578857
1746728752188054800,9.1850546875,-0.22439163151982797,-0.005842215847223997,-0.11435180559820929,-0.0019832737743854523,0.040875213550186265,0.9876955944872544,0.059493288691621106,left,-0.0004438161849975586,-0.20544829410973636,-2.136219855403155,-9.359726901233195,-0.09854136175478656,-0.002791311591863632,-0.0002913624048233032,2.000616622214764,-0.00021529197692871094
1746728752228054800,9.2250546875,-0.22439163151982797,-0.01489495299756527,-0.11435180559820929,-0.003056412562727928,0.040875213550186265,0.9876955944872544,0.059493288691621106,left,-0.0002957582473754883,-0.20544829410973636,-2.136219855403155,-9.359726901233195,-0.09854136175478656,-0.010661552660167217,-0.001265496015548706,2.000616622214764,0.00037992000579833984
1746728752268054800,9.2650546875,-0.22466180735862137,-0.013270203024148941,-0.11445038003416941,0.0024583935737609863,0.04052820117047416,0.9876783826708926,0.0587275133193837,left,-0.001666426658630371,-0.20577741167659488,-2.1386017821036276,-9.35850641952753,-0.09874231284437014,-0.010336543433368206,-0.0029283761978149414,2.003776255289465,0.002074897289276123
1746728752308055000,9.305054931640624,-0.22451719363629039,-0.005003367550671101,-0.11435563745612601,0.011279184371232986,0.040282611576672005,0.9876882611403391,0.05822681002280685,left,-0.0013998746871948242,-0.2059402066707074,-2.1371756948232647,-9.358497651699185,-0.09885431957364992,-0.006200161762535572,-0.0024441778659820557,2.005338974561542,0.0024704188108444214
1746728752348054800,9.3450546875,-0.22451719363629039,-0.00004594912752509117,-0.11435563745612601,0.01525416225194931,0.040282611576672005,0.9876882611403391,0.05822681002280685,left,-0.0010761022567749023,-0.2059402066707074,-2.1371756948232647,-9.358497651699185,-0.09885431957364992,-0.007658244576305151,-0.000814780592918396,2.005338974561542,0.0011032670736312866
1746728752388054800,9.3850546875,-0.2237929744485134,-0.00604074215516448,-0.11399010238429318,0.015426014550030231,0.04015384521828363,0.9877107093987109,0.0579896238674866,left,-0.0007134079933166504,-0.2063874685754987,-2.130198257026076,-9.359167513784765,-0.09910346023388573,-0.0075273350812494755,0.0004857480525970459,2.00963228784129,-0.00013193488121032715
1746728752428054800,9.4250546875,-0.2232412618586574,-0.01802729442715645,-0.11369031246981838,0.01499758381396532,0.039841615644260774,0.9877322875420174,0.05736660012291811,left,-0.000265657901763916,-0.20681060646740593,-2.1248459362126884,-9.359511212655901,-0.09935906238056878,-0.010387529619038105,0.0007064640522003174,2.0136935459308325,-0.00022110342979431152
1746728752468054800,9.4650546875,-0.2228724242425374,-0.008251801133155823,-0.11347512509595219,0.006577079184353352,0.039492097459602776,0.9877613853204624,0.05668513306308956,left,0.0013988018035888672,-0.20691023799157607,-2.121349326268583,-9.360098657155037,-0.0994543258968102,-0.002886790782213211,0.00012786686420440674,2.0146498237423596,0.0007091909646987915
1746728752508054800,9.5050546875,-0.22250372774620875,0.0015236921608448029,-0.1132599377220858,-0.0018434254452586174,0.039142537299284935,0.9877904407815622,0.056003621634264755,left,0.0030629634857177734,-0.20701017201518226,-2.1178537392377854,-9.360683763566612,-0.09954958941305476,0.004613947123289108,-0.00045062601566314697,2.015608878032863,0.0016391873359680176
1746728752548055000,9.545054931640625,-0.22196669841939215,0.016830652952194214,-0.11300762002569686,0.01719333976507187,0.03924790135821709,0.9878226047054517,0.056285964148573564,left,-0.004087090492248535,-0.20687306346332904,-2.112887349002063,-9.36208953871131,-0.09947637375059959,0.0044425963424146175,0.0015757083892822266,2.0142929731287063,0.0017071068286895752
1746728752588054800,9.5850546875,-0.22122368673084566,0.014649474062025547,-0.11267284945025391,0.008443435654044151,0.03951736459024258,0.98782900752937,0.0568567413441508,left,-0.0011064410209655762,-0.20733168370655544,-2.1057276865057646,-9.362754140099883,-0.09968546953298692,-0.011868862435221672,0.0013724267482757568,2.018694422958046,-0.00013500452041625977
1746728752628054800,9.6250546875,-0.22084067888421421,0.0038378695026040077,-0.11247487603420954,0.004800782538950443,0.03939514829314424,0.987826404765401,0.05658802845496357,left,0.0008518099784851074,-0.2078867427991034,-2.1018957071274516,-9.362465386286377,-0.09998248439264838,-0.008503048680722713,0.0008631795644760132,2.024020878677815,0.0016639083623886108
1746728752668054800,9.6650546875,-0.22045777983362438,-0.006973734125494957,-0.11227689080183909,0.0011581296566873789,0.039272932679416755,0.9878236334154209,0.056319510001853104,left,0.002809584140777588,-0.20844190858312886,-2.0980646045319733,-9.362171371775865,-0.10027948998471958,-0.005137234926223755,0.00035403668880462646,2.029347626658529,0.003462746739387512
1746728752864580000,9.861580078125,-0.22096703478429536,0.012700285762548447,-0.1125710495236638,0.0025121509097516537,0.03969082204171627,0.9877300747142672,0.05701008517417243,left,-0.00288591836579144,-0.20940358512342191,-2.1024033643886444,-9.359193232747911,-0.10070589158067435,-0.007580168079584837,-0.0013699254486709833,2.0385732817739246,-0.002450966974720359
1746728752904451000,9.901451171875,-0.22096777874297954,0.0015878994017839432,-0.112589017327623,-0.004081870894879103,0.03984427545357142,0.9876896032422026,0.05724882745773658,left,0.00052347790915519,-0.21006960699922203,-2.1021122724875805,-9.357865199014544,-0.10102157643666317,-0.018318943679332733,-0.0016747340559959412,2.0449616676367817,-0.0016258170362561941
1746728752944451000,9.941451171875,-0.22062364597948939,0.0039649768732488155,-0.11240526951063258,0.0052656750194728374,0.039679555661861564,0.9876917172617106,0.0569019571540911,left,-0.0007618069648742676,-0.2105198758535768,-2.098690042953938,-9.357688673403858,-0.10127043718035773,-0.013510367833077908,0.00009019672870635986,2.049279969227314,0.0014387071132659912
1746728753103764000,10.100763916015625,-0.21900113675741775,0.0175922978669405,-0.11174196477896706,-0.012106440030038357,0.0408902406858361,0.9876484505849287,0.05935179156302459,left,0.0006225670222193003,-0.21209184241521073,-2.0828020073398945,-9.357925404769182,-0.10194265835520949,0.0013071722351014614,0.0036578683648258448,2.0643528890661895,-0.0012211458524689078
1746728753143634700,10.140634765625,-0.21926205278997185,0.005018917378038168,-0.11189533381726609,-0.005557839293032885,0.04114367163003025,0.9876276877809571,0.05984592585192891,left,0.0004669252666644752,-0.21201835778090414,-2.0852765807598828,-9.357529683449863,-0.10187336936306203,0.00354759581387043,0.0027434013318270445,2.0636483940586445,-0.0009158593602478504
1746728753183634700,10.180634765625,-0.21964233463780833,0.003587391460314393,-0.11208905576832465,-0.01017127837985754,0.041230364803394065,0.9876181767524757,0.060012199702633176,left,0.00023108720779418945,-0.21173895520608524,-2.08896038383916,-9.357298212781547,-0.10171815138782274,0.0064362091943621635,0.000928729772567749,2.0609696763686833,-0.00177079439163208
1746728753223634700,10.220634765625,-0.2201954887069628,0.00634255725890398,-0.11237569742525091,-0.01333744265139103,0.041399926590217816,0.9875964839210157,0.060330333995749226,left,-0.000003337860107421875,-0.21144350511795307,-2.0942690116412934,-9.35673531820178,-0.1015428805284538,0.0035091640893369913,-0.0005933642387390137,2.05813693716079,-0.0017483383417129517
1746728753263634700,10.260634765625,-0.22074870848176262,0.009097723290324211,-0.11266232858826833,-0.016503605991601944,0.04156953103607239,0.9875746648208901,0.060648712830449626,left,-0.00023818016052246094,-0.21114824953665876,-2.099577931704372,-9.356167747446895,-0.1013675990897521,0.0005821189843118191,-0.002115413546562195,2.055305805388093,-0.0017260760068893433
1746728753303634700,10.300634765625,-0.22131991145546775,0.005688115023076534,-0.11295550875940517,-0.007610755041241646,0.04170272033067006,0.9875320459933197,0.060847276488546605,left,0.00014770030975341797,-0.21126452419118635,-2.1048694622412323,-9.354733915251494,-0.10140196129906104,-0.01023431122303009,-0.0014525502920150757,2.05642078089267,-0.0003546774387359619
1746728753343635000,10.340635009765625,-0.22146962979446325,0.009860489517450333,-0.11304546440049731,0.005692797712981701,0.041854199459324594,0.9875003331307987,0.06110294797074201,left,-0.0016398429870605469,-0.21159550078566144,-2.1061203390851615,-9.353753672042489,-0.10154792934650542,-0.01265101507306099,-0.0024632811546325684,2.0595941502317787,0.0017337948083877563
1746728753383634700,10.380634765625,-0.2216193360973433,0.014032863080501556,-0.11313543053550126,0.018996350467205048,0.0420056362706337,0.9874686622439383,0.0613585071028761,left,-0.003427565097808838,-0.21192655893818876,-2.107370631407201,-9.352772844311595,-0.10169390797328591,-0.015067718923091888,-0.003474101424217224,2.062768250223249,0.003822222352027893
1746728753423634700,10.420634765625,-0.22129596773960156,0.008865639567375183,-0.11299960351149299,0.017892202362418175,0.04219217242204525,0.9874392831411931,0.061688799384623336,left,-0.0028045177459716797,-0.21267583381626037,-2.10400641567111,-9.351943407750129,-0.10205224997323596,-0.01971365138888359,-0.0016860365867614746,2.069951147464663,0.00298425555229187
1746728753463634700,10.460634765625,-0.2206010551226119,0.006444147322326899,-0.11266510424823334,0.013004417531192303,0.0422186114058101,0.9874465553355691,0.061753928169421254,left,-0.0004786252975463867,-0.21323626173402094,-2.097252849757671,-9.352269570964575,-0.10234014038661753,-0.012082825414836407,-0.0008875280618667603,2.0753229036308825,0.003371715545654297
1746728753503634700,10.500634765625,-0.2199060017872909,0.004022655077278614,-0.1123305725114217,0.00811663269996643,0.04224500909728592,0.9874536166265871,0.061819399217482855,left,0.0018465518951416016,-0.21379661128710212,-2.090498114800453,-9.352588719916342,-0.10262800004580452,-0.004451998043805361,-0.00008912384510040283,2.0806933446228504,0.0037593096494674683
1746728753543634700,10.540634765625,-0.2196358429539624,0.0008210984524339437,-0.11219697585145423,0.004398621618747711,0.042221303295970736,0.9874583253140449,0.06177717873142387,left,0.002145707607269287,-0.2140049860665714,-2.087876826386154,-9.352730174213647,-0.10273902575410933,-0.0029608681797981262,0.00024242699146270752,2.082690217528492,0.0038629770278930664
1746728753583635000,10.580635009765626,-0.2196358429539624,-0.0023804581724107265,-0.11219697585145423,0.0006806105375289917,0.042221303295970736,0.9874583253140449,0.06177717873142387,left,0.0024304986000061035,-0.2140049860665714,-2.087876826386154,-9.352730174213647,-0.10273902575410933,-0.001469738082960248,0.0008412599563598633,2.082690217528492,0.004170268774032593
1746728753623634700,10.620634765625,-0.2196358429539624,0.0023584123700857162,-0.11219697585145423,-0.0003621213836595416,0.042221303295970736,0.9874583253140449,0.06177717873142387,left,-0.0012589693069458008,-0.2140049860665714,-2.087876826386154,-9.352730174213647,-0.10273902575410933,0.008037877269089222,0.0014761090278625488,2.082690217528492,0.003666788339614868
1746728753663634700,10.660634765625,-0.2196358429539624,0.00613863579928875,-0.11219697585145423,0.0024916636757552624,0.042221303295970736,0.9874583253140449,0.06177717873142387,left,0.00135880708694458,-0.2140049860665714,-2.087876826386154,-9.352730174213647,-0.10273902575410933,0.009303182363510132,0.0009650886058807373,2.082690217528492,0.002369433641433716
1746728753703634700,10.700634765625,-0.2196358429539624,-0.004654320888221264,-0.11219697585145423,-0.0001996725331991911,0.042221303295970736,0.9874583253140449,0.06177717873142387,left,0.000012636184692382812,-0.2140049860665714,-2.087876826386154,-9.352730174213647,-0.10273902575410933,0.0013539334759116173,0.0011306554079055786,2.082690217528492,0.0013979822397232056
1746728753743634700,10.740634765625,-0.2196358429539624,-0.015447278507053852,-0.11219697585145423,-0.0028910087421536446,0.042221303295970736,0.9874583253140449,0.06177717873142387,left,-0.001333475112915039,-0.2140049860665714,-2.087876826386154,-9.352730174213647,-0.10273902575410933,-0.006595315411686897,0.0012962371110916138,2.082690217528492,0.00042654573917388916
1746728753783634700,10.780634765625,-0.21968253775038615,-0.02490614727139473,-0.11217908734460867,0.0023231273517012596,0.04182722969037036,0.9874680655180423,0.060964813139673675,left,-0.0015380382537841797,-0.21409246646454075,-2.0882738628797233,-9.352454864403605,-0.10282682949900235,-0.0075774965807795525,0.0020686984062194824,2.083528568048775,0.0008511543273925781
1746728753823635000,10.820635009765626,-0.21957279266993449,-0.021259337663650513,-0.11207598594239046,0.006125514395534992,0.04135627119350557,0.987500675016201,0.06003659832505481,left,-0.0013661384582519531,-0.21395954852708202,-2.087307648196071,-9.352954046097397,-0.1028154875621689,0.003853444941341877,0.0020322948694229126,2.0822547487206755,0.0015700459480285645
1746728753863635000,10.860635009765625,-0.2194717429965494,-0.003985563293099403,-0.1119994204421259,-0.0022706259042024612,0.04111043026225101,0.9875413620543833,0.059600192686140654,left,0.0014991164207458496,-0.21348327287513777,-2.086578311008215,-9.354131857705116,-0.10260668359460103,0.013032549992203712,0.0031856000423431396,2.0776903634145856,0.0003982633352279663
1746728753903634700,10.900634765625,-0.21965475219456693,0.020920323207974434,-0.11210879111131931,-0.016851160675287247,0.04130843354984694,0.9875320071947669,0.06000002432628096,left,0.001864016056060791,-0.21331677782226086,-2.0883654866859316,-9.354086849519609,-0.10249823800179073,-0.0006942357867956161,0.0024143606424331665,2.076094618655741,0.0017799437046051025
1746728753943634700,10.940634765625,-0.22027797275935593,0.033792443573474884,-0.1124764159590406,-0.03009045124053955,0.041893814471330865,0.9874387902461795,0.06104943634209101,left,0.0009782910346984863,-0.21398283035281865,-2.093892141152918,-9.351432535618542,-0.10275545034741994,-0.018178367987275124,0.0011859536170959473,2.0824778899520635,-0.000655442476272583
1746728753983634700,10.980634765625,-0.22131510544844993,0.022449718788266182,-0.11304625565036852,-0.030836399644613266,0.04246410851649728,0.9873035335502915,0.061984569238588534,left,-0.001377403736114502,-0.21502281766204967,-2.1031131200931963,-9.347137468773125,-0.10319465934404719,-0.016343528404831886,0.000029087066650390625,2.092442965257913,-0.0012640953063964844
1746728754023634700,11.020634765625,-0.22236014016107933,0.0026438962668180466,-0.11358646479630803,-0.02696889266371727,0.04273544063201244,0.9872127946940273,0.06237956084637117,left,-0.0016129612922668457,-0.21544255916008073,-2.1126861273415387,-9.344077496680617,-0.1033573729479396,0.0013918839395046234,-0.0015288889408111572,2.0964641835980116,-0.0008474886417388916
1746728754063634700,11.060634765625,-0.22330245388029338,-0.00710681825876236,-0.11404228252303425,-0.019961116835474968,0.042709429706539216,0.9871831019344467,0.06227092481464947,left,-0.0023227334022521973,-0.21504992860572594,-2.1216724207431077,-9.342884487503767,-0.1031494790616719,0.014940300956368446,-0.003310859203338623,2.092702639107406,0.0008339881896972656
1746728754103635000,11.100635009765625,-0.2238416676815026,-0.005775046069175005,-0.1142937872836466,-0.010118878446519375,0.0426293065134966,0.9872042300650103,0.062150252832551746,left,-0.0020665526390075684,-0.21415155844661027,-2.1271263022348283,-9.3435683781147,-0.10270109683715078,0.024762336164712906,-0.0031336992979049683,2.084094823629409,0.0001583695411682129
1746728754143634700,11.140634765625,-0.22379859913319486,-0.002596162958070636,-0.1142774290742914,-0.0021066730841994286,0.042698292142728425,0.9872377216772122,0.06236541888688069,left,0.000567018985748291,-0.2135012841290252,-2.127024303165078,-9.344979413956404,-0.10236849376513937,0.01613905280828476,-0.0026315301656723022,2.0778629435025153,-0.001706823706626892
1746728754183634700,11.180634765625,-0.22375568785758132,0.0005827206186950207,-0.11426105904860696,0.005905533209443092,0.042767236137985866,0.9872710866790628,0.062580449851476,left,0.003200232982635498,-0.2128509953477497,-2.126922596356273,-9.346386358144878,-0.10203588142553749,0.0075157685205340385,-0.0021293312311172485,2.0716301865927873,-0.0035718828439712524
1746728754223634700,11.220634765625,-0.22375568785758132,-0.002661181380972266,-0.11426105904860696,0.018714740872383118,0.042767236137985866,0.9872710866790628,0.062580449851476,left,-0.005910158157348633,-0.2128509953477497,-2.126922596356273,-9.346386358144878,-0.10203588142553749,0.003925700671970844,0.0003685504198074341,2.0716301865927873,-0.00515197217464447
1746728754263634700,11.260634765625,-0.22284188027891025,-0.022203730419278145,-0.11376732448184625,0.01871943101286888,0.04230910297323255,0.9873421863960352,0.06174972981438412,left,-0.004128932952880859,-0.21282458240057645,-2.118392960681021,-9.34837899326682,-0.10208963487667425,-0.006161844357848167,0.0014234930276870728,2.071376942484081,-0.004271835088729858
1746728754303634700,11.300634765625,-0.2219280938852954,-0.04174627736210823,-0.11327354529460322,0.018724123015999794,0.041850929199561016,0.9874129066236385,0.060918950921044206,left,-0.0023487210273742676,-0.2127989381644239,-2.109861425309628,-9.350362860560416,-0.10214334863396103,-0.016249388456344604,0.0024782121181488037,2.0711311510294674,-0.0033923983573913574
1746728754343635000,11.340635009765625,-0.2212727890641959,-0.05246178060770035,-0.11285578336907039,0.02417246624827385,0.04090242814195345,0.9874803748808813,0.059049188231722165,left,-0.000030159950256347656,-0.21295159906415262,-2.1036641781046987,-9.351434873706102,-0.10233802956749388,-0.018982037901878357,0.0022736787796020508,2.072594501580298,0.0022413134574890137
1746728754383634700,11.380634765625,-0.2205702400587475,-0.033960774540901184,-0.11241707974771915,0.02376321516931057,0.03998258323463518,0.9875592125930999,0.05726540819735997,left,0.0009388923645019531,-0.21289298353644528,-2.0971204555496574,-9.353028864899278,-0.10242373207671658,-0.002192283049225807,-0.00019566714763641357,2.0720326299138367,0.007624790072441101
1746728754423634700,11.420634765625,-0.21977308369682189,-0.0009066127240657806,-0.1119938461960871,0.015968531370162964,0.03966692637139435,0.9876360739431227,0.056752106909981156,left,0.0012034177780151367,-0.21249006119003105,-2.0898457883715627,-9.355511913886666,-0.10226930238408849,0.012306397780776024,0.000003129243850708008,2.0681704015277327,0.010870784521102905
1746728754578963200,11.575963134765624,-0.21907861769610754,0.024769067764282227,-0.11189484306707828,-0.01304878294467926,0.04196897735445309,0.9875496048289344,0.061427255064266516,left,0.0015173305291682482,-0.21303848833635677,-2.0831014286778866,-9.355852105626463,-0.10229280800168603,0.04774331673979759,0.0002680647885426879,2.0734272991426286,-0.0015473266830667853
1746728754618963200,11.615963134765625,-0.21918748590617682,0.008260529488325119,-0.11196931385503263,-0.01033088844269514,0.04225107284173755,0.9876317130401092,0.06219255687264851,left,-0.0007994771003723145,-0.2111159315840343,-2.0849828585103154,-9.359498937696218,-0.1012976474409791,0.04622902721166611,0.00032660365104675293,2.0549958626560865,-0.004120379686355591
1746728754658963500,11.65596337890625,-0.2193216223172648,0.00025398842990398407,-0.11203671080318073,-0.006561894901096821,0.04233692777897619,0.987704217024658,0.0625254141735735,left,-0.0020339488983154297,-0.20949908964310493,-2.0869583963669833,-9.362450188717245,-0.10047713890994064,0.029470812529325485,0.0001163184642791748,2.0394895198360086,-0.004593119025230408
1746728754698963500,11.69596337890625,-0.21939045619345215,-0.008519059047102928,-0.112056245405885,-0.002144560217857361,0.042236680963575024,0.9877509312172781,0.06241148574835092,left,-0.002151668071746826,-0.20860056612176264,-2.0880008911572396,-9.364091526183486,-0.1000379916389525,0.009135004132986069,0.00054951012134552,2.030869721659273,-0.006107687950134277
1746728754738963500,11.73596337890625,-0.21949357850463733,-0.016481880098581314,-0.11207679472785233,-0.005752519238740206,0.04195550803953319,0.9877739418090187,0.06186635424277857,left,0.000803828239440918,-0.20827693118185042,-2.08910943692103,-9.364517058119178,-0.0999064110592763,-0.0033549973741173744,0.00015978515148162842,2.0277647413812576,-0.005562588572502136
1746728754778963200,11.775963134765625,-0.2199429471174313,-0.01869131810963154,-0.11225543364718477,-0.008809667080640793,0.041547899521748304,0.9877642815921075,0.06099017412101902,left,0.00005459785461425781,-0.20832729301897626,-2.0932950520426035,-9.363477193677426,-0.09997106524548353,-0.012386452406644821,0.0002422630786895752,2.0282478487230837,-0.0024419426918029785
1746728754818963200,11.815963134765624,-0.22063023131450002,-0.010937580838799477,-0.11257221678537452,-0.012590581551194191,0.04134649166554886,0.9877193370813707,0.060478508720884686,left,-0.0004744529724121094,-0.20864594967601852,-2.0995884530983866,-9.361405648100376,-0.10014305997673434,-0.010022919625043869,-0.00022308528423309326,2.0313051904670893,-0.0019821077585220337
1746728754858963200,11.855963134765625,-0.22131766148759224,-0.003183844033628702,-0.11288896711941417,-0.01637149602174759,0.04114508517609086,0.9876740553986108,0.05996659364897315,left,-0.0010039806365966797,-0.20896420230539506,-2.1058812696322797,-9.359328841826319,-0.10031502428172889,-0.007659385912120342,-0.0006884932518005371,2.034358440557867,-0.001521870493888855
1746728754898963200,11.895963134765625,-0.2220311240010879,-0.0002540335990488529,-0.11323248664725066,-0.01525244489312172,0.041088117309460666,0.9876287269935121,0.059759955409308035,left,-0.0012354254722595215,-0.209137853518505,-2.112480375636369,-9.35747941456735,-0.10039784777188437,-0.0021657049655914307,-0.0027159303426742554,2.036024327943474,-0.0003254413604736328
1746728754938963500,11.93596337890625,-0.22260208140787943,0.00934535451233387,-0.11352106634569344,-0.013975080102682114,0.041177888873145045,0.9875876180582556,0.05987046340715962,left,-0.0021196603775024414,-0.2092598733819238,-2.1177679606504736,-9.356029215759039,-0.10044013147087491,-0.0016589625738561153,-0.0036308765411376953,2.0371948330275713,0.0017167925834655762
1746728755097318400,12.094318359375,-0.22160455914114363,-0.006979026366025209,-0.11313443272112607,0.026362193748354912,0.042122596356896976,0.9875410394316174,0.06175685253931219,left,0.0054536545649170876,-0.21044594958547336,-2.1079013772830364,-9.355773195171356,-0.10094010858116606,-0.00044014083687216043,-0.0008373461896553636,2.0485710903055963,0.0002721729688346386
1746728755137190700,12.134190673828124,-0.2213240943628682,-0.01247796043753624,-0.11297015666032632,0.016638359054923058,0.041877668590075676,0.9875955965938932,0.06135001345133016,left,-0.006350142881274223,-0.20988517294664244,-2.105529241324216,-9.357483506220579,-0.10069189311271351,0.02436429262161255,0.0037900840397924185,2.043192758268118,-0.0012560754548758268
1746728755177190700,12.174190673828125,-0.22042788139182118,-0.000764165073633194,-0.11255066951434897,0.010555198416113853,0.042058736267190935,0.9876363703799136,0.061807669777608855,left,-0.003209412097930908,-0.209888854305051,-2.097140475424379,-9.359359236964583,-0.1006867116006117,0.013364854268729687,0.003140583634376526,2.0432279757119716,-0.0005570054054260254
1746728755217190400,12.2141904296875,-0.21953163473215712,0.010949631221592426,-0.11213114890301021,0.004472037777304649,0.04223984694502246,0.9876769336042615,0.06226543825352948,left,-0.0000693202018737793,-0.2098921276544163,-2.088749955958873,-9.3612285379678,-0.10068150031811689,0.00236541498452425,0.0024909228086471558,2.043259393763542,0.0001424551010131836
1746728755257190700,12.254190673828125,-0.21937151388720488,0.012758499942719936,-0.11209404897566694,-0.00026540597900748253,0.04262657692252094,0.9876488717575075,0.06302323612328216,left,-0.0006801486015319824,-0.21028181256835615,-2.087077492702007,-9.360784885853528,-0.10083499686068638,-0.00044094701297581196,0.0018484443426132202,2.046996826726198,-0.000700533390045166
1746728755297190700,12.294190673828124,-0.21921104884759432,0.014567368663847446,-0.11205691624416747,-0.005002849269658327,0.04301326560773044,0.9876205990073958,0.06378109429530042,left,-0.0012909770011901855,-0.21067133622108788,-2.085401814574748,-9.360340649217367,-0.10098846297699612,-0.0032473092433065176,0.00120563805103302,2.050732506123185,-0.0015433579683303833
1746728755337190700,12.334190673828125,-0.21917792505556666,0.010492963716387749,-0.11207388919062482,-0.005304145161062479,0.04331929921085513,0.9875887118394548,0.06436239223925556,left,-0.0003739595413208008,-0.2110635080946321,-2.0849168075367808,-9.359624025380612,-0.10115040729057453,-0.0041629597544670105,-0.000027760863304138184,2.054493173830956,-0.0009236186742782593
1746728755377190700,12.374190673828124,-0.21932242867729498,0.0028061443008482456,-0.11215994845037132,-0.00012008845806121826,0.043458409766177396,0.9875617957661922,0.06460236738668453,left,-0.0038968920707702637,-0.21131606914385861,-2.086156286203861,-9.358816216129064,-0.10125862002364483,-0.0029268977232277393,0.001362532377243042,2.0569149941504,0.00019356608390808105
1746728755417190700,12.414190673828125,-0.21932242867729498,-0.003384203650057316,-0.11215994845037132,0.004952483810484409,0.043458409766177396,0.9875617957661922,0.06460236738668453,left,-0.0004398226737976074,-0.21131606914385861,-2.086156286203861,-9.358816216129064,-0.10125862002364483,-0.0031854365952312946,-0.00027664005756378174,2.0569149941504,0.00241813063621521
1746728755575776000,12.57277587890625,-0.21819442083486223,0.0129053620621562,-0.11162246070264253,0.008561828173696995,0.043567702869026205,0.9875916575238686,0.06488651481828656,left,-0.0006791196647100151,-0.21181392377957836,-2.0753762412533163,-9.360162370041012,-0.10151329222280898,0.004833299666643143,0.0007602669065818191,2.061688346032053,0.0019311035284772515
1746728755615647200,12.612647216796875,-0.21772205645901685,0.018044283613562584,-0.11142430944009828,0.0068244063295423985,0.043880409425764454,0.98759798275067,0.0655578864209256,left,0.0006842939183115959,-0.21191260551070798,-2.0709106401465833,-9.360942706763744,-0.10153494620782104,0.0012928879586979747,0.0005509303882718086,2.062634540840983,0.001999146770685911
1746728755655647200,12.652647216796876,-0.2175131772438386,0.012408288195729256,-0.11135839923005433,0.00028613256290555,0.04421333791571731,0.9875752662458323,0.06621485995549983,left,0.00007677078247070312,-0.21227893876510467,-2.068792040557414,-9.360637001815437,-0.10168398447797795,-0.0009768415475264192,0.0006763041019439697,2.0661464944846926,0.000497475266456604
1746728755695647200,12.692647216796875,-0.2173976844624566,0.009074000641703606,-0.11132594164873319,0.00260520470328629,0.04443181763496929,0.9875572699227977,0.06664011307892953,left,-0.0006476640701293945,-0.2125544154168039,-2.0675880715951322,-9.360319606429337,-0.10179900068621053,0.0008904999122023582,0.0002221614122390747,2.068787218251824,-0.00044493377208709717
1746728755735647200,12.732647216796876,-0.21726621960523623,0.00840731244534254,-0.11128368724064808,-0.00011567655019462109,0.04464160760270035,0.9875515032047633,0.06707181125670439,left,-0.0006652474403381348,-0.21261808909069302,-2.0663291575752196,-9.360462814292312,-0.10180936817342218,0.002456843387335539,0.00005310773849487305,2.0693976052351295,-0.0005678534507751465
1746728755775647500,12.7726474609375,-0.21725025194141076,0.008330032229423523,-0.11129785639740254,-0.0008191535016521811,0.044856965004815015,0.987544747521673,0.06751401853947583,left,-0.0007233023643493652,-0.2125761929942725,-2.0661983708024025,-9.360580303192139,-0.10176441832397581,0.0009174877777695656,-0.0003098398447036743,2.068996038696915,-0.000506088137626648
1746728755815647500,12.8126474609375,-0.21723432190848047,0.008252752013504505,-0.11131201506023905,-0.0015226304531097412,0.04507232206524442,0.9875380761315871,0.06795623919440733,left,-0.0007813572883605957,-0.21253430612769447,-2.06606787629053,-9.360697792091965,-0.10171945789518978,-0.0006218678317964077,-0.0006727427244186401,2.0685944721587,-0.00044433772563934326
1746728755855647200,12.852647216796875,-0.21723432190848047,-0.0020379824563860893,-0.11131201506023905,-0.006730914115905762,0.04507232206524442,0.9875380761315871,0.06795623919440733,left,0.00037229061126708984,-0.21253430612769447,-2.06606787629053,-9.360697792091965,-0.10171945789518978,-0.005252290517091751,-0.00020708143711090088,2.0685944721587,-0.0019567906856536865
1746728755895647200,12.892647216796876,-0.21723432190848047,-0.012328716926276684,-0.11131201506023905,-0.011939197778701782,0.04507232206524442,0.9875380761315871,0.06795623919440733,left,0.0015259385108947754,-0.21253430612769447,-2.06606787629053,-9.360697792091965,-0.10171945789518978,-0.009882712736725807,0.0002585798501968384,2.0685944721587,-0.00346924364566803
1746728755935647200,12.932647216796875,-0.21733065499421786,-0.01911943405866623,-0.11132507287660158,0.012836780399084091,0.04472623002618896,0.9875329642873311,0.06721365561191311,left,-0.003210783004760742,-0.21283504359483207,-2.0668354996621607,-9.359891151884197,-0.10190723971339767,-0.014395652338862419,0.0003379732370376587,2.0714773341186343,0.00007414817810058594
1746728755975647200,12.972647216796876,-0.21710404564678693,-0.016154497861862183,-0.11117432239079979,0.006462741177529097,0.044313587080495195,0.9875383723564277,0.06635034288097418,left,0.0003458261489868164,-0.21331870159564903,-2.064498288886249,-9.359379695230722,-0.10219930602098713,-0.018601175397634506,-0.0004165768623352051,2.0761130310952662,0.0024490058422088623
1746728756015647200,13.012647216796875,-0.21697316937687058,-0.007109940983355045,-0.11108057954894421,0.007764562964439392,0.04400289161863976,0.9875350055865455,0.06568604505356263,left,0.0008703470230102539,-0.21377974419691584,-2.0630670870393515,-9.35871392479837,-0.1024669374208922,-0.01623157225549221,0.0012469291687011719,2.080531724320352,0.005906835198402405
1746728756055647500,13.0526474609375,-0.21695014231877605,0.00329733919352293,-0.11109041949778806,-0.0001622624695301056,0.04418420466762314,0.9875048466611386,0.06600886326112344,left,0.0002944469451904297,-0.2142235682259278,-2.0626526610195635,-9.357858769273758,-0.10266882515886154,-0.009642223827540874,0.000921100378036499,2.084784851720184,0.005108579993247986
1746728756095647200,13.092647216796875,-0.2169269588124608,0.013704618439078331,-0.11110024862211579,-0.008089087903499603,0.04436556003395185,0.9874746457600708,0.06633181961789002,left,-0.0002816319465637207,-0.21466739657162318,-2.062236335303634,-9.357001860183477,-0.10287070264542957,-0.003052876330912113,0.0005950629711151123,2.0890375407285986,0.004310354590415955
1746728756135647200,13.132647216796874,-0.2171330007155673,0.007274064235389233,-0.11122653141906612,-0.00871757697314024,0.04459827272531592,0.987439005314233,0.0667533642579097,left,-0.0011096596717834473,-0.21493603756024435,-2.064043238595128,-9.356028631237148,-0.10297543170319239,0.0006951612886041403,0.0006835460662841797,2.091611482869834,0.003247469663619995
1746728756175647200,13.172647216796875,-0.21733897432197782,0.0008435100317001343,-0.11135281421601628,-0.009346066042780876,0.044830943441020045,0.9874033225510499,0.06717479917558039,left,-0.0019378066062927246,-0.21520478084870012,-2.065848972842842,-9.35505423324704,-0.10308016076095836,0.004443198908120394,0.0007719099521636963,2.094186301793903,0.0021844953298568726
1746728756215647200,13.212647216796874,-0.21733897432197782,-0.0031404863111674786,-0.11135281421601628,0.002062634564936161,0.044830943441020045,0.9874033225510499,0.06717479917558039,left,-0.0009654760360717773,-0.21520478084870012,-2.065848972842842,-9.35505423324704,-0.10308016076095836,0.009256631135940552,0.0006132572889328003,2.094186301793903,0.0016427189111709595
1746728756255647200,13.252647216796875,-0.21733897432197782,-0.005092497915029526,-0.11135281421601628,-0.0004646242596209049,0.044830943441020045,0.9874033225510499,0.06717479917558039,left,-0.0009153485298156738,-0.21520478084870012,-2.065848972842842,-9.35505423324704,-0.10308016076095836,0.008904343470931053,0.0005171000957489014,2.094186301793903,0.000738784670829773
1746728756295647500,13.2926474609375,-0.21724577681974294,-0.0019874514546245337,-0.11129860988501271,-0.0011690129758790135,0.044772686904532004,0.9874367620032719,0.06711815776536824,left,-0.00009191036224365234,-0.21471530781413734,-2.0651978154577315,-9.356246657902002,-0.10284355125428006,0.007143472321331501,0.00030940771102905273,2.0894966826729475,0.0007131099700927734
1746728756335647200,13.332647216796875,-0.21724577681974294,0.004543710500001907,-0.11129860988501271,-0.00422820495441556,0.044772686904532004,0.9874367620032719,0.06711815776536824,left,-0.0005483031272888184,-0.21471530781413734,-2.0651978154577315,-9.356246657902002,-0.10284355125428006,0.009908678010106087,-0.0002397596836090088,2.0894966826729475,0.0004161447286605835
1746728756375647200,13.372647216796874,-0.21729705914951772,0.009724194183945656,-0.11134412240285955,-0.003992076963186264,0.04499575888321937,0.9874503946786586,0.06761775506870783,left,-0.0012401938438415527,-0.21421177726996854,-2.065904210161418,-9.35716669535637,-0.10256579045703214,0.006088580936193466,0.000858113169670105,2.084671892865002,0.00100630521774292
1746728756415647200,13.412647216796875,-0.21729705914951772,0.008923007175326347,-0.11134412240285955,-0.003070229198783636,0.04499575888321937,0.9874503946786586,0.06761775506870783,left,-0.0006322860717773438,-0.21421177726996854,-2.065904210161418,-9.35716669535637,-0.10256579045703214,0.0018325713463127613,0.00036728382110595703,2.084671892865002,0.00028505921363830566
1746728756455647200,13.452647216796874,-0.2174515919964975,0.003742476459592581,-0.11144416669878783,-0.006586592644453049,0.0452460548743974,0.9874439913551649,0.06813546642314311,left,0.00032407045364379883,-0.21395774642851434,-2.067464299084991,-9.357364263755082,-0.10240795400903814,0.0003522785846143961,0.00004719197750091553,2.08223750532493,0.001690000295639038
1746728756495647200,13.492647216796875,-0.21772132732981594,0.003049435093998909,-0.11158983395896854,-0.0054991403594613075,0.04538411427010699,0.9874268491659112,0.06839428917489068,left,-0.00043970346450805664,-0.21389002451029593,-2.0700186597429213,-9.356943992516397,-0.10235394442848905,-0.0019069621339440346,-0.0010077208280563354,2.0815885398969054,0.0022911280393600464
1746728756535647500,13.5326474609375,-0.21772132732981594,0.0010169551242142916,-0.11158983395896854,-0.0032508375588804483,0.04538411427010699,0.9874268491659112,0.06839428917489068,left,-0.0001728534698486328,-0.21389002451029593,-2.0700186597429213,-9.356943992516397,-0.10235394442848905,0.005469804164022207,-0.0009220689535140991,2.0815885398969054,0.0003810375928878784
1746728756575647200,13.572647216796875,-0.21772132732981594,0.0002029474126175046,-0.11158983395896854,-0.002489194506779313,0.04538411427010699,0.9874268491659112,0.06839428917489068,left,-0.00009721517562866211,-0.21389002451029593,-2.0700186597429213,-9.356943992516397,-0.10235394442848905,0.009966722689568996,-0.0006904006004333496,2.0815885398969054,-0.00013111531734466553
1746728756615647200,13.612647216796875,-0.2180009011501071,-0.0017130785854533315,-0.11173014074029683,-0.0012494075344875455,0.04544877377213725,0.9874358357296336,0.06855070654710722,left,-0.0007591843605041504,-0.2133755137651747,-2.072866011998057,-9.357409271940588,-0.102084641711692,0.007228237576782703,-0.0004487931728363037,2.076657659365982,-0.0007823556661605835
1746728756655647200,13.652647216796876,-0.2180009011501071,-0.004382195416837931,-0.11173014074029683,-0.00008845177944749594,0.04544877377213725,0.9874358357296336,0.06855070654710722,left,-0.0017310380935668945,-0.2133755137651747,-2.072866011998057,-9.357409271940588,-0.102084641711692,0.004223157651722431,-0.00019612908363342285,2.076657659365982,-0.002297148108482361
1746728756695647200,13.692647216796875,-0.21832112498929956,-0.010492445901036263,-0.11187051616317788,0.0019560703076422215,0.04532331769587387,0.9874526496798028,0.06832066924478261,left,-0.0020914077758789062,-0.21283603130787251,-2.076104701658338,-9.35783714196384,-0.10182366631402245,0.005200998857617378,0.0006264299154281616,2.0714866864688695,-0.0028577446937561035
1746728756735647200,13.732647216796876,-0.2187016747252389,-0.00792142003774643,-0.1120372499215902,-0.009470904245972633,0.045160676498058036,0.9874618528482868,0.06799706389456159,left,-0.0012709498405456543,-0.2124118357927736,-2.0798561631463466,-9.357903192937373,-0.10162356381043294,0.0038780136965215206,0.0004885345697402954,2.0674204599432646,-0.0025674104690551758
1746728756775647500,13.7726474609375,-0.2187016747252389,-0.0013580364175140858,-0.1120372499215902,0.01314740814268589,0.045160676498058036,0.9874618528482868,0.06799706389456159,left,-0.003580331802368164,-0.2124118357927736,-2.0798561631463466,-9.357903192937373,-0.10162356381043294,0.004029137082397938,0.0007216930389404297,2.0674204599432646,-0.0018098950386047363
1746728756815647500,13.8126474609375,-0.2187016747252389,-0.0016355623956769705,-0.1120372499215902,0.0012519285082817078,0.045160676498058036,0.9874618528482868,0.06799706389456159,left,-0.0010133981704711914,-0.2124118357927736,-2.0798561631463466,-9.357903192937373,-0.10162356381043294,-0.006174886599183083,0.0007857680320739746,2.0674204599432646,-0.0019016563892364502
1746728756855647200,13.852647216796875,-0.2185809492889042,-0.0032799900509417057,-0.11195745157609212,-0.00045258202590048313,0.044948396991714754,0.987468325977998,0.06755993939900667,left,0.0006988644599914551,-0.21259640057477186,-2.078643572486192,-9.357781612384318,-0.10174196636603107,-0.006251886952668428,0.0005852729082107544,2.0691898077033457,0.0007423758506774902
1746728756895647200,13.892647216796876,-0.21846037361096107,-0.004924417473375797,-0.11187766438571477,-0.002157092560082674,0.04473615911934591,0.9874749257180607,0.06712292105032057,left,0.0024109482765197754,-0.2127811021588423,-2.0774324431307614,-9.357658862787485,-0.1018603788450893,-0.006328887306153774,0.0003849118947982788,2.070960178376734,0.003386273980140686
1746728756935647200,13.932647216796875,-0.21846037361096107,-0.0014350868295878172,-0.11187766438571477,-0.001996054779738188,0.04473615911934591,0.9874749257180607,0.06712292105032057,left,0.0017230510711669922,-0.2127811021588423,-2.0774324431307614,-9.357658862787485,-0.1018603788450893,-0.0023561306297779083,-0.00027017295360565186,2.070960178376734,0.004092603921890259
1746728756975647200,13.972647216796876,-0.21846037361096107,0.0013396909926086664,-0.11187766438571477,-0.006106112617999315,0.04473615911934591,0.9874749257180607,0.06712292105032057,left,0.001792311668395996,-0.2127811021588423,-2.0774324431307614,-9.357658862787485,-0.1018603788450893,0.002254953607916832,-0.0009404569864273071,2.070960178376734,0.0036445707082748413
1746728757015647200,14.012647216796875,-0.21846037361096107,0.004114468581974506,-0.11187766438571477,-0.01021617092192173,0.04473615911934591,0.9874749257180607,0.06712292105032057,left,0.001861572265625,-0.2127811021588423,-2.0774324431307614,-9.357658862787485,-0.1018603788450893,0.006866037845611572,-0.0016107410192489624,2.070960178376734,0.00319652259349823
1746728757055647500,14.0526474609375,-0.21846037361096107,0.006159285549074411,-0.11187766438571477,-0.00027324259281158447,0.04473615911934591,0.9874749257180607,0.06712292105032057,left,0.0009109973907470703,-0.2127811021588423,-2.0774324431307614,-9.357658862787485,-0.1018603788450893,0.012872189283370972,-0.0008838772773742676,2.070960178376734,0.0020022541284561157
1746728757095647200,14.092647216796875,-0.2187715510454266,0.005096433684229851,-0.11205029073782567,-0.0037151621654629707,0.044958127529842344,0.9874696719827647,0.06758431600866294,left,0.0007867813110351562,-0.21236779438695924,-2.0805298246242105,-9.357847078835963,-0.10162334733183996,0.014438644051551819,-0.0010508447885513306,2.0669982890084384,-0.0007897317409515381
1746728757135647200,14.132647216796874,-0.2190416779466296,0.004229474347084761,-0.11219576338243194,-0.003704426111653447,0.04511343447323528,0.9874710180239199,0.06791820842354379,left,-0.0002541542053222656,-0.21192464596470728,-2.0832563269786535,-9.358177918225527,-0.10137958469101924,0.011733131483197212,-0.0011224299669265747,2.0627499839141965,-0.0011281818151474
1746728757175647200,14.172647216796875,-0.21931197695288476,0.0033625150099396706,-0.11234123602703822,-0.0036936900578439236,0.04526874141662811,0.9874723640650753,0.06825220597463279,left,-0.0012954473495483398,-0.21148163087930372,-2.0859842906378208,-9.35850525048375,-0.10113582205019851,0.009027617983520031,-0.0011938661336898804,2.0585024094723163,-0.0014667510986328125
1746728757215647200,14.212647216796874,-0.2194375051145671,0.00189610302913934,-0.11241541635391121,-0.002370391972362995,0.04541358373144694,0.9874767022851025,0.06856911485570424,left,-0.001696169376373291,-0.2111401030617932,-2.087312032110244,-9.358929028853774,-0.10094640504190397,0.006153743714094162,-0.0002699047327041626,2.0552276255853474,-0.00038580596446990967
1746728757255647200,14.252647216796875,-0.2194375051145671,-0.0019761505536735058,-0.11241541635391121,0.0036120587028563023,0.04541358373144694,0.9874767022851025,0.06856911485570424,left,-0.0011125802993774414,-0.2111401030617932,-2.087312032110244,-9.358929028853774,-0.10094640504190397,0.00044086528941988945,0.0003210306167602539,2.0552276255853474,-0.0008918941020965576
1746728757295647500,14.2926474609375,-0.2194375051145671,-0.004178007133305073,-0.11241541635391121,0.0021819043904542923,0.04541358373144694,0.9874767022851025,0.06856911485570424,left,-0.00010716915130615234,-0.2111401030617932,-2.087312032110244,-9.358929028853774,-0.10094640504190397,-0.0013105941470712423,0.0005026012659072876,2.0552276255853474,-0.0010616481304168701
1746728757449749800,14.446749755859376,-0.2188858797137601,-0.00019472872372716665,-0.11209690029999637,0.0018108244985342026,0.044938571218154776,0.9875320548293638,0.06767155275301087,left,0.00015564175555482507,-0.21106412660832954,-2.0821829986587166,-9.360231343623996,-0.10097170025683568,-0.009791073389351368,0.0009144670912064612,2.0544991651803253,-0.00030528646311722696
1746728757489622000,14.4866220703125,-0.2189516410842656,0.001361688831821084,-0.11212923312801054,-0.001242040190845728,0.04492313955544754,0.9875126888685644,0.06759974041933745,left,0.000682569167111069,-0.21138214112222095,-2.082656461389363,-9.35945626759827,-0.10113140060133555,-0.0006464023026637733,0.00011386460391804576,2.057548469748348,0.0006890633376315236
1746728757649113000,14.646113037109375,-0.22018656087630706,0.004704183898866177,-0.11275149983298906,-0.007567433174699545,0.045083861188001104,0.9874155588972081,0.06775087282960088,left,-0.010909033007919788,-0.21183028036814755,-2.0940115297488866,-9.355976608788966,-0.1013165494150328,0.0008445300627499819,0.0012376265367493033,2.0618451440289616,-0.001854429254308343
1746728757688987000,14.68598681640625,-0.21937693643873063,0.015366185456514359,-0.11237559764482856,0.01876014843583107,0.04525066915737069,0.987428584184002,0.06812465467801765,left,0.0027868293691426516,-0.21227278697005886,-2.086237242485583,-9.356777403777837,-0.10153244329599606,-0.021381396800279617,-0.003962676972150803,2.0660874577738344,0.0020462959073483944
1746728757728986600,14.725986572265626,-0.21935959944911002,0.012612037360668182,-0.11237569120531984,0.012834453023970127,0.04529226507083738,0.9873878278833275,0.06812945535694392,left,0.002384662628173828,-0.2130353440730967,-2.0857314849205313,-9.355272844433784,-0.10190934628475073,-0.013823735527694225,-0.0032944530248641968,2.0733971962653097,0.0027974992990493774
1746728757768986600,14.765986572265625,-0.21934232038094686,0.009857888333499432,-0.11237578509641521,0.006908757612109184,0.04533381900864411,0.9873470292653076,0.06813420154506661,left,0.0019819140434265137,-0.2137979449794031,-2.085225288964063,-9.353763024392723,-0.1022862489455737,-0.006266073789447546,-0.0026262998580932617,2.080706057973951,0.00354883074760437
1746728757808986600,14.805986572265626,-0.21934232038094686,0.0068391673266887665,-0.11237578509641521,0.0029862788505852222,0.04533381900864411,0.9873470292653076,0.06813420154506661,left,0.0007879137992858887,-0.2137979449794031,-2.085225288964063,-9.353763024392723,-0.1022862489455737,0.004804059397429228,-0.002626568078994751,2.080706057973951,0.0024543702602386475
1746728757848986600,14.845986572265625,-0.21934232038094686,0.0006434647366404533,-0.11237578509641521,0.0013439873000606894,0.04533381900864411,0.9873470292653076,0.06813420154506661,left,0.001338362693786621,-0.2137979449794031,-2.085225288964063,-9.353763024392723,-0.1022862489455737,0.0028047971427440643,-0.002115190029144287,2.080706057973951,0.000554010272026062
1746728757888986600,14.885986572265624,-0.21934232038094686,-0.0038005984388291836,-0.11237578509641521,0.008395705372095108,0.04533381900864411,0.9873470292653076,0.06813420154506661,left,-0.0017516613006591797,-0.2137979449794031,-2.085225288964063,-9.353763024392723,-0.1022862489455737,0.004670620430260897,-0.0009154528379440308,2.080706057973951,-0.0007631778717041016
1746728757928987000,14.92598681640625,-0.21934232038094686,-0.0042557381093502045,-0.11237578509641521,0.009301749058067799,0.04533381900864411,0.9873470292653076,0.06813420154506661,left,-0.00042760372161865234,-0.2137979449794031,-2.085225288964063,-9.353763024392723,-0.1022862489455737,0.0023239615838974714,-0.0008492916822433472,2.080706057973951,0.0006162077188491821
1746728757968986600,14.965986572265624,-0.2187109854170323,-0.006280563771724701,-0.11205732750608485,0.009890836663544178,0.045231347907763966,0.9873810059969506,0.0679825340866317,left,-0.0005576014518737793,-0.21388758179722972,-2.0792789477802813,-9.354895827814936,-0.10235333728048111,-0.005891217850148678,-0.0006979256868362427,2.081565159021318,-0.0007101595401763916
1746728758008986600,15.005986572265625,-0.21831598214521902,-0.003804766107350588,-0.1118508041779867,0.00899316556751728,0.045090208917598996,0.9873988522055316,0.0677180013930102,left,-0.0008285045623779297,-0.2140723865011158,-2.075500306024402,-9.355340648972987,-0.10246838318792885,-0.003854860085994005,-0.0002446025609970093,2.083336114216596,-0.00005167722702026367
1746728758048986600,15.045986572265624,-0.21792108746010094,-0.001328968210145831,-0.11164429134380058,0.008095495402812958,0.04494906958574856,0.9874167827071185,0.0674535461026582,left,-0.001099705696105957,-0.21425736632479286,-2.0717223949208856,-9.35578313204348,-0.10258343967470956,-0.001818502089008689,0.00020879507064819336,2.0851086768470704,0.0006066411733627319
1746728758088986600,15.085986572265625,-0.21792108746010094,0.0013383349869400263,-0.11164429134380058,0.008334989659488201,0.04494906958574856,0.9874167827071185,0.0674535461026582,left,-0.001114487648010254,-0.21425736632479286,-2.0717223949208856,-9.35578313204348,-0.10258343967470956,-0.005088343285024166,0.0017188340425491333,2.0851086768470704,0.0007919073104858398
1746728758247071000,15.244071044921874,-0.21724023263807263,0.007431010715663433,-0.11130475567698005,-0.007431346923112869,0.04483348926539336,0.9874095285062804,0.06719250162109337,left,-0.0021947254426777363,-0.21518347587455114,-2.0649349267378447,-9.355301486006379,-0.1030708684153452,0.00042585679329931736,0.000929267902392894,2.09398215752393,0.004788513761013746
1746728758286939600,15.283939697265625,-0.21734656973687574,0.009107432328164577,-0.11137811793294933,-0.00666379276663065,0.04503318154619499,0.9873890114906105,0.06757432268186596,left,-0.000680844415910542,-0.21529309633923693,-2.065880098633468,-9.354857833892106,-0.10310138302016672,0.002482520416378975,0.00032320115133188665,2.0950323972292244,0.000621020095422864
1746728758326939600,15.323939697265626,-0.21734656973687574,0.005908377468585968,-0.11137811793294933,-0.0019382932223379612,0.04503318154619499,0.9873890114906105,0.06757432268186596,left,-0.0010126233100891113,-0.21529309633923693,-2.065880098633468,-9.354857833892106,-0.10310138302016672,0.0014656592393293977,0.0002552419900894165,2.0950323972292244,0.00031213462352752686
1746728758526152700,15.523152587890625,-0.21759846249888448,0.005912537686526775,-0.1115168911364704,0.024443354457616806,0.04517197611148273,0.9873568678856691,0.06780455079487227,left,-0.01158470381051302,-0.2155260647500379,-2.068131092430651,-9.353860055026411,-0.10319798319217037,0.0008966323221102357,0.00287202512845397,2.09726424793452,0.0026968407910317183
1746728758685627400,15.68262744140625,-0.2179698375957536,0.014978577382862568,-0.11176720110092755,-0.013662442564964294,0.04573630383017646,0.9872170351116233,0.06872163443030972,left,-0.0006191175198182464,-0.21729720845651107,-2.070798265813291,-9.349450421890616,-0.10401337152163344,-0.007110425271093845,-0.002783736912533641,2.114228096086532,0.003841312602162361
1746728758725496000,15.72249609375,-0.2185052426937886,0.009213639423251152,-0.11205699012928041,-0.013324041850864887,0.04597493426991311,0.9871459728743505,0.06908647965627616,left,-0.0029746592044830322,-0.2178842994598633,-2.075534208294004,-9.347126947379111,-0.1042707003764848,-0.008102013729512691,-0.0040801335126161575,2.1198497353605923,0.0050048623234033585
1746728758884972000,15.881971923828125,-0.21892884602918822,-0.0018957332940772176,-0.11229435428891266,0.007312610745429993,0.04632514121451607,0.98716530499596,0.06986765985664452,left,-0.001365138334222138,-0.2167879134980703,-2.079997032921761,-9.34850992617011,-0.10367550955239573,0.01736414059996605,-0.00022772920783609152,2.1093506993085143,-0.0013781266752630472
1746728758924840400,15.92184033203125,-0.21860792964207615,0.002312786877155304,-0.11213605247732543,0.010027075186371803,0.04634172554188117,0.9872122398854013,0.0699958065537735,left,-0.000680844415910542,-0.21621382823257984,-2.077259132390469,-9.35035759986341,-0.10339215205527941,0.009211057797074318,0.00032320115133188665,2.1038522480227053,0.000621020095422864
1746728758964840400,15.96184033203125,-0.2183427601310971,-0.003616719041019678,-0.11199769557310077,0.006213471293449402,0.04623463624624896,0.9872105835293006,0.06976480117733264,left,0.00023746490478515625,-0.2166090730488641,-2.074599411661923,-9.35009573405683,-0.10360648264899615,-0.007793905213475227,0.0015944242477416992,2.1076379040412605,0.00019569694995880127
1746728759004840700,16.0018408203125,-0.21830737235880665,-0.006071490701287985,-0.11196371704406495,-0.0007566418498754501,0.04605248219830171,0.9871986761612802,0.06935507773249396,left,0.0008823871612548828,-0.21702861717387043,-2.074076849092543,-9.349304875940083,-0.10383749989691309,-0.005483241751790047,0.0013671517372131348,2.1116559075109658,0.0006364136934280396
1746728759044840400,16.04184033203125,-0.21830737235880665,-0.0026108904276043177,-0.11196371704406495,-0.003217139048501849,0.04605248219830171,0.9871986761612802,0.06935507773249396,left,0.0001347661018371582,-0.21702861717387043,-2.074076849092543,-9.349304875940083,-0.10383749989691309,0.0035928143188357353,0.0009469091892242432,2.1116559075109658,0.0013385415077209473
1746728759084840400,16.08184033203125,-0.21830737235880665,0.0017964399885386229,-0.11196371704406495,-0.007548189722001553,0.04605248219830171,0.9871986761612802,0.06935507773249396,left,0.000091552734375,-0.21702861717387043,-2.074076849092543,-9.349304875940083,-0.10383749989691309,0.010821051895618439,0.00014303624629974365,2.1116559075109658,0.00045152008533477783
1746728759124840400,16.12184033203125,-0.21882467807162845,0.0011388233397156,-0.11221218577390817,-0.010247720405459404,0.04603824998819603,0.9871953309887866,0.06931921817575773,left,-0.0006427168846130371,-0.21658208228611248,-2.0791174736082554,-9.349149977639318,-0.10360700965581932,0.00946088321506977,-0.0000438690185546875,2.1073793992355463,-0.0004710853099822998
1746728759164840400,16.16184033203125,-0.21930719422566425,0.001935579115524888,-0.11244869033445767,-0.008973387070000172,0.046064676052445935,0.9871849856051829,0.06935581541557707,left,-0.000317990779876709,-0.2162653037082782,-2.0837734827205536,-9.348796926417947,-0.10343735319818015,0.0031470819376409054,-0.000021666288375854492,2.1043452922366557,-0.00023320317268371582
1746728759204840400,16.20184033203125,-0.21930719422566425,0.005681302398443222,-0.11244869033445767,-0.006590833887457848,0.046064676052445935,0.9871849856051829,0.06935581541557707,left,0.0005228519439697266,-0.2162653037082782,-2.0837734827205536,-9.348796926417947,-0.10343735319818015,-0.005244208965450525,-0.0008949041366577148,2.1043452922366557,0.00006724894046783447
1746728759244840400,16.24184033203125,-0.21977168248587636,0.0062110209837555885,-0.11269544124693244,-0.006199927534908056,0.046234576546401784,0.9871317259095959,0.0696106008579578,left,-0.000009715557098388672,-0.2166477962046171,-2.0879399547502397,-9.347041607183218,-0.10360124112351247,-0.013662375509738922,-0.0002571791410446167,2.1080087831802663,-0.0011343508958816528
1746728759284840700,16.2818408203125,-0.22017608619688947,0.0032622292637825012,-0.11290660127255546,-0.013391643762588501,0.046332427711101694,0.9870729479103332,0.06970152037645998,left,0.003452301025390625,-0.21725551064672452,-2.0914396334342658,-9.344944927164912,-0.10388694724042295,-0.0133903119713068,-0.001323118805885315,2.1138287215054032,-0.00238056480884552
1746728759324840400,16.32184033203125,-0.22057517461221013,0.0022077420726418495,-0.11310983893973317,0.001695173792541027,0.04638888788104262,0.987025171134226,0.06972660945848527,left,-0.0046176910400390625,-0.21769782636793134,-2.0949641542986033,-9.34319603767097,-0.10409475265539572,-0.00922352820634842,0.00006446242332458496,2.118064167118072,-0.0006607919931411743
1746728759364840400,16.36184033203125,-0.22041219018693647,0.004295927472412586,-0.11303735513122702,0.0015711308224126697,0.046429720952047816,0.9870062439804049,0.06977491722810665,left,-0.0007686018943786621,-0.21818078381410502,-2.0932174567617476,-9.342538450545073,-0.10433434947767338,-0.011199016124010086,-0.0015202164649963379,2.122688319787383,0.0005619525909423828
1746728759404840400,16.40184033203125,-0.22035643938993868,-0.0005551804788410664,-0.11301234315238368,0.0031914093997329473,0.0464234530244745,0.9869824897114455,0.06971413453399944,left,-0.0010700821876525879,-0.21868594331235108,-2.0924619622193275,-9.341607307174801,-0.10458858501130433,-0.012735877186059952,-0.00019244849681854248,2.1275245077721774,0.0015767812728881836
1746728759444840400,16.44184033203125,-0.22035643938993868,-0.00284215877763927,-0.11301234315238368,-0.0009530780371278524,0.0464234530244745,0.9869824897114455,0.06971413453399944,left,0.0018491148948669434,-0.21868594331235108,-2.0924619622193275,-9.341607307174801,-0.10458858501130433,-0.009828714653849602,-0.000608980655670166,2.1275245077721774,0.003958597779273987
1746728759484840400,16.48184033203125,-0.22054281386192234,0.0032098612282425165,-0.11310162077749049,-0.005829207599163055,0.046379810251323116,0.9869459397879597,0.06954907997656108,left,0.0018712282180786133,-0.21921774399396804,-2.093955123386532,-9.340112100180983,-0.10485624540418656,0.00009594298899173737,-0.0005904883146286011,2.1326152550399304,0.0031470656394958496
1746728759524840700,16.5218408203125,-0.22054281386192234,0.015348468907177448,-0.11310162077749049,-0.01204591803252697,0.046379810251323116,0.9869459397879597,0.06954907997656108,left,-0.000012159347534179688,-0.21921774399396804,-2.093955123386532,-9.340112100180983,-0.10485624540418656,0.007453986909240484,-0.0016694217920303345,2.1326152550399304,0.0042542219161987305
1746728759564840400,16.56184033203125,-0.22099358543789221,0.0246292557567358,-0.1133817567358481,-0.017139364033937454,0.046926407060146696,0.9868756622804978,0.07056915836022237,left,0.0002638101577758789,-0.2195885396198007,-2.0979916854262353,-9.338394774869084,-0.10497110855142036,-0.005197978112846613,-0.0014476031064987183,2.1361643258236347,0.0019087940454483032
1746728759604840400,16.60184033203125,-0.22147156838515822,0.019514817744493484,-0.11367426343100416,-0.00964974332600832,0.04745092838223226,0.9867926089883047,0.07151760977546251,left,-0.0029488801956176758,-0.22018266485251803,-2.1021758392430843,-9.336151379856467,-0.10519940109284123,-0.005323860328644514,-0.0005350112915039062,2.1418504086360333,-0.0017440766096115112
1746728759644840400,16.64184033203125,-0.22167322352766738,0.010966524481773376,-0.11381358655664742,-0.008241517469286919,0.047819723468066504,0.9867492593079307,0.07221447700842534,left,-0.0001080632209777832,-0.22045395346420496,-2.1039307200863955,-9.335160030731558,-0.10528892835522748,0.0013437420129776,-0.0013960003852844238,2.1444465626090765,-0.001967906951904297
1746728759684840400,16.68184033203125,-0.22179183380189663,0.003477881196886301,-0.11387472821305218,-0.0042432392947375774,0.04787362075387558,0.9867618690521143,0.07235423496811759,left,0.000034928321838378906,-0.2200519421363855,-2.105227335768193,-9.335750397840142,-0.10507961869271967,0.00476431380957365,-0.00029744207859039307,2.140599385661632,-0.0015055537223815918
1746728759724840400,16.72184033203125,-0.22191049203745083,-0.004010762088000774,-0.11393585937554197,-0.00024496112018823624,0.04792751803968471,0.9867744787962969,0.07249404111326362,left,0.00017774105072021484,-0.2196499472191897,-2.1065243898414074,-9.336339011383057,-0.10487029845087557,0.0081848856061697,0.0008011460304260254,2.1367520625837146,-0.0010432004928588867
1746728759764840700,16.7618408203125,-0.22221436199424158,-0.0089628417044878,-0.11406892981186774,-0.011519975028932095,0.04781731045507833,0.9867934619158868,0.07229881972089187,left,0.002284109592437744,-0.21908834715946557,-2.109625424596667,-9.336867419171332,-0.10459681885957886,0.0110532371327281,0.000761076807975769,2.131376653155684,0.00012217462062835693
1746728759804840400,16.80184033203125,-0.22287074865675868,-0.0013629114255309105,-0.11437986372184185,-0.018772240728139877,0.04776635172206724,0.986794140441694,0.07219447224966456,left,0.0013762712478637695,-0.21845391523227892,-2.1160520966432985,-9.33679786106646,-0.1042737875308377,0.015542477369308472,0.0006313174962997437,2.125303324591368,0.002611413598060608
1746728759844840400,16.84184033203125,-0.22376575845874833,0.010567287914454937,-0.1148311100387422,-0.02895534411072731,0.04794026705776747,0.9867693885114502,0.07251881510759708,left,0.0007733702659606934,-0.21784140701003332,-2.1246961524784562,-9.336167746469378,-0.10393131623525348,0.01731916144490242,-0.0012886971235275269,2.119438962602615,0.0014087408781051636
1746728759884840400,16.88184033203125,-0.22480010876556997,0.016866132616996765,-0.11537374035191597,-0.028737185522913933,0.048336589757498855,0.9867246752599829,0.07327748509850958,left,-0.00014400482177734375,-0.21725137944222703,-2.1346302481241524,-9.335182827085257,-0.10357138578097257,0.018705863505601883,-0.0014016330242156982,2.113789120147377,0.001316860318183899
1746728759924840400,16.92184033203125,-0.22574820679506938,0.017504410818219185,-0.11588207287994583,-0.024065010249614716,0.04880344252234991,0.9866755695668801,0.07417859420061844,left,-0.001456618309020996,-0.2167547858642319,-2.1437147412031887,-9.334176280391215,-0.10325105912617169,0.014784895814955235,-0.0020719915628433228,2.109033450052887,0.002237871289253235
1746728759964840400,16.96184033203125,-0.22651150232084574,0.0143207386136055,-0.11629529719842986,-0.016589079052209854,0.049215779877513036,0.9866311741150575,0.0749725378757771,left,-0.0020074844360351562,-0.2164089197366708,-2.151002560123801,-9.333247475108504,-0.10301548098924468,0.010891308076679707,-0.00237254798412323,2.1057209645040333,0.0011532306671142578
1746728760004840700,17.0018408203125,-0.22684656118047897,0.003704676404595375,-0.11648052481474871,-0.006257642060518265,0.04945112256698887,0.9866225606705084,0.07545983174703047,left,-0.000488579273223877,-0.21599749699914528,-2.1543242518924175,-9.333369640183449,-0.10277570962084942,0.013917280361056328,-0.0024473965167999268,2.101780117923766,0.001749470829963684
1746728760044840400,17.04184033203125,-0.2268910249960211,0.00047991517931222916,-0.11649794463649527,-0.0005176574923098087,0.049454614238128095,0.9866553653291956,0.07553603019948654,left,-0.0004271864891052246,-0.21532639564030887,-2.1550560732983053,-9.334646235990524,-0.10243879628423976,0.01639927178621292,-0.0022346079349517822,2.0953514000505207,0.0013576149940490723
1746728760084840400,17.08184033203125,-0.22693556513909113,-0.0027448460459709167,-0.11651536313582775,0.005222327075898647,0.04945810625095272,0.9866880856948779,0.07561225797457354,left,-0.0003662109375,-0.2146553327532104,-2.155787602443248,-9.335918155622482,-0.10210188425937283,0.018881261348724365,-0.0020218342542648315,2.088921951524913,0.0009657889604568481
1746728760124840400,17.12184033203125,-0.22663968022802164,0.0012923050671815872,-0.11636947265199284,0.011322064325213432,0.04949157304291626,0.9867395987658469,0.07578754332364251,left,0.001455545425415039,-0.21395544867327343,-2.1533532149031758,-9.337978010761738,-0.10175338754367483,0.019141873344779015,-0.0020806491374969482,2.082215439623594,0.0012128055095672607
1746728760164840400,17.16184033203125,-0.2263176965162724,0.0023241054732352495,-0.11621681716449976,0.005499405786395073,0.04957619344207454,0.9867839434328437,0.07605639872680199,left,0.002257823944091797,-0.21337041319458425,-2.1506194060251116,-9.33985666411519,-0.10145681048074796,0.015242601744830608,-0.0023615509271621704,2.0766087056577205,0.0006226599216461182
1746728760204840400,17.20184033203125,-0.22599588167648188,0.003355905879288912,-0.11606413870555692,-0.00032325275242328644,0.049660772548943743,0.9868280771964832,0.07632494965957529,left,0.0030596256256103516,-0.21278525063566595,-2.147885451016575,-9.341730641293525,-0.10116021422676735,0.011343330144882202,-0.0026424676179885864,2.071000071995705,0.000032708048820495605
1746728760244840400,17.24184033203125,-0.22546098463246106,0.007609368301928043,-0.11581276838577309,0.028141889721155167,0.04979043509375384,0.9868756811877587,0.07669389724000228,left,-0.005043148994445801,-0.21231503193009402,-2.1431058155246077,-9.343826152268052,-0.10091989272577459,0.010461483150720596,-0.00048120319843292236,2.0664925314433873,-0.001000717282295227
1746728760284840700,17.2818408203125,-0.22421705102882336,-0.0028342697769403458,-0.11520723776864522,0.028119508177042007,0.04983115300523579,0.9869579489490973,0.07693638196490726,left,-0.0012097954750061035,-0.2120131774849956,-2.1316196681313215,-9.34709246058762,-0.1007877828676848,0.00656445836648345,-0.0004868358373641968,2.0635987096980215,-0.002312585711479187
1746728760324840400,17.32184033203125,-0.22315185958745576,-0.011248175986111164,-0.11466510482772736,0.029896311461925507,0.04962844911942941,0.9870351838649252,0.07665209905041769,left,-0.0009596943855285645,-0.21184959363900802,-2.121736718150973,-9.349687153255939,-0.10074980234387328,-0.002930654678493738,0.0020541101694107056,2.062030437467992,-0.0010749995708465576
1746728760364840400,17.36184033203125,-0.22221022912313285,-0.007375500164926052,-0.1141749392310331,0.020807258784770966,0.04933255783135741,0.9871020100143658,0.07614978810412543,left,0.0018924474716186523,-0.2118394462610413,-2.112936448840797,-9.3517014156878,-0.10079682538812898,-0.0031802707817405462,0.002529725432395935,2.0619331145733595,0.0020641833543777466
1746728760404840400,17.40184033203125,-0.22146430312995916,0.006149626336991787,-0.11380609284773585,0.011972076259553432,0.04928615417048075,0.9871435054794514,0.07612887601133454,left,0.000890195369720459,-0.21186812227725096,-2.1059471744753417,-9.353217080947756,-0.10083057123546922,-0.0012650731950998306,0.0023465007543563843,2.0622079859919844,0.0044515132904052734
1746728760444840400,17.44184033203125,-0.22090425760065,0.014436133205890656,-0.11355821881078307,0.004133976064622402,0.04952681202710105,0.9871545541694637,0.07665861546467205,left,0.00030177831649780273,-0.21200883483164165,-2.100644976413995,-9.354111983960866,-0.10088381121568041,0.0014022279065102339,0.0027303993701934814,2.063557062513381,0.0019212663173675537
1746728760599488500,17.596488525390626,-0.22000885952908386,0.006323128938674927,-0.11326150108133573,0.011932197958230972,0.05082038243812887,0.9870845649739896,0.07926345346299996,left,0.0013582393294200301,-0.21301983197806593,-2.0918121200084685,-9.353948317831755,-0.10125801545732387,-0.009607229381799698,-0.0015205338131636381,2.073248581574857,-0.003862207056954503
1746728760639358200,17.636358154296875,-0.21947823543361142,-0.013072495348751545,-0.11298699803735454,0.014210332185029984,0.0506564010197335,0.987112476061487,0.07896714833915254,left,-0.0017364240484312177,-0.2131942839498477,-2.0867695957966146,-9.35470352011323,-0.10137442032737916,-0.007631320971995592,0.0014873403124511242,2.0749206064403056,-0.0026777631137520075
1746728760679358500,17.6763583984375,-0.21894918647160067,-0.010027964599430561,-0.11269306135955913,0.0111056137830019,0.05030879760645045,0.9871578925618393,0.07831533749725994,left,-0.0007845759391784668,-0.21321228044418641,-2.0818121195197103,-9.355770272561907,-0.1014334308526309,-0.0070934477262198925,0.0018577724695205688,2.075093040397763,0.0004839599132537842
1746728760719358500,17.7163583984375,-0.21848466720930915,-0.0039304401725530624,-0.11244645712807688,0.007524068932980299,0.05010284442082099,0.9871841162170627,0.07792736859822848,left,-0.0004976987838745117,-0.21338698907047984,-2.077387288814783,-9.356381682458519,-0.10155324617273534,-0.00513841025531292,0.0024651288986206055,2.076767549481243,0.00009274482727050781
1746728760759358500,17.7563583984375,-0.21848466720930915,-0.003915466368198395,-0.11244645712807688,0.0007453993894159794,0.05010284442082099,0.9871841162170627,0.07792736859822848,left,0.0012044906616210938,-0.21338698907047984,-2.077387288814783,-9.356381682458519,-0.10155324617273534,0.0020313109271228313,0.003971680998802185,2.076767549481243,-0.001112714409828186
1746728760799358500,17.7963583984375,-0.21848466720930915,0.0012619919143617153,-0.11244645712807688,-0.003248147666454315,0.05010284442082099,0.9871841162170627,0.07792736859822848,left,0.0009964704513549805,-0.21338698907047984,-2.077387288814783,-9.356381682458519,-0.10155324617273534,0.0008420369122177362,0.002702176570892334,2.076767549481243,-0.0006318539381027222
1746728760839358200,17.836358154296875,-0.21848466720930915,0.006439449731260538,-0.11244645712807688,-0.0072416942566633224,0.05010284442082099,0.9871841162170627,0.07792736859822848,left,0.0007884502410888672,-0.21338698907047984,-2.077387288814783,-9.356381682458519,-0.10155324617273534,-0.00034723710268735886,0.001432672142982483,2.076767549481243,-0.0001509934663772583
1746728760879358200,17.876358154296874,-0.21848466720930915,0.006845935247838497,-0.11244645712807688,-0.003771502524614334,0.05010284442082099,0.9871841162170627,0.07792736859822848,left,-0.001957416534423828,-0.21338698907047984,-2.077387288814783,-9.356381682458519,-0.10155324617273534,-0.004023880697786808,0.0012660622596740723,2.076767549481243,-0.001336812973022461
1746728760919358200,17.916358154296876,-0.21848466720930915,0.00004871422424912453,-0.11244645712807688,0.0038284240290522575,0.05010284442082099,0.9871841162170627,0.07792736859822848,left,-0.0006961226463317871,-0.21338698907047984,-2.077387288814783,-9.356381682458519,-0.10155324617273534,-0.007972306571900845,-0.00045877695083618164,2.076767549481243,-0.002574905753135681
1746728760959358500,17.9563583984375,-0.21817486669634562,-0.003375434782356024,-0.11228429146983981,0.00818170327693224,0.04995307558555204,0.9871786200544517,0.07759605579835475,left,-0.00046116113662719727,-0.2139540159661843,-2.0742333548285066,-9.355873732936383,-0.10185974178548614,-0.013364654034376144,-0.000304296612739563,2.0822017033591864,-0.0017072111368179321
1746728760999358500,17.9963583984375,-0.2178651999038291,-0.006799584254622459,-0.11212210416257001,0.012534983456134796,0.04980326545799399,0.9871729129884836,0.0772648077648195,left,-0.00022649765014648438,-0.21452110804401722,-2.0710805898860096,-9.355361107239126,-0.10216621689544385,-0.01875700056552887,-0.00014966726303100586,2.0876358572371303,-0.0008395016193389893
1746728761039358500,18.0363583984375,-0.2175833684051851,-0.008611895143985748,-0.1119669655738361,0.008121538907289505,0.049594729021423915,0.9871709718560281,0.07681658472603058,left,-0.00011098384857177734,-0.21504344581027088,-2.068208103189617,-9.354878876680136,-0.10245638129744901,-0.01508619636297226,-0.00007355213165283203,2.0926405336566267,-0.0004121065139770508
1746728761079358500,18.0763583984375,-0.2174445382237636,-0.008431767113506794,-0.11187817189889938,0.005307369865477085,0.04935452130507279,0.9871632546207397,0.07629029411332304,left,0.0020341873168945312,-0.2155578283969818,-2.0666769480995835,-9.354113153004645,-0.10274338720968669,-0.01580570824444294,0.0003122389316558838,2.097568491578102,0.0019063055515289307
1746728761119358200,18.116358154296876,-0.2174445382237636,-0.0029542483389377594,-0.11187817189889938,-0.0003118589520454407,0.04935452130507279,0.9871632546207397,0.07629029411332304,left,-0.0022091269493103027,-0.2155578283969818,-2.0666769480995835,-9.354113153004645,-0.10274338720968669,-0.0057066017761826515,0.0014684498310089111,2.097568491578102,0.0008247047662734985
1746728761159358200,18.156358154296875,-0.21732902188584713,0.00038957828655838966,-0.11182649340488322,-0.0019020203035324812,0.04935937903102045,0.987139798333271,0.07625409229488973,left,-0.0023834705352783203,-0.21611067090010702,-2.0653459917567667,-9.353218249991535,-0.10302138741305021,-0.007563970983028412,0.0012610554695129395,2.1028642598986624,0.000942915678024292
1746728761199358500,18.1963583984375,-0.21721358951765907,0.0037334044463932514,-0.11177482606598758,-0.0034921816550195217,0.04936423641528261,0.9871164263388083,0.07621796751881837,left,-0.0025581717491149902,-0.21666359171560612,-2.0640154738053678,-9.352319839847087,-0.10329939753987702,-0.009421340189874172,0.0010537207126617432,2.1081600282192228,0.0010611116886138916
1746728761239358500,18.2363583984375,-0.21708375148571857,0.004776429384946823,-0.11172432488942893,-0.004414109047502279,0.04945414099781368,0.9870944949116756,0.0763657573391503,left,-0.0016896724700927734,-0.21712088942554533,-2.062593185917288,-9.35164530158639,-0.10352025355012896,-0.007321976590901613,0.0008446425199508667,2.1125395584776996,0.0011454969644546509
1746728761279358500,18.2763583984375,-0.21695385822969837,0.005819454789161682,-0.11167382404347453,-0.005336036439985037,0.04954404558034462,0.9870725634845429,0.07651363224933624,left,-0.0008213520050048828,-0.21757819420019703,-2.0611703135073185,-9.350969009760021,-0.10374110923244607,-0.005222612991929054,0.0006355047225952148,2.116918650344759,0.0012299418449401855
1746728761319358500,18.3163583984375,-0.21695385822969837,0.0035240869037806988,-0.11167382404347453,-0.005925389938056469,0.04954404558034462,0.9870725634845429,0.07651363224933624,left,-0.0003095269203186035,-0.21757819420019703,-2.0611703135073185,-9.350969009760021,-0.10374110923244607,-0.0037687120493501425,0.0003246814012527466,2.116918650344759,0.0010079443454742432
1746728761359358200,18.356358154296874,-0.21710683151049717,0.003649115329608321,-0.11176375724534734,-0.00717697199434042,0.049650469640599944,0.9870303840780122,0.07665691929939686,left,0.0003935098648071289,-0.21811499290103273,-2.0623557238996026,-9.349542191827297,-0.1039944768052155,-0.004668686538934708,-0.0004418790340423584,2.1220584974512455,0.002187564969062805
1746728761399358200,18.396358154296873,-0.21747224608442073,0.005280426703393459,-0.11195341761204065,-0.0053268857300281525,0.04972900364371939,0.9869853941982557,0.07673530175359772,left,-0.0027007460594177246,-0.21851737883088976,-2.0655875454276797,-9.347953461331128,-0.10417977556985984,-0.0034768087789416313,0.00019720196723937988,2.125910788965225,0.0024277567863464355
1746728761439358500,18.4363583984375,-0.21747224608442073,0.005373483989387751,-0.11195341761204065,0.0002729743719100952,0.04972900364371939,0.9869853941982557,0.07673530175359772,left,-0.0012221932411193848,-0.21851737883088976,-2.0655875454276797,-9.347953461331128,-0.10417977556985984,-0.0012100166641175747,0.00002586841583251953,2.125910788965225,0.0014715343713760376
1746728761479358500,18.4763583984375,-0.21747224608442073,-0.0004468797706067562,-0.11195341761204065,0.002397386124357581,0.04972900364371939,0.9869853941982557,0.07673530175359772,left,-0.0006591677665710449,-0.21851737883088976,-2.0655875454276797,-9.347953461331128,-0.10417977556985984,0.0039276969619095325,0.0015544891357421875,2.125910788965225,0.0006952881813049316
1746728761676158500,18.673158447265624,-0.21755504064288306,-0.009439414367079735,-0.11196870872513848,-0.008446634747087955,0.04946852669803282,0.9869767940038111,0.07616504431762446,left,0.0011477696243673563,-0.2188379735202696,-2.0662142990238963,-9.347116425985098,-0.10436800766640758,-0.009556243196129799,0.0024202000349760056,2.128979967277497,-0.0015368794556707144
1746728761716032800,18.71303271484375,-0.21814874681590254,-0.005163067951798439,-0.11224608434421206,-0.016603747382760048,0.04933885692018716,0.9869413705178854,0.07581952599747342,left,0.0013668631436303258,-0.21902745151475053,-2.0716760715611278,-9.345494377741216,-0.10446629942124228,-0.0025785090401768684,0.0006647949339821935,2.1307937387011946,0.0026882102247327566
1746728761756032800,18.75303271484375,-0.21874138825556966,0.0003739898093044758,-0.11256293099583108,-0.01606008969247341,0.04960446983793545,0.9868994570606303,0.07630124111253474,left,0.0008060932159423828,-0.21896911429593158,-2.0772411583423613,-9.34438612423837,-0.10439575078582697,0.0001477526966482401,-0.00016897916793823242,2.1302353741660713,0.0019937455654144287
1746728761796032800,18.79303271484375,-0.2193340455326532,0.005911046639084816,-0.11287975533720902,-0.01551643293350935,0.04987008343905455,0.986857375017363,0.07678300608339197,left,0.00024497509002685547,-0.21891105652896328,-2.0828058067321775,-9.343273779082297,-0.10432518230348507,0.002874014200642705,-0.0010027885437011719,2.1296794938489794,0.0012989938259124756
1746728761836032500,18.833032470703124,-0.2197825100919505,0.0027199145406484604,-0.11311900956852367,-0.009324399754405022,0.05006850931631621,0.986826948279425,0.07714515959282317,left,-0.0005650520324707031,-0.21884125997016626,-2.087028100602329,-9.34248409000933,-0.10425904226581086,0.004074051510542631,-0.0006128102540969849,2.1290113853290675,-0.00004795193672180176
1746728761876032800,18.87303271484375,-0.2197825100919505,-0.0023044059053063393,-0.11311900956852367,-0.00707466434687376,0.05006850931631621,0.986826948279425,0.07714515959282317,left,0.00015228986740112305,-0.21884125997016626,-2.087028100602329,-9.34248409000933,-0.10425904226581086,0.004978449083864689,-0.0004719942808151245,2.1290113853290675,-0.0013397634029388428
1746728761916032800,18.91303271484375,-0.2202784698423494,-0.003014958929270506,-0.11335195328888581,-0.009401596151292324,0.049996153548467114,0.9868138422393469,0.07696593802715217,left,-0.002011895179748535,-0.21865497743356557,-2.0917479687310756,-9.34183468618989,-0.10416478258803352,0.001289138337597251,-0.0005243122577667236,2.127228155174106,-0.0015501528978347778
1746728761956032800,18.95303271484375,-0.2202784698423494,-0.0037255119532346725,-0.11335195328888581,-0.011728527024388313,0.049996153548467114,0.9868138422393469,0.07696593802715217,left,-0.00410991907119751,-0.21865497743356557,-2.0917479687310756,-9.34183468618989,-0.10416478258803352,-0.0024001719430088997,-0.0010579228401184082,2.127228155174106,-0.0019423812627792358
1746728761996032800,18.99303271484375,-0.2202784698423494,0.00020195730030536652,-0.11335195328888581,0.0031349724158644676,0.049996153548467114,0.9868138422393469,0.07696593802715217,left,-0.001976191997528076,-0.21865497743356557,-2.0917479687310756,-9.34183468618989,-0.10416478258803352,-0.008057698607444763,-0.00232696533203125,2.127228155174106,0.0005378127098083496
1746728762036032800,19.03303271484375,-0.2202784698423494,0.0027613439597189426,-0.11335195328888581,-0.0013849777169525623,0.049996153548467114,0.9868138422393469,0.07696593802715217,left,-0.002271115779876709,-0.21865497743356557,-2.0917479687310756,-9.34183468618989,-0.10416478258803352,-0.010691380128264427,-0.0007063448429107666,2.127228155174106,0.001682087779045105
1746728762076032500,19.073032470703126,-0.2202784698423494,0.002587446477264166,-0.11335195328888581,0.0010287074837833643,0.049996153548467114,0.9868138422393469,0.07696593802715217,left,0.0014303326606750488,-0.21865497743356557,-2.0917479687310756,-9.34183468618989,-0.10416478258803352,-0.005958338268101215,-0.00009179115295410156,2.127228155174106,0.003661036491394043
1746728762116032800,19.11303271484375,-0.2202784698423494,0.005843520164489746,-0.11335195328888581,-0.004828638397157192,0.049996153548467114,0.9868138422393469,0.07696593802715217,left,0.0014650821685791016,-0.21865497743356557,-2.0917479687310756,-9.34183468618989,-0.10416478258803352,0.001942172646522522,-0.0002484619617462158,2.127228155174106,0.004331469535827637
1746728762156032800,19.15303271484375,-0.22079116759342127,0.0070671867579221725,-0.11362180374167316,-0.009035119786858559,0.05016465004974692,0.9867638221848621,0.07722607200949339,left,0.00002562999725341797,-0.21891050876719584,-2.096418152499199,-9.3402301736027,-0.10426338166548305,0.007577328942716122,0.000430375337600708,2.129674233151972,0.0034247785806655884
1746728762196032800,19.19303271484375,-0.22124300115211584,0.005911079701036215,-0.11386093488621822,-0.009211407043039799,0.05033999638787316,0.986729171469815,0.07753134424545569,left,-0.0015965104103088379,-0.21893288729408178,-2.100627586887777,-9.339235901868342,-0.10424572127029828,0.00584103399887681,0.0007545351982116699,2.1298884604245423,0.002850472927093506
1746728762236032800,19.23303271484375,-0.22169486927507265,0.004754972644150257,-0.1141000660307631,-0.009387694299221039,0.05051530075033935,0.9866944784374226,0.07783653217508818,left,-0.0032189488410949707,-0.21895542141527485,-2.1048370212763547,-9.338238707524537,-0.10422806087511666,0.0041047390550374985,0.0010786950588226318,2.130104295132309,0.0022759735584259033
1746728762276032800,19.27303271484375,-0.22169486927507265,0.00054942537099123,-0.1141000660307631,-0.0006119795143604279,0.05051530075033935,0.9866944784374226,0.07783653217508818,left,-0.0010295510292053223,-0.21895542141527485,-2.1048370212763547,-9.338238707524537,-0.10422806087511666,0.005764610134065151,-0.0008172839879989624,2.130104295132309,0.0007232427597045898
1746728762316032800,19.31303271484375,-0.22169486927507265,-0.0013491386780515313,-0.1141000660307631,0.0006738855736330152,0.05051530075033935,0.9866944784374226,0.07783653217508818,left,-0.000877678394317627,-0.21895542141527485,-2.1048370212763547,-9.338238707524537,-0.10422806087511666,0.006616968661546707,-0.0005642920732498169,2.130104295132309,-0.00022283196449279785
1746728762473621200,19.470621337890623,-0.2219001123363699,0.0024155438877642155,-0.11421873976267119,0.0007466594106517732,0.050768221903986124,0.9867266925705686,0.07844041541239624,left,0,-0.21790184647794336,-2.1072462743751705,-9.339990519627928,-0.10366811724617947,-0.002247607335448265,0,2.120017639273405,0
1746728762513494500,19.51049462890625,-0.22190049102661835,-0.0047179823741316795,-0.11422114673124327,-0.0029132342897355556,0.05077236085890667,0.9867141916356605,0.07842421006563943,left,0.002044257940724492,-0.21813095062425994,-2.107142814000696,-9.339515887853503,-0.10378217402049215,-0.004341056104749441,-0.0005325376987457275,2.1222112037949263,-0.0005529768532142043
1746728762553494500,19.55049462890625,-0.22209938581772498,-0.005986304953694344,-0.11429746023451991,-0.0025755418464541435,0.05059331494044105,0.9867257306975696,0.07806677216168421,left,0.000521242618560791,-0.21788494065205627,-2.1091154292479155,-9.339605319702624,-0.10367606433295935,0.0012184102088212967,-0.0010206103324890137,2.119855872840434,0.0003421008586883545
1746728762593494500,19.59049462890625,-0.22207791915965977,-0.004789861850440502,-0.11427713246098536,-0.001086252392269671,0.05051371973844705,0.98674138183777,0.07792844371214189,left,0.00034677982330322266,-0.21769167137862488,-2.1090051007412374,-9.340050140860676,-0.10358906058977249,0.0018555367132648826,-0.0006788969039916992,2.1180052765376867,0.0002275407314300537
1746728762633494300,19.630494384765626,-0.22207791915965977,-0.0035934187471866608,-0.11427713246098536,0.0004030371783301234,0.05051371973844705,0.98674138183777,0.07792844371214189,left,0.00012695789337158203,-0.21769167137862488,-2.1090051007412374,-9.340050140860676,-0.10358906058977249,0.0024926632177084684,-0.0003259330987930298,2.1180052765376867,-0.00007571280002593994
1746728762673494300,19.670494384765625,-0.22207791915965977,-0.0043740528635680676,-0.11427713246098536,-0.0002449661260470748,0.05051371973844705,0.98674138183777,0.07792844371214189,left,0.0010389089584350586,-0.21769167137862488,-2.1090051007412374,-9.340050140860676,-0.10358906058977249,0.002580162137746811,-0.00041684508323669434,2.1180052765376867,-0.0005428194999694824
1746728762713494300,19.710494384765624,-0.22207791915965977,-0.0027615390717983246,-0.11427713246098536,0.00003531426773406565,0.05051371973844705,0.98674138183777,0.07792844371214189,left,0.000611722469329834,-0.21769167137862488,-2.1090051007412374,-9.340050140860676,-0.10358906058977249,-0.0003458564169704914,-0.000611618161201477,2.1180052765376867,-0.0004006326198577881
1746728762753494500,19.75049462890625,-0.22207791915965977,-0.0011490252800285816,-0.11427713246098536,0.00031559469061903656,0.05051371973844705,0.98674138183777,0.07792844371214189,left,0.00018453598022460938,-0.21769167137862488,-2.1090051007412374,-9.340050140860676,-0.10358906058977249,-0.003271875437349081,-0.0008063763380050659,2.1180052765376867,-0.0002584606409072876
1746728762793494500,19.79049462890625,-0.22207791915965977,-0.001162025728262961,-0.11427713246098536,-0.0052724601700901985,0.05051371973844705,0.98674138183777,0.07792844371214189,left,0.00006622076034545898,-0.21769167137862488,-2.1090051007412374,-9.340050140860676,-0.10358906058977249,-0.0004233752842992544,-0.000963062047958374,2.1180052765376867,-0.00020569562911987305
1746728762833494500,19.83049462890625,-0.22207791915965977,-0.001175026292912662,-0.11427713246098536,-0.010860513895750046,0.05051371973844705,0.98674138183777,0.07792844371214189,left,-0.000052094459533691406,-0.21769167137862488,-2.1090051007412374,-9.340050140860676,-0.10358906058977249,0.002425124868750572,-0.0011197477579116821,2.1180052765376867,-0.0001529306173324585
1746728762873494300,19.870494384765625,-0.2220000105602138,0.0023336936719715595,-0.11420973296464668,0.01331896148622036,0.05025950959345134,0.9867776094982647,0.07745958579381326,left,-0.00295257568359375,-0.21733551292227124,-2.1084433752052485,-9.340949720048904,-0.10344191692801465,-0.0015491493977606297,-0.0006104409694671631,2.1145948835723103,0.0014277845621109009
1746728762913494300,19.910494384765624,-0.2220000105602138,-0.0011951287742704153,-0.11420973296464668,0.005670203361660242,0.05025950959345134,0.9867776094982647,0.07745958579381326,left,-0.0009996294975280762,-0.21733551292227124,-2.1084433752052485,-9.340949720048904,-0.10344191692801465,-0.00702116871252656,0.0007950067520141602,2.1145948835723103,0.00016222894191741943
1746728762953494300,19.950494384765626,-0.22160349570173096,-0.003778526559472084,-0.11399509696438276,0.006857660599052906,0.050038667639639954,0.9867961020146993,0.07702493585823462,left,-0.00006109476089477539,-0.2176027196085075,-2.1046150490887463,-9.341233213165403,-0.10360862414652394,-0.008979343809187412,0.0013593882322311401,2.117153482013941,0.0016105622053146362
1746728762993494500,19.99049462890625,-0.22156427242525473,-0.0006236345507204533,-0.11395859126435337,-0.0016120178624987602,0.04985714351343946,0.9867951554669935,0.07663651941602999,left,0.0017140507698059082,-0.21783272498536335,-2.1041415863581,-9.340840414455533,-0.10374532811803398,-0.00732784066349268,0.0014023035764694214,2.119355814363807,0.0038846880197525024
1746728763033494500,20.03049462890625,-0.22156427242525473,0.006757074035704136,-0.11395859126435337,-0.008064188063144684,0.04985714351343946,0.9867951554669935,0.07663651941602999,left,0.0015385150909423828,-0.21783272498536335,-2.1041415863581,-9.340840414455533,-0.10374532811803398,-0.0018800213001668453,0.0002192854881286621,2.119355814363807,0.0030080974102020264
1746728763073494500,20.07049462890625,-0.22195475407074963,0.007896260358393192,-0.11417164254584655,-0.011988967657089233,0.05005654582241103,0.9867525942995248,0.07697710912192039,left,-0.0007247328758239746,-0.2180425587143526,-2.1076909494027496,-9.339584276914596,-0.10381977677661414,0.003090939950197935,0.00030086934566497803,2.1213649622291326,0.0028960704803466797
1746728763113494300,20.110494384765627,-0.2224550027638226,0.005877070594578981,-0.11443776230362246,-0.011053815484046936,0.05025919426213089,0.986709835553954,0.0773247324451877,left,-0.0018301010131835938,-0.2181402509740437,-2.1123171478986738,-9.33832638580799,-0.10383560372462253,0.0036984081380069256,0.0003407299518585205,2.1223003433831034,0.002841353416442871
1746728763153494300,20.150494384765626,-0.2224550027638226,-0.0027431794442236423,-0.11443776230362246,-0.000264669768512249,0.05025919426213089,0.986709835553954,0.0773247324451877,left,-0.0008570551872253418,-0.2181402509740437,-2.1123171478986738,-9.33832638580799,-0.10383560372462253,0.0044554476626217365,-0.00004094839096069336,2.1223003433831034,0.0013174116611480713
1746728763193494300,20.190494384765625,-0.2224550027638226,-0.008736230432987213,-0.11443776230362246,-0.004514929838478565,0.05025919426213089,0.986709835553954,0.0773247324451877,left,0.00046074390411376953,-0.2181402509740437,-2.1123171478986738,-9.33832638580799,-0.10383560372462253,0.004105244763195515,0.0007911473512649536,2.1223003433831034,0.0008460581302642822
1746728763233494500,20.23049462890625,-0.22283639963032845,-0.00678605679422617,-0.11460628775535502,-0.0062780557200312614,0.05012075130731551,0.9867176195123799,0.07704744892653363,left,0.000927269458770752,-0.21773669376410443,-2.1160675864733753,-9.338355027380585,-0.10364262312704328,0.0075107719749212265,0.0005006641149520874,2.11843636143133,0.0011203736066818237
1746728763273494500,20.27049462890625,-0.22326125113304277,-0.00005187932401895523,-0.11480658608740335,-0.011226825416088104,0.050076639110421775,0.9867136896019061,0.07694797121547738,left,0.00028777122497558594,-0.2174165275736769,-2.1201849586643275,-9.338115957927704,-0.10347958058163924,0.007887855172157288,-0.0007023513317108154,2.115370690250397,0.0008570253849029541
1746728763313494500,20.31049462890625,-0.22367008140908423,0.0007764857145957649,-0.11500987231198499,-0.009709330275654793,0.050131097555578,0.986702235579987,0.07704340568605454,left,-0.00127333402633667,-0.21715831350881204,-2.1241236132875083,-9.337780442363023,-0.10333634681386916,0.007633641362190247,-0.0005746036767959595,2.11289801652655,-0.0010120570659637451
1746728763353494500,20.35049462890625,-0.22367008140908423,-0.004569830372929573,-0.11500987231198499,-0.004246720112860203,0.050131097555578,0.986702235579987,0.07704340568605454,left,-0.0013037323951721191,-0.21715831350881204,-2.1241236132875083,-9.337780442363023,-0.10333634681386916,0.004664174281060696,-0.0006715655326843262,2.11289801652655,-0.001404494047164917
1746728763393494300,20.390494384765624,-0.2241007404087364,-0.008734111674129963,-0.11520119794053207,-0.0068029616959393024,0.04997279015395975,0.9867028582910379,0.07671058433890868,left,-0.000626981258392334,-0.2168522781234884,-2.1282883317515253,-9.337495195680857,-0.1031936012885013,0.000684492290019989,-0.0003229975700378418,2.1099672237716613,-0.000675693154335022
1746728763433494300,20.430494384765623,-0.2245344202051958,-0.006872458383440971,-0.11539304723047136,-0.007811546791344881,0.04979709760413129,0.9866981421335892,0.07633009192853923,left,-0.00030100345611572266,-0.21665907897894118,-2.132428354165703,-9.336968541458248,-0.10310931407060535,0.0003514969430398196,-0.00015503168106079102,2.1081169197298584,-0.00032454729080200195
1746728763473494500,20.47049462890625,-0.2249243389537872,-0.004233133979141712,-0.11556907518165017,-0.008861604146659374,0.04967509867372326,0.9866938965076422,0.07606472855835704,left,-0.00022524595260620117,-0.21645085765346775,-2.1361666639111934,-9.336564052310585,-0.10301211309221514,0.0018778726225718856,-0.000550389289855957,2.106122531042248,0.0000032782554626464844
1746728763513494500,20.51049462890625,-0.2249243389537872,-0.0015438697300851345,-0.11556907518165017,-0.009294782765209675,0.04967509867372326,0.9866938965076422,0.07606472855835704,left,-0.00021630525588989258,-0.21645085765346775,-2.1361666639111934,-9.336564052310585,-0.10301211309221514,0.0023923658300191164,-0.0015824288129806519,2.106122531042248,0.00018718838691711426
1746728763553494500,20.55049462890625,-0.2254427504730017,-0.000907804467715323,-0.11582518639651507,-0.007211767602711916,0.049709390010778495,0.9866667662810659,0.07608681415160704,left,-0.0001958012580871582,-0.21638946442962792,-2.141035438991338,-9.335581471014022,-0.10296764018181115,0.0018985590431839228,-0.0015030503273010254,2.1055346481516954,-0.0002222508192062378
1746728763593494500,20.59049462890625,-0.2254427504730017,-0.00027173926355317235,-0.11582518639651507,-0.005128752440214157,0.049709390010778495,0.9866667662810659,0.07608681415160704,left,-0.00007510185241699219,-0.21638946442962792,-2.141035438991338,-9.335581471014022,-0.10296764018181115,0.0014047522563487291,-0.001920163631439209,2.1055346481516954,-0.0006916671991348267
1746728763633494300,20.630494384765626,-0.22603453844726962,-0.0002924641303252429,-0.11611813067146713,-0.002120810793712735,0.0497527222242371,0.9866343621569412,0.07611820534548716,left,-0.000035643577575683594,-0.21634092828128462,-2.146582697854936,-9.33441184271276,-0.10292713945800047,-0.0002900011604651809,-0.0009137541055679321,2.10506966098845,-0.0003291964530944824
1746728763673494300,20.670494384765625,-0.22603453844726962,-0.00013893200957681984,-0.11611813067146713,-0.001007468905299902,0.0497527222242371,0.9866343621569412,0.07611820534548716,left,0.0011131763458251953,-0.21634092828128462,-2.146582697854936,-9.33441184271276,-0.10292713945800047,-0.00013776200648862869,-0.000983208417892456,2.10506966098845,-0.0004692971706390381
1746728763713494300,20.710494384765624,-0.22653898136246403,-0.0022211868781596422,-0.1163643573810223,-0.004029460251331329,0.04975712434539665,0.9866089231025011,0.07608029958847053,left,-0.0006278753280639648,-0.21628809896270743,-2.151316156117618,-9.333436275678872,-0.10289070820597465,-0.0008842090610414743,-0.0004371553659439087,2.1045637572929263,0.0009176135063171387
1746728763753494500,20.75049462890625,-0.22653898136246403,0.00024760421365499496,-0.1163643573810223,-0.01414008904248476,0.04975712434539665,0.9866089231025011,0.07608029958847053,left,0.0007940530776977539,-0.21628809896270743,-2.151316156117618,-9.333436275678872,-0.10289070820597465,0.004065036773681641,-0.001459956169128418,2.1045637572929263,0.00022879242897033691
1746728763793494500,20.79049462890625,-0.2269139416163072,0.008275922387838364,-0.11656010306000042,0.009922604076564312,0.04989858239705459,0.9865955457877015,0.07635826272048306,left,-0.004103899002075195,-0.2160122859457124,-2.154946183183044,-9.333194283616542,-0.10272899130043578,0.0027733102906495333,-0.0007613897323608398,2.1019218644820152,0.0009060055017471313
1746728763833494500,20.83049462890625,-0.2268020218748385,0.004698832519352436,-0.11651993897720131,0.009289841167628765,0.050006110025743775,0.9865722527918904,0.07653810907816891,left,-0.002735912799835205,-0.21646567388475652,-2.1536869769021867,-9.332505716830491,-0.1029451766287237,-0.0050710467621684074,-0.0005117207765579224,2.106264569861442,0.0016048997640609741
1746728763873494300,20.870494384765625,-0.22669005496502306,0.0011217424180358648,-0.11647977489439922,0.008657077327370644,0.050113637312747546,0.9865490440890845,0.07671804272607513,left,-0.0013682246208190918,-0.21691908644548277,-2.1524271860994397,-9.331815396478772,-0.1031613619570083,-0.01291540265083313,-0.00026214122772216797,2.1106069829799234,0.002303868532180786
1746728763913494300,20.910494384765624,-0.22669005496502306,0.0038513208273798227,-0.11647977489439922,0.002926371991634369,0.050113637312747546,0.9865490440890845,0.07671804272607513,left,-0.00018513202667236328,-0.21691908644548277,-2.1524271860994397,-9.331815396478772,-0.1031613619570083,-0.004812464118003845,-0.0003668367862701416,2.1106069829799234,0.0025610923767089844
1746728763953494300,20.950494384765626,-0.22669005496502306,0.006580899469554424,-0.11647977489439922,-0.002804333344101906,0.050113637312747546,0.9865490440890845,0.07671804272607513,left,0.0009979605674743652,-0.21691908644548277,-2.1524271860994397,-9.331815396478772,-0.1031613619570083,0.003290473483502865,-0.00047153234481811523,2.1106069829799234,0.0028183311223983765
1746728763993494500,20.99049462890625,-0.22669005496502306,0.005191153381019831,-0.11647977489439922,-0.003933222033083439,0.050113637312747546,0.9865490440890845,0.07671804272607513,left,-0.0013518929481506348,-0.21691908644548277,-2.1524271860994397,-9.331815396478772,-0.1031613619570083,0.004744094796478748,-0.00041382014751434326,2.1106069829799234,0.001974746584892273
1746728764033494500,21.03049462890625,-0.2267930016977763,0.002919100923463702,-0.11654934301615939,0.004250735975801945,0.050294690246399334,0.9865310646429493,0.07706820691147441,left,-0.0013558268547058105,-0.21697472664546086,-2.1533613982096313,-9.331479296392201,-0.10316585735114184,0.005447502713650465,-0.00019694864749908447,2.1111397746823726,0.0012638568878173828
1746728764073494500,21.07049462890625,-0.2268959869085551,0.00064704823307693,-0.11661891246033027,0.012434693053364754,0.05047565854536041,0.9865131691481339,0.07741821227048787,left,-0.0013598799705505371,-0.21703041380011528,-2.1542960487112404,-9.331143196305632,-0.10317035143353563,0.006150910630822182,0.000019952654838562012,2.1116731509067117,0.000552937388420105
1746728764113494300,21.110494384765627,-0.2268959869085551,-0.0026111004408448935,-0.11661891246033027,0.008442593738436699,0.05047565854536041,0.9865131691481339,0.07741821227048787,left,-0.0002434253692626953,-0.21703041380011528,-2.1542960487112404,-9.331143196305632,-0.10317035143353563,0.004244665615260601,0.0007551461458206177,2.1116731509067117,0.0004026144742965698
1746728764153494300,21.150494384765626,-0.2268959869085551,-0.0030046598985791206,-0.11661891246033027,0.0059054093435406685,0.05047565854536041,0.9865131691481339,0.07741821227048787,left,0.0006802082061767578,-0.21703041380011528,-2.1542960487112404,-9.331143196305632,-0.10317035143353563,0.0007047029212117195,0.0013503879308700562,2.1116731509067117,-0.000886082649230957
1746728764193494300,21.190494384765625,-0.2268959869085551,-0.002290253294631839,-0.11661891246033027,0.0037312170024961233,0.05047565854536041,0.9865131691481339,0.07741821227048787,left,-0.00008112192153930664,-0.21703041380011528,-2.1542960487112404,-9.331143196305632,-0.10317035143353563,-0.0003077366854995489,0.0014633089303970337,2.1116731509067117,-0.001031637191772461
1746728764467284200,21.4642841796875,-0.22616242879369722,0.006497160531580448,-0.11623824067447322,-0.005599628202617168,0.050191738553031696,0.9865172445259143,0.07681441415749832,left,0,-0.21798940170232456,-2.1469953703090545,-9.330742798811198,-0.10369745076386391,-0.005060945637524128,0,2.120855989793688,0
1746728764507157500,21.504157470703124,-0.2261492659079903,0.004088515881448984,-0.11625100917563161,-0.0011059537064284086,0.050356326731803916,0.9864956158298456,0.07712090015426876,left,0,-0.21825060623539044,-2.14674826368019,-9.330230757635832,-0.10380893245641674,-0.001065075397491455,0,2.123356866698712,0
1746728764547157500,21.544157470703126,-0.22617152707184476,-0.0011678044684231281,-0.11625999696115127,-0.0010832158150151372,0.0503284984767689,0.986487958682261,0.07704592365004073,left,-0.000870048999786377,-0.21839895642710158,-2.146885334063321,-9.329876537370682,-0.10388596523003768,-0.0033013878855854273,0.0009652823209762573,2.124777108760178,-0.0006860345602035522
1746728764587157500,21.584157470703126,-0.22617152707184476,-0.003640632377937436,-0.11625999696115127,-0.005327572114765644,0.0503284984767689,0.986487958682261,0.07704592365004073,left,0.004553079605102539,-0.21839895642710158,-2.146885334063321,-9.329876537370682,-0.10388596523003768,-0.004816398490220308,0.000444263219833374,2.124777108760178,-0.0009090006351470947
1746728764627157500,21.624157470703125,-0.22617152707184476,-0.0004262684378772974,-0.11625999696115127,0.005332030355930328,0.0503284984767689,0.986487958682261,0.07704592365004073,left,-0.004166841506958008,-0.21839895642710158,-2.146885334063321,-9.329876537370682,-0.10388596523003768,0.000035478267818689346,0.0017247647047042847,2.124777108760178,0.0016355514526367188
1746728764667157800,21.66415771484375,-0.22617152707184476,0.0042821140959858894,-0.11625999696115127,0.001519515411928296,0.0503284984767689,0.986487958682261,0.07704592365004073,left,-0.0007416009902954102,-0.21839895642710158,-2.146885334063321,-9.329876537370682,-0.10388596523003768,-0.0032252140808850527,0.00031122565269470215,2.124777108760178,0.0012914836406707764
1746728764707157500,21.704157470703127,-0.22617152707184476,0.0056508127599954605,-0.11625999696115127,-0.0038610936608165503,0.0503284984767689,0.986487958682261,0.07704592365004073,left,0.0022946596145629883,-0.21839895642710158,-2.146885334063321,-9.329876537370682,-0.10388596523003768,-0.0007437302265316248,0.00028230249881744385,2.124777108760178,0.002540573477745056
1746728764747157500,21.744157470703126,-0.22617152707184476,0.007019511889666319,-0.11625999696115127,-0.009241702035069466,0.0503284984767689,0.986487958682261,0.07704592365004073,left,0.005330920219421387,-0.21839895642710158,-2.146885334063321,-9.329876537370682,-0.10388596523003768,0.001737753627821803,0.00025337934494018555,2.124777108760178,0.003789663314819336
1746728764787157500,21.784157470703125,-0.2265336180402419,0.00817573256790638,-0.11646019339360154,-0.012319113127887249,0.05053557657557165,0.9864441642132755,0.07740089519030433,left,0.0028491616249084473,-0.21864295250742508,-2.1501469662077723,-9.32859292730093,-0.1039766490374217,0.0005942030111327767,0.00034746527671813965,2.127113004361838,0.0027005821466445923
1746728764827157500,21.824157470703124,-0.22689568136993732,0.009331952780485153,-0.11666038916484331,-0.015396524220705032,0.050742654674374575,0.9864003697442899,0.07775581021211332,left,0.00036728382110595703,-0.2188871166778574,-2.153407429308444,-9.327307563665508,-0.1040673335006754,-0.0005493476055562496,0.00044143199920654297,2.1294503612682223,0.0016113370656967163
1746728764867157500,21.864157470703127,-0.22748660275927443,0.00803768914192915,-0.1169725291144892,-0.0200473815202713,0.05094941580842131,0.9863411902689331,0.07808079219382402,left,-0.00024402141571044922,-0.2191772502962508,-2.1587793316051362,-9.325430663877725,-0.10417656078440078,-0.00502074183896184,-0.00008305907249450684,2.1322275708965956,0.001263350248336792
1746728764907157500,21.904157470703126,-0.22809437466290203,0.005808734335005283,-0.11729141141875081,-0.012042517773807049,0.051146513945577725,0.9862847954852991,0.0783911734068876,left,-0.0008134245872497559,-0.21940483131148258,-2.1643369657322764,-9.323644364982842,-0.10425521521803255,-0.0003319103270769119,0.00006583333015441895,2.1344059378489852,0.0005859583616256714
1746728764947157500,21.944157470703125,-0.22855683215141864,0.0035715673584491014,-0.11753228431940839,-0.016084900125861168,0.051297099954728365,0.9862550599176488,0.07865577618822171,left,-0.00005173683166503906,-0.21933143614221728,-2.168683908895403,-9.322795054677128,-0.10419160431884196,0.005882791243493557,-0.00013241171836853027,2.133703488668054,-0.000029161572456359863
1746728764987157500,21.984157470703124,-0.22903745353478244,0.003236228134483099,-0.11778035238354347,-0.011403891257941723,0.05144280955735866,0.9862325960452746,0.07892544605494804,left,-0.00037360191345214844,-0.2191060885120628,-2.173273574773222,-9.322219300615787,-0.1040521609269955,0.006771712563931942,-0.00012290477752685547,2.1315464567646383,-0.00036603212356567383
1746728765027157500,22.024157470703123,-0.22903745353478244,0.004306876100599766,-0.11778035238354347,-0.008726990781724453,0.05144280955735866,0.9862325960452746,0.07892544605494804,left,-0.000907599925994873,-0.2191060885120628,-2.173273574773222,-9.322219300615787,-0.1040521609269955,0.0060583557933568954,-0.0008285492658615112,2.1315464567646383,-0.00024853646755218506
1746728765067157500,22.064157470703126,-0.22953634448386356,0.004352698568254709,-0.11804366928135006,-0.0064785899594426155,0.05164872349924706,0.9862056557282284,0.07931505060452551,left,-0.0007922053337097168,-0.21888393289736185,-2.178031729085743,-9.321595031237601,-0.10390667985562092,0.0028992192819714546,-0.0004625469446182251,2.1294199661299587,-0.0004740506410598755
1746728765107157500,22.104157470703125,-0.22953634448386356,0.001481225248426199,-0.11804366928135006,-0.0019025197252631187,0.05164872349924706,0.9862056557282284,0.07931505060452551,left,-0.0006791353225708008,-0.21888393289736185,-2.178031729085743,-9.321595031237601,-0.10390667985562092,-0.0023406613618135452,-0.0005338490009307861,2.1294199661299587,-0.0005914866924285889
1746728765147157500,22.144157470703124,-0.22987031996235885,-0.003191883210092783,-0.11819798639603765,-0.0019092990551143885,0.05156987683430145,0.9861926076718808,0.07912340826742366,left,-0.000784754753112793,-0.21885289904436436,-2.181159797978401,-9.320931598892807,-0.10389406392667204,-0.0010537338675931096,-0.0007155686616897583,2.1291228828795252,0.00047300755977630615
1746728765187157500,22.184157470703123,-0.22987031996235885,-0.007864991202950478,-0.11819798639603765,-0.0019160783849656582,0.05156987683430145,0.9861926076718808,0.07912340826742366,left,-0.0008227825164794922,-0.21885289904436436,-2.181159797978401,-9.320931598892807,-0.10389406392667204,0.000233193626627326,-0.0012162625789642334,2.1291228828795252,0.0015072226524353027
1746728765227157500,22.224157470703126,-0.22987031996235885,-0.0034934822469949722,-0.11819798639603765,-0.004259087610989809,0.05156987683430145,0.9861926076718808,0.07912340826742366,left,-0.0001240372657775879,-0.21885289904436436,-2.181159797978401,-9.320931598892807,-0.10389406392667204,0.0010973303578794003,-0.0019510239362716675,2.1291228828795252,0.0012743622064590454
1746728765267157500,22.264157470703125,-0.23053344116362712,0.002307599876075983,-0.11851252285208619,-0.006212180946022272,0.05150025909958655,0.9861694817005889,0.07893451234443859,left,0.00040394067764282227,-0.21865430081424939,-2.1874368324212727,-9.319894657060503,-0.10379012634712691,0.0016949325799942017,-0.0022424906492233276,2.1272217254333197,0.0018007457256317139
1746728765307157500,22.304157470703124,-0.23102246123880663,0.00544011453166604,-0.11876071239102234,-0.007789947092533112,0.051596938194509445,0.986139906944473,0.0790856727362168,left,-0.00015789270401000977,-0.21859571651808518,-2.192022698906809,-9.318944808989762,-0.10373963773916504,0.0038761310279369354,-0.0011416226625442505,2.1266608766801656,0.0005131363868713379
1746728765347157500,22.344157470703124,-0.23102246123880663,0.004353564232587814,-0.11876071239102234,-0.007031319662928581,0.051596938194509445,0.986139906944473,0.0790856727362168,left,0.0006260275840759277,-0.21859571651808518,-2.192022698906809,-9.318944808989762,-0.10373963773916504,0.002640616614371538,-0.0017113983631134033,2.1266608766801656,-0.00026260316371917725
1746728765387157500,22.384157470703126,-0.23152576496750354,0.0005166521295905113,-0.11901792795874169,-0.004496437497437,0.05170990360746131,0.986106014898526,0.07926308378510892,left,-0.000052809715270996094,-0.21858460088932902,-2.1967181632466612,-9.317863443493842,-0.10371060834721131,0.00008530775085091591,-0.000882461667060852,2.12655434756577,-0.00048385560512542725
1746728765427157800,22.42415771484375,-0.23152576496750354,0.003552153706550598,-0.11901792795874169,0.00724182091653347,0.05170990360746131,0.986106014898526,0.07926308378510892,left,-0.001123189926147461,-0.21858460088932902,-2.1967181632466612,-9.317863443493842,-0.10371060834721131,-0.0006551440455950797,-0.0012737959623336792,2.12655434756577,0.0006569474935531616
1746728765467157500,22.464157470703125,-0.23152576496750354,0.006587655283510685,-0.11901792795874169,0.018980082124471664,0.05170990360746131,0.986106014898526,0.07926308378510892,left,-0.0021935105323791504,-0.21858460088932902,-2.1967181632466612,-9.317863443493842,-0.10371060834721131,-0.001395595958456397,-0.0016651302576065063,2.12655434756577,0.0017977505922317505
1746728765507157500,22.504157470703124,-0.23152576496750354,0.005092171020805836,-0.11901792795874169,0.015144502744078636,0.05170990360746131,0.986106014898526,0.07926308378510892,left,-0.00042831897735595703,-0.21858460088932902,-2.1967181632466612,-9.317863443493842,-0.10371060834721131,-0.0044465698301792145,-0.0007114112377166748,2.12655434756577,0.001739799976348877
1746728765547157500,22.544157470703126,-0.23152576496750354,0.0035966867581009865,-0.11901792795874169,0.011308923363685608,0.05170990360746131,0.986106014898526,0.07926308378510892,left,0.0013368725776672363,-0.21858460088932902,-2.1967181632466612,-9.317863443493842,-0.10371060834721131,-0.007497543469071388,0.00024230778217315674,2.12655434756577,0.0016818344593048096
1746728765587157500,22.584157470703126,-0.2315583536927604,0.005986529402434826,-0.11905973566933167,0.00012772902846336365,0.051923909750385716,0.9860686970322701,0.07964305953559574,left,0.0020674467086791992,-0.21903686301595093,-2.196800873094052,-9.316855143234132,-0.10391035926745203,-0.006062068976461887,0.0008109956979751587,2.130883755072206,0.0036138296127319336
1746728765627157500,22.624157470703125,-0.231746896858036,0.006740317214280367,-0.11917597725591517,-0.0006773784407414496,0.05213328113898325,0.9860310232007007,0.08001465886789565,left,0.000545501708984375,-0.21933312910471559,-2.198412399943918,-9.315825800186396,-0.10402954000253052,-0.004709030967205763,0.00008594989776611328,2.133719709150493,0.0027707070112228394
1746728765667157800,22.66415771484375,-0.231746896858036,0.007494105491787195,-0.11917597725591517,-0.0014824860263615847,0.05213328113898325,0.9860310232007007,0.08001465886789565,left,-0.0008714199066162109,-0.21933312910471559,-2.198412399943918,-9.315825800186396,-0.10402954000253052,-0.0033559929579496384,-0.0008034110069274902,2.133719709150493,0.002216741442680359
1746728765823020800,22.820020751953123,-0.23217734888615751,-0.0004278382984921336,-0.119476670589491,-0.0005896785878576338,0.05293305339710063,0.9859198354999124,0.08149975431538897,left,0,-0.22015115217366035,-2.2020197767861185,-9.313176746982336,-0.10433333027311596,0.0061332047916948795,0,2.141548795340955,0
1746728765862895000,22.85989501953125,-0.23199230860484596,-0.006497160531580448,-0.11937351219820004,0.005599628202617168,0.052832824074868785,0.9859518404001486,0.0813495081621505,left,-0.000682569167111069,-0.21985236058488944,-2.200443467380106,-9.314206090030073,-0.10419974476269685,0.005060945637524128,-0.00011386460391804576,2.1386893142566086,-0.0006890633376315236
1746728765902894800,22.899894775390624,-0.2317821802871661,-0.003859434276819229,-0.11926193116386508,0.0066443998366594315,0.05273979764388153,0.9859641074704701,0.08117316181424246,left,-0.0003401637077331543,-0.21994044990415823,-2.198442941212654,-9.314485491493343,-0.10425927582819022,-0.0002699648030102253,-0.00005672872066497803,2.139532340952009,-0.0003434717655181885
1746728765942894800,22.939894775390623,-0.2317821802871661,-0.003699300345033407,-0.11926193116386508,0.006077557802200317,0.05273979764388153,0.9859641074704701,0.08117316181424246,left,0.0009242892265319824,-0.21994044990415823,-2.198442941212654,-9.314485491493343,-0.10425927582819022,-0.006241149269044399,0.0004283338785171509,2.139532340952009,-0.0003810673952102661
1746728765982894800,22.979894775390626,-0.2316025277593903,-0.0064290957525372505,-0.11915394772001925,-0.00021919840946793556,0.052520495564313464,0.9859666324473861,0.08070699965569125,left,0.0008036494255065918,-0.22030073975275288,-2.1965924910403785,-9.314128933140635,-0.10446958792534965,-0.0065490929409861565,0.0004899650812149048,2.14298043557927,0.0008165687322616577
1746728766022894800,23.019894775390625,-0.2316025277593903,-0.003357877256348729,-0.11915394772001925,-0.00010002336784964427,0.052520495564313464,0.9859666324473861,0.08070699965569125,left,0.00028705596923828125,-0.22030073975275288,-2.1965924910403785,-9.314128933140635,-0.10446958792534965,-0.004492734558880329,0.00038492679595947266,2.14298043557927,0.001836627721786499
1746728766062895000,23.05989501953125,-0.2316025277593903,-0.00028665876016020775,-0.11915394772001925,0.00001915168104460463,0.052520495564313464,0.9859666324473861,0.08070699965569125,left,-0.0002294778823852539,-0.22030073975275288,-2.1965924910403785,-9.314128933140635,-0.10446958792534965,-0.0024363764096051455,0.00027988851070404053,2.14298043557927,0.0028566718101501465
1746728766102895000,23.09989501953125,-0.2316025277593903,0.002769218757748604,-0.11915394772001925,-0.002810841193422675,0.052520495564313464,0.9859666324473861,0.08070699965569125,left,0.000316619873046875,-0.22030073975275288,-2.1965924910403785,-9.314128933140635,-0.10446958792534965,-0.001587208709679544,0.00009056925773620605,2.14298043557927,0.0020217448472976685
1746728766142895000,23.13989501953125,-0.2316025277593903,0.0037489919923245907,-0.11915394772001925,-0.005219350568950176,0.052520495564313464,0.9859666324473861,0.08070699965569125,left,0.00027060508728027344,-0.22030073975275288,-2.1965924910403785,-9.314128933140635,-0.10446958792534965,-0.00035589339677244425,-0.00016610324382781982,2.14298043557927,0.0012779831886291504
1746728766182894800,23.179894775390625,-0.2316025277593903,0.003230597823858261,-0.11915394772001925,-0.002503323368728161,0.052520495564313464,0.9859666324473861,0.08070699965569125,left,0.00027066469192504883,-0.22030073975275288,-2.1965924910403785,-9.314128933140635,-0.10446958792534965,-0.0003877323179040104,-0.0003512650728225708,2.14298043557927,0.000949472188949585
1746728766222894800,23.219894775390625,-0.2316025277593903,-0.0025675646029412746,-0.11915394772001925,-0.0027700564824044704,0.052520495564313464,0.9859666324473861,0.08070699965569125,left,-0.0005977153778076172,-0.22030073975275288,-2.1965924910403785,-9.314128933140635,-0.10446958792534965,0.000003206485416740179,0.00025656819343566895,2.14298043557927,-0.0005716532468795776
1746728766262894800,23.259894775390624,-0.23201863936826608,-0.006124809384346008,-0.11934096490705831,-0.007601842749863863,0.05234950342713468,0.9859356776503867,0.0802820495612997,left,0.0038684606552124023,-0.22060389788926668,-2.200318525826186,-9.312581703698635,-0.10463362359011467,-0.0012541890610009432,-0.0005130022764205933,2.1458814177177845,-0.00007320940494537354
1746728766302895000,23.29989501953125,-0.23201863936826608,-0.0012828297913074493,-0.11934096490705831,0.00640060706064105,0.05234950342713468,0.9859356776503867,0.0802820495612997,left,-0.004952669143676758,-0.22060389788926668,-2.200318525826186,-9.312581703698635,-0.10463362359011467,0.0045991325750947,0.0010842233896255493,2.1458814177177845,0.001623794436454773
1746728766342895000,23.33989501953125,-0.23201863936826608,0.0033936789259314537,-0.11934096490705831,0.007665757555514574,0.05234950342713468,0.9859356776503867,0.0802820495612997,left,-0.000438690185546875,-0.22060389788926668,-2.200318525826186,-9.312581703698635,-0.10463362359011467,0.0020156276877969503,-0.0003602951765060425,2.1458814177177845,0.0004163980484008789
1746728766382895000,23.37989501953125,-0.23201863936826608,-0.0017061848193407059,-0.11934096490705831,0.005469879135489464,0.05234950342713468,0.9859356776503867,0.0802820495612997,left,-0.000998854637145996,-0.22060389788926668,-2.200318525826186,-9.312581703698635,-0.10463362359011467,-0.006397051736712456,0.0018171370029449463,2.1458814177177845,0.000876307487487793
1746728766422894800,23.419894775390624,-0.23203735527130817,-0.004809286445379257,-0.11933452894328364,-0.0026045646518468857,0.052172630162611436,0.9859207149441813,0.07987301450243411,left,0.0026564598083496094,-0.22103408971147764,-2.2002803857728837,-9.311641207978129,-0.10486983187850232,-0.007409182842820883,0.0009637773036956787,2.1499977669954298,0.0022614002227783203
1746728766462894800,23.459894775390627,-0.23230641748596523,0.002703577745705843,-0.11946257262807847,-0.007384658791124821,0.052122340485549375,0.9858915138331679,0.07970807193105187,left,0.002614617347717285,-0.2213395483256933,-2.202634401553124,-9.31040903583467,-0.10502339659715725,-0.005440224427729845,0.00023409724235534668,2.1529202303133905,0.0026717036962509155
1746728766502894800,23.499894775390626,-0.23230641748596523,0.00793303083628416,-0.11946257262807847,-0.009962251409888268,0.052122340485549375,0.9858915138331679,0.07970807193105187,left,0.0006188154220581055,-0.2213395483256933,-2.202634401553124,-9.31040903583467,-0.10502339659715725,-0.0037540874909609556,-0.0003007054328918457,2.1529202303133905,0.0023635923862457275
1746728766542894800,23.539894775390625,-0.23287126390231638,0.0038363910280168056,-0.11975971268187169,-0.014276018366217613,0.05229709454063183,0.9858262197166168,0.079952898873893,left,0.0007628798484802246,-0.22177954413015238,-2.2076741492860017,-9.308241044145822,-0.10521111886570844,-0.004971588496118784,-0.0014409273862838745,2.1571296647019684,0.0023277997970581055
1746728766582895000,23.57989501953125,-0.23317667207469964,0.0018118435982614756,-0.11991146798566739,-0.010768331587314606,0.05232133109832211,0.985804949338549,0.07996414522965568,left,0.001094520092010498,-0.22182687938254494,-2.2104932983599603,-9.307467137163878,-0.10522581051697748,-0.002187542850151658,-0.0014566779136657715,2.157582523036003,0.002446964383125305
1746728766622895000,23.61989501953125,-0.23317667207469964,-0.00021270359866321087,-0.11991146798566739,-0.007260644808411598,0.05232133109832211,0.985804949338549,0.07996414522965568,left,0.0015050768852233887,-0.22182687938254494,-2.2104932983599603,-9.307467137163878,-0.10522581051697748,0.0005965027958154678,-0.0017599016427993774,2.157582523036003,0.0026123076677322388
1746728766662894800,23.659894775390626,-0.23317667207469964,-0.0008053699275478721,-0.11991146798566739,-0.0015060100704431534,0.05232133109832211,0.985804949338549,0.07996414522965568,left,0.0007749795913696289,-0.22182687938254494,-2.2104932983599603,-9.307467137163878,-0.10522581051697748,0.0010745691834017634,-0.0011322498321533203,2.157582523036003,0.0011801272630691528
1746728766702894800,23.699894775390625,-0.23317667207469964,-0.0020312583073973656,-0.11991146798566739,0.0013858217280358076,0.05232133109832211,0.985804949338549,0.07996414522965568,left,0.0004993677139282227,-0.22182687938254494,-2.2104932983599603,-9.307467137163878,-0.10522581051697748,0.0010437590535730124,-0.000863388180732727,2.157582523036003,0.0006090551614761353
1746728766742894800,23.739894775390624,-0.23317667207469964,-0.003257146803662181,-0.11991146798566739,0.004277653526514769,0.05232133109832211,0.985804949338549,0.07996414522965568,left,0.0002237558364868164,-0.22182687938254494,-2.2104932983599603,-9.307467137163878,-0.10522581051697748,0.0010129489237442613,-0.0005945265293121338,2.157582523036003,0.000037983059883117676
1746728766782894800,23.779894775390623,-0.23317667207469964,-0.00629892572760582,-0.11991146798566739,0.005518295336514711,0.05232133109832211,0.985804949338549,0.07996414522965568,left,-0.00013715028762817383,-0.22182687938254494,-2.2104932983599603,-9.307467137163878,-0.10522581051697748,-0.0008044743444770575,0.0007914155721664429,2.157582523036003,-0.0002461373805999756
1746728766939445800,23.93644580078125,-0.23356764124222043,0.005758038721978664,-0.1200250030226618,-0.005578733514994383,0.051643448187518724,0.9858538318189054,0.07862132958379818,left,0,-0.221170046270305,-2.2144595716424287,-9.307978593817353,-0.10497210736635242,-0.0007566750282421708,0,2.151298474330455,0
1746728767098937600,24.0959375,-0.23422136030723234,0.0030346610583364964,-0.12037189514752376,-0.0030946533661335707,0.05192233673732645,0.9858120986147713,0.07913930795468246,left,0,-0.2209778836359525,-2.2206397215820846,-9.306931130591034,-0.10482923311471765,0.0005361295770853758,0,2.149459860726446,0
1746728767138810000,24.13581005859375,-0.23435980117419947,-0.0028468314558267593,-0.12043927123380031,-0.003956505097448826,0.05193518201786384,0.9858144687775526,0.07917378478227421,left,-0.0018920658621937037,-0.22077378198102482,-2.2220300068967043,-9.307049788534641,-0.10472285867576965,0.007506680674850941,0.0005728732794523239,2.147506973093003,-0.0023724765051156282
1746728767178810000,24.17581005859375,-0.23445150999565997,0.005905622616410255,-0.12049351410458636,0.010593147948384285,0.05204693129982024,0.9858206537715603,0.0794270884506937,left,-0.007437646389007568,-0.22045357553073797,-2.223043275592476,-9.307514483436941,-0.10454721542452061,0.00982808880507946,0.0018310844898223877,2.1444429093472657,0.0001361370086669922
1746728767218810000,24.21581005859375,-0.23394646636344202,0.00705196987837553,-0.12026693276946693,0.008109020069241524,0.05223763541478229,0.9858443970099764,0.07987760327197406,left,-0.0016468167304992676,-0.2203646358251667,-2.218386389697343,-9.308821474382281,-0.10448937783122351,0.005137792322784662,0.00037610530853271484,2.143591845475882,-0.00048801302909851074
1746728767258810000,24.25581005859375,-0.23394646636344202,-0.0013891849666833878,-0.12026693276946693,0.010633179917931557,0.05223763541478229,0.9858443970099764,0.07987760327197406,left,-0.001928091049194336,-0.2203646358251667,-2.218386389697343,-9.308821474382281,-0.10448937783122351,0.0003423718735575676,0.0010223686695098877,2.143591845475882,0.0006973594427108765
1746728767298810000,24.29581005859375,-0.23350936711839693,-0.00015961925964802504,-0.12005500045342983,0.004955741111189127,0.05223996209288768,0.9858630776438758,0.07991555264301257,left,0.0012949705123901367,-0.22048066038799735,-2.2142598112866283,-9.30954861961305,-0.1045557646034213,-0.0010777672287076712,-0.000012934207916259766,2.144702144805342,0.0030846595764160156
1746728767338809900,24.335809814453125,-0.23350936711839693,0.004675619769841433,-0.12005500045342983,-0.001218138262629509,0.05223996209288768,0.9858630776438758,0.07991555264301257,left,0.001570284366607666,-0.22048066038799735,-2.2142598112866283,-9.30954861961305,-0.1045557646034213,0.0016427654772996902,-0.00036431849002838135,2.144702144805342,0.0021107494831085205
1746728767378810000,24.37581005859375,-0.23347541336860905,0.005641120485961437,-0.12005850718083272,-0.002903411164879799,0.05242019972529197,0.9858486774036134,0.08027060962252304,left,0.0007807016372680664,-0.22060637083694487,-2.213881333363056,-9.309360988086462,-0.10459736953274473,-0.0014430780429393053,-0.001778915524482727,2.145905090854317,0.0019142478704452515
1746728767418810000,24.41581005859375,-0.23347541336860905,0.006606621667742729,-0.12005850718083272,-0.004588684067130089,0.05242019972529197,0.9858486774036134,0.08027060962252304,left,0.000010311603546142578,-0.22060637083694487,-2.213881333363056,-9.309360988086462,-0.10459736953274473,-0.004528921563178301,-0.0031549185514450073,2.145905090854317,0.001840442419052124
1746728767458810000,24.45581005859375,-0.23347541336860905,0.0032676418777555227,-0.12005850718083272,0.007042551413178444,0.05242019972529197,0.9858486774036134,0.08027060962252304,left,-0.001605391502380371,-0.22060637083694487,-2.213881333363056,-9.309360988086462,-0.10459736953274473,0.0008722278289496899,-0.0028707683086395264,2.145905090854317,0.0007704943418502808
1746728767498810000,24.49581005859375,-0.23347541336860905,-0.0016901020426303148,-0.12005850718083272,0.008971919305622578,0.05242019972529197,0.9858486774036134,0.08027060962252304,left,-0.0005956292152404785,-0.22060637083694487,-2.213881333363056,-9.309360988086462,-0.10459736953274473,0.0038886575493961573,-0.0017060786485671997,2.145905090854317,0.00024816393852233887
1746728767538810000,24.53581005859375,-0.23286153127258657,-0.004289522301405668,-0.11976809336786969,0.011566651985049248,0.05251029171844744,0.9858844883742605,0.08053011906317008,left,0.00005501508712768555,-0.220503133388189,-2.2082171701215207,-9.310933936491608,-0.1045469775703651,0.004889012314379215,-0.0007799267768859863,2.144917102730274,0.00047247111797332764
1746728767578809900,24.575809814453127,-0.23226647813743956,-0.005030074156820774,-0.11947113628270628,0.015196220949292183,0.05245796738121528,0.9859309332069939,0.08050729200066342,left,0.000028014183044433594,-0.22032310573991953,-2.202765042195469,-9.312622035709023,-0.10447511933782663,0.005010622087866068,-0.00015884637832641602,2.143194370590895,0.0008998662233352661
1746728767618810000,24.61581005859375,-0.23173435490841124,-0.00549815921112895,-0.11919836023395403,0.013884507119655609,0.05233675589382283,0.9859715775234186,0.0803258314958274,left,0.0007911920547485352,-0.2202515569563237,-2.1978445369280872,-9.313941886135936,-0.10446457265930897,-0.0012745535932481289,0.0005062371492385864,2.1425097493276,0.000988289713859558
1746728767658810000,24.65581005859375,-0.23130076843005087,-0.005571538582444191,-0.11896896573684353,0.010246623307466507,0.052161260105372725,0.9860015071490725,0.08000767516571357,left,0.001165628433227539,-0.22032409974561917,-2.1937702732264994,-9.314742681124805,-0.10453065025854055,-0.004311060067266226,0.0010555684566497803,2.143203869071603,0.0017023980617523193
1746728767698810000,24.69581005859375,-0.23110993356722428,-0.0034671416506171227,-0.11886135363280247,0.008133256807923317,0.05202950217979041,0.9860237325433839,0.0797697459032428,left,0.00030797719955444336,-0.22024279282218925,-2.1920326357789337,-9.315330710145831,-0.10450963634253277,-0.0010133963078260422,0.000916793942451477,2.14242587043643,0.0015462040901184082
1746728767738810000,24.73581005859375,-0.23110993356722428,-0.0013627447187900543,-0.11886135363280247,0.006019890308380127,0.05202950217979041,0.9860237325433839,0.0797697459032428,left,-0.0006096363067626953,-0.22024279282218925,-2.1920326357789337,-9.315330710145831,-0.10450963634253277,0.0022842674516141415,0.0009552091360092163,2.14242587043643,0.0013106465339660645
1746728767778810000,24.77581005859375,-0.23110993356722428,-0.003045429242774844,-0.11886135363280247,0.0025703716091811657,0.05202950217979041,0.9860237325433839,0.0797697459032428,left,-0.001122891902923584,-0.22024279282218925,-2.1920326357789337,-9.315330710145831,-0.10450963634253277,0.008909775875508785,0.0008325129747390747,2.14242587043643,0.0003225058317184448
1746728767818810000,24.81581005859375,-0.23076969260427888,-0.0034809093922376633,-0.11867188931636831,0.002232734579592943,0.051842099094828314,0.986079829447668,0.07948157550057845,left,-0.00046372413635253906,-0.21974193863801916,-2.189108126634359,-9.317119347128271,-0.10428839966027265,0.010363510809838772,0.0008748918771743774,2.137632498680055,-0.0000011026859283447266
1746728767858810000,24.85581005859375,-0.23046011233752153,-0.004043724853545427,-0.11850462960920773,0.003850171808153391,0.051720349036409916,0.9861285638382128,0.07931891208070505,left,-0.0004855990409851074,-0.21927948484560109,-2.1864492826886472,-9.318758346506952,-0.10407781678265904,0.008633648976683617,0.0007007420063018799,2.1332062066704034,-0.00078621506690979
1746728767898810000,24.89581005859375,-0.23015052609653097,-0.004606540780514479,-0.11833736924083843,0.005467609502375126,0.05159855700233172,0.9861772559114125,0.07915604357683916,left,-0.0005077719688415527,-0.21881710217508618,-2.183788977438211,-9.320393838754296,-0.10386723456091829,0.0069037871435284615,0.0005264580249786377,2.1287802069216966,-0.001571372151374817
1746728767938810000,24.93581005859375,-0.23015052609653097,-0.008735375478863716,-0.11833736924083843,0.004670273046940565,0.05159855700233172,0.9861772559114125,0.07915604357683916,left,-0.0001283884048461914,-0.21881710217508618,-2.183788977438211,-9.320393838754296,-0.10386723456091829,0.004035208374261856,0.0012091100215911865,2.1287802069216966,-0.0035874247550964355
1746728767978810000,24.97581005859375,-0.22991856222828763,-0.011708635836839676,-0.11818558983660425,-0.001971425022929907,0.05125116072280959,0.9862235583413749,0.07850738650551459,left,0.0030425190925598145,-0.21853447558542982,-2.1817639013513923,-9.32148572564423,-0.10377205485067549,-0.005765547975897789,-0.000041350722312927246,2.12607460122481,-0.00038880109786987305
1746728768018810000,25.01581005859375,-0.2302242633939692,-0.0054644872434437275,-0.11830988281843142,-0.0039879088290035725,0.051014317875571105,0.9862175406309411,0.07799266605813299,left,-0.0038526058197021484,-0.21855469241516753,-2.184603654821962,-9.32077670059204,-0.10380464718977798,-0.0027267897967249155,0.0011370033025741577,2.126268077970296,0.0005693733692169189
1746728768058810000,25.05581005859375,-0.2302242633939692,-0.00287129869684577,-0.11830988281843142,-0.003053857944905758,0.051014317875571105,0.9862175406309411,0.07799266605813299,left,-0.0033710598945617676,-0.21855469241516753,-2.184603654821962,-9.32077670059204,-0.10380464718977798,-0.0034890794195234776,0.002005055546760559,2.126268077970296,0.001155361533164978
1746728768098810000,25.09581005859375,-0.2302242633939692,-0.00027811015024781227,-0.11830988281843142,-0.002119807293638587,0.051014317875571105,0.9862175406309411,0.07799266605813299,left,-0.0028895139694213867,-0.21855469241516753,-2.184603654821962,-9.32077670059204,-0.10380464718977798,-0.004251369275152683,0.0028731077909469604,2.126268077970296,0.001741364598274231
1746728768138810000,25.13581005859375,-0.22975212326823458,0.002714577130973339,-0.11808865989644807,-0.0022390205413103104,0.051076968384275834,0.9862230629857462,0.07813242145186583,left,0.0014712214469909668,-0.21888743333852487,-2.180041461472958,-9.321117476853727,-0.1039726829942005,-0.0029244343750178814,0.0013913512229919434,2.129453430008143,0.0023426413536071777
1746728768178810000,25.17581005859375,-0.22975212326823458,0.006282208487391472,-0.11808865989644807,-0.005617217160761356,0.051076968384275834,0.9862230629857462,0.07813242145186583,left,0.0003719925880432129,-0.21888743333852487,-2.180041461472958,-9.321117476853727,-0.1039726829942005,-0.003761953441426158,0.0009530186653137207,2.129453430008143,0.0016829818487167358
1746728768218810000,25.21581005859375,-0.22973879604082675,0.004635450430214405,-0.11810839418183663,-0.007786279544234276,0.0512949243402173,0.9861887114329747,0.07852647000590114,left,0.00017702579498291016,-0.2193317411427296,-2.1797015619941056,-9.320224327406287,-0.10416905893303596,-0.00705744419246912,0.00045356154441833496,2.133706411277503,0.0008006691932678223
1746728768258810000,25.25581005859375,-0.23008123367118988,0.0036568408831954002,-0.11828515221611631,-0.0035208831541240215,0.05134857966121315,0.9861362449501252,0.07853637632910264,left,-0.0015812516212463379,-0.21989550456838733,-2.1826183262236416,-9.318304757520556,-0.10443795012940744,-0.006359048653393984,0.00046068429946899414,2.139102278971672,0.0012251436710357666
1746728768298810000,25.29581005859375,-0.23042371914574747,0.0026782311033457518,-0.11846189909527581,0.0007445127703249454,0.0514023192752143,0.98608377880896,0.07854627931615824,left,-0.0033399462699890137,-0.22045931939540564,-2.185533775278926,-9.316381095981598,-0.10470683140230934,-0.005660653579980135,0.0004676729440689087,2.1444978544048965,0.001649618148803711
1746728768338809900,25.335809814453125,-0.23042371914574747,0.0006557474844157696,-0.11846189909527581,0.002813757862895727,0.0514023192752143,0.98608377880896,0.07854627931615824,left,-0.001088559627532959,-0.22045931939540564,-2.185533775278926,-9.316381095981598,-0.10470683140230934,0.0037430166266858578,-0.0010077208280563354,2.1444978544048965,0.0021664202213287354
1746728768378810000,25.37581005859375,-0.23042371914574747,-0.0010195940267294645,-0.11846189909527581,0.005832916125655174,0.0514023192752143,0.98608377880896,0.07854627931615824,left,-0.0017637014389038086,-0.22045931939540564,-2.185533775278926,-9.316381095981598,-0.10470683140230934,0.009001870639622211,-0.00019212067127227783,2.1444978544048965,0.00203782320022583
1746728768418810000,25.41581005859375,-0.22995370055651068,-0.002531991107389331,-0.1182256755209305,0.00791766308248043,0.051366953148735746,0.9861369094885531,0.07857562594640656,left,-0.00119096040725708,-0.2199991139636374,-2.1813792859479784,-9.318367301362752,-0.10449004136561374,0.011831039562821388,0.00008040666580200195,2.140093774227053,0.001288682222366333
1746728768458810000,25.45581005859375,-0.22949519771291463,-0.0037423891481012106,-0.11799618329830386,0.008484217338263988,0.05134137389467894,0.9861878881860524,0.07862138233218618,left,-0.0005600452423095703,-0.21955716108883727,-2.1773215349897743,-9.320286286726594,-0.10428097245324033,0.009797572158277035,0.00003787875175476074,2.1358640277028083,0.0006061047315597534
1746728768498810000,25.49581005859375,-0.22949519771291463,-0.004252682905644178,-0.11799618329830386,0.007997804321348667,0.05134137389467894,0.9861878881860524,0.07862138233218618,left,0.00010526180267333984,-0.21955716108883727,-2.1773215349897743,-9.320286286726594,-0.10428097245324033,0.0041512553580105305,0.001202598214149475,2.1358640277028083,-0.0006669759750366211
1746728768538810000,25.53581005859375,-0.2290603281371567,-0.0044981492683291435,-0.1177653261225152,0.0035913255997002125,0.051184598218833796,0.986236944219013,0.07838334775331816,left,0.00041216611862182617,-0.21925100164598157,-2.173416636505723,-9.321869172003865,-0.10415502874516243,0.00010230299085378647,0.0006240308284759521,2.1329335272088645,0.000053748488426208496
1746728768578809900,25.575809814453127,-0.2290603281371567,-0.00484113534912467,-0.1177653261225152,0.0012093146797269583,0.051184598218833796,0.986236944219013,0.07838334775331816,left,0.00010854005813598633,-0.21925100164598157,-2.173416636505723,-9.321869172003865,-0.10415502874516243,0.0014673733385279775,0.000647813081741333,2.1329335272088645,0.0004760324954986572
1746728768618810000,25.61581005859375,-0.2290603281371567,-0.00008234987035393715,-0.1177653261225152,-0.0028203267138451338,0.051184598218833796,0.986236944219013,0.07838334775331816,left,-0.00003832578659057617,-0.21925100164598157,-2.173416636505723,-9.321869172003865,-0.10415502874516243,-0.0008156652329489589,0.00039787590503692627,2.1329335272088645,-0.00006970763206481934
1746728768658810000,25.65581005859375,-0.2290603281371567,-0.0012643925147131085,-0.1177653261225152,-0.0010744801256805658,0.051184598218833796,0.986236944219013,0.07838334775331816,left,-0.00008535385131835938,-0.21925100164598157,-2.173416636505723,-9.321869172003865,-0.10415502874516243,-0.003428029827773571,0.00027820467948913574,2.1329335272088645,-0.000233381986618042
1746728768698810000,25.69581005859375,-0.2290603281371567,0.0005276129813864827,-0.1177653261225152,-0.00537385419011116,0.051184598218833796,0.986236944219013,0.07838334775331816,left,0.00032401084899902344,-0.21925100164598157,-2.173416636505723,-9.321869172003865,-0.10415502874516243,-0.005642114207148552,0.0002157837152481079,2.1329335272088645,0.0002816915512084961
1746728768738810000,25.73581005859375,-0.2290603281371567,0.001868991064839065,-0.1177653261225152,-0.004154384136199951,0.051184598218833796,0.986236944219013,0.07838334775331816,left,-0.0005328655242919922,-0.21925100164598157,-2.173416636505723,-9.321869172003865,-0.10415502874516243,-0.002336489036679268,0.00013464689254760742,2.1329335272088645,0.0002162158489227295
1746728768778810000,25.77581005859375,-0.2290603281371567,-0.0010965444380417466,-0.1177653261225152,-0.0029969587922096252,0.051184598218833796,0.986236944219013,0.07838334775331816,left,-0.0009840130805969238,-0.21925100164598157,-2.173416636505723,-9.321869172003865,-0.10415502874516243,0.0024181283079087734,0.0006397813558578491,2.1329335272088645,-0.0008958429098129272
1746728768818810000,25.81581005859375,-0.2290603281371567,-0.0040620798245072365,-0.1177653261225152,-0.0018395333318039775,0.051184598218833796,0.986236944219013,0.07838334775331816,left,-0.0014351606369018555,-0.21925100164598157,-2.173416636505723,-9.321869172003865,-0.10415502874516243,0.007172745652496815,0.0011449158191680908,2.1329335272088645,-0.002007901668548584
1746728768858810000,25.85581005859375,-0.2290603281371567,-0.006113049574196339,-0.1177653261225152,-0.004216169472783804,0.051184598218833796,0.986236944219013,0.07838334775331816,left,0.0034685134887695312,-0.21925100164598157,-2.173416636505723,-9.321869172003865,-0.10415502874516243,0.004034434445202351,0.0005290359258651733,2.1329335272088645,-0.0024153590202331543
1746728768898810000,25.89581005859375,-0.22913480547603704,-0.004274181555956602,-0.11777184714445163,0.00927249900996685,0.0509361247763721,0.9862720150118176,0.07792611135875326,left,-0.00529325008392334,-0.21875924437083616,-2.174348948919773,-9.322727250137925,-0.10393731092193108,0.005853626877069473,0.0016903132200241089,2.128226226300746,-0.0019798725843429565
1746728768938810000,25.93581005859375,-0.22849630693684067,0.0003712102770805359,-0.11744721333134701,0.010622862726449966,0.05081804472228169,0.9863199634838073,0.07776638126384385,left,-0.0002301335334777832,-0.21864690814041585,-2.168450100139528,-9.324346375772356,-0.10390749296634412,-0.004584930837154388,0.00043952465057373047,2.127150852154195,-0.0008014440536499023
1746728768978810000,25.97581005859375,-0.22849630693684067,-0.002417892450466752,-0.11744721333134701,0.007766622118651867,0.05081804472228169,0.9863199634838073,0.07776638126384385,left,-0.0017671585083007812,-0.21864690814041585,-2.168450100139528,-9.324346375772356,-0.10390749296634412,-0.013103394769132137,0.0020926445722579956,2.127150852154195,0.0005903691053390503
1746728769018810000,26.01581005859375,-0.22816436968548579,0.0011620838195085526,-0.11727625247318851,-0.0006426302716135979,0.05068158706141939,0.9863058811066999,0.07744312185994102,left,0.002884209156036377,-0.2193855409903286,-2.164998790641874,-9.323532721301913,-0.10429950975766417,-0.012316334992647171,0.0013394951820373535,2.1342213750623165,0.003291979432106018
1746728769058810000,26.05581005859375,-0.22823849152803574,0.007686269469559193,-0.11732041636551768,-0.005928656551986933,0.05072433061029001,0.9862731374211906,0.07746764494716937,left,0.002431631088256836,-0.21987761952698856,-2.165452087367326,-9.322348479953408,-0.10453908945576035,-0.005342449992895126,0.0010354071855545044,2.138931014057994,0.0033381879329681396
1746728769098810000,26.09581005859375,-0.22823849152803574,0.007885800674557686,-0.11732041636551768,-0.007408312056213617,0.05072433061029001,0.9862731374211906,0.07746764494716937,left,0.0011371374130249023,-0.21987761952698856,-2.165452087367326,-9.322348479953408,-0.10453908945576035,-0.00022191740572452545,-0.0001722276210784912,2.138931014057994,0.0020235180854797363
1746728769138810000,26.13581005859375,-0.22858798278651984,0.002270911820232868,-0.11751821497834689,-0.010912209749221802,0.05095614312253935,0.986220423717213,0.07785725809522118,left,0.0010052919387817383,-0.22027051051134244,-2.1685193659834563,-9.320771439895033,-0.10470126691801292,-0.0012564238859340549,-0.0019229799509048462,2.1426910972438753,0.000744938850402832
1746728769178810000,26.17581005859375,-0.22899082112704816,0.0014416100457310677,-0.11772863668590255,-0.0006910376250743866,0.05106885400682536,0.9861765417586139,0.07801141969254687,left,-0.0029720664024353027,-0.22055629454581777,-2.1721349261321126,-9.319300782820582,-0.10482298748801543,-0.001488327863626182,-0.0009788274765014648,2.1454259290352464,-0.000018656253814697266
1746728769218810000,26.21581005859375,-0.22899082112704816,0.0002546744653955102,-0.11772863668590255,0.002558961743488908,0.05106885400682536,0.9861765417586139,0.07801141969254687,left,-0.0013217926025390625,-0.22055629454581777,-2.1721349261321126,-9.319300782820582,-0.10482298748801543,0.002629061695188284,-0.002531081438064575,2.1454259290352464,0.00038823485374450684
1746728769258810000,26.25581005859375,-0.22899082112704816,-0.004179229028522968,-0.11772863668590255,0.0077675702050328255,0.05106885400682536,0.9861765417586139,0.07801141969254687,left,-0.0006032586097717285,-0.22055629454581777,-2.1721349261321126,-9.319300782820582,-0.10482298748801543,0.00526893325150013,-0.0003703683614730835,2.1454259290352464,-0.00010098516941070557
1746728769298810000,26.29581005859375,-0.22857655852857156,-0.004871792625635862,-0.11751536006413643,0.007669366896152496,0.05098471264186593,0.9862219725285134,0.07792133402835717,left,-0.0007309317588806152,-0.22022592031905108,-2.1684344641789792,-9.32088951331675,-0.10467578526758521,0.0042777108028531075,-0.0004913359880447388,2.142264396264404,0.0004618316888809204
1746728769338809900,26.335809814453125,-0.22857655852857156,-0.0031143072992563248,-0.11751536006413643,0.005915000569075346,0.05098471264186593,0.9862219725285134,0.07792133402835717,left,-0.0007513165473937988,-0.22022592031905108,-2.1684344641789792,-9.32088951331675,-0.10467578526758521,0.0017607389017939568,0.0006038695573806763,2.142264396264404,-0.0005232840776443481
1746728769378810000,26.37581005859375,-0.22816973071323565,-0.006698337383568287,-0.11729794377745749,0.0037821405567228794,0.05081129684032522,0.9862586541338195,0.07762293220953873,left,0.0003515481948852539,-0.22013455940843418,-2.164686655952781,-9.321961526462434,-0.10465855743974338,-0.0002992558293044567,0.0006946772336959839,2.141390097647905,-0.0012158304452896118
1746728769418810000,26.41581005859375,-0.22816973071323565,-0.010282367467880249,-0.11729794377745749,0.0016492803115397692,0.05081129684032522,0.9862586541338195,0.07762293220953873,left,0.0013451576232910156,-0.22013455940843418,-2.164686655952781,-9.321961526462434,-0.10465855743974338,-0.002359250793233514,0.0011676698923110962,2.141390097647905,-0.001997530460357666
1746728769458810000,26.45581005859375,-0.22794640317956666,-0.012135213240981102,-0.11715023549084419,-0.0025268199387937784,0.05045604735586417,0.9862979704458822,0.07694383531961278,left,0.0010655522346496582,-0.21997506496853547,-2.1626818920016286,-9.322777519020438,-0.10462528541287042,-0.000867364346049726,0.0010908693075180054,2.139863618732989,-0.0006837993860244751
1746728769498810000,26.49581005859375,-0.22794640317956666,-0.008519439026713371,-0.11715023549084419,-0.0016823955811560154,0.05045604735586417,0.9862979704458822,0.07694383531961278,left,-0.00004774332046508789,-0.21997506496853547,-2.1626818920016286,-9.322777519020438,-0.10462528541287042,-0.0019428253872320056,0.000742688775062561,2.139863618732989,-0.0007234066724777222
1746728769538810000,26.53581005859375,-0.22794640317956666,-0.0049036648124456406,-0.11715023549084419,-0.0008379712235182524,0.05045604735586417,0.9862979704458822,0.07694383531961278,left,-0.001161038875579834,-0.21997506496853547,-2.1626818920016286,-9.322777519020438,-0.10462528541287042,-0.0030182863119989634,0.0003945082426071167,2.139863618732989,-0.0007630139589309692
1746728769690692600,26.687692626953126,-0.2280443797338702,0.00031128351110965014,-0.11713051359896817,-0.0006105729262344539,0.049792253908790156,0.9863022340288935,0.07553844709024399,left,-0.0005252026603557169,-0.22041866191257853,-2.163380395659804,-9.321639454901218,-0.1049241213028169,0.0018289341824129224,0.0012376682134345174,2.14410885508731,0.000315733632305637
1746728769730692600,26.727692626953125,-0.2280443797338702,-0.005421062000095844,-0.11713051359896817,0.00033217703457921743,0.049792253908790156,0.9863022340288935,0.07553844709024399,left,-0.0014684200286865234,-0.22041866191257853,-2.163380395659804,-9.321639454901218,-0.1049241213028169,-0.003166104666888714,0.0019472390413284302,2.14410885508731,0.00044587254524230957
1746728769770692600,26.767692626953124,-0.22827318456777976,-0.00439448794350028,-0.11721737813724245,-0.011152192950248718,0.04954927476080589,0.98629197672713,0.07500148042779971,left,0.00022220611572265625,-0.2205988933173422,-2.16542578388229,-9.320767932763696,-0.10503886024989195,-0.007160610053688288,0.0006794482469558716,2.14583348692283,0.0014150142669677734
1746728769810692600,26.807692626953123,-0.22827318456777976,0.0005458202213048935,-0.11721737813724245,0.009324181824922562,0.04954927476080589,0.98629197672713,0.07500148042779971,left,-0.004736840724945068,-0.2205988933173422,-2.16542578388229,-9.320767932763696,-0.10503886024989195,-0.008515368215739727,0.0012982040643692017,2.14583348692283,0.002783045172691345
1746728769850692600,26.847692626953126,-0.22794485539283155,-0.00036505114985629916,-0.11705065675515933,0.0005611749365925789,0.04945627435917966,0.9862874271786068,0.07479157253718594,left,-0.001501619815826416,-0.22110893969452153,-2.162117682247609,-9.320410789889097,-0.10531104604071576,-0.00967462733387947,0.0012398064136505127,2.150713806310296,0.00044339895248413086
1746728769890692400,26.8876923828125,-0.2280170607639288,0.001650545047596097,-0.11708114316213743,-0.004548471886664629,0.049391111532768914,0.9862674381593415,0.07461251015854448,left,0.0003275871276855469,-0.22146415668351646,-2.162617886854708,-9.31951004165709,-0.10549507759051742,-0.004881954286247492,0.0007452964782714844,2.1541123627074064,0.0017866641283035278
1746728769930692600,26.927692626953124,-0.2280170607639288,0.0036661408375948668,-0.11708114316213743,-0.009658118709921837,0.049391111532768914,0.9862674381593415,0.07461251015854448,left,0.002248704433441162,-0.22146415668351646,-2.162617886854708,-9.31951004165709,-0.10549507759051742,-0.00008928216993808746,0.00019979476928710938,2.1541123627074064,0.003476470708847046
1746728769970692600,26.967692626953124,-0.2280170607639288,0.00774624478071928,-0.11708114316213743,-0.011336976662278175,0.049391111532768914,0.9862674381593415,0.07461251015854448,left,0.0014917254447937012,-0.22146415668351646,-2.162617886854708,-9.31951004165709,-0.10549507759051742,0.004154306370764971,-0.00004653632640838623,2.1541123627074064,0.003858432173728943
1746728770010692600,27.007692626953126,-0.22848135940655503,0.005981727968901396,-0.11732716180819207,-0.011052641086280346,0.049558132395451863,0.9862175385646884,0.07486983152238857,left,0.0005767941474914551,-0.22175091900559704,-2.166804671020061,-9.31790319098234,-0.10561005402037146,0.005144580267369747,-0.000729873776435852,2.15685581619665,0.002874031662940979
1746728770050692600,27.047692626953125,-0.22900402897388192,0.004946764558553696,-0.11759792122263624,-0.015934951603412628,0.04969534457366087,0.9861702577062319,0.07506963618801969,left,0.00039315223693847656,-0.2219537411485328,-2.1715752464227376,-9.316343102058768,-0.10568546166719557,0.002922704443335533,-0.0016964375972747803,2.158796136609465,0.002228274941444397
1746728770090692600,27.087692626953125,-0.22934558155388482,0.004681948572397232,-0.11777739127794433,-0.012826289981603622,0.04982628035315269,0.9861532973763082,0.07531661539197411,left,0.0008461475372314453,-0.2217913615507457,-2.1748367324367166,-9.315942120042443,-0.10558228578012424,0.007279711775481701,-0.0019212067127227783,2.1572427696876226,0.001494675874710083
1746728770130692600,27.127692626953124,-0.22934558155388482,0.004417133051902056,-0.11777739127794433,-0.009717628359794617,0.04982628035315269,0.9861532973763082,0.07531661539197411,left,0.001340031623840332,-0.2217913615507457,-2.1748367324367166,-9.315942120042443,-0.10558228578012424,0.011636719107627869,-0.002478554844856262,2.1572427696876226,0.0006026625633239746
1746728770170692600,27.167692626953126,-0.22977902283416915,0.004129883833229542,-0.11800421357916445,-0.0065414318814873695,0.05000046214354164,0.9861459954599744,0.07567669847550351,left,0.0011921525001525879,-0.2213128545795722,-2.1791092951893805,-9.316002325797081,-0.10531407956229602,0.013284594751894474,-0.0024769753217697144,2.152664794247597,-0.000028371810913085938
1746728770210692600,27.207692626953126,-0.2300117694746953,0.0011976063251495361,-0.11812674912133753,-0.003784185741096735,0.050120156435440766,0.9861573124674878,0.07595731508331452,left,0.0004222989082336426,-0.22074968991257624,-2.1815536196015772,-9.31667394144833,-0.10501373221625715,0.0149677824229002,-0.0021450668573379517,2.147276525337994,0.0002988874912261963
1746728770250692600,27.247692626953125,-0.2299495062709996,-0.001837142277508974,-0.11809509226306297,0.00023031700402498245,0.05013152529020228,0.9861807923834313,0.07602942694047457,left,0.000331878662109375,-0.22036856573482672,-2.1811599441088734,-9.317605669340491,-0.1048229280061703,0.00912138819694519,-0.0011064708232879639,2.1436294010072947,0.0000937730073928833
1746728770290692600,27.287692626953124,-0.2299495062709996,-0.004871890880167484,-0.11809509226306297,0.0042448197491467,0.05013152529020228,0.9861807923834313,0.07602942694047457,left,0.00014644861221313477,-0.22036856573482672,-2.1811599441088734,-9.317605669340491,-0.1048229280061703,0.0032749949023127556,-0.000027731060981750488,2.1436294010072947,-0.00048322975635528564
1746728770330692600,27.327692626953127,-0.22982693862724501,-0.008838128298521042,-0.11802018535922276,0.004081955179572105,0.05001140042477111,0.9862133066967561,0.07583898987373972,left,0.0001512765884399414,-0.22000786601004865,-2.1801938755556938,-9.318625660037993,-0.10465919928026465,0.002292460761964321,0.0004573613405227661,2.1401776531182226,-0.0003916621208190918
1746728770370692600,27.367692626953126,-0.22982693862724501,-0.007791572250425816,-0.11802018535922276,0.0051793321035802364,0.05001140042477111,0.9862133066967561,0.07583898987373972,left,-0.000361025333404541,-0.22000786601004865,-2.1801938755556938,-9.318625660037993,-0.10465919928026465,0.002776916604489088,0.00045202672481536865,2.1401776531182226,-0.0001674741506576538
1746728770410692600,27.407692626953125,-0.22982693862724501,-0.002027425915002823,-0.11802018535922276,0.00292807980440557,0.05001140042477111,0.9862133066967561,0.07583898987373972,left,-0.0005556344985961914,-0.22000786601004865,-2.1801938755556938,-9.318625660037993,-0.10465919928026465,0.0032726190984249115,0.0004909485578536987,2.1401776531182226,-0.0001872926950454712
1746728770450692600,27.447692626953124,-0.22982693862724501,0.0037367199547588825,-0.11802018535922276,0.0006768277380615473,0.05001140042477111,0.9862133066967561,0.07583898987373972,left,-0.0007501840591430664,-0.22000786601004865,-2.1801938755556938,-9.318625660037993,-0.10465919928026465,0.003768321592360735,0.0005298852920532227,2.1401776531182226,-0.00020711123943328857
1746728770490692600,27.487692626953127,-0.22982693862724501,0.003695526858791709,-0.11802018535922276,-0.0019103898666799068,0.05001140042477111,0.9862133066967561,0.07583898987373972,left,-0.0012013912200927734,-0.22000786601004865,-2.1801938755556938,-9.318625660037993,-0.10465919928026465,0.003988910466432571,0.000017344951629638672,2.1401776531182226,-0.001958683133125305
1746728770530692600,27.527692626953126,-0.2298144648686999,-0.000025427201762795448,-0.118007735923286,-0.003698688466101885,0.04998598301537219,0.9862451512287741,0.07585050464322678,left,-0.0012054443359375,-0.2194531193859283,-2.180347750943154,-9.31980697877705,-0.10438501292179195,0.003462444990873337,0.0003648698329925537,2.1348681485332546,-0.0018158555030822754
1746728770570692600,27.567692626953125,-0.2298144648686999,-0.003555865725502372,-0.118007735923286,-0.001271258108317852,0.04998598301537219,0.9862451512287741,0.07585050464322678,left,-0.0009948015213012695,-0.2194531193859283,-2.180347750943154,-9.31980697877705,-0.10438501292179195,0.002433615271002054,0.0002630650997161865,2.1348681485332546,-0.0009024292230606079
1746728770610692600,27.607692626953124,-0.2299631692370427,-0.008806661702692509,-0.11805669709442997,-0.002328186761587858,0.049790445630833034,0.9862700262452907,0.07548671390041621,left,-0.002170383930206299,-0.21901791319829805,-2.181945249267667,-9.320386824491619,-0.10418795330109802,0.0018011369975283742,0.0009888261556625366,2.130702407155931,-0.0003389120101928711
1746728770650692400,27.6476923828125,-0.2299631692370427,-0.009747377596795559,-0.11805669709442997,-0.007183888927102089,0.049790445630833034,0.9862700262452907,0.07548671390041621,left,0.0032091736793518066,-0.21901791319829805,-2.181945249267667,-9.320386824491619,-0.10418795330109802,0.0008651820244267583,-0.000087738037109375,2.130702407155931,0.0005035251379013062
1746728770690692600,27.687692626953126,-0.2301670216294154,-0.005348964128643274,-0.11812737870980475,0.009542541578412056,0.04954366493257186,0.9862930076584492,0.07501070002594094,left,-0.004876613616943359,-0.21860582895243866,-2.184045290286839,-9.3207959898144,-0.10400758969756053,0.0048620812594890594,0.001856386661529541,2.1267576150529086,0.0026587992906570435
1746728770730692600,27.727692626953125,-0.2301670216294154,0.002120138145983219,-0.11812737870980475,0.004750122781842947,0.04954366493257186,0.9862930076584492,0.07501070002594094,left,-0.0005227923393249512,-0.21860582895243866,-2.184045290286839,-9.3207959898144,-0.10400758969756053,-0.0005936701782047749,-0.00033152103424072266,2.1267576150529086,0.0024440735578536987
1746728770770692600,27.767692626953124,-0.2301670216294154,0.004091261886060238,-0.11812737870980475,0.0040861861780285835,0.04954366493257186,0.9862930076584492,0.07501070002594094,left,-0.0009483098983764648,-0.21860582895243866,-2.184045290286839,-9.3207959898144,-0.10400758969756053,-0.0034747235476970673,0.0017168372869491577,2.1267576150529086,0.0037840604782104492
1746728770810692600,27.807692626953123,-0.2301670216294154,0.005455098580569029,-0.11812737870980475,-0.0019429498352110386,0.04954366493257186,0.9862930076584492,0.07501070002594094,left,0.0030820369720458984,-0.21860582895243866,-2.184045290286839,-9.3207959898144,-0.10400758969756053,0.0008281138725578785,0.0011298805475234985,2.1267576150529086,0.0035739541053771973
1746728770850692600,27.847692626953126,-0.23013434448594244,0.004470762796700001,-0.11813072238317827,-0.004349931608885527,0.049725310942864476,0.9862846823210882,0.07538035577361671,left,0.001965820789337158,-0.2186249449197914,-2.1837314020320773,-9.320827553996443,-0.10399600354687119,0.002239181427285075,0.0004250854253768921,2.1269405704043804,0.0024470537900924683
1746728770890692400,27.8876923828125,-0.23013434448594244,0.0034864270128309727,-0.11813072238317827,-0.006756912916898727,0.049725310942864476,0.9862846823210882,0.07538035577361671,left,0.0008463859558105469,-0.2186249449197914,-2.1837314020320773,-9.320827553996443,-0.10399600354687119,0.003650248982012272,-0.0002477020025253296,2.1269405704043804,0.0013388097286224365
1746728770930692600,27.927692626953124,-0.23034766238853846,0.0023929974995553493,-0.11825100692906582,-0.0019175815396010876,0.049879859702825595,0.9862651202879241,0.07567184840703715,left,-0.0004962682723999023,-0.21861972156811235,-2.1857221374578772,-9.320372211444377,-0.10397088669977128,0.003927020356059074,-0.0008003562688827515,2.126890593782812,0.0005875974893569946
1746728770970692600,27.967692626953124,-0.23034766238853846,0.0012995681026950479,-0.11825100692906582,0.0029217503033578396,0.049879859702825595,0.9862651202879241,0.07567184840703715,left,-0.0017924904823303223,-0.21861972156811235,-2.1857221374578772,-9.320372211444377,-0.10397088669977128,0.004203791730105877,-0.00155600905418396,2.126890593782812,-0.00016869604587554932
1746728771010692600,28.007692626953126,-0.23034766238853846,-0.0010537643684074283,-0.11825100692906582,0.0023785443045198917,0.049879859702825595,0.9862651202879241,0.07567184840703715,left,-0.0002009272575378418,-0.21861972156811235,-2.1857221374578772,-9.320372211444377,-0.10397088669977128,0.005907525308430195,-0.0016896426677703857,2.126890593782812,-0.000682830810546875
1746728771050692600,28.047692626953125,-0.23034766238853846,-0.0024661722127348185,-0.11825100692906582,0.004880920983850956,0.049879859702825595,0.9862651202879241,0.07567184840703715,left,-0.0007361173629760742,-0.21861972156811235,-2.1857221374578772,-9.320372211444377,-0.10397088669977128,0.005996010731905699,-0.001423656940460205,2.126890593782812,-0.0010808110237121582
1746728771090692600,28.087692626953125,-0.23034766238853846,-0.003878579940646887,-0.11825100692906582,0.00738329766318202,0.049879859702825595,0.9862651202879241,0.07567184840703715,left,-0.0012713074684143066,-0.21861972156811235,-2.1857221374578772,-9.320372211444377,-0.10397088669977128,0.006084496155381203,-0.0011576712131500244,2.126890593782812,-0.0014788061380386353
1746728771130692600,28.127692626953124,-0.22994274028025702,-0.005206266418099403,-0.11805015629523508,0.008465579710900784,0.049881800232673995,0.9863166741560819,0.07577858679166892,left,-0.0007928013801574707,-0.21807990315212425,-2.1822093070313335,-9.322373029872775,-0.10370822123745593,0.001774198841303587,0.00036887824535369873,2.121722543495148,-0.001383662223815918
1746728771285594000,28.282593994140626,-0.22951999956544972,-0.005149269942194223,-0.11777396480083746,-0.00612307945266366,0.04921606437428265,0.9863738245779342,0.07447296021067484,left,0.0013685878366231918,-0.21808157640187398,-2.1782674375377593,-9.323291313761473,-0.10379649722241051,0.0009180173510685563,0.0011018607765436172,2.1217384717166423,0.003998293541371822
1746728771445095200,28.44209521484375,-0.22998043461790468,-0.00031128351110965014,-0.1180545707303352,0.0006105729262344539,0.049759940801064724,0.9863300044708821,0.07554687732569451,left,0.0008364861714653671,-0.2179062414045758,-2.1826447758391496,-9.322649508726597,-0.10363523097369158,-0.0018289341824129224,0.000591265968978405,2.1200597248494626,-0.0009263065876439214
1746728771484970800,28.481970703125,-0.23003828512245203,-0.014133249409496784,-0.11805988331839892,0.006981298327445984,0.04953986606495153,0.9863359823831147,0.07509080177658735,left,0.00031128351110965014,-0.21793980850589548,-2.183167776799947,-9.322453693893552,-0.1036772903918214,-0.007778379134833813,0.0018289341824129224,2.12038121188879,-0.0006105729262344539
1746728771524970800,28.521970703125,-0.23003828512245203,-0.004918111488223076,-0.11805988331839892,0.016668833792209625,0.04953986606495153,0.9863359823831147,0.07509080177658735,left,-0.0011520981788635254,-0.21793980850589548,-2.183167776799947,-9.322453693893552,-0.1036772903918214,-0.004020422697067261,0.0004975050687789917,2.12038121188879,0.00222073495388031
1746728771564971000,28.561970947265625,-0.22979957873832765,0.00013059983029961586,-0.1179301936797479,0.004789906553924084,0.049415067610335706,0.9863569294252919,0.07486524065593789,left,-0.0008371472358703613,-0.2179183853882528,-2.1809527310989796,-9.323018926560879,-0.10368592051243039,-0.004657532554119825,0.00086936354637146,2.12017604470551,0.0012637525796890259
1746728771604971000,28.601970947265624,-0.22979957873832765,0.0036956272087991238,-0.1179301936797479,-0.0023025856353342533,0.049415067610335706,0.9863569294252919,0.07486524065593789,left,0.00040078163146972656,-0.2179183853882528,-2.1809527310989796,-9.323018926560879,-0.10368592051243039,-0.002747535239905119,0.0008697956800460815,2.12017604470551,0.002379879355430603
1746728771644971000,28.641970947265627,-0.22979957873832765,0.007260654587298632,-0.1179301936797479,-0.00939507968723774,0.049415067610335706,0.9863569294252919,0.07486524065593789,left,0.0016387701034545898,-0.2179183853882528,-2.1809527310989796,-9.323018926560879,-0.10368592051243039,-0.0008375378092750907,0.0008702278137207031,2.12017604470551,0.0034959912300109863
1746728771684970800,28.681970703125,-0.23003548810406874,0.008601787500083447,-0.11806995525186445,-0.01219174824655056,0.04963921721317455,0.986323066596512,0.07527565533189502,left,0.0004680752754211426,-0.2180914151663323,-2.1830684080787,-9.322146819901466,-0.10374128431603132,0.006743746809661388,0.0005941689014434814,2.121832725871354,0.002044990658760071
1746728771724970800,28.721970703125,-0.2304517765370337,0.008478528819978237,-0.11829638728447571,-0.013360333628952503,0.049862315025997854,0.9862887358844549,0.0756850680814699,left,-0.0002709031105041504,-0.21808431520719157,-2.186952409905195,-9.321251916888356,-0.10370322654286836,0.005439833737909794,-0.0006882697343826294,2.121764775201678,0.0009716153144836426
1746728771764970800,28.761970703125,-0.23101349447327427,0.005124381743371487,-0.11858937459133186,-0.01375716831535101,0.050044637572776114,0.9862486764605493,0.0759977719774917,left,-0.0026297569274902344,-0.21806611919477067,-2.192196740299463,-9.320059492233396,-0.10366169667537294,0.006471321452409029,-0.0007637143135070801,2.1215905876785515,-0.0004812479019165039
1746728771804971000,28.801970947265627,-0.23101349447327427,0.0019391726236790419,-0.11858937459133186,-0.003082885406911373,0.050044637572776114,0.9862486764605493,0.0759977719774917,left,-0.0010262131690979004,-0.21806611919477067,-2.192196740299463,-9.320059492233396,-0.10366169667537294,0.009812497533857822,-0.0016313046216964722,2.1215905876785515,-0.0018931925296783447
1746728771844971000,28.841970947265626,-0.23124582500786603,-0.0020328254904597998,-0.11870764545295186,-0.0006230270955711603,0.05011850039079292,0.9862539070839057,0.07616958098518767,left,-0.0008515119552612305,-0.21765164423989816,-2.194563323300332,-9.32040552919209,-0.10344109626941257,0.008812633343040943,-0.0008602887392044067,2.1176219763085244,-0.0012813806533813477
1746728772003317000,29.00031689453125,-0.23118063635332095,-0.0073144566267728806,-0.1186207399573525,0.008631598204374313,0.04966502062773486,0.986341547355697,0.07538572548199447,left,-0.00204598275013268,-0.21650120877618717,-2.194512469895929,-9.322913128098845,-0.10292136148720765,-0.008387995883822441,0.00009547194349579513,2.106604907731712,-0.0007571065798401833
1746728772043317200,29.040317138671874,-0.2311945405927072,-0.006342142354696989,-0.11860153680256057,0.004566997289657593,0.04941243880986802,0.9863503859497388,0.07486562692293952,left,-0.0016936063766479492,-0.2165591353225642,-2.1946141767047345,-9.322764075016975,-0.10298045568265878,-0.006423184182494879,-0.00043995678424835205,2.1071596190050244,-0.00009213387966156006
1746728772083317200,29.080317138671877,-0.23120848447812772,-0.00536982761695981,-0.11858232249264511,0.0005023963749408722,0.049159856992001275,0.9863592245437798,0.07434553567695876,left,-0.0013412237167358398,-0.21661706344449108,-2.194716175774485,-9.322615021935105,-0.1030395399546433,-0.0044583724811673164,-0.0009753704071044922,2.1077144764088094,0.0005728304386138916
1746728772123317200,29.120317138671876,-0.23120848447812772,-0.0022994910832494497,-0.11858232249264511,-0.002397655975073576,0.049159856992001275,0.9863592245437798,0.07434553567695876,left,-0.0006427764892578125,-0.21661706344449108,-2.194716175774485,-9.322615021935105,-0.1030395399546433,-0.005260498262941837,-0.000500902533531189,2.1077144764088094,0.0003719627857208252
1746728772163317200,29.160317138671875,-0.23136120433990007,-0.0014890448655933142,-0.11864861393400314,-0.0011907621519640088,0.049063923799349596,0.9863399537394565,0.0741026053776583,left,-0.0004786849021911621,-0.21690623287567318,-2.196000078105181,-9.321685632130503,-0.10319294589757017,-0.006166745442897081,-0.0004930794239044189,2.1104839411221445,0.0007890015840530396
1746728772203317200,29.200317138671874,-0.23136120433990007,-0.0006785985897295177,-0.11864861393400314,0.00001613155473023653,0.049063923799349596,0.9863399537394565,0.0741026053776583,left,-0.00021988153457641602,-0.21690623287567318,-2.196000078105181,-9.321685632130503,-0.10319294589757017,-0.0070729926228523254,-0.0006161630153656006,2.1104839411221445,0.0014884471893310547
1746728772243317200,29.240317138671877,-0.23153377878327364,0.000036411627661436796,-0.11872727303604882,-0.0013272602809593081,0.04898136289102003,0.9863074186312504,0.07386041374336937,left,0.00023567676544189453,-0.21741133244544025,-2.1973639138042924,-9.320268166548013,-0.10345241731574215,-0.006115148309618235,-0.00046803057193756104,2.1153208597593007,0.0004218965768814087
1746728772283317000,29.28031689453125,-0.23153377878327364,-0.003060588613152504,-0.11872727303604882,-0.00150141806807369,0.04898136289102003,0.9863074186312504,0.07386041374336937,left,0.0015895366668701172,-0.21741133244544025,-2.1973639138042924,-9.320268166548013,-0.10345241731574215,-0.004889482632279396,-0.0005776733160018921,2.1153208597593007,0.0005440264940261841
1746728772323317200,29.320317138671875,-0.2319833000499783,-0.0013556883204728365,-0.1189361287370302,-0.005036293528974056,0.04886245123997747,0.9862693834813557,0.07353323548649726,left,-0.002752959728240967,-0.21775699271019658,-2.201384986013919,-9.318567207849025,-0.10363147873167912,-0.0028120586648583412,-0.00021763145923614502,2.118630714959651,0.00025027990341186523
1746728772363317200,29.360317138671874,-0.2319833000499783,0.0027729084249585867,-0.1189361287370302,0.01186912227421999,0.04886245123997747,0.9862693834813557,0.07353323548649726,left,-0.0010911822319030762,-0.21775699271019658,-2.201384986013919,-9.318567207849025,-0.10363147873167912,-0.006715227849781513,-0.0005161017179489136,2.118630714959651,0.0001752227544784546
1746728772403317200,29.400317138671873,-0.2317234925166524,-0.0032195753883570433,-0.11880234049366398,0.00449871551245451,0.048769703031499204,0.9862650035437038,0.07332247795068032,left,-0.0008031129837036133,-0.2182015491829586,-2.198747477117181,-9.31822117089033,-0.10386977996353271,-0.010391824878752232,0.0003762245178222656,2.122887203360349,0.0002467036247253418
1746728772443317200,29.440317138671876,-0.23173175527229423,0.00027332548052072525,-0.11879499765403621,-0.00021205516532063484,0.048640369995842134,0.9862504864258314,0.07301636250911349,left,0.0002859830856323242,-0.21858379262926608,-2.1986378792628645,-9.317412192595004,-0.10407643346345016,-0.007649569772183895,-0.0002151280641555786,2.126546602650732,0.0013010799884796143
1746728772483317200,29.480317138671875,-0.23174016669455866,0.0037662263493984938,-0.11878765481440845,-0.004922825843095779,0.04851103696018508,0.9862359693079589,0.07271022672063927,left,0.0013747811317443848,-0.21896606013219247,-2.1985294504523276,-9.316602045255898,-0.1042830869633676,-0.004907314665615559,-0.0008063912391662598,2.1302060019411146,0.0023554861545562744
1746728772523317000,29.52031689453125,-0.23174016669455866,0.00542113184928894,-0.11878765481440845,-0.00650679599493742,0.04851103696018508,0.9862359693079589,0.07271022672063927,left,0.0006590485572814941,-0.21896606013219247,-2.1985294504523276,-9.316602045255898,-0.1042830869633676,0.000954928807914257,-0.0009436756372451782,2.1302060019411146,0.0015141963958740234
1746728772563317200,29.560317138671873,-0.23174016669455866,0.0031232773326337337,-0.11878765481440845,-0.004112774506211281,0.04851103696018508,0.9862359693079589,0.07271022672063927,left,-0.000018477439880371094,-0.21896606013219247,-2.1985294504523276,-9.316602045255898,-0.1042830869633676,0.0032756184227764606,-0.0009863972663879395,2.1302060019411146,0.0013687461614608765
1746728772603317200,29.600317138671876,-0.23174016669455866,-0.0008004307746887207,-0.11878765481440845,-0.005770199932157993,0.04851103696018508,0.9862359693079589,0.07271022672063927,left,-0.0014368891716003418,-0.21896606013219247,-2.1985294504523276,-9.316602045255898,-0.1042830869633676,0.003942531067878008,-0.0016168802976608276,2.1302060019411146,0.0010530352592468262
1746728772643317200,29.640317138671875,-0.23174016669455866,-0.0016213126946240664,-0.11878765481440845,0.003540954552590847,0.04851103696018508,0.9862359693079589,0.07271022672063927,left,-0.0005205869674682617,-0.21896606013219247,-2.1985294504523276,-9.316602045255898,-0.1042830869633676,0.005317153409123421,-0.0024029016494750977,2.1302060019411146,0.0013564079999923706
1746728772683317200,29.680317138671874,-0.23174016669455866,-0.002628697082400322,-0.11878765481440845,0.0023902691900730133,0.04851103696018508,0.9862359693079589,0.07271022672063927,left,0.0001055598258972168,-0.21896606013219247,-2.1985294504523276,-9.316602045255898,-0.1042830869633676,0.009558225981891155,-0.0013002604246139526,2.1302060019411146,0.0008450895547866821
1746728772723317200,29.720317138671874,-0.23171267554693872,0.000591430114582181,-0.11878382611120997,0.004814608953893185,0.04861804123530774,0.9862482042624833,0.07296367216582891,left,-0.00039499998092651367,-0.21866764065229968,-2.198419121945649,-9.317280675169824,-0.10412141126261985,0.006989213638007641,-0.0009351372718811035,2.1273492973357437,0.00008811056613922119
1746728772763317000,29.76031689453125,-0.23171267554693872,0.0038115575443953276,-0.11878382611120997,0.007238948717713356,0.04861804123530774,0.9862482042624833,0.07296367216582891,left,-0.0009648799896240234,-0.21866764065229968,-2.198419121945649,-9.317280675169824,-0.10412141126261985,0.0044202012941241264,-0.0005587786436080933,2.1273492973357437,-0.0009601563215255737
1746728772803317200,29.800317138671875,-0.23171267554693872,0.002224651863798499,-0.11878382611120997,0.004839873872697353,0.04861804123530774,0.9862482042624833,0.07296367216582891,left,-0.0010939240455627441,-0.21866764065229968,-2.198419121945649,-9.317280675169824,-0.10412141126261985,0.00036096200346946716,0.0009353756904602051,2.1273492973357437,-0.0010262727737426758
1746728772843317200,29.840317138671875,-0.23171267554693872,-0.002074513351544738,-0.11878382611120997,0.0028247092850506306,0.04861804123530774,0.9862482042624833,0.07296367216582891,left,0.0006203055381774902,-0.21866764065229968,-2.198419121945649,-9.317280675169824,-0.10412141126261985,-0.0012867833720520139,0.001517653465270996,2.1273492973357437,-0.0005651861429214478
1746728772883317200,29.880317138671874,-0.23176122898529236,0.00009815837256610394,-0.11881036101050622,0.0008626391645520926,0.04866413885799237,0.9862614145983709,0.07309045176254518,left,0.00007003545761108398,-0.21832588231348976,-2.199038422887772,-9.317880979150534,-0.10394401525008597,0.002134939655661583,0.0006337910890579224,2.1240775821886957,0.0004965364933013916
1746728772923317200,29.920317138671876,-0.23180987985655416,0.002270829863846302,-0.1188369064037143,-0.0010994309559464455,0.04871019416333179,0.9862746669099192,0.07321715773657886,left,-0.00048041343688964844,-0.21798416633843753,-2.199658308351785,-9.318480114087462,-0.1037666298168882,0.005556662566959858,-0.000250011682510376,2.120805867041647,0.0015582293272018433
1746728772963317200,29.960317138671876,-0.23180987985655416,0.007793413940817118,-0.1188369064037143,-0.0015255084726959467,0.04871019416333179,0.9862746669099192,0.07321715773657886,left,-0.00033169984817504883,-0.21798416633843753,-2.199658308351785,-9.318480114087462,-0.1037666298168882,0.003362399060279131,-0.0006848126649856567,2.120805867041647,0.0007255077362060547
1746728773003317000,30.00031689453125,-0.23191796825086158,0.007506845984607935,-0.11891784673566497,-0.0009290120215155184,0.04898168973022533,0.9862579813129551,0.07376245613860445,left,-0.0012254118919372559,-0.21792981521281737,-2.2006920353136956,-9.31835444188118,-0.10370474996024275,-0.0023557813838124275,-0.0005060583353042603,2.120285496429354,-0.0007289499044418335
1746728773043317200,30.040317138671874,-0.23191796825086158,0.0006140423938632011,-0.11891784673566497,0.0007380840252153575,0.04898168973022533,0.9862579813129551,0.07376245613860445,left,-0.0007312297821044922,-0.21792981521281737,-2.2006920353136956,-9.31835444188118,-0.10370474996024275,-0.001078349887393415,0.000001817941665649414,2.120285496429354,-0.0004735887050628662
1746728773083317200,30.080317138671877,-0.23191796825086158,-0.006278761196881533,-0.11891784673566497,0.0024051801301538944,0.04898168973022533,0.9862579813129551,0.07376245613860445,left,-0.00023698806762695312,-0.21792981521281737,-2.2006920353136956,-9.31835444188118,-0.10370474996024275,0.00019908149261027575,0.0005096942186355591,2.120285496429354,-0.00021822750568389893
1746728773239495700,30.23649560546875,-0.23289688775939513,0.0014851426240056753,-0.11932520906183199,0.0051985448226332664,0.04829914691411097,0.986219136620304,0.07224015890899717,left,-0.011430786922574043,-0.2182410776561517,-2.209660500797629,-9.315552828463911,-0.10392525319133007,-0.00686027854681015,0.0033494262024760246,2.123265681283921,0.001081470982171595
1746728773279495700,30.27649560546875,-0.2327655421935252,0.0013255596859380603,-0.11928250309622332,0.002876511076465249,0.04846485146433884,0.9861820444353476,0.0725129798888453,left,-0.0074048638343811035,-0.21892315058509987,-2.2081023115701974,-9.314431715479493,-0.10424879753547404,-0.008654404431581497,0.0024801939725875854,2.1297953753136096,0.002096310257911682
1746728773438879000,30.43587890625,-0.2329599119124759,0.0030346610583364964,-0.11944394350319101,-0.0030946533661335707,0.04902953493447148,0.9860792183259054,0.07350347486076843,left,-0.0013016867451369762,-0.22011044316263362,-2.2093274694509804,-9.311535409516095,-0.10477091348695232,0.0005361295770853758,-0.0028976015746593475,2.141159211501479,0.0031522493809461594
1746728773478879000,30.47587890625,-0.2329599119124759,-0.001742517575621605,-0.11944394350319101,0.0038941849488765,0.04902953493447148,0.9860792183259054,0.07350347486076843,left,-0.002538919448852539,-0.22011044316263362,-2.2093274694509804,-9.311535409516095,-0.10477091348695232,0.0036823616828769445,-0.0026531070470809937,2.141159211501479,0.0022935420274734497
1746728773518879000,30.51587890625,-0.2329514405816208,-0.0053407661616802216,-0.11942459245769081,0.007008112967014313,0.04889623893824075,0.9860961690871761,0.07325454593202314,left,-0.0007342100143432617,-0.21992891818528573,-2.2093382831059394,-9.311932299879192,-0.10469639454296346,0.006382046267390251,-0.0021246671676635742,2.1394220124453307,0.0021403878927230835
1746728773558879200,30.555879150390624,-0.2329514405816208,-0.006075683981180191,-0.11942459245769081,0.009243094362318516,0.04889623893824075,0.9860961690871761,0.07325454593202314,left,-0.0005257725715637207,-0.21992891818528573,-2.2093382831059394,-9.311932299879192,-0.10469639454296346,0.005676815286278725,-0.0014155954122543335,2.1394220124453307,0.0009603798389434814
1746728773598879000,30.59587890625,-0.23259532053009782,-0.005195751320570707,-0.11922740986548955,0.009619541466236115,0.048699398796182125,0.9861513005001009,0.07294576063564717,left,-0.00006860494613647461,-0.21946260978400986,-2.206251569136977,-9.313688203635811,-0.10449337104179249,0.006529621314257383,-0.0007422566413879395,2.134959041687101,0.00032764673233032227
1746728773638879000,30.63587890625,-0.2322391042205632,-0.004315818659961224,-0.11903021611816772,0.009995987638831139,0.04850255899580889,0.9862063476200198,0.07263685229781511,left,0.0003883242607116699,-0.21899642397540203,-2.2031626632109282,-9.315441184782982,-0.10429033761715822,0.007382427342236042,-0.00006914138793945312,2.130496655450761,-0.00030516088008880615
1746728773678879000,30.67587890625,-0.23194355111207393,-0.005359458737075329,-0.11886861993276879,0.008380524814128876,0.04835542073728405,0.9862485305803004,0.0724078159029401,left,0.000691831111907959,-0.21865802710183796,-2.200574984805286,-9.316793183913827,-0.10414409168356163,0.00218460476025939,0.00028514862060546875,2.1272573812685907,-0.002097770571708679
1746728773718879000,30.71587890625,-0.23194355111207393,-0.005724057555198669,-0.11886861993276879,0.003291959408670664,0.04835542073728405,0.9862485305803004,0.0724078159029401,left,0.001465916633605957,-0.21865802710183796,-2.200574984805286,-9.316793183913827,-0.10414409168356163,-0.0007917014881968498,0.0007434338331222534,2.1272573812685907,-0.0024095475673675537
1746728773917400300,30.914400390625,-0.23235051993864714,0.0013582393294200301,-0.11903051113566887,-0.003862207056954503,0.04801785520991529,0.986250660464804,0.07169906258510204,left,-0.000680844415910542,-0.21849147708428465,-2.2044478807158767,-9.316241395249962,-0.1040942430761305,-0.0015205338131636381,0.00032320115133188665,2.125662951683998,0.000621020095422864
1746728773957400300,30.954400390625,-0.2323017094901756,-0.003995353356003761,-0.1190018524282856,-0.0029312605038285255,0.04795497644539007,0.9862390679933519,0.0715398301924088,left,-0.0016279816627502441,-0.2188184583326162,-2.2038331098183987,-9.315672070929407,-0.10426627383516476,-0.00866734329611063,0.0010489672422409058,2.1287930664032695,0.0007452070713043213
1746728773997400300,30.994400390625,-0.23230535387380483,-0.007264078129082918,-0.11898775776603432,-0.006706125568598509,0.047786098714942916,0.9862271722939792,0.07115505097163842,left,0.002621173858642578,-0.21919014706897844,-2.203684787388891,-9.314893487772345,-0.10447253052105837,-0.008309024386107922,0.0002145916223526001,2.132351051145792,0.001200452446937561
1746728774037400300,31.034400390625,-0.23230535387380483,-0.004495279863476753,-0.11898775776603432,0.004922546911984682,0.047786098714942916,0.9862271722939792,0.07115505097163842,left,-0.0051670074462890625,-0.21919014706897844,-2.203684787388891,-9.314893487772345,-0.10447253052105837,0.0019360333681106567,0.001952141523361206,2.132351051145792,0.003326818346977234
1746728774077400300,31.074400390625,-0.23230535387380483,0.0026511684991419315,-0.11898775776603432,0.0052678645588457584,0.047786098714942916,0.9862271722939792,0.07115505097163842,left,-0.001114189624786377,-0.21919014706897844,-2.203684787388891,-9.314893487772345,-0.10447253052105837,-0.003136980812996626,0.000408172607421875,2.132351051145792,0.004652887582778931
1746728774117400300,31.114400390625,-0.23230535387380483,0.0013145522680133581,-0.11898775776603432,0.005253948271274567,0.047786098714942916,0.9862271722939792,0.07115505097163842,left,-0.001878499984741211,-0.21919014706897844,-2.203684787388891,-9.314893487772345,-0.10447253052105837,-0.0006676048506051302,0.0018996745347976685,2.132351051145792,0.004303887486457825
1746728774157400300,31.154400390625,-0.2318598515292882,0.0012776601361110806,-0.11876534147357719,0.00003086403012275696,0.047723957648179716,0.9862415454771467,0.0710468669900146,left,0.0021820068359375,-0.21945096156772761,-2.199406817808747,-9.3153324637115,-0.10461832687107214,0.002931710332632065,0.001235470175743103,2.1348475441366435,0.004601374268531799
1746728774197400300,31.194400390625,-0.2318598515292882,-0.0005726201925426722,-0.11876534147357719,-0.002659014193341136,0.047723957648179716,0.9862415454771467,0.0710468669900146,left,0.0012306571006774902,-0.21945096156772761,-2.199406817808747,-9.3153324637115,-0.10461832687107214,0.004101587459445,0.0008985400199890137,2.1348475441366435,0.003286704421043396
1746728774237400300,31.234400390625,-0.2318598515292882,-0.002422900404781103,-0.11876534147357719,-0.005348891951143742,0.047723957648179716,0.9862415454771467,0.0710468669900146,left,0.00027930736541748047,-0.21945096156772761,-2.199406817808747,-9.3153324637115,-0.10461832687107214,0.005271464120596647,0.0005616098642349243,2.1348475441366435,0.0019720345735549927
1746728774277400300,31.274400390625,-0.2318598515292882,-0.001286291633732617,-0.11876534147357719,-0.0015082082245498896,0.047723957648179716,0.9862415454771467,0.0710468669900146,left,-0.0012000799179077148,-0.21945096156772761,-2.199406817808747,-9.3153324637115,-0.10461832687107214,0.006229378283023834,0.000041365623474121094,2.1348475441366435,0.0013091564178466797
1746728774317400300,31.314400390625,-0.2318598515292882,-0.00014968274626880884,-0.11876534147357719,0.002332475269213319,0.047723957648179716,0.9862415454771467,0.0710468669900146,left,-0.00267946720123291,-0.21945096156772761,-2.199406817808747,-9.3153324637115,-0.10461832687107214,0.007187292445451021,-0.00047887861728668213,2.1348475441366435,0.0006462782621383667
1746728774475513600,31.472513671875,-0.23196572831734635,-0.002213916042819619,-0.11881919636341437,0.0026828497648239136,0.04783359067674587,0.9863227017249504,0.0714528913767482,left,-0.0018920658621937037,-0.21772030787112526,-2.201239147802442,-9.318681189617514,-0.10373745541918768,0.01378694362938404,0.0005728732794523239,2.1182794173039494,-0.0023724765051156282
1746728774515513600,31.512513671875,-0.23196572831734635,-0.0035658981651067734,-0.11881919636341437,0.002098440658301115,0.04783359067674587,0.9863227017249504,0.0714528913767482,left,-0.0008887052536010742,-0.21772030787112526,-2.201239147802442,-9.318681189617514,-0.10373745541918768,0.00022123288363218307,0.0008378773927688599,2.1182794173039494,-0.0013428479433059692
1746728774555513600,31.552513671875,-0.23196572831734635,-0.003988315351307392,-0.11881919636341437,-0.000726169440895319,0.04783359067674587,0.9863227017249504,0.0714528913767482,left,0.00009500980377197266,-0.21772030787112526,-2.201239147802442,-9.318681189617514,-0.10373745541918768,-0.001152000855654478,0.0013967901468276978,2.1182794173039494,-0.0004580169916152954
1746728774595513900,31.592513916015626,-0.2320757796352926,-0.0021313647739589214,-0.11886357995196761,-0.002383922226727009,0.04774924646760733,0.9863245936338012,0.07127877082776779,left,-0.00044530630111694336,-0.21764513301808014,-2.202301370206475,-9.31859409585595,-0.10370805919725129,0.002005605259910226,0.0008389204740524292,2.1175595785968007,0.0002139657735824585
1746728774635513900,31.632513916015625,-0.2320757796352926,-0.00027441419661045074,-0.11886357995196761,-0.004041675012558699,0.04774924646760733,0.9863245936338012,0.07127877082776779,left,-0.0009767413139343262,-0.21764513301808014,-2.202301370206475,-9.31859409585595,-0.10370805919725129,0.005163211841136217,0.00017274916172027588,2.1175595785968007,0.000812530517578125
1746728774675513900,31.672513916015625,-0.2320757796352926,0.0010229673935100436,-0.11886357995196761,-0.003553044982254505,0.04774924646760733,0.9863245936338012,0.07127877082776779,left,-0.0008363723754882812,-0.21764513301808014,-2.202301370206475,-9.31859409585595,-0.10370805919725129,0.005000247620046139,0.0003276616334915161,2.1175595785968007,0.0011860132217407227
1746728774715513600,31.712513671875,-0.2320757796352926,0.00044503819663077593,-0.11886357995196761,-0.003688239026814699,0.04774924646760733,0.9863245936338012,0.07127877082776779,left,-0.0004196763038635254,-0.21764513301808014,-2.202301370206475,-9.31859409585595,-0.10370805919725129,0.006055897101759911,-0.0000711977481842041,2.1175595785968007,0.0003158748149871826
1746728774755513600,31.752513671875,-0.23233942245928435,-0.0013763082679361105,-0.11898700554760835,-0.0008608740754425526,0.04772433525719094,0.9863355352153124,0.07125298678721109,left,-0.001241445541381836,-0.2171804185564031,-2.2049843256801367,-9.31896994343102,-0.1034739082926509,0.006749799475073814,0.0004559457302093506,2.1131096134506167,0.00109940767288208
1746728774795513600,31.792513671875,-0.23233942245928435,-0.006743961945176125,-0.11898700554760835,-0.0003799823170993477,0.04772433525719094,0.9863355352153124,0.07125298678721109,left,-0.0013460516929626465,-0.2171804185564031,-2.2049843256801367,-9.31896994343102,-0.1034739082926509,0.00543100805953145,-0.0002526193857192993,2.1131096134506167,-0.0011493563652038574
1746728774835513600,31.832513671875,-0.23243920526166204,-0.01317223347723484,-0.11900541744052215,0.000970598659478128,0.04746359461852537,0.9863711884899059,0.07077505796310268,left,0.000644385814666748,-0.21663812781330966,-2.2061779193788764,-9.31986367740035,-0.10323228523361626,0.003675482701510191,-0.0008014589548110962,2.107916136460751,-0.00034117698669433594
1746728774875513900,31.872513916015624,-0.2323218436985346,-0.009252771735191345,-0.11892178827588523,0.008213751949369907,0.047244934539143045,0.986423281151205,0.0704184477852489,left,0.000549614429473877,-0.21597864595434405,-2.2054035740055142,-9.321472866162658,-0.10293072946108507,0.01068564597517252,-0.0018474310636520386,2.1015996467903255,-0.0019989013671875
1746728774915513900,31.912513916015627,-0.23220426506149264,-0.005333310924470425,-0.11883814795613074,0.015456905588507652,0.047026275143131305,0.9864752052264929,0.07006182087761376,left,0.0004544854164123535,-0.2153192136857083,-2.2046260137617586,-9.323079132315517,-0.10262916376509396,0.01769580878317356,-0.0028937309980392456,2.09528257259801,-0.0036565810441970825
1746728774955513600,31.952513671875,-0.23220812684980238,-0.006057129241526127,-0.11882603050619055,0.001171668991446495,0.04692970652378623,0.9865191104686117,0.06995049454900959,left,-0.0009363889694213867,-0.21456759801922065,-2.2050237809076902,-9.32460005827248,-0.1022646283390531,0.016697445884346962,-0.0011406093835830688,2.0880814090475437,-0.006340160965919495
1746728774995513600,31.992513671875,-0.23228117741955032,-0.0008691269904375076,-0.11885410723567018,-0.0005369011778384447,0.04686943013444716,0.986530962376925,0.06984900061373707,left,-0.0006718635559082031,-0.21431725614700795,-2.205825306548923,-9.324947848796844,-0.10214535231819456,0.0001787617802619934,-0.0010639429092407227,2.08568253121227,-0.004089176654815674
1746728775035513600,32.032513671875,-0.23228117741955032,0.004318875726312399,-0.11885410723567018,-0.002245471579954028,0.04686943013444716,0.986530962376925,0.06984900061373707,left,-0.00044274330139160156,-0.21431725614700795,-2.205825306548923,-9.324947848796844,-0.10214535231819456,-0.016339924186468124,-0.0010690093040466309,2.08568253121227,-0.00208282470703125
1746728775075513600,32.072513671875,-0.23244373128659881,0.006433466915041208,-0.11893752836544923,-0.0015248045092448592,0.0468827725077457,0.9864938847949554,0.06980067981090635,left,0.0009128451347351074,-0.21483516693516808,-2.207091965483874,-9.32353681295514,-0.10240010015970805,-0.031305622309446335,-0.0003247559070587158,2.0906451220557094,-0.001454770565032959
1746728775115513900,32.11251391601562,-0.23267071365997263,0.004336419515311718,-0.11905116469309932,-0.0014309878461062908,0.04684365688539549,0.9864114549440953,0.06954485643309927,left,0.00003904104232788086,-0.2161869870194965,-2.20855443925187,-9.32027693437636,-0.10307734728214347,-0.03570755943655968,0.00012642145156860352,2.1035952045217154,0.0018939822912216187
1746728775155513900,32.15251391601562,-0.23289812382050595,0.0022393721155822277,-0.11916474392272951,-0.0013371712993830442,0.04680450099581243,0.9863285613108601,0.06928860717618372,left,-0.0008366107940673828,-0.21753875020392224,-2.2100155978456137,-9.316998935618996,-0.10375454609900502,-0.04010949656367302,0.0005774646997451782,2.1165410492040215,0.005243182182312012
1746728775195513600,32.192513671875,-0.23270608892340908,-0.00045026326552033424,-0.11906866449460723,0.009869967587292194,0.046722069555559506,0.9862744895204859,0.06899544411959521,left,-0.00021058320999145508,-0.21883109567248624,-2.20759377752617,-9.31475378704071,-0.10441437796521116,-0.03071419708430767,0.00007167458534240723,2.128914062434435,0.005236148834228516
1746728775235513600,32.232513671875,-0.23231585031962323,-0.002723531797528267,-0.11886872280375119,0.008830658160150051,0.04659497217911892,0.9862595178476906,0.0686880404465815,left,0.0005623698234558105,-0.21963667926541708,-2.203563060705364,-9.313942470657825,-0.10483938126874062,-0.019767113029956818,0.0007594823837280273,2.13662507520318,0.005942121148109436
1746728775275513600,32.272513671875,-0.2319257983208035,-0.004996799863874912,-0.11866874764753074,0.007791348733007908,0.04646791746170916,0.9862444199062278,0.06838102497005204,left,0.00133436918258667,-0.2204424056118322,-2.199533512928337,-9.313122970968484,-0.10526435480187374,-0.008820028975605965,0.0014473795890808105,2.1443360879719258,0.00664810836315155
1746728775315513600,32.312513671875,-0.2319257983208035,-0.004039105959236622,-0.11866874764753074,0.006094163283705711,0.04646791746170916,0.9862444199062278,0.06838102497005204,left,0.000727236270904541,-0.2204424056118322,-2.199533512928337,-9.313122970968484,-0.10526435480187374,0.00004724226891994476,0.002628907561302185,2.1443360879719258,0.006767764687538147
1746728775355513900,32.352513916015624,-0.23156891766900078,-0.004833436105400324,-0.11848267945072698,0.002168647013604641,0.04634521238133911,0.9862584211497212,0.06814515643373743,left,0.0013004541397094727,-0.22066565436862817,-2.1960998852178455,-9.313441535398363,-0.10539680612177073,0.004587871488183737,0.00280645489692688,2.1464723693482575,0.003496512770652771
1746728775395513900,32.39251391601562,-0.23156891766900078,-0.004733157344162464,-0.11848267945072698,-0.004675608593970537,0.04634521238133911,0.9862584211497212,0.06814515643373743,left,0.0009160041809082031,-0.22066565436862817,-2.1960998852178455,-9.313441535398363,-0.10539680612177073,0.0033868257887661457,0.0019154250621795654,2.1464723693482575,0.003219783306121826
1746728775435513900,32.43251391601562,-0.23156891766900078,-0.004632878582924604,-0.11848267945072698,-0.01151986513286829,0.04634521238133911,0.9862584211497212,0.06814515643373743,left,0.0005315542221069336,-0.22066565436862817,-2.1960998852178455,-9.313441535398363,-0.10539680612177073,0.0021857800893485546,0.0010243803262710571,2.1464723693482575,0.0029430538415908813
1746728775475513600,32.472513671875,-0.23219491480963111,-0.0010048500262200832,-0.11877842992509256,-0.012799568474292755,0.046258719016630624,0.9862290311373073,0.06790742560432292,left,0.00011533498764038086,-0.22062513278021126,-2.201949634159356,-9.312149157500267,-0.10537642033097426,0.0036356551572680473,0.0006339699029922485,2.1460845390744505,0.0016968697309494019
1746728775515513600,32.512513671875,-0.23282091847930947,0.002623177831992507,-0.11907416924433467,-0.014079272747039795,0.04617222565192213,0.9861996411248926,0.06766974088264316,left,-0.0003012418746948242,-0.22058448803868164,-2.2077987985789775,-9.31085385699272,-0.10535602461671116,0.00508553022518754,0.0002434849739074707,2.1456956858873366,0.0004507899284362793
1746728775555513600,32.552513671875,-0.23339804070687012,0.0027720369398593903,-0.11935973054446683,-0.013072928413748741,0.0462163871272548,0.986170612136367,0.06771029878308533,left,-0.0012961030006408691,-0.22047309018575773,-2.2132271072380245,-9.30981048541963,-0.10528529879298593,0.0054989466443657875,-0.0005408823490142822,2.1446296640910205,-0.0007066279649734497
1746728775595513900,32.592513916015626,-0.23389394707497588,-0.000012509524822235107,-0.11960860277301154,-0.011361947283148766,0.04629191340720049,0.9861501818692022,0.06783498112416407,left,-0.0017712712287902832,-0.22025811647952082,-2.217950482498109,-9.309159912556408,-0.10516029539466706,0.006593175232410431,-0.0009155869483947754,2.142572439300269,-0.0012595206499099731
1746728775635513900,32.632513916015625,-0.23430935063473868,-0.0023816516622900963,-0.1198140732346496,-0.0092533640563488,0.04633094418206365,0.9861391710768093,0.06790077026163277,left,-0.0008443593978881836,-0.21998688831530389,-2.2219521193549037,-9.308802769681812,-0.10501288012815754,0.005534459836781025,-0.001123189926147461,2.1399768698491153,-0.002661198377609253
1746728775675513900,32.672513916015625,-0.23430935063473868,-0.0046565961092710495,-0.1198140732346496,-0.007380316033959389,0.04633094418206365,0.9861391710768093,0.06790077026163277,left,0.0010221600532531738,-0.21998688831530389,-2.2219521193549037,-9.308802769681812,-0.10501288012815754,-0.0021592401899397373,-0.002083882689476013,2.1399768698491153,-0.0024973899126052856
1746728775715513600,32.712513671875,-0.2349370680533163,-0.0016439305618405342,-0.12010880923293123,-0.010642374865710735,0.046218237115038446,0.9860989272756254,0.06758542180012854,left,-0.0010860562324523926,-0.2201610160613088,-2.227708198663592,-9.307043943315744,-0.10510320761528938,-0.0035925102420151234,-0.0018182694911956787,2.1416431956261395,-0.0017327815294265747
1746728775755513600,32.752513671875,-0.2355649183502737,0.0013687347527593374,-0.12040354523121284,-0.013904433697462082,0.04610553004801313,0.9860586834744414,0.06726996421609173,left,-0.0031946897506713867,-0.22033499952496693,-2.233464277972281,-9.305281025296448,-0.1051935351024212,-0.005025780294090509,-0.0015526562929153442,2.143308206228912,-0.0009680241346359253
1746728775795513600,32.792513671875,-0.23554209144201274,0.0029648332856595516,-0.1204059844258539,-0.012912699021399021,0.04621459750041981,0.9860298332922162,0.06744054057682909,left,-0.0019071698188781738,-0.22079791289883804,-2.233020041336119,-9.30436624853909,-0.10541222966022473,-0.00996682234108448,-0.0014435499906539917,2.147737859239429,-0.000742301344871521
1746728775835513600,32.832513671875,-0.2355192537828344,0.0045609320513904095,-0.1204084347756155,-0.011920965276658535,0.04632366461114099,0.9860010674029966,0.06761115656725822,left,-0.0006198883056640625,-0.22126088888494067,-2.2325752201780675,-9.303449133694171,-0.10563093414149155,-0.014907864853739738,-0.0013345032930374146,2.152167658380419,-0.0005166083574295044
1746728775875513900,32.87251391601563,-0.2355885237835301,0.004494032822549343,-0.12045254350323678,-0.005668117664754391,0.046392551347754,0.9859549847391179,0.06766134268203854,left,0.0013530254364013672,-0.22197731617894045,-2.2328592978164554,-9.3017925986588,-0.10597981380494725,-0.020695369690656662,-0.0012947171926498413,2.1590216159284115,0.0019072145223617554
1746728775915513900,32.91251391601563,-0.23577312146494575,0.009736175648868084,-0.12055950577075489,-0.005090756341814995,0.046523265173199296,0.9858992059577975,0.06782447534033036,left,0.0014742016792297363,-0.22269380749152398,-2.234214365687221,-9.299874197816848,-0.10631921751247393,-0.014031680300831795,-0.0018824636936187744,2.1658749889545144,0.0024784356355667114
1746728775955513600,32.952513671875,-0.23599283937624144,0.011241570115089417,-0.12069595422443699,-0.008653407916426659,0.046775688867461473,0.9858461964777353,0.06825316540306467,left,0.0012507438659667969,-0.22321387833504114,-2.235993942580372,-9.298286636364459,-0.10654483135885749,-0.008689976297318935,-0.0017327219247817993,2.170848977974802,0.0022179633378982544
1746728775995513600,32.992513671875,-0.23626277136307114,0.011845551431179047,-0.12085884121782649,-0.007963205687701702,0.04704423610146853,0.98578743604373,0.06870499031773997,left,0.00008881092071533203,-0.22376941593300384,-2.2382212632410226,-9.296508520776033,-0.1067852946732504,-0.010936005972325802,-0.00326693058013916,2.1761614051692186,0.0034081488847732544
1746728776035513600,33.032513671875,-0.2363007297159338,0.009629893116652966,-0.12090584430666232,0.002201295457780361,0.04729123902535903,0.9857512213159153,0.06915542906543952,left,-0.00015878677368164062,-0.22417496314719504,-2.238367247582972,-9.295565102446078,-0.10695724555190557,-0.0049857222475111485,-0.0034028291702270508,2.1800391233853995,0.0026467442512512207
1746728776075513600,33.072513671875,-0.23633848374759595,0.0074142348021268845,-0.12095282574646266,0.01236579567193985,0.04753824229093509,0.9857149222950938,0.06960590879779484,left,-0.00040644407272338867,-0.22458050793721307,-2.2385110399678347,-9.294619930550455,-0.10712917592776111,0.0009645614773035049,-0.0035389363765716553,2.183916403210163,0.0018853843212127686
1746728776115513900,33.11251391601562,-0.23633848374759595,0.001996678300201893,-0.12095282574646266,0.011284551583230495,0.04753824229093509,0.9857149222950938,0.06960590879779484,left,0.00016134977340698242,-0.22458050793721307,-2.2385110399678347,-9.294619930550455,-0.10712917592776111,0.0025429981760680676,-0.0016341209411621094,2.183916403210163,0.0006745904684066772
1746728776155513900,33.15251391601562,-0.23582050270684227,-0.0006257572676986456,-0.12070427475659054,0.01596313901245594,0.04756899787052805,0.9857386493866013,0.06971467397045683,left,-0.00037413835525512695,-0.22466721419223298,-2.2336520556293427,-9.295594328540563,-0.10717769334349361,-0.0005629716906696558,-0.0013094693422317505,2.184745401380211,0.0001074373722076416
1746728776195513600,33.192513671875,-0.23521206830842256,-0.0008826731937006116,-0.12040088144241555,0.01919451728463173,0.04749794146111647,0.9857689180659073,0.0696194807192241,left,-0.00017315149307250977,-0.224817614506768,-2.227919211065769,-9.296631854894757,-0.10727208892712273,-0.005176631733775139,-0.0006066262722015381,2.1861831790983675,0.00004978477954864502
1746728776235513600,33.232513671875,-0.23448875414793258,-0.005736431106925011,-0.12003621143464444,0.019722411409020424,0.0473723409905182,0.9858005672428807,0.06941032695352505,left,-0.000278472900390625,-0.2251077099354952,-2.2210468410782513,-9.297623788541555,-0.10744493876771277,-0.009078830480575562,0.0008765608072280884,2.1889564432039856,0.000028699636459350586
1746728776275513600,33.272513671875,-0.2338157655968768,-0.009456578642129898,-0.1196860694385139,0.017071649432182312,0.04715389399620317,0.985831292150703,0.06900269426164911,left,0.0011411309242248535,-0.22544064873221653,-2.21462016903162,-9.298407047873734,-0.10764953165544897,-0.011602124199271202,0.0013380199670791626,2.192138872632384,0.00009222328662872314
1746728776315513600,33.312513671875,-0.2333547171881433,-0.00576731376349926,-0.11944144401132202,0.013619061559438705,0.04696290640670253,0.985856691378692,0.06864485749248019,left,0.0007423162460327148,-0.22562348806207883,-2.210240200381726,-9.299036577948927,-0.10777198063477328,-0.0074807521887123585,0.0011752843856811523,2.193886593082547,0.000979095697402954
1746728776355513900,33.352513916015624,-0.23289374669243776,-0.0020780491176992655,-0.11919680809021496,0.010166473686695099,0.046771876841541896,0.9858820482893349,0.06828702320074946,left,0.0003432035446166992,-0.22580649753214235,-2.2058606701232493,-9.299663769936561,-0.10789441903476443,-0.0033593797124922276,0.0010125786066055298,2.195635774837434,0.0018658190965652466
1746728776395513900,33.39251391601562,-0.23289374669243776,0.0007558471988886595,-0.11919680809021496,0.006475086323916912,0.046771876841541896,0.9858820482893349,0.06828702320074946,left,-0.00025641918182373047,-0.22580649753214235,-2.2058606701232493,-9.299663769936561,-0.10789441903476443,-0.004614117555320263,0.0010304898023605347,2.195635774837434,0.0013921409845352173
1746728776435513900,33.43251391601562,-0.2323318013709526,0.001151212491095066,-0.11892381566450322,0.005783047992736101,0.04676268989570581,0.9858921685225016,0.06828429656171417,left,-0.000032782554626464844,-0.22621044974759658,-2.2004300233766436,-9.30003786394596,-0.10810702704496979,-0.005831805523484945,0.0009676367044448853,2.1994963957883416,0.0004719048738479614
1746728776475513600,33.472513671875,-0.23192499678210235,-0.0025988686829805374,-0.11872462571874419,0.007094936911016703,0.04674208790543802,0.9859005987438385,0.06825520155783449,left,0.00015407800674438477,-0.22649373534442777,-2.1965033514522014,-9.300325448715686,-0.10825803513421095,-0.0017793579027056694,0.001435399055480957,2.202203608920425,-0.00011593103408813477
1746728776515513600,33.512513671875,-0.23192499678210235,-0.0057371146976947784,-0.11872462571874419,0.006849053781479597,0.04674208790543802,0.9859005987438385,0.06825520155783449,left,0.000009417533874511719,-0.22649373534442777,-2.1965033514522014,-9.300325448715686,-0.10825803513421095,-0.004503114148974419,0.0010872185230255127,2.202203608920425,0.00012074410915374756
1746728776555513600,33.552513671875,-0.231380340100602,-0.009333000518381596,-0.11843250693361894,0.009420888498425484,0.04648401128957467,0.985923702960408,0.06775103275885794,left,-0.0012268424034118652,-0.22685367508528562,-2.1912555139265955,-9.30074864256382,-0.10847821830252175,-0.009029013104736805,0.0022176653146743774,2.2056430818498134,-0.0005180984735488892
1746728776595513900,33.592513916015626,-0.23110295312408158,-0.009053177200257778,-0.118270911792045,-0.0024273162707686424,0.04622912253047799,0.9859297926372367,0.06722084455949617,left,0.002504289150238037,-0.22724255539068844,-2.1884788888201117,-9.300520094504952,-0.10870789671181694,-0.007797461934387684,0.0010493844747543335,2.209358887502551,-0.00025340914726257324
1746728776635513900,33.632513916015625,-0.23077824082803428,-0.0009703841060400009,-0.11809782576307165,0.01898251101374626,0.04608585337310257,0.9859428675798237,0.06694188169462971,left,-0.0037914514541625977,-0.2274578652669629,-2.1853499431446193,-9.300767347264289,-0.10883811186599135,-0.006485637277364731,0.0015559494495391846,2.2114159661628303,0.0023170113563537598
1746728776788308700,33.785308837890625,-0.2294819206785915,0.012262098491191864,-0.11750270739777688,-0.005938027985394001,0.04634133827077235,0.9858937059072699,0.06738359786561426,left,0.0032572040800005198,-0.22942880358756312,-2.1722956696517763,-9.29933000793755,-0.10981450885790234,-0.004069357644766569,-0.0003451440716162324,2.2302421010553837,0.003750602947548032
1746728776828309000,33.82530908203125,-0.2294819206785915,0.004371960647404194,-0.11750270739777688,-0.00433172844350338,0.04634133827077235,0.9858937059072699,0.06738359786561426,left,0.0014837384223937988,-0.22942880358756312,-2.1722956696517763,-9.29933000793755,-0.10981450885790234,-0.0000979965552687645,-0.0011089593172073364,2.2302421010553837,0.002224445343017578
1746728776868309000,33.86530908203125,-0.2294819206785915,0.003696735017001629,-0.11750270739777688,-0.006342669017612934,0.04634133827077235,0.9858937059072699,0.06738359786561426,left,0.0005475878715515137,-0.22942880358756312,-2.1722956696517763,-9.29933000793755,-0.10981450885790234,-0.0006576563464477658,-0.0018418878316879272,2.2302421010553837,0.0022758394479751587
1746728776908309000,33.90530908203125,-0.22952495057250671,0.0064293257892131805,-0.11754343641398268,0.0014051683247089386,0.04652054012300204,0.9858852863680763,0.06774707425815957,left,-0.00007045269012451172,-0.2293863748075761,-2.172717402195185,-9.299328838893771,-0.10977121228799903,0.0035609067417681217,-0.0007525533437728882,2.229837027385831,0.001443222165107727
1746728776948309000,33.94530908203125,-0.22952495057250671,0.004880853462964296,-0.11754343641398268,0.0027909213677048683,0.04652054012300204,0.9858852863680763,0.06774707425815957,left,-0.00045228004455566406,-0.2293863748075761,-2.172717402195185,-9.299328838893771,-0.10977121228799903,0.004279732704162598,-0.000021219253540039062,2.229837027385831,0.0009032338857650757
1746728777107319800,34.10431982421875,-0.22827075308682437,0.004410147666931152,-0.11696615368990312,0.006143974140286446,0.0468542624547688,0.9859890567715438,0.06866116451997803,left,0.0003130082623101771,-0.22850605530331403,-2.1614957509569823,-9.30395474512875,-0.10931254191612008,0.0033862534910440445,0.002266000024974346,2.221429264524579,0.0006995105068199337
1746728777147196400,34.14419653320312,-0.22806429695219022,-0.0024120942689478397,-0.1168654594294579,0.001873507397249341,0.04685726756852813,0.9860067286220034,0.06870260030552766,left,-0.00005827739369124174,-0.22839349749172774,-2.159631418389827,-9.304644480958581,-0.10925941682540982,0.003121738787740469,0.003981069661676884,2.2203541826389728,-0.0006001257570460439
1746728777306711600,34.303711669921874,-0.2286330770993044,-0.0004312878008931875,-0.11715627293560438,-0.003209845395758748,0.04701139576576982,0.9860077327069094,0.06903200498163854,left,0.00015564175555482507,-0.22767412015492103,-2.165284767976403,-9.304967721563576,-0.10887182267330214,0.005259073339402676,0.0009144670912064612,2.2134821049124,-0.00030528646311722696
1746728777346588700,34.34358862304688,-0.228682833189278,-0.0006260165246203542,-0.11717982158302867,-0.0013990210136398673,0.0470086898450044,0.9860098290971951,0.06903059096809515,left,-0.000682569167111069,-0.22758780113807306,-2.1657911100633442,-9.305046047496795,-0.10882814727882688,-0.004532000049948692,-0.00011386460391804576,2.2126573445260522,-0.0006890633376315236
1746728777386588700,34.383588623046876,-0.22891630524236453,-0.003587967250496149,-0.11728566390750908,-0.011030220426619053,0.04693435644747969,0.985995914245055,0.06884513177220583,left,0.00015735626220703125,-0.2276681753247731,-2.167923153655976,-9.30436683306098,-0.10887318550241289,-0.004104868043214083,0.000698477029800415,2.213425260158628,-0.0009611994028091431
1746728777426588400,34.42358837890625,-0.22891630524236453,0.0005589211359620094,-0.11728566390750908,0.008015911094844341,0.04693435644747969,0.985995914245055,0.06884513177220583,left,-0.0031418204307556152,-0.2276681753247731,-2.167923153655976,-9.30436683306098,-0.10887318550241289,-0.00526736956089735,0.00017064809799194336,2.213425260158628,0.0006732046604156494
1746728777466588400,34.46358837890625,-0.2288297296651833,0.0031300727277994156,-0.11724715360512393,-0.0012633400037884712,0.04694919349586008,0.9859748165033438,0.06883447222179437,left,0.0000750422477722168,-0.22812141370205574,-2.1668898650854826,-9.303576559466123,-0.10909948397394649,-0.013249041512608528,-0.0007484555244445801,2.2177551060564813,0.00024406611919403076
1746728777665602000,34.66260205078125,-0.22901674689514476,-0.002723377663642168,-0.11736808206833621,0.002484080381691456,0.047169816053753894,0.9858856844248121,0.06912630904475649,left,-0.002665100386366248,-0.22933656488483217,-2.168016384897381,-9.300539383727312,-0.10967754713703759,0.0012928046053275466,-0.0026882649399340153,2.229361372698098,0.003084206022322178
1746728777705478100,34.70247802734375,-0.22916972603257427,0.0026033734902739525,-0.11744196743749123,-0.006304498761892319,0.0471656707104407,0.9858789662193815,0.06910421990071366,left,0.0008982130675576627,-0.2293064958675834,-2.16945430874601,-9.300272841745615,-0.10966040263532681,0.005795203149318695,-0.002515672007575631,2.22907422631979,0.0022939860355108976
1746728777745478100,34.74247802734375,-0.2287729152734799,-0.0005424343980848789,-0.11724449252794021,-0.0012439629063010216,0.047142183115445414,0.9859234205826364,0.06914230197888627,left,0.00014168024063110352,-0.22893176572479448,-2.165953022626787,-9.301946327915788,-0.10948262444270444,0.005230444483458996,-0.001750558614730835,2.225495344919711,0.0010660886764526367
1746728777785478100,34.78247802734375,-0.22837610366807143,-0.003688242519274354,-0.11704699596935683,0.0038165729492902756,0.04711873817948083,0.9859677486772246,0.0691803220913094,left,-0.0006150603294372559,-0.22855699320007755,-2.162450421333313,-9.303616891476512,-0.10930482574728267,0.004665685817599297,-0.000985562801361084,2.221915878997743,-0.00016173720359802246
1746728777825478100,34.82247802734375,-0.2280463715387,-0.00504656694829464,-0.11687604751614249,0.005232290364801884,0.04703379796212226,0.9860023022362777,0.06906843426581108,left,-0.0005332231521606445,-0.22834136680845524,-2.1594908408753573,-9.30479587212801,-0.10921273002389008,0.002346955705434084,-0.00008061528205871582,2.21985616998896,-0.0005429983139038086
1746728777865478100,34.86247802734375,-0.2280463715387,-0.0064048911444842815,-0.11687604751614249,0.006648007780313492,0.04703379796212226,0.9860023022362777,0.06906843426581108,left,-0.0005716085433959961,-0.22834136680845524,-2.1594908408753573,-9.30479587212801,-0.10921273002389008,0.00002822582609951496,0.001126125454902649,2.21985616998896,-0.0011342763900756836
1746728777905478100,34.90247802734375,-0.22761188206098265,-0.008457692340016365,-0.11664338011866227,0.005960486829280853,0.04685087237418973,0.9860455624005184,0.06876594804625602,left,0.00014001131057739258,-0.22815637090031954,-2.1555403496839105,-9.306133258211613,-0.10914930170889285,-0.0013537764316424727,0.0010768473148345947,2.218089014185965,-0.0003681182861328125
1746728777945478100,34.94247802734375,-0.22761188206098265,-0.005404714494943619,-0.11664338011866227,0.004427406936883926,0.04685087237418973,0.9860455624005184,0.06876594804625602,left,0.000021338462829589844,-0.22815637090031954,-2.1555403496839105,-9.306133258211613,-0.10914930170889285,0.0006243962561711669,0.0007990449666976929,2.218089014185965,-0.0004636496305465698
1746728777985478100,34.98247802734375,-0.22761188206098265,-0.002351736882701516,-0.11664338011866227,0.002894326811656356,0.04685087237418973,0.9860455624005184,0.06876594804625602,left,-0.00009739398956298828,-0.22815637090031954,-2.1555403496839105,-9.306133258211613,-0.10914930170889285,0.0026025688275694847,0.000521242618560791,2.218089014185965,-0.0005591809749603271
1746728778025478100,35.02247802734375,-0.22749604174390678,-0.0011628312058746815,-0.11656660839141539,-0.0012301986571401358,0.046681845606832154,0.9860808287914574,0.06847699892990759,left,-0.0003940463066101074,-0.22778437186992087,-2.154648369280249,-9.307185982134937,-0.10898528191971427,0.00039656180888414383,0.0001993328332901001,2.2145354133576154,-0.0006250590085983276
1746728778065478100,35.06247802734375,-0.22749604174390678,-0.0017397968331351876,-0.11656660839141539,-0.0003751330077648163,0.046681845606832154,0.9860808287914574,0.06847699892990759,left,-0.0009012818336486816,-0.22778437186992087,-2.154648369280249,-9.307185982134937,-0.10898528191971427,-0.0027067847549915314,-0.000006943941116333008,2.2145354133576154,-0.0010564178228378296
1746728778105478100,35.10247802734375,-0.22749604174390678,-0.002560226945206523,-0.11656660839141539,-0.0009651208529248834,0.046681845606832154,0.9860808287914574,0.06847699892990759,left,-0.0005110502243041992,-0.22778437186992087,-2.154648369280249,-9.307185982134937,-0.10898528191971427,-0.0034221820533275604,-0.000499039888381958,2.2145354133576154,-0.0003473907709121704
1746728778145478000,35.14247778320313,-0.22749604174390678,-0.0033370063174515963,-0.11656660839141539,0.0014246775535866618,0.046681845606832154,0.9860808287914574,0.06847699892990759,left,-0.00025397539138793945,-0.22778437186992087,-2.154648369280249,-9.307185982134937,-0.10898528191971427,-0.0006909992080181837,-0.0002640336751937866,2.2145354133576154,-0.00020292401313781738
1746728778185478100,35.18247802734375,-0.2274926928773389,-0.0026468040887266397,-0.11653641372687049,0.001954546896740794,0.046425612536735945,0.9860962275447893,0.06796386165164003,left,-0.00012356042861938477,-0.2277282938555225,-2.1546451544098555,-9.30731399242878,-0.10898759089906164,-0.0018749510636553168,0.00009371340274810791,2.2139996990457176,0.0005690157413482666
1746728778225478100,35.22247802734375,-0.2274926928773389,-0.0066539086401462555,-0.11653641372687049,0.0009778141975402832,0.046425612536735945,0.9860962275447893,0.06796386165164003,left,-0.0016259551048278809,-0.2277282938555225,-2.1546451544098555,-9.30731399242878,-0.10898759089906164,-0.0031966720707714558,0.0013376176357269287,2.2139996990457176,0.0002685636281967163
1746728778265478100,35.26247802734375,-0.227570068773416,-0.0021363594569265842,-0.11655403950720707,0.012484312057495117,0.04624054775805227,0.9860953509384434,0.06756960817066303,left,-0.005466103553771973,-0.22782197434066898,-2.1553185236267742,-9.306945159116387,-0.10905500599692462,-0.00208230409771204,0.0019290000200271606,2.214894602058828,0.0010690838098526
1746728778305478100,35.30247802734375,-0.227570068773416,0.0023811892606317997,-0.11655403950720707,0.02399080991744995,0.04624054775805227,0.9860953509384434,0.06756960817066303,left,-0.009268641471862793,-0.22782197434066898,-2.1553185236267742,-9.306945159116387,-0.10905500599692462,-0.0009679360082373023,0.0024517178535461426,2.214894602058828,0.001960858702659607
1746728778345478100,35.34247802734375,-0.2271643597949018,0.0017569734482094646,-0.11634146562263253,0.011949921026825905,0.046091603348621106,0.9861048203661179,0.06727269181060971,left,-0.0017008781433105469,-0.2281820661276525,-2.151362625607848,-9.307041020706295,-0.10925935704171866,-0.005836075637489557,0.0005361884832382202,2.2183345133796335,0.00041925907135009766
1746728778385478100,35.38247802734375,-0.22702541731614026,0.0020846344996243715,-0.1162605297722864,0.006146962754428387,0.04595459042857614,0.9860925480653285,0.06695826509105159,left,0.0002186894416809082,-0.22865328962431883,-2.149833954735845,-9.306320305216312,-0.10951338235341923,-0.0045875911600887775,0.0002749115228652954,2.222835624191165,0.0017872899770736694
1746728778425478100,35.42247802734375,-0.22688667595151424,0.0024122954346239567,-0.11617960474645948,0.00034400494769215584,0.0458175775085311,0.9860802757645398,0.06664387886783064,left,0.0021379590034484863,-0.2291246193245555,-2.148306891299039,-9.30559666711688,-0.10976741791652127,-0.0033391069155186415,0.000013813376426696777,2.2273371733941136,0.0031552761793136597
1746728778465478100,35.46247802734375,-0.2269941725732381,0.004841238260269165,-0.11624511821890385,-0.0018445809837430716,0.045923406680255116,0.9860496844207336,0.06680794373639024,left,0.0010707378387451172,-0.22947506535623727,-2.149131359424442,-9.304604733470082,-0.10992835385184443,-0.0034453552216291428,-0.0005042701959609985,2.2306839996039867,0.0024992674589157104
1746728778505478100,35.50247802734375,-0.2269941725732381,0.007270181085914373,-0.11624511821890385,-0.004033166915178299,0.045923406680255116,0.9860496844207336,0.06680794373639024,left,0.00010466575622558594,-0.22947506535623727,-2.149131359424442,-9.304604733470082,-0.10992835385184443,-0.003551603527739644,-0.0011064410209655762,2.2306839996039867,0.002184554934501648
1746728778545478100,35.54247802734375,-0.22729213015446878,0.00593484565615654,-0.11641555791082683,-0.009939141571521759,0.04613154857941454,0.9859929972271094,0.06713727331966736,left,0.0009496808052062988,-0.23001569601860164,-2.1516316518075764,-9.302787454915046,-0.11016911219126332,-0.002632264280691743,-0.0015302300453186035,2.235846350803226,0.0017611533403396606
1746728778585478100,35.58247802734375,-0.22760357209538465,0.00649663619697094,-0.1165892527076214,-0.00350225530564785,0.046320821720686446,0.9859538510697516,0.06746101086403218,left,-0.0006862282752990723,-0.23024567718794806,-2.154412660828233,-9.301616073048114,-0.1102565318145089,0.003954692743718624,-0.0011609047651290894,2.2380422534123063,0.0006122887134552002
1746728778742147000,35.73914697265625,-0.22796589369365589,0.006829141639173031,-0.1168339694250012,0.009510800242424011,0.04693081359501298,0.98590296535519,0.06865455670873102,left,-0.001676421845331788,-0.23027574559175418,-2.157767524214089,-9.300769100829958,-0.11019328485398208,0.0020127776078879833,-0.002056663390249014,2.2383293997906146,-0.0007675537490285933
1746728778782146800,35.77914672851563,-0.22756603734897127,-0.0018978174775838852,-0.11661733361300863,0.010122100822627544,0.04672883140430013,0.9859269291588083,0.06827386866755701,left,-0.0013439059257507324,-0.23041765382100696,-2.1539766074985263,-9.301321474015712,-0.11029487543927055,0.00021487241610884666,-0.0014069974422454834,2.239684321530908,-0.0007411837577819824
1746728778822146800,35.819146728515626,-0.22716616431426298,-0.010624775663018227,-0.11640067582138242,0.010733400471508503,0.04652689221430331,0.9859506824007546,0.0678933165114251,left,-0.0010115504264831543,-0.23055967612426234,-2.1501855446524916,-9.301872093635797,-0.11039644584969778,-0.0015830326592549682,-0.0007573515176773071,2.2410402661845086,-0.000714913010597229
1746728778862147000,35.85914697265625,-0.22681012064652686,-0.010014431551098824,-0.1161941046630579,0.011629726737737656,0.04622836343758332,0.9859819256370054,0.06732257651613423,left,0.00002866983413696289,-0.23060566313222422,-2.14685026274994,-9.30253669502437,-0.11046057907367889,-0.0020762355998158455,-0.0009620040655136108,2.2414792421236633,0.0013048052787780762
1746728778902147000,35.89914697265625,-0.22643288771936995,-0.0026875422336161137,-0.11599022308556335,0.00814931932836771,0.046045089166951936,0.9860072296888351,0.06698491562899392,left,0.00028079748153686523,-0.23068006262126425,-2.143303530053794,-9.303183176234365,-0.11052559149424701,-0.003776597324758768,-0.0006603449583053589,2.242189582350105,0.0018086433410644531
1746728778942147000,35.93914697265625,-0.22616743448326368,0.00201291311532259,-0.11585679784549585,0.005782740190625191,0.04599947094336357,0.9860109223156721,0.06689651687765061,left,-0.00020545721054077148,-0.23091366057300117,-2.140716290039569,-9.303241628423333,-0.11065208361390069,-0.007120408117771149,-0.0003844648599624634,2.2444196794897318,0.0005477666854858398
1746728778982147000,35.97914697265625,-0.22616743448326368,0.0027493219822645187,-0.11585679784549585,0.0042419638484716415,0.04599947094336357,0.9860109223156721,0.06689651687765061,left,0.000005543231964111328,-0.23091366057300117,-2.140716290039569,-9.303241628423333,-0.11065208361390069,-0.005466267466545105,0.000513225793838501,2.2444196794897318,0.00046327710151672363
1746728779022146800,36.01914672851562,-0.2259416923904343,0.00002798507921397686,-0.11574611006880306,0.0031267364975064993,0.045979062190119636,0.986002873771892,0.06683892241515749,left,-0.00022470951080322266,-0.2312924675721707,-2.1384255487538875,-9.302895006942748,-0.110847531807377,-0.006024413742125034,0.0005963742733001709,2.2480356780298054,0.0009572505950927734
1746728779062146800,36.05914672851563,-0.2259416923904343,-0.0026933520566672087,-0.11574611006880306,0.002011509146541357,0.045979062190119636,0.986002873771892,0.06683892241515749,left,-0.00041961669921875,-0.2312924675721707,-2.1384255487538875,-9.302895006942748,-0.110847531807377,-0.006582560017704964,0.0009131133556365967,2.2480356780298054,0.0018199384212493896
1746728779102147000,36.09914697265625,-0.2257274471442818,-0.0038783459458500147,-0.11563239205899686,0.0011508811730891466,0.045878752895667424,0.9859922254015352,0.06660706913854159,left,-0.0005512833595275879,-0.23177163253219701,-2.136191067700088,-9.302302301746606,-0.11110229796493731,-0.005928859580308199,0.0008354336023330688,2.252609269555658,0.0018763989210128784
1746728779142147000,36.13914697265625,-0.22565821572219136,-0.0031812929082661867,-0.11558831998314896,-0.005209576338529587,0.04577942743329106,0.9859884088619157,0.06638980699483839,left,0.000837862491607666,-0.2319870698252904,-2.135438349636644,-9.30197672305405,-0.11122274821494729,-0.0037041660398244858,0.000611618161201477,2.254665471433103,0.0009761154651641846
1746728779182147000,36.17914697265625,-0.22565821572219136,-0.0024842401035130024,-0.11558831998314896,-0.011570033617317677,0.04577942743329106,0.9859884088619157,0.06638980699483839,left,0.0022602081298828125,-0.2319870698252904,-2.135438349636644,-9.30197672305405,-0.11122274821494729,-0.00147947296500206,0.0004645735025405884,2.254665471433103,0.00028549134731292725
1746728779222147000,36.21914697265625,-0.22539490328441544,0.003259191755205393,-0.11544764145914573,0.011509974487125874,0.045663141944070465,0.9859991486465568,0.0661658673357106,left,-0.0021021366119384766,-0.23214963130427824,-2.132907077593356,-9.302181305715441,-0.11132190893721515,-0.0032061575911939144,0.001022443175315857,2.2562169386588034,0.0024800896644592285
1746728779262147000,36.25914697265625,-0.2251055591009097,0.0019443142227828503,-0.11530810858264119,0.008910039439797401,0.0456623198690276,0.9859940033590604,0.06615640101332368,left,-0.0001793503761291504,-0.23252009402970328,-2.130028745678067,-9.301982568272948,-0.11151186298026915,-0.0030629427637904882,0.0011788904666900635,2.2597522731781003,0.0027037709951400757
1746728779302146800,36.29914672851562,-0.22481623777950635,0.0006294366903603077,-0.1151685757061335,0.006310104858130217,0.04566145547663958,0.9859889000472237,0.06614696940540916,left,0.0017431378364562988,-0.23289058533108595,-2.1271505598932503,-9.301782077264786,-0.11170181702332294,-0.002919727936387062,0.0013353228569030762,2.2632876076973973,0.0029274970293045044
1746728779342147000,36.33914697265625,-0.22481623777950635,0.002343294210731983,-0.1151685757061335,-0.0008094934746623039,0.04566145547663958,0.9859889000472237,0.06614696940540916,left,0.0023511648178100586,-0.23289058533108595,-2.1271505598932503,-9.301782077264786,-0.11170181702332294,0.0012259138748049736,0.0017015039920806885,2.2632876076973973,0.00355374813079834
1746728779382147000,36.37914697265625,-0.22481623777950635,0.003877007169649005,-0.1151685757061335,-0.006264584604650736,0.04566145547663958,0.9859889000472237,0.06614696940540916,left,0.0022391080856323242,-0.23289058533108595,-2.1271505598932503,-9.301782077264786,-0.11170181702332294,0.002462327014654875,0.000959053635597229,2.2632876076973973,0.0029298216104507446
1746728779422147000,36.41914697265625,-0.22481623777950635,0.005104069132357836,-0.1151685757061335,-0.009860936552286148,0.04566145547663958,0.9859889000472237,0.06614696940540916,left,-0.0001316070556640625,-0.23289058533108595,-2.1271505598932503,-9.301782077264786,-0.11170181702332294,0.005892087705433369,-0.0007430911064147949,2.2632876076973973,0.0028939545154571533
1746728779462147000,36.45914697265625,-0.22528545357473004,0.006034867838025093,-0.1154272136733878,-0.0066941967234015465,0.045940421725280615,0.9859695894600298,0.06669705491472584,left,-0.00013881921768188477,-0.232548654714392,-2.1316876188009974,-9.301536578071117,-0.11149064457343993,0.0118966493755579,-0.0006526261568069458,2.260024806509167,0.002458244562149048
1746728779502147000,36.49914697265625,-0.22575482799456853,0.00696566654369235,-0.11568583032221381,-0.0035274571273475885,0.046219388657292484,0.9859501102868239,0.0672472813925795,left,-0.00014644861221313477,-0.23220698248447955,-2.1362259928829967,-9.30128698722422,-0.11127945129282585,0.017901210114359856,-0.000562027096748352,2.256764197278023,0.0020223110914230347
1746728779542146800,36.539146728515625,-0.22595941115488577,0.0052918558940291405,-0.1158117019774883,-0.005496183410286903,0.04647265973703998,0.9859583862417368,0.06779874116015339,left,0.0002824068069458008,-0.23165219795118522,-2.1384090360105037,-9.302068492990731,-0.11096905745665449,0.01999770663678646,-0.00043839216232299805,2.251469305740297,0.0006526559591293335
1746728779582146800,36.579146728515624,-0.2261173479361862,0.0014953138306736946,-0.11590448028270679,-0.0035507853608578444,0.04663892979138167,0.985979333014674,0.06819084817545577,left,-0.0007340908050537109,-0.2309899825108968,-2.140211993779242,-9.303181422668695,-0.11061591010231812,0.021402332931756973,-0.0012783855199813843,2.2451481398947535,-0.0000845491886138916
1746728779622147000,36.61914697265625,-0.22608610824706585,-0.0018147011287510395,-0.11588742298749527,0.00021729525178670883,0.04664586449409852,0.9860153548166264,0.0682757537536114,left,-0.000716090202331543,-0.23037562559757727,-2.140230113957822,-9.30459070494473,-0.11030857802758086,0.015401117503643036,-0.0008795559406280518,2.2392830472536382,-0.0002916306257247925
1746728779662147000,36.65914697265625,-0.22605496961950303,-0.005124716088175774,-0.1158703653616793,0.003985376097261906,0.04665275722115545,0.9860513343012334,0.06836055148762511,left,-0.0006985068321228027,-0.22976129231250383,-2.1402482341364024,-9.305996480089426,-0.1100012462807816,0.009399901144206524,-0.00048075616359710693,2.2334172239601613,-0.0004986673593521118
1746728779702147000,36.69914697265625,-0.22593791875611863,-0.007586350664496422,-0.11579921769019359,0.006760605610907078,0.046541895359717034,0.9860861621101662,0.06819371770632149,left,-0.0006089210510253906,-0.2293509582422128,-2.1393641447782517,-9.307139220383762,-0.10981114206303204,0.00590234249830246,0.00018781423568725586,2.2294987353421747,-0.0007572919130325317
1746728779742147000,36.73914697265625,-0.2259110812744176,-0.00922012235969305,-0.11576515574154075,0.0019966880790889263,0.046369547729081986,0.9861192655334332,0.06789296455109065,left,-0.00020927190780639648,-0.22893291055298765,-2.1393229359850285,-9.308104266023635,-0.10962287044186883,0.00880979560315609,0.0005676597356796265,2.2255063047051427,-0.0005211234092712402
1746728779782146800,36.77914672851563,-0.2259110812744176,-0.0035803881473839283,-0.11576515574154075,-0.0020184251479804516,0.046369547729081986,0.9861192655334332,0.06789296455109065,left,-0.00046646595001220703,-0.22893291055298765,-2.1393229359850285,-9.308104266023635,-0.10962287044186883,0.00852749403566122,0.0008457452058792114,2.2255063047051427,-0.0005377233028411865
1746728779822146800,36.819146728515626,-0.22608433367990033,-0.00047152512706816196,-0.11585241122620091,-0.0030342862010002136,0.04641018099584592,0.9861288290619541,0.06799734457423096,left,-0.0007228255271911621,-0.22855697517079998,-2.1411229711443185,-9.308547918137908,-0.1094272841287957,0.004700246267020702,0.0006404370069503784,2.2219155867367983,-0.001383468508720398
1746728779862147000,36.85914697265625,-0.22608433367990033,0.002637337427586317,-0.11585241122620091,-0.004050147254019976,0.04641018099584592,0.9861288290619541,0.06799734457423096,left,-0.0010244250297546387,-0.22855697517079998,-2.1411229711443185,-9.308547918137908,-0.1094272841287957,0.0008729987312108278,0.00025157630443573,2.2219155867367983,-0.00259535014629364
1746728780017900300,37.014900390625,-0.22676386592565262,-0.0029215558897703886,-0.11620490732512231,0.0016747380141168833,0.04659515460658446,0.9860690133568895,0.06827090074633636,left,0.0008364861714653671,-0.22879512382105144,-2.147328840047121,-9.306575156760216,-0.1095131459977587,-0.009372400119900703,0.000591265968978405,2.2241902536705136,-0.0009263065876439214
1746728780217245000,37.21424487304687,-0.22680622932867311,-0.003968511708080769,-0.11623708094321461,0.004926372319459915,0.04665347754603168,0.9859984003604017,0.06825622325544595,left,0.001365138334222138,-0.22996113020532014,-2.1471384320415554,-9.303950653475523,-0.110088388063897,-0.006022932007908821,0.00022772920783609152,2.235325395669043,0.0013781266752630472
1746728780257245200,37.2542451171875,-0.22702072206991106,0.000909032765775919,-0.11634880381709722,-0.0016578552313148975,0.04671165861407435,0.985973179301294,0.06832943681984043,left,0.0003387331962585449,-0.23015070586578432,-2.1490387127049266,-9.30307679325044,-0.11017265557292918,-0.0038196442183107138,0.00027570128440856934,2.2371355138309297,0.0009982883930206299
1746728780297245000,37.29424487304688,-0.22702072206991106,0.001576192444190383,-0.11634880381709722,-0.006044021807610989,0.04671165861407435,0.985973179301294,0.06832943681984043,left,0.00023132562637329102,-0.23015070586578432,-2.1490387127049266,-9.30307679325044,-0.11017265557292918,-0.0008700401522219181,-0.0018024444580078125,2.2371355138309297,0.0019937902688980103
1746728780337245000,37.33424487304688,-0.22702072206991106,0.002243352122604847,-0.11634880381709722,-0.010430187918245792,0.04671165861407435,0.985973179301294,0.06832943681984043,left,0.0001239776611328125,-0.23015070586578432,-2.1490387127049266,-9.30307679325044,-0.11017265557292918,0.0020795634482055902,-0.0038805902004241943,2.2371355138309297,0.0029893070459365845
1746728780377245000,37.37424487304688,-0.22762632008037134,0.0024366360157728195,-0.11665035634329697,0.0008734054863452911,0.0467759316584458,0.9859423352126855,0.06840371040994768,left,-0.0006250739097595215,-0.2300459809271943,-2.15472508777827,-9.302001857495307,-0.1101025016531334,0.007027557119727135,-0.002042710781097412,2.2361355430081487,0.0007919520139694214
1746728780576247800,37.57324780273437,-0.22766349551019432,-0.0053267511539161205,-0.11665314804594416,0.008788579143583775,0.04667769757159691,0.9860019967499832,0.06831262129877637,left,-0.0005269274115562439,-0.22902872906241895,-2.15558316591233,-9.304133024305104,-0.10960501208930863,-0.004502398427575827,0.0008006024872884154,2.226421373723447,-0.000994349829852581
1746728780616123000,37.613122802734374,-0.2274260447388078,-0.007940473034977913,-0.11651567673049171,0.0072325775399804115,0.046468922209255324,0.9860070089328649,0.06787998918618539,left,0.00015564175555482507,-0.2293509709884436,-2.153211906736344,-9.303945392778516,-0.10979476820513828,-0.012919995933771133,0.0009144670912064612,2.229498881472647,-0.00030528646311722696
1746728780656123000,37.65312280273437,-0.22741322051402188,-0.003812999464571476,-0.11649414283173083,0.005116317421197891,0.046329776276254384,0.9860114604159524,0.06759360555533639,left,-0.00007146596908569336,-0.2294014941991939,-2.1530672375686466,-9.30386297519207,-0.10983667599134565,-0.008052119985222816,0.0011686831712722778,2.2299814042925834,0.00034043192863464355
1746728780696123000,37.69312280273437,-0.22741322051402188,0.00031447457149624825,-0.11649414283173083,0.003000058000907302,0.046329776276254384,0.9860114604159524,0.06759360555533639,left,-0.00029015541076660156,-0.2294014941991939,-2.1530672375686466,-9.30386297519207,-0.10983667599134565,-0.0031842440366744995,0.001437649130821228,2.2299814042925834,0.0010353326797485352
1746728780736123000,37.73312280273438,-0.22741322051402188,0.0008413798059336841,-0.11649414283173083,0.0008656489662826061,0.046329776276254384,0.9860114604159524,0.06759360555533639,left,0.00020450353622436523,-0.2294014941991939,-2.1530672375686466,-9.30386297519207,-0.10983667599134565,-0.0019073305884376168,0.0008053034543991089,2.2299814042925834,0.0009154826402664185
1746728780776123000,37.77312280273438,-0.22741322051402188,0.00010363897308707237,-0.11649414283173083,0.001044797943904996,0.046329776276254384,0.9860114604159524,0.06759360555533639,left,-0.00020611286163330078,-0.2294014941991939,-2.1530672375686466,-9.30386297519207,-0.10983667599134565,-0.0027894959785044193,0.00035233795642852783,2.2299814042925834,0.0002688169479370117
1746728780816123100,37.813123046875,-0.2274903628806479,-0.0018277978524565697,-0.11652351042384383,0.0012106260983273387,0.04624567583092516,0.9859948085538145,0.0673822857160042,left,-0.0000845789909362793,-0.2296926853191394,-2.153638461585343,-9.303063933768868,-0.10999088024395363,-0.004859345965087414,0.0005411058664321899,2.232762121052295,0.00007596611976623535
1746728780856123000,37.853122802734376,-0.2274903628806479,-0.0037592346780002117,-0.11652351042384383,0.0013764542527496815,0.04624567583092516,0.9859948085538145,0.0673822857160042,left,0.00011843442916870117,-0.2296926853191394,-2.153638461585343,-9.303063933768868,-0.10999088024395363,-0.006929195951670408,0.0006716102361679077,2.232762121052295,0.00016668438911437988
1746728781014871000,38.01187109375,-0.2280105766230406,-0.0024431394413113594,-0.11673523816697669,-0.021707994863390923,0.0458250354253515,0.9859040464841918,0.06631143387005752,left,0.003409396391361952,-0.23113396233038105,-2.157748088861257,-9.298798093017934,-0.11075250460127162,-0.004745445214211941,-0.000304808490909636,2.2465226431183516,0.0008251499384641647
1746728781054746400,38.05174633789063,-0.22776173173997255,0.00908100139349699,-0.11662179796547495,0.03564978763461113,0.04589172242169396,0.9859119454419792,0.06646907572589829,left,-0.00969608686864376,-0.23118451985302907,-2.155408393867314,-9.299224209475517,-0.1107739596589494,-0.0021587188821285963,0.0014250203967094421,2.2470053120687603,0.002449150662869215
1746728781094746400,38.091746337890626,-0.22756204762066407,0.00993421208113432,-0.11652677014726476,0.0203997865319252,0.04589227129754885,0.9858909162245557,0.06642988039203654,left,-0.004855930805206299,-0.23175264719967692,-2.1532630524016914,-9.298408801439404,-0.11106112567468063,-0.004605289548635483,0.0012151002883911133,2.252428067769855,0.003242984414100647
1746728781134746400,38.131746337890625,-0.2273623405684765,0.010787422768771648,-0.11643173150454143,0.005149783566594124,0.04589286283243437,0.9858697607384664,0.06639088842399457,left,-0.00001615285873413086,-0.23232078521089145,-2.151117272544652,-9.297590470793843,-0.11134828143901392,-0.007051859982311726,0.001005128026008606,2.2578502389490605,0.004036888480186462
1746728781174746400,38.171746337890625,-0.2275235471613374,0.011278089135885239,-0.11654313759855268,-0.0011994135566055775,0.04616744875427487,0.9858185269807882,0.06687261519628564,left,-0.0004678964614868164,-0.23283820505528885,-2.15235236729756,-9.29610461615026,-0.11157178618482162,-0.00693119503557682,0.0005923807621002197,2.2627878414817153,0.002222418785095215
1746728781214746400,38.211746337890624,-0.22768447766967367,0.011768755502998829,-0.1166545217129303,-0.0075486102141439915,0.046442077676831416,0.9857670826614383,0.06735441147333034,left,-0.0009199380874633789,-0.23335568602501422,-2.1535836626581846,-9.294615838897228,-0.11179527075576809,-0.006810530088841915,0.0001792311668395996,2.267725297883898,0.00040796399116516113
1746728781254746400,38.25174633789062,-0.228135275440093,0.006346666254103184,-0.11689708604759771,-0.013314688578248024,0.04663273372680235,0.9857091023195803,0.067643945469152,left,-0.0007696747779846191,-0.23377300085675806,-2.157559288290888,-9.292721403452754,-0.1119737427497141,-0.0077108354307711124,-0.0017573386430740356,2.2717066226050258,0.0008184164762496948
1746728781294746400,38.29174633789062,-0.22854852276929996,0.005898705683648586,-0.1171167136483525,-0.003796890377998352,0.046785210118562855,0.9856601131537551,0.06787025982262086,left,-0.0019941329956054688,-0.23409891188726067,-2.1612314009323716,-9.291107538515329,-0.11211162292495853,-0.0033522420562803745,-0.001823142170906067,2.2748156945362688,0.0014612376689910889
1746728781334746400,38.33174633789063,-0.22854852276929996,0.0072099086828529835,-0.1171167136483525,-0.003303515026345849,0.046785210118562855,0.9856601131537551,0.06787025982262086,left,-0.0008104443550109863,-0.23409891188726067,-2.1612314009323716,-9.291107538515329,-0.11211162292495853,-0.0018074092222377658,-0.0023233890533447266,2.2748156945362688,0.001711040735244751
1746728781374746400,38.37174633789063,-0.22866354848438156,0.005312949884682894,-0.11719654469760121,-0.00024096621200442314,0.04698612453105044,0.9856292328851959,0.06823604592072499,left,-0.0008236169815063477,-0.23435878440873986,-2.16216605143398,-9.290282778128981,-0.11221568722862087,-0.0028426845092326403,-0.001444891095161438,2.2772946518704296,0.0013130605220794678
1746728781414746400,38.41174633789063,-0.22866354848438156,0.0007616011425852776,-0.11719654469760121,0.0014710508985444903,0.04698612453105044,0.9856292328851959,0.06823604592072499,left,-0.0005028843879699707,-0.23435878440873986,-2.16216605143398,-9.290282778128981,-0.11221568722862087,-0.0008694874122738838,-0.000577971339225769,2.2772946518704296,0.0007942467927932739
1746728781454746400,38.451746337890626,-0.22866354848438156,-0.0037897471338510513,-0.11719654469760121,0.00318306777626276,0.04698612453105044,0.9856292328851959,0.06823604592072499,left,-0.00018215179443359375,-0.23435878440873986,-2.16216605143398,-9.290282778128981,-0.11221568722862087,0.0011037092190235853,0.00028896331787109375,2.2772946518704296,0.0002754330635070801
1746728781494746400,38.491746337890625,-0.22849942487914612,-0.0055928840301930904,-0.11709616683871953,0.0008156490512192249,0.04680105731452333,0.9856393566837518,0.06786408511445374,left,0.00034123659133911133,-0.2344952149368755,-2.160570891197026,-9.290334800577163,-0.11230862222709431,-0.0012917176354676485,0.0002682209014892578,2.278595943727344,0.0006484389305114746
1746728781534746400,38.531746337890624,-0.228335372830301,-0.0073960209265351295,-0.11699578897983785,-0.001551769906654954,0.046615990097996225,0.9856494804823077,0.06749214260439851,left,0.0008645057678222656,-0.23463173018108915,-2.1589763154819606,-9.290386238503455,-0.11240155722556773,-0.0036871444899588823,0.0002475231885910034,2.2798981123670936,0.0010213702917099
1746728781574746400,38.57174633789062,-0.228335372830301,-0.00329139968380332,-0.11699578897983785,-0.0013825272908434272,0.046615990097996225,0.9856494804823077,0.06749214260439851,left,0.0011401772499084473,-0.23463173018108915,-2.1589763154819606,-9.290386238503455,-0.11240155722556773,0.00007268181070685387,0.00021277368068695068,2.2798981123670936,0.0012598782777786255
1746728781971730200,38.968730224609374,-0.2291259812227123,0.004119561053812504,-0.11735818955715921,0.022475548088550568,0.04640354748122771,0.9855818160575125,0.06690626714444867,left,-0.011586428619921207,-0.23521306671487263,-2.1660192197307944,-9.287383549556136,-0.112704249611313,0.006802108138799667,0.0024349591694772243,2.285442448621243,0.0013867574743926525
1746728782011730200,39.00873022460937,-0.2286967563257596,0.0024858303368091583,-0.11716067005758529,0.0144217973574996,0.04648987275844537,0.9855798900326759,0.06708829974338226,left,-0.0067209601402282715,-0.23559376879241253,-2.16183535817489,-9.287464798098801,-0.11289131711326901,-0.0018858741968870163,0.002158716320991516,2.2890729140780866,0.0014724582433700562
1746728782051730200,39.04873022460937,-0.22862552146569282,0.0043887486681342125,-0.1171396527284603,0.007099085487425327,0.04659517704269918,0.9855540170457178,0.06726244084242983,left,-0.004242360591888428,-0.23602398057428578,-2.1609502459034324,-9.286658742412925,-0.11309497474984156,-0.0025529111735522747,0.0014742463827133179,2.2931750886999067,0.0012101531028747559
1746728782091730200,39.08873022460938,-0.2285542495844884,0.006291666999459267,-0.11711864589325048,-0.00022362591698765755,0.0467005233026129,0.9855281863761054,0.06743672376560088,left,-0.0017638802528381348,-0.2364542485224564,-2.160064695240557,-9.285850933161377,-0.1132986429657473,-0.003219948150217533,0.0007897317409515381,2.2972772633217273,0.0009478628635406494
1746728782131730400,39.12873046875,-0.2285542495844884,0.003646316472440958,-0.11711864589325048,-0.0030706049874424934,0.0467005233026129,0.9855281863761054,0.06743672376560088,left,-0.0012782812118530273,-0.2364542485224564,-2.160064695240557,-9.285850933161377,-0.1132986429657473,-0.0037258416414260864,-0.00043907761573791504,2.2972772633217273,0.0014132261276245117
1746728782171730200,39.16873022460938,-0.22879925454565817,0.0011092231143265963,-0.1172543444466608,-0.007507487200200558,0.04683052143415721,0.9854826043104906,0.06762307348652792,left,0.0001652836799621582,-0.2368987448210912,-2.1621078915059564,-9.284325915551186,-0.11350122066353861,-0.003725040704011917,-0.0014299005270004272,2.301514900891483,0.002205759286880493
1746728782211730200,39.208730224609376,-0.22879925454565817,-0.0005325236124917865,-0.1172543444466608,-0.003935848828405142,0.04683052143415721,0.9854826043104906,0.06762307348652792,left,0.00030171871185302734,-0.2368987448210912,-2.1621078915059564,-9.284325915551186,-0.11350122066353861,-0.0012057102285325527,-0.0013494789600372314,2.301514900891483,0.0014349669218063354
1746728782251730200,39.248730224609375,-0.22879925454565817,-0.0021742703393101692,-0.1172543444466608,-0.0003642106894403696,0.04683052143415721,0.9854826043104906,0.06762307348652792,left,0.0004381537437438965,-0.2368987448210912,-2.1621078915059564,-9.284325915551186,-0.11350122066353861,0.001313620014116168,-0.0012690573930740356,2.301514900891483,0.0006641894578933716
1746728782410315500,39.4073154296875,-0.22755049570359168,0.0000172473955899477,-0.11663266442786091,0.01310083456337452,0.04673315898709567,0.9856079768397121,0.06766685001961441,left,-0.0012077719438821077,-0.23601446845402618,-2.1509705575503406,-9.28899741449356,-0.11309173129059129,0.004370657727122307,0.0011238036677241325,2.293084341676533,-0.0003733297053258866
1746728782450186200,39.44718627929687,-0.22714608726754895,-0.007625740021467209,-0.11642118178092259,0.009242171421647072,0.04660327767162789,0.9856351410613323,0.06744689267939813,left,-0.0002139191492460668,-0.23604002477907773,-2.147200683622807,-9.289809315398335,-0.11312658802560421,-0.010216929949820042,0.0030666023958474398,2.2933280873045323,-0.0002948392939288169
1746728782490186200,39.48718627929688,-0.22725101337928175,-0.0026299096643924713,-0.11645913165758033,0.002387652173638344,0.046487932773455205,0.9856321868240092,0.06719581706737739,left,-0.0003694891929626465,-0.2360852796629276,-2.148151992998272,-9.28948315218389,-0.11316108211164047,-0.004286586306989193,0.0022952258586883545,2.293759464459121,0.0004495978355407715
1746728782530186200,39.52718627929688,-0.22725101337928175,0.0023659206926822662,-0.11645913165758033,-0.004466868005692959,0.046487932773455205,0.9856321868240092,0.06719581706737739,left,-0.000491797924041748,-0.2360852796629276,-2.148151992998272,-9.28948315218389,-0.11316108211164047,0.0016437573358416557,0.0014268457889556885,2.293759464459121,0.0012380480766296387
1746728782570186200,39.56718627929688,-0.22725101337928175,0.004541738890111446,-0.11645913165758033,-0.007267483510077,0.046487932773455205,0.9856321868240092,0.06719581706737739,left,-0.0008842349052429199,-0.2360852796629276,-2.148151992998272,-9.28948315218389,-0.11316108211164047,0.002757327863946557,0.0010146498680114746,2.293759464459121,0.0018555670976638794
1746728782729262800,39.72626293945312,-0.2284783489399615,0.00031128351110965014,-0.11709970628898878,-0.0006105729262344539,0.04688452651112414,0.9855725967168865,0.06791277096468484,left,-0.000682569167111069,-0.23560629674949762,-2.159800345215946,-9.287908450213074,-0.11285431795555342,0.0018289341824129224,-0.00011386460391804576,2.289192302674055,-0.0006890633376315236
1746728783008356900,40.00535693359375,-0.2289527940905108,0.011084790341556072,-0.1173152613175523,-0.01436731219291687,0.04673954206393117,0.985530536191844,0.06752111079763505,left,-0.0009869536152109504,-0.2359946064472129,-2.1640046650379894,-9.286016352856159,-0.11305769220338621,0.0037457230500876904,-0.0001945357071235776,2.2928949565842744,0.00516184326261282
1746728783048226800,40.04522680664063,-0.22922812673212684,0.0073144566267728806,-0.11747518368613319,-0.008631598204374313,0.046970628526897214,0.985511368700584,0.06797240344068624,left,-0.00031128351110965014,-0.23586947588017607,-2.1666265379741785,-9.28569954199195,-0.11296303411546602,0.008387995883822441,-0.0018289341824129224,2.291701801276952,0.0006105729262344539
1746728783088226800,40.08522680664063,-0.22942271047473467,0.0057845935225486755,-0.11757810970661776,-0.0021933764219284058,0.04704518864033343,0.9855005440756189,0.06810831390464496,left,-0.0004159212112426758,-0.23580753387488498,-2.168465589969605,-9.285416048875451,-0.11291991689780918,0.0066118501126766205,-0.002586841583251953,2.291111288037896,0.00037661194801330566
1746728783128226800,40.125226806640626,-0.22942271047473467,0.0042547304183244705,-0.11757810970661776,0.004244845360517502,0.04704518864033343,0.9855005440756189,0.06810831390464496,left,-0.0004916787147521973,-0.23580753387488498,-2.168465589969605,-9.285416048875451,-0.11291991689780918,0.0048357043415308,-0.0035322755575180054,2.291111288037896,0.00008240342140197754
1746728783168227000,40.16522705078125,-0.22942271047473467,0.002126616658642888,-0.11757810970661776,0.005001885816454887,0.04704518864033343,0.9855005440756189,0.06810831390464496,left,-0.0008256435394287109,-0.23580753387488498,-2.168465589969605,-9.285416048875451,-0.11291991689780918,0.005460273940116167,-0.002431511878967285,2.291111288037896,-0.0005808472633361816
1746728783208226800,40.205226806640624,-0.22942271047473467,-0.0000014973338693380356,-0.11757810970661776,0.00575892673805356,0.04704518864033343,0.9855005440756189,0.06810831390464496,left,-0.0011596083641052246,-0.23580753387488498,-2.168465589969605,-9.285416048875451,-0.11291991689780918,0.006084843538701534,-0.001330748200416565,2.291111288037896,-0.0012440979480743408
1746728783248226800,40.24522680664062,-0.22942271047473467,0.0006939495797269046,-0.11757810970661776,0.007516351994127035,0.04704518864033343,0.9855005440756189,0.06810831390464496,left,-0.002076566219329834,-0.23580753387488498,-2.168465589969605,-9.285416048875451,-0.11291991689780918,0.004451145883649588,-0.0003294646739959717,2.291111288037896,-0.0010821670293807983
1746728783288226800,40.28522680664062,-0.22906424548080087,-0.0017183986492455006,-0.11739993105120036,0.00957539863884449,0.047026412226061604,0.985547293483596,0.06816084568566214,left,-0.0012924671173095703,-0.23536128174843984,-2.165368939128518,-9.28718773472309,-0.11270515801400426,0.0045070224441587925,0.0002422630786895752,2.286855822550505,-0.00103779137134552
1746728783328226800,40.32522680664062,-0.22906424548080087,-0.002728257793933153,-0.11739993105120036,0.00537089491263032,0.047026412226061604,0.985547293483596,0.06816084568566214,left,-0.0010895133018493652,-0.23536128174843984,-2.165368939128518,-9.28718773472309,-0.11270515801400426,0.001528171356767416,0.0009669959545135498,2.286855822550505,0.0001605600118637085
1746728783368226800,40.36522680664063,-0.22906424548080087,-0.0037381169386208057,-0.11739993105120036,0.0011663911864161491,0.047026412226061604,0.985547293483596,0.06816084568566214,left,-0.0008865594863891602,-0.23536128174843984,-2.165368939128518,-9.28718773472309,-0.11270515801400426,-0.0014506797306239605,0.0016917288303375244,2.286855822550505,0.001358911395072937
1746728783526651000,40.52365087890625,-0.22887591804531993,-0.002730276668444276,-0.11727228147016655,-0.0027562533505260944,0.04672481842810219,0.9855964368469693,0.06761731477420736,left,0.000682569167111069,-0.23493812814233267,-2.1638392453432083,-9.288536811244487,-0.11253275346186588,-0.00045545841567218304,0.00011386460391804576,2.282820283424109,0.0006890633376315236
1746728783566518800,40.56351879882813,-0.22909734581265537,-0.001365138334222138,-0.11737740085227405,-0.0013781266752630472,0.04670043188159545,0.9855819236591412,0.06753611247831331,left,0,-0.23499611668724987,-2.165865928865224,-9.287928323957324,-0.11256094139982109,-0.00022772920783609152,0,2.283373387262225,0
1746728783606519000,40.60351904296875,-0.22909734581265537,-0.001365138334222138,-0.11737740085227405,-0.0013781266752630472,0.04670043188159545,0.9855819236591412,0.06753611247831331,left,0.00029158592224121094,-0.23499611668724987,-2.165865928865224,-9.287928323957324,-0.11256094139982109,-0.00022772920783609152,0.00008906424045562744,2.283373387262225,-0.0003646761178970337
1746728783646519000,40.64351904296875,-0.22909734581265537,-0.001365138334222138,-0.11737740085227405,-0.0013781266752630472,0.04670043188159545,0.9855819236591412,0.06753611247831331,left,0.0005832314491271973,-0.23499611668724987,-2.165865928865224,-9.287928323957324,-0.11256094139982109,-0.00022772920783609152,0.00017812848091125488,2.283373387262225,-0.0007293522357940674
1746728783686518800,40.683518798828125,-0.22909734581265537,-0.003422702196985483,-0.11737740085227405,-0.0008215506677515805,0.04670043188159545,0.9855819236591412,0.06753611247831331,left,-0.00038313865661621094,-0.23499611668724987,-2.165865928865224,-9.287928323957324,-0.11256094139982109,0.0003082746407017112,0.00017955899238586426,2.283373387262225,0.00009049475193023682
1746728783726518800,40.723518798828124,-0.22958815765211293,0.0021378956735134125,-0.11760907893565879,-0.011670070700347424,0.046645273253332,0.9855685501505067,0.06739045030831418,left,-0.00018990039825439453,-0.23479569069783812,-2.170528367718309,-9.287309899798036,-0.11245918492720497,0.0030998648144304752,0.00008910894393920898,2.2814618545524774,0.0000448077917098999
1746728783766518800,40.76351879882812,-0.22958815765211293,0.009550822898745537,-0.11760907893565879,0.0068384623154997826,0.046645273253332,0.9855685501505067,0.06739045030831418,left,-0.001610100269317627,-0.23479569069783812,-2.170528367718309,-9.287309899798036,-0.11245918492720497,0.0011418978683650494,-0.00013725459575653076,2.2814618545524774,-0.00007420778274536133
1746728784005095000,41.002094970703126,-0.2300723381416913,0.0009269515285268426,-0.11791123853188627,-0.007072052452713251,0.047191183004789194,0.9854494212748651,0.06831551678492086,left,-0.0016729723429307342,-0.23593887277141323,-2.174428590027243,-9.283712167567014,-0.11295719674275068,0.0037385395262390375,-0.00118253193795681,2.292363480056077,0.0018526131752878428
1746728784164576800,41.16157666015625,-0.23013709360587303,-0.00419817166402936,-0.11794498678101112,0.005146035924553871,0.0472508662205078,0.9855111137912081,0.06856138069245622,left,0,-0.23475444182570224,-2.175647610428184,-9.286208660557866,-0.11235700996467032,0.01077547762542963,0,2.2810684713207183,0
1746728784204576800,41.20157666015625,-0.22996754331366895,-0.005736959166824818,-0.11785013373840694,0.004573188256472349,0.04715081846880855,0.9855399162418298,0.06840563741943732,left,0.00015622377395629883,-0.2345038039537197,-2.174203402969241,-9.28713337418735,-0.11224656400307848,0.0066611007787287235,0.0009175390005111694,2.278677922922373,-0.0003062933683395386
1746728784244576800,41.24157666015625,-0.22996754331366895,-0.007275747135281563,-0.11785013373840694,0.004000340588390827,0.04715081846880855,0.9855399162418298,0.06840563741943732,left,0.0002181529998779297,-0.2345038039537197,-2.174203402969241,-9.28713337418735,-0.11224656400307848,0.0025467234663665295,0.0019823461771011353,2.278677922922373,-0.0008563697338104248
1746728784284576800,41.28157666015625,-0.22993786284706777,-0.006599826738238335,-0.1178096659932553,0.001961561618372798,0.046937065546675545,0.9855771508403469,0.06802470379392997,left,0.00014632940292358398,-0.23406021961469878,-2.1741578102618453,-9.288181421935558,-0.1120509199633637,0.005255234427750111,0.0016111135482788086,2.2744465689629316,0.00030875205993652344
1746728784324576500,41.321576416015624,-0.22990807197709115,-0.0059239063411951065,-0.11776919824810052,-0.00007721688598394394,0.0467232703071973,0.9856144274145239,0.06764372699475969,left,0.0000743865966796875,-0.2336166872068605,-2.1741109023801983,-9.289227716118097,-0.11185527592364874,0.007963745854794979,0.0012397468090057373,2.270215507264435,0.0014738589525222778
1746728784364576500,41.36157641601562,-0.229990261770644,-0.0023042529355734587,-0.11779443720359206,-0.001271344837732613,0.04661011037102994,0.9856443146875884,0.06746168875269755,left,-0.0006505846977233887,-0.23310676370191652,-2.1751379073403774,-9.290174641579389,-0.11161254782757486,0.007636565715074539,0.0009402483701705933,2.2653503854461015,0.001356750726699829
1746728784404576800,41.40157666015625,-0.2301291173932344,-0.001674496103078127,-0.11786226798656159,-0.0019231369951739907,0.04662196424192374,0.9856521178182905,0.06750164697816242,left,-0.0004317760467529297,-0.23282358931896702,-2.1765742237538097,-9.290496713140607,-0.11146727139484476,0.006837169174104929,0.0006241500377655029,2.2626484330110253,0.0009005367755889893
1746728784444576800,41.44157666015625,-0.2301291173932344,-0.0010447392705827951,-0.11786226798656159,-0.00257492926903069,0.04662196424192374,0.9856521178182905,0.06750164697816242,left,-0.00024580955505371094,-0.23282358931896702,-2.1765742237538097,-9.290496713140607,-0.11146727139484476,0.006037772633135319,0.00016158819198608398,2.2626484330110253,0.0001687854528427124
1746728784603152600,41.600152587890626,-0.23096136892334967,-0.0130931930616498,-0.11819875561211118,-0.0015106697101145983,0.046033123593763166,0.9856630494445645,0.0662722658973145,left,-0.001361688831821084,-0.23229223299305704,-2.1845802739463744,-9.289851400974392,-0.11125844534456134,-0.012876110151410103,0.0006464023026637733,2.2575778517484664,0.001242040190845728
1746728784643023600,41.64002368164063,-0.2312183546611237,-0.007762992288917303,-0.11829556293084052,-0.00767908152192831,0.045772871267732725,0.9856406258840589,0.06567576550341947,left,0.000680844415910542,-0.2326429834109255,-2.186785967297107,-9.288518106544018,-0.11146083445602092,-0.007499580271542072,-0.00032320115133188665,2.260924970219284,-0.000621020095422864
1746728784683023600,41.68002368164063,-0.23169657491470627,-0.0025084814988076687,-0.11851902125659462,-0.007701811846345663,0.04568497328963732,0.9856042337466492,0.06541677053220181,left,-0.003684103488922119,-0.23287888242115243,-2.1911051456704733,-9.286952172401547,-0.11158158712489556,-0.0052640377543866634,0.0009271800518035889,2.263175964016467,-0.0006674975156784058
1746728784842414000,41.8394140625,-0.23166125160545742,-0.0029284548945724964,-0.11848248871145607,-0.0035655959509313107,0.04547194890824845,0.985524133547956,0.0648074918332383,left,0.0039397734217345715,-0.23448648666854668,-2.1899390245005486,-9.283476020723581,-0.11241140062755561,-0.011120663024485111,-0.00023127946769818664,2.278512649358064,0.0044396668672561646
1746728784882285300,41.87928540039063,-0.23204342989810994,0.012997770681977272,-0.11868316110094641,-0.008579089306294918,0.04558992593956278,0.9854704104954634,0.06495108357774212,left,0.0029476454947143793,-0.23494977306914847,-2.193243765134364,-9.2816102268517,-0.1126226741028327,-0.00924776028841734,-0.0017370125278830528,2.2829313425831494,0.005671259481459856
1746728785081644000,42.07864404296875,-0.2331798051764626,-0.005871144123375416,-0.11932947252189192,0.00699864886701107,0.04639192338745506,0.9853301502586697,0.0663737401704299,left,-0.00099385273642838,-0.23561442198881402,-2.2034387036733327,-9.277633724436164,-0.11283965489496464,0.00959294568747282,-0.0019427987281233072,2.2892697518244383,-0.00007849041139706969
1746728785241131800,42.2381318359375,-0.23151462787130278,-0.01066729985177517,-0.11846851299840386,0.007096490822732449,0.04593704237328378,0.9854307661884032,0.06561144236434105,left,0.002355541568249464,-0.2358794406873486,-2.1878474590487778,-9.28069895722568,-0.11305410054303257,-0.012501322664320469,0.0012963964836671948,2.291796932214498,-0.0011635497212409973
1746728785281131800,42.2781318359375,-0.23160231522199548,-0.004633444361388683,-0.11848736895872568,0.002913803793489933,0.04572648596580158,0.9854280582165548,0.06515931491236045,left,0.0010976195335388184,-0.23601037850507237,-2.1885922860667106,-9.28021497310102,-0.11314344573105749,-0.0065547809936106205,0.0006258785724639893,2.2930453248403966,0.0008874982595443726
1746728785321131800,42.3181318359375,-0.23160231522199548,-0.000489317812025547,-0.11848736895872568,0.00012334599159657955,0.04572648596580158,0.9854280582165548,0.06515931491236045,left,0.0007614493370056152,-0.23601037850507237,-2.1885922860667106,-9.28021497310102,-0.11314344573105749,-0.003313009859994054,0.000337257981300354,2.2930453248403966,0.0006414353847503662
1746728785361131800,42.3581318359375,-0.23160231522199548,0.0036548087373375893,-0.11848736895872568,-0.002667111810296774,0.04572648596580158,0.9854280582165548,0.06515931491236045,left,0.0004252791404724121,-0.23601037850507237,-2.1885922860667106,-9.28021497310102,-0.11314344573105749,-0.00007123919203877449,0.00004863739013671875,2.2930453248403966,0.0003953874111175537
1746728785401131500,42.398131591796876,-0.2318705926232052,0.005716804414987564,-0.11863778412183298,-0.004055561497807503,0.04589809847356727,0.9853995458551771,0.06546638464186831,left,0.0008990168571472168,-0.23610305257428055,-2.1910331033475696,-9.279420607852936,-0.11316479778743749,0.0015417708782479167,0.00013896822929382324,2.2939289758071304,0.0008907318115234375
1746728785441131500,42.438131591796875,-0.2318705926232052,0.003834156086668372,-0.11863778412183298,-0.0019288449548184872,0.04589809847356727,0.9853995458551771,0.06546638464186831,left,-0.00047713518142700195,-0.23610305257428055,-2.1910331033475696,-9.279420607852936,-0.11316479778743749,0.0027250596322119236,0.00021041929721832275,2.2939289758071304,-0.0007645487785339355
1746728785481131800,42.4781318359375,-0.2318705926232052,-0.00017040478996932507,-0.11863778412183298,0.0009307351429015398,0.04589809847356727,0.9853995458551771,0.06546638464186831,left,-0.00015205144882202148,-0.23610305257428055,-2.1910331033475696,-9.279420607852936,-0.11316479778743749,0.0023276726715266705,0.0004684329032897949,2.2939289758071304,-0.0006053447723388672
1746728785521131800,42.5181318359375,-0.2318705926232052,-0.007145626470446587,-0.11863778412183298,0.001751039526425302,0.04589809847356727,0.9853995458551771,0.06546638464186831,left,-0.0027567148208618164,-0.23610305257428055,-2.1910331033475696,-9.279420607852936,-0.11316479778743749,0.0017253949772566557,0.0007257759571075439,2.2939289758071304,-0.0014081001281738281
1746728785561131800,42.5581318359375,-0.2318705926232052,-0.008587229996919632,-0.11863778412183298,-0.005659711081534624,0.04589809847356727,0.9853995458551771,0.06546638464186831,left,0.00043576955795288086,-0.23610305257428055,-2.1910331033475696,-9.279420607852936,-0.11316479778743749,0.0027093710377812386,0.00027458369731903076,2.2939289758071304,-0.001313522458076477
1746728785601131800,42.5981318359375,-0.23186203571136854,-0.0017459755763411522,-0.11861006248531612,0.01528363861143589,0.04570495638591042,0.9854365689699107,0.06512911427092655,left,-0.0032479166984558105,-0.2356259076402988,-2.1912049527831376,-9.280503726914525,-0.11294968928692192,0.004822814837098122,0.0011112391948699951,2.2893793496787547,0.0005124211311340332
1746728785641131500,42.63813159179688,-0.23186203571136854,0.00020842254161834717,-0.11861006248531612,0.004194697365164757,0.04570495638591042,0.9854365689699107,0.06512911427092655,left,-0.0005538463592529297,-0.2356259076402988,-2.1912049527831376,-9.280503726914525,-0.11294968928692192,-0.0010414426214993,0.0008013546466827393,2.2893793496787547,-0.0008963495492935181
1746728785839245300,42.836245361328125,-0.23218327779213732,0.0019670084584504366,-0.11881983750965035,-0.015564019791781902,0.046149880227681885,0.9853489361615807,0.06590041991669285,left,-0.0011460449313744903,-0.2364674333455206,-2.193742070045322,-9.277921309205889,-0.11331153033294157,-0.0013591914903372526,-0.0019831343088299036,2.2974030816584823,0.0028469630051404238
1746728785879118600,42.87611865234375,-0.23291576770353098,0.006989374756813049,-0.11918809168169639,-0.01850169338285923,0.04625326567190093,0.9852973456139014,0.06601608876183784,left,-0.00009563961066305637,-0.23655542114445818,-2.2004906675226987,-9.276115136566757,-0.11333111606610242,0.0030625355429947376,-0.004458470735698938,2.2982418705701826,0.002215495565906167
1746728785919118600,42.91611865234375,-0.23289593460858632,0.0032081964891403913,-0.11918781286612978,-0.01187155768275261,0.04634682362066322,0.9853203157422076,0.06625964503941345,left,0.0005675554275512695,-0.23610121280272,-2.2005475122764704,-9.27717312118709,-0.11309308897661377,0.008011886849999428,-0.003597646951675415,2.2939114401504397,0.00095367431640625
1746728785959118600,42.95611865234375,-0.23287624943407526,-0.0005729820113629103,-0.11918753438116744,-0.005241421516984701,0.04644038156942536,0.9853432858705138,0.0665031744516033,left,0.0012304186820983887,-0.2356470308582005,-2.2006050876826047,-9.278229352241754,-0.11285506155919026,0.012961236760020256,-0.0027367770671844482,2.2895807174697516,-0.0003080815076828003
1746728785999118800,42.996118896484376,-0.23288174527999578,-0.0013400351162999868,-0.11918974567312472,-0.0006500482559204102,0.04645155449921,0.9853735085415135,0.06658611245872148,left,0.0002688169479370117,-0.2351086862072191,-2.2009401648558673,-9.279415347155927,-0.11258450890709697,0.009370251558721066,-0.0011969953775405884,2.2844470078431067,0.00015936791896820068
1746728786039118800,43.036118896484375,-0.23288174527999578,-0.0033493367955088615,-0.11918974567312472,0.0041070119477808475,0.04645155449921,0.9853735085415135,0.06658611245872148,left,-0.0005955696105957031,-0.2351086862072191,-2.2009401648558673,-9.279415347155927,-0.11258450890709697,0.0023784474469721317,0.0001453012228012085,2.2844470078431067,-0.0004316568374633789
1746728786079118800,43.076118896484374,-0.23288174527999578,-0.006198952905833721,-0.11918974567312472,0.004680906888097525,0.04645155449921,0.9853735085415135,0.06658611245872148,left,-0.00023883581161499023,-0.2351086862072191,-2.2009401648558673,-9.279415347155927,-0.11258450890709697,-0.004535977728664875,0.0012067854404449463,2.2844470078431067,-0.0007288306951522827
1746728786119118600,43.11611865234375,-0.23268208906327528,-0.009058695286512375,-0.11906278616475933,-0.002334052696824074,0.04619231924132141,0.9854017078689264,0.06609194940646694,left,0.00022709369659423828,-0.23502741003494146,-2.199130192824453,-9.280035524880885,-0.11257848847262523,-0.005937866400927305,0.0006542354822158813,2.28367178568691,-0.000011906027793884277
1746728786159118600,43.15611865234375,-0.23268208906327528,-0.004691277630627155,-0.11906278616475933,-0.004104506224393845,0.04619231924132141,0.9854017078689264,0.06609194940646694,left,0.00044023990631103516,-0.23502741003494146,-2.199130192824453,-9.280035524880885,-0.11257848847262523,-0.0007101022638380527,0.0005736351013183594,2.28367178568691,0.0009044855833053589
1746728786199118600,43.19611865234375,-0.23268208906327528,0.0010809828527271748,-0.11906278616475933,-0.0071104746311903,0.04619231924132141,0.9854017078689264,0.06609194940646694,left,-0.0004628300666809082,-0.23502741003494146,-2.199130192824453,-9.280035524880885,-0.11257848847262523,0.0016060108318924904,0.00036212801933288574,2.28367178568691,0.0008803904056549072
1746728786239118800,43.23611889648438,-0.23268208906327528,0.002920044120401144,-0.11906278616475933,-0.008673847652971745,0.04619231924132141,0.9854017078689264,0.06609194940646694,left,-0.000274658203125,-0.23502741003494146,-2.199130192824453,-9.280035524880885,-0.11257848847262523,0.0007750169024802744,-0.000627472996711731,2.28367178568691,0.0003894716501235962
1746728786279118800,43.27611889648438,-0.23307965388692878,0.0010147265857085586,-0.11925728159034468,-0.00490673677995801,0.04620758622451129,0.9853889148626511,0.06609838346739011,left,-0.00018173456192016602,-0.23484307029575982,-2.2029167256258426,-9.279569660934806,-0.11247801790266153,0.0009498310391791165,-0.00041559338569641113,2.281913689973205,0.00025798380374908447
1746728786319118800,43.316118896484376,-0.23307965388692878,-0.0008905911818146706,-0.11925728159034468,-0.0011396254412829876,0.04620758622451129,0.9853889148626511,0.06609838346739011,left,-0.000041365623474121094,-0.23484307029575982,-2.2029167256258426,-9.279569660934806,-0.11247801790266153,0.0011246452340856194,-0.0005898475646972656,2.281913689973205,-0.00005276501178741455
1746728786359118600,43.35611865234375,-0.23359089369664965,-0.007237653713673353,-0.11949705748946607,-0.0012169096153229475,0.046137328554749654,0.9853780932746464,0.06592708556964197,left,-0.0003685951232910156,-0.23458181308940332,-2.20779836018756,-9.27902196392417,-0.11234759728385141,0.0025529363192617893,-0.0003467947244644165,2.2794218731574714,-0.0003776848316192627
1746728786399118600,43.39611865234375,-0.23359089369664965,-0.010036303661763668,-0.11949705748946607,-0.005898767150938511,0.046137328554749654,0.9853780932746464,0.06592708556964197,left,0.003387451171875,-0.23458181308940332,-2.20779836018756,-9.27902196392417,-0.11234759728385141,0.0037826679181307554,-0.0005141198635101318,2.2794218731574714,-0.0004274696111679077
1746728786439118600,43.43611865234375,-0.2340510416390584,-0.005580917466431856,-0.11968990106092042,0.00715275201946497,0.045877654831284025,0.9853896848333643,0.06539878528342281,left,-0.0042809247970581055,-0.23413148235173947,-2.212305754609406,-9.27900267470181,-0.112146530147932,0.005310342647135258,0.0012203603982925415,2.275126367920637,0.0011726170778274536
1746728786479118800,43.47611889648437,-0.2340510416390584,0.0017020436935126781,-0.11968990106092042,0.0066836015321314335,0.045877654831284025,0.9853896848333643,0.06539878528342281,left,0.00012439489364624023,-0.23413148235173947,-2.212305754609406,-9.27900267470181,-0.112146530147932,-0.00030794087797403336,-0.0006321817636489868,2.275126367920637,0.0005426257848739624
1746728786519118800,43.51611889648437,-0.2340510416390584,0.00354180671274662,-0.11968990106092042,0.00120446365326643,0.045877654831284025,0.9853896848333643,0.06539878528342281,left,0.0019140839576721191,-0.23413148235173947,-2.212305754609406,-9.27900267470181,-0.112146530147932,-0.0009771003387868404,-0.0005148351192474365,2.275126367920637,0.0005457699298858643
1746728786559118800,43.55611889648438,-0.2340510416390584,0.005381569731980562,-0.11968990106092042,-0.004274673759937286,0.045877654831284025,0.9853896848333643,0.06539878528342281,left,0.0037037134170532227,-0.23413148235173947,-2.212305754609406,-9.27900267470181,-0.112146530147932,-0.0016462597995996475,-0.00039748847484588623,2.275126367920637,0.0005489140748977661
1746728786599118600,43.59611865234375,-0.2340510416390584,0.004896847996860743,-0.11968990106092042,-0.00717338640242815,0.045877654831284025,0.9853896848333643,0.06539878528342281,left,0.002513408660888672,-0.23413148235173947,-2.212305754609406,-9.27900267470181,-0.112146530147932,0.00007235771045088768,-0.0003743022680282593,2.275126367920637,0.0005419701337814331
1746728786639118600,43.63611865234375,-0.2340510416390584,0.004412126261740923,-0.11968990106092042,-0.010072099044919014,0.045877654831284025,0.9853896848333643,0.06539878528342281,left,0.001323103904724121,-0.23413148235173947,-2.212305754609406,-9.27900267470181,-0.112146530147932,0.0017909754533320665,-0.0003511160612106323,2.275126367920637,0.0005350410938262939
1746728786679118600,43.67611865234375,-0.23447112864946748,0.0042393929325044155,-0.11991733043670375,-0.009500227868556976,0.04607341960945343,0.9853399017527351,0.06571527206659272,left,0.0005893707275390625,-0.2344215463360004,-2.2160500557042657,-9.277430310818552,-0.11226095114146806,-0.0010426344815641642,-0.002475440502166748,2.2778932022854685,0.0014042407274246216
1746728786719118600,43.71611865234375,-0.23447112864946748,0.005035113543272018,-0.11991733043670375,-0.0006812438368797302,0.04607341960945343,0.9853399017527351,0.06571527206659272,left,-0.001802980899810791,-0.2344215463360004,-2.2160500557042657,-9.277430310818552,-0.11226095114146806,0.0013698807451874018,-0.0016416162252426147,2.2778932022854685,0.0008955299854278564
1746728786759118800,43.756118896484374,-0.23447112864946748,0.0018810739275068045,-0.11991733043670375,0.0013582680840045214,0.04607341960945343,0.9853399017527351,0.06571527206659272,left,-0.0000998377799987793,-0.2344215463360004,-2.2160500557042657,-9.277430310818552,-0.11226095114146806,0.0023964550346136093,-0.0010422468185424805,2.2778932022854685,0.0005757510662078857
1746728786799118800,43.79611889648437,-0.23447112864946748,-0.0029540706891566515,-0.11991733043670375,0.0058737630024552345,0.04607341960945343,0.9853399017527351,0.06571527206659272,left,-0.00002586841583251953,-0.2344215463360004,-2.2160500557042657,-9.277430310818552,-0.11226095114146806,0.0013845200883224607,-0.000836983323097229,2.2778932022854685,-0.00041624903678894043
1746728786839118600,43.83611865234375,-0.23447112864946748,-0.004959374666213989,-0.11991733043670375,0.006048800423741341,0.04607341960945343,0.9853399017527351,0.06571527206659272,left,-0.0004696846008300781,-0.2344215463360004,-2.2160500557042657,-9.277430310818552,-0.11226095114146806,0.002345709130167961,-0.0009646713733673096,2.2778932022854685,-0.0005130469799041748
1746728786879118600,43.87611865234375,-0.23447112864946748,-0.003952789586037397,-0.11991733043670375,0.007240158040076494,0.04607341960945343,0.9853399017527351,0.06571527206659272,left,-0.0006554126739501953,-0.2344215463360004,-2.2160500557042657,-9.277430310818552,-0.11226095114146806,0.001754990080371499,-0.00040169060230255127,2.2778932022854685,-0.0007932186126708984
1746728786919118600,43.91611865234375,-0.23447112864946748,-0.004836029838770628,-0.11991733043670375,0.0056318058632314205,0.04607341960945343,0.9853399017527351,0.06571527206659272,left,-0.000691831111907959,-0.2344215463360004,-2.2160500557042657,-9.277430310818552,-0.11226095114146806,-0.003378321649506688,0.0009268671274185181,2.2778932022854685,0.00027820467948913574
1746728786959118600,43.95611865234375,-0.23447112864946748,-0.007239140570163727,-0.11991733043670375,0.0010111122392117977,0.04607341960945343,0.9853399017527351,0.06571527206659272,left,0.0004788041114807129,-0.2344215463360004,-2.2160500557042657,-9.277430310818552,-0.11226095114146806,-0.005694213323295116,0.001524224877357483,2.2778932022854685,-0.0001938343048095703
1746728786999118800,43.996118896484376,-0.23434819053002398,-0.0035984229762107134,-0.11983462820348689,-0.0015130860265344381,0.04587272777356432,0.9853574644145098,0.06532436861882869,left,0.00007981061935424805,-0.23440001765134388,-2.2149209055438637,-9.277750044292212,-0.1122765989174109,-0.0032220922876149416,0.0011109709739685059,2.277687888971716,0.00008662045001983643
1746728787039118800,44.036118896484375,-0.23434819053002398,0.000042294617742300034,-0.11983462820348689,-0.004037284292280674,0.04587272777356432,0.9853574644145098,0.06532436861882869,left,-0.00035178661346435547,-0.23440001765134388,-2.2149209055438637,-9.277750044292212,-0.1122765989174109,-0.0007499710191041231,0.0008128732442855835,2.277687888971716,0.0003461092710494995
1746728787079118800,44.076118896484374,-0.23434819053002398,0.003372365375980735,-0.11983462820348689,-0.005488717928528786,0.04587272777356432,0.9853574644145098,0.06532436861882869,left,-0.0005271434783935547,-0.23440001765134388,-2.2149209055438637,-9.277750044292212,-0.1122765989174109,0.001168305752798915,0.0005637854337692261,2.277687888971716,0.0004884898662567139
1746728787234878200,44.23187817382812,-0.2350346996667127,-0.004837986081838608,-0.12016632200196314,-0.0067336526699364185,0.045862354350745003,0.9853379503658009,0.06526389610975081,left,-0.002576359547674656,-0.23406036929320995,-2.2214697426654397,-9.276979059919714,-0.11209700060593071,0.0027469515334814787,0.000021942949388176203,2.2744480302676555,-0.004371623508632183
1746728787274753800,44.27175390625,-0.2351640761454284,-0.01048291940242052,-0.12020109749076287,-0.0025748340412974358,0.04561764862758296,0.985348127447472,0.06476497484649135,left,0.003407671581953764,-0.23395115486364368,-2.2227277799025176,-9.27693288269043,-0.11207016671465878,-0.005332644097507,-0.000741874217055738,2.273406266129762,-0.00048493361100554466
1746728787314753800,44.31175390625,-0.23485018423531812,-0.0033575790002942085,-0.1200313931982451,0.009177759289741516,0.045466128268615374,0.9853692190550073,0.06448509556658671,left,0.0028328895568847656,-0.23402164994647917,-2.2197784285776314,-9.277474734482169,-0.11212887771367157,-0.009944893419742584,-0.0017365068197250366,2.2740787585638462,0.0009429901838302612
1746728787354753800,44.35175390625,-0.23467345872638007,-0.006716888397932053,-0.11992664087146651,0.0075187827460467815,0.04529449678603773,0.9853712207626873,0.06412490166650661,left,0.0005384683609008789,-0.23430149491841815,-2.2179906683780253,-9.27724735546708,-0.11229249657041851,-0.009391582570970058,0.00010251998901367188,2.2767481239035723,-0.00021776556968688965
1746728787394753800,44.39175390625,-0.23464809337571202,-0.001376607920974493,-0.11989973946322453,0.0022907317616045475,0.04515983654811635,0.985360812473918,0.06381852654571024,left,0.000992119312286377,-0.23461641069442257,-2.2175886634483932,-9.276606134954095,-0.11246673006066389,-0.008373672142624855,-0.00012384355068206787,2.279751981894672,0.0006501376628875732
1746728787434753500,44.43175341796875,-0.23462280655049605,0.0039636725559830666,-0.11987282723046647,-0.0029373187571763992,0.045025218627540296,0.9853503622094881,0.06351222992853059,left,0.0014456510543823242,-0.23493133654995957,-2.217186950779706,-9.275963160875438,-0.11264095329950799,-0.007355761714279652,-0.0003501623868942261,2.2827555476248262,0.0015180408954620361
1746728787474753500,44.47175341796875,-0.23462280655049605,0.0053977663628757,-0.11987282723046647,-0.00591170322149992,0.045025218627540296,0.9853503622094881,0.06351222992853059,left,0.0006707310676574707,-0.23493133654995957,-2.217186950779706,-9.275963160875438,-0.11264095329950799,-0.005715589504688978,-0.001233607530593872,2.2827555476248262,0.0013806819915771484
1746728787514753800,44.51175390625,-0.23497715966901447,0.0016589669976383448,-0.12005103374896979,-0.0069762347266077995,0.045066145362428055,0.9852979284245472,0.06349470457584777,left,0.0008646249771118164,-0.23545692693419992,-2.220194169771671,-9.274009104198218,-0.11289319103040292,-0.00611617136746645,-0.001419350504875183,2.2877679689593613,0.0016879737377166748
1746728787554753800,44.55175390625,-0.235378490804483,0.000287142232991755,-0.12024633770034678,-0.003124259877949953,0.04506150740117077,0.9852567739748966,0.06340287418868201,left,-0.0027579069137573242,-0.23577506957400252,-2.223746163164824,-9.272408683264254,-0.11304653019729712,-0.0017660707235336304,-0.0005760341882705688,2.2908016375668345,0.0011644363403320312
1746728787594753800,44.59175390625,-0.235378490804483,0.0025341338478028774,-0.12024633770034678,-0.00006249337457120419,0.04506150740117077,0.9852567739748966,0.06340287418868201,left,0.0003173947334289551,-0.23577506957400252,-2.223746163164824,-9.272408683264254,-0.11304653019729712,0.0013310082722455263,-0.0007315874099731445,2.2908016375668345,0.0018662810325622559
1746728787634753800,44.63175390625,-0.235378490804483,0.006785400211811066,-0.12024633770034678,-0.001085130381397903,0.04506150740117077,0.9852567739748966,0.06340287418868201,left,-0.0005028843879699707,-0.23577506957400252,-2.223746163164824,-9.272408683264254,-0.11304653019729712,-0.0006396896205842495,-0.00008216500282287598,2.2908016375668345,0.0016318708658218384
1746728787674753800,44.67175390625,-0.235378490804483,0.008126824162900448,-0.12024633770034678,-0.002900852356106043,0.04506150740117077,0.9852567739748966,0.06340287418868201,left,-0.0007082223892211914,-0.23577506957400252,-2.223746163164824,-9.272408683264254,-0.11304653019729712,0.002323851687833667,-0.001088470220565796,2.2908016375668345,0.0008835792541503906
1746728787833005000,44.830005126953125,-0.2352888749888254,-0.00829358771443367,-0.12027485256154247,0.0010116558987647295,0.04568605356502678,0.9852233540436337,0.06466164232964673,left,0.0034111212007701397,-0.23594373776273064,-2.2228251027971506,-9.27223215765357,-0.11305604590447907,0.010092290118336678,0.0001322572643402964,2.292409949546307,0.0021352332551032305
1746728787873004800,44.8700048828125,-0.23546002521508647,-0.00036680884659290314,-0.1203565718566796,-0.002103840932250023,0.04569004962345235,0.9852564979250633,0.06473598585579375,left,0.002307593822479248,-0.23519375276130874,-2.224812477222085,-9.273521028420328,-0.11267787295294346,0.015023461543023586,-0.0002783536911010742,2.2852581780955195,0.0019086599349975586
1746728787913004800,44.9100048828125,-0.23560801888023142,0.006229092366993427,-0.12044420211398087,-0.005245178937911987,0.04583898641522807,0.9852697036505021,0.06507842844064317,left,0.000385284423828125,-0.234695998941578,-2.226450015296042,-9.274296688967942,-0.11240843408607072,0.011270874179899693,-0.0007121860980987549,2.28051098356843,0.00041140615940093994
1746728788112164600,45.10916455078125,-0.23551071207721536,-0.008177031762897968,-0.12041038573571458,0.0022119074128568172,0.04597145082948856,0.9853019352782993,0.06542405241469897,left,0.0027268272824585438,-0.23412273360938066,-2.2258523416638374,-9.275782543611525,-0.11210718953953813,0.00213015079498291,-0.0004186730948276818,2.275042927420884,0.0001360864844173193
1746728788152040200,45.14904028320313,-0.23595853357124477,-0.00023310957476496696,-0.12061823828754392,-0.0024005030281841755,0.04589410873608532,0.9853024225650318,0.06526164266505105,left,-0.00923606101423502,-0.23372588663843172,-2.2302168204836548,-9.27566213210225,-0.11191100579828371,0.015924278646707535,0.002420158591121435,2.271257271402329,-0.0037070424295961857
1746728788311545000,45.30854516601563,-0.23481206289631262,0.00984310545027256,-0.12009921231943582,-0.009304855018854141,0.04620126370748775,0.9852850385755723,0.06587784295462265,left,0.002047707559540868,-0.23493040246435604,-2.218943000666797,-9.275545227724313,-0.11249426354257247,-0.0026958822272717953,0.0003415938117541373,2.2827466336660085,0.0020671901293098927
1746728788471050200,45.46805029296875,-0.2352900028637659,-0.003144316840916872,-0.12040624926892034,0.007134735584259033,0.04685098155625111,0.9852180029317611,0.06712451425182671,left,0.001732974429614842,-0.23508493309832526,-2.2232935970917342,-9.274140621623395,-0.11248438454311893,0.009174272418022156,-0.002361471764743328,2.284220505610853,0.000057596073020249605
1746728788510925600,45.50792553710937,-0.23520584000131534,-0.0068084439262747765,-0.12035295818562695,0.00621020095422864,0.04674939573775847,0.985241530749976,0.06695549241926614,left,0,-0.23484345154107214,-2.222641562923789,-9.274863675200939,-0.11237745973264393,0.0032320115715265274,0,2.281917343235016,0
1746728788550925800,45.54792578125,-0.2348285849407069,-0.007080568466335535,-0.12015404468338048,0.008100097998976707,0.046616704048711974,0.9852757643061963,0.06674158306036267,left,-0.0001760721206665039,-0.2347346753227791,-2.219200190298259,-9.27594328713119,-0.1123454885441955,-0.0009726099669933319,0.0002677738666534424,2.2808799630112944,-0.0003324151039123535
1746728788590925600,45.58792553710938,-0.23445132141729663,-0.007352693472057581,-0.11995512035661474,0.009989995509386063,0.04648401235966556,0.9853099978624158,0.0665276499017509,left,-0.0003522038459777832,-0.23462598417816866,-2.2157580870203675,-9.277021145495771,-0.11231350710434561,-0.0051772319711744785,0.0005355030298233032,2.2798433134399354,-0.0006649196147918701
1746728788630925600,45.62792553710938,-0.23436101030122047,-0.0055941506288945675,-0.11989099646208529,0.0061879875138401985,0.046306185454256535,0.985322342662966,0.06617453418715886,left,-0.00046116113662719727,-0.2346476093013129,-2.214908922845125,-9.27717312118709,-0.1123474354711491,-0.0020766574889421463,0.0007572770118713379,2.2800495035365222,0.0006438642740249634
1746728788670925600,45.667925537109376,-0.23436101030122047,-0.003835607785731554,-0.11989099646208529,0.0023859792854636908,0.046306185454256535,0.985322342662966,0.06617453418715886,left,-0.0005856156349182129,-0.2346476093013129,-2.214908922845125,-9.27717312118709,-0.1123474354711491,0.0010239165276288986,0.0010656565427780151,2.2800495035365222,0.0019736886024475098
1746728788710925600,45.707925537109375,-0.23436101030122047,0.0017951754853129387,-0.11989099646208529,-0.0005297248717397451,0.046306185454256535,0.985322342662966,0.06617453418715886,left,-0.00007891654968261719,-0.2346476093013129,-2.214908922845125,-9.27717312118709,-0.1123474354711491,0.005622804164886475,0.00021027028560638428,2.2800495035365222,0.0013405531644821167
1746728788750925600,45.747925537109374,-0.23436101030122047,0.006278075277805328,-0.11989099646208529,-0.0051734959706664085,0.046306185454256535,0.985322342662966,0.06617453418715886,left,-0.0005359649658203125,-0.2346476093013129,-2.214908922845125,-9.27717312118709,-0.1123474354711491,0.008657876402139664,-0.0004037320613861084,2.2800495035365222,0.000182226300239563
1746728788790925800,45.78792578125,-0.2343730438416853,0.00840684399008751,-0.11990739335241407,-0.0012507811188697815,0.0464108414292441,0.9853420281499284,0.06643595927229037,left,-0.0014579296112060547,-0.23420520261171093,-2.2152545214124024,-9.278126476389168,-0.1121133311283451,0.006974425166845322,-0.0010769814252853394,2.2758296938844023,0.000015780329704284668
1746728788830925800,45.82792578125,-0.2343730438416853,0.0008174721151590347,-0.11990739335241407,0.0032868427224457264,0.0464108414292441,0.9853420281499284,0.06643595927229037,left,-0.00043207406997680664,-0.23420520261171093,-2.2152545214124024,-9.278126476389168,-0.1121133311283451,0.002594384830445051,0.00013293325901031494,2.2758296938844023,-0.0009100884199142456
1746728788870925600,45.86792553710937,-0.2343730438416853,-0.006771900225430727,-0.11990739335241407,0.007824467495083809,0.0464108414292441,0.9853420281499284,0.06643595927229037,left,0.0005937814712524414,-0.23420520261171093,-2.2152545214124024,-9.278126476389168,-0.1121133311283451,-0.0017856559716165066,0.001342862844467163,2.2758296938844023,-0.0018359720706939697
1746728789029258000,46.02625805664063,-0.23327257655666134,0.0055598607286810875,-0.11933357990552997,-0.006388075649738312,0.04606902168251434,0.9854162967678566,0.06585821324210799,left,0.0000034495024010539055,-0.23428635887442023,-2.2050002539016305,-9.280379223752021,-0.1122133550133652,-0.01142187975347042,0.0008741315104998648,2.2766037469968197,0.002620166866108775
1746728789069258000,46.06625805664063,-0.2333496679686818,0.005833152681589127,-0.11940056820319613,-0.007401922717690468,0.046319261855106396,0.9853820760794332,0.06632152652743002,left,0.00017851591110229492,-0.234602220351243,-2.2055492660865186,-9.279508870658278,-0.11233968716006212,-0.006924748886376619,0.0003143101930618286,2.279616518946737,0.0020765066146850586
1746728789109258000,46.10625805664063,-0.23342658914694808,0.006106444634497166,-0.11946753485182676,-0.008415769785642624,0.0465695023693839,0.9853477710980032,0.06678486335013957,left,0.0003535747528076172,-0.23491809380919648,-2.2060963785752654,-9.278637933042646,-0.11246599880395944,-0.002427618019282818,-0.00024569034576416016,2.282629290896654,0.0015328526496887207
1746728789149258000,46.146258056640626,-0.23378746565391545,0.005035747773945332,-0.11966113273391624,-0.008790894411504269,0.04672482929324758,0.9853129970866539,0.06704557116704586,left,-0.001363515853881836,-0.23503594640959558,-2.2093822683781386,-9.277579948422312,-0.11250011540306115,0.0006477257702499628,0.0001554042100906372,2.283753180360049,0.0011590421199798584
1746728789189258000,46.186258056640625,-0.23414839284176106,0.0039650509133934975,-0.11985474110991755,-0.009166019037365913,0.04688011389976595,0.9852782650509654,0.06730616464191523,left,-0.0030807852745056152,-0.2351539428769153,-2.2126681581810117,-9.276519625714421,-0.112534242581499,0.003723069792613387,0.0005565136671066284,2.284878531128168,0.0007850527763366699
1746728789229258000,46.226258056640624,-0.23414839284176106,0.0015765822026878595,-0.11985474110991755,-0.004572106990963221,0.04688011389976595,0.9852782650509654,0.06730616464191523,left,-0.002765953540802002,-0.2351539428769153,-2.2126681581810117,-9.276519625714421,-0.112534242581499,0.0052600400522351265,0.000534743070602417,2.284878531128168,0.000558704137802124
1746728789269258000,46.26625805664062,-0.23414839284176106,-0.0008118865080177784,-0.11985474110991755,0.00002180458977818489,0.04688011389976595,0.9852782650509654,0.06730616464191523,left,-0.0024511218070983887,-0.2351539428769153,-2.2126681581810117,-9.276519625714421,-0.112534242581499,0.0067970105446875095,0.0005129575729370117,2.284878531128168,0.0003323405981063843
1746728789467873000,46.464873046875,-0.23309132864494825,-0.004286694340407848,-0.11932392569903581,0.00029661128064617515,0.04676775919647291,0.9854110368594482,0.06733121158230146,left,0.00031128351110965014,-0.2339842403387336,-2.203476843726635,-9.281447145244478,-0.11198068177765481,-0.00960012897849083,0.0018289341824129224,2.2737219079501925,-0.0006105729262344539
1746728789507873000,46.504873046875,-0.23309132864494825,-0.0028213178738951683,-0.11932392569903581,-0.000543393602129072,0.04676775919647291,0.9854110368594482,0.06733121158230146,left,0.0001849532127380371,-0.2339842403387336,-2.203476843726635,-9.281447145244478,-0.11198068177765481,-0.004899177700281143,0.0007980316877365112,2.2737219079501925,-0.00029255449771881104
1746728789786867000,46.78386694335938,-0.23402493596095444,0.0051090409979224205,-0.11976587174695143,0.03795599192380905,0.04663786106160418,0.9853175757781157,0.06686967910111104,left,-0.00969608686864376,-0.23479178386800878,-2.2117146568484602,-9.277596899557112,-0.11238469939211232,-0.009055783040821552,0.0014250203967094421,2.28142459128201,0.002449150662869215
1746728789826741500,46.82374145507813,-0.2331138031778322,-0.0020658792927861214,-0.11932257170632905,0.002854095073416829,0.04661275231878139,0.985325271230631,0.06683315672850998,left,0.0025729103945195675,-0.2355823146037322,-2.2028432219982146,-9.277850582057237,-0.11279795354619883,-0.021638810634613037,-0.000896074459888041,2.288963608484715,0.0017514565261080861
1746728790065931500,47.062931640625,-0.23426295645674763,-0.0048103900626301765,-0.11993240595911307,0.01422768272459507,0.04704932268915028,0.9852188912102768,0.06754829926544773,left,-0.003038110677152872,-0.2359299572874324,-2.21331858491376,-9.274538681030274,-0.11289968480315536,0.009740003384649754,-0.0014102610293775797,2.2922785782516,0.0004744864418171346
1746728790105803300,47.10280322265625,-0.23388553028325654,-0.006811893545091152,-0.11973504886463786,0.0035900340881198645,0.046935065881169725,0.9852594372754172,0.06738631636812283,left,0.0005252026603557169,-0.2356946914851447,-2.2099429710008205,-9.275897694423794,-0.11280225973109749,0.0023578801192343235,-0.0012376682134345174,2.290035183238983,-0.000315733632305637
1746728790145803300,47.14280322265625,-0.23355709334447664,-0.002560315653681755,-0.1195665714164051,0.007934821769595146,0.04686566935115998,0.9852961190533112,0.06731174431856246,left,-0.0003870725631713867,-0.23544168695642412,-2.207030298424512,-9.277185980668664,-0.11268966282747972,0.0009923138422891498,-0.0012437403202056885,2.2876225691393017,-0.000799328088760376
1746728790185803300,47.18280322265625,-0.2332287020721295,0.0016912627033889294,-0.11939810479269158,0.012279609218239784,0.04679627282115006,0.9853328008312058,0.06723709316847785,left,-0.0012995600700378418,-0.23518875070046247,-2.204117333587259,-9.278473097869753,-0.11257707617526344,-0.000373252434656024,-0.0012498646974563599,2.28521053956151,-0.0012829601764678955
1746728790225803300,47.22280322265625,-0.23270577083090774,-0.00209145899862051,-0.11913816822645705,0.014378363266587257,0.04674381787989894,0.9853594781067141,0.06717930580394103,left,-0.00006961822509765625,-0.2352867732319177,-2.199213341063261,-9.279406579327583,-0.1126410849395033,-0.007418693043291569,0.00015714764595031738,2.286145336193591,-0.002729251980781555
1746728790265803000,47.26280297851562,-0.23230485131854048,-0.012597720138728619,-0.11892118083884283,0.011059790849685669,0.046543339007985615,0.9853764937193352,0.06678838037542956,left,0.00046563148498535156,-0.2355514515303744,-2.1953534507647157,-9.279698255750537,-0.11280422678559263,-0.008810567669570446,0.0008368343114852905,2.288669301713258,-0.001974359154701233
1746728790305803300,47.30280322265625,-0.2320878850752847,-0.01734553650021553,-0.11877225834159805,0.008486492559313774,0.046161260196224844,0.9854008654701497,0.06602624841577423,left,0.00023061037063598633,-0.23565332240007697,-2.193286435232311,-9.279947262075543,-0.11290478562226573,-0.006732098292559385,0.0004143267869949341,2.289640777093917,-0.0009775310754776
1746728790345803300,47.34280322265625,-0.23193623223610202,-0.013871945440769196,-0.11865587811887467,0.005543089471757412,0.045789790682253285,0.9854281462340547,0.06529226459961936,left,0.00011664628982543945,-0.23563053072546664,-2.191891035351157,-9.280330708435176,-0.11294059570221823,-0.005140445660799742,0.0008678585290908813,2.289423481081426,0.0015041530132293701
1746728790385803300,47.38280322265625,-0.23190581544845743,-0.007695289794355631,-0.11860952272892875,0.0023469438310712576,0.045514050788034895,0.9854417378816346,0.06473428409682942,left,-0.00028640031814575195,-0.23564687070800136,-2.191600235711038,-9.28036110357344,-0.11298244206160482,-0.0035786053631454706,0.000813409686088562,2.2895792561650277,0.0017203837633132935
1746728790425803300,47.42280322265625,-0.23190581544845743,-0.003796810982748866,-0.11860952272892875,-0.002831170568242669,0.045514050788034895,0.9854417378816346,0.06473428409682942,left,-0.000013113021850585938,-0.23564687070800136,-2.191600235711038,-9.28036110357344,-0.11298244206160482,-0.003093531122431159,0.0008068084716796875,2.2895792561650277,0.0008361786603927612
1746728790465803300,47.46280322265625,-0.23190581544845743,-0.003256640862673521,-0.11860952272892875,-0.004124452359974384,0.045514050788034895,0.9854417378816346,0.06473428409682942,left,-0.00043582916259765625,-0.23564687070800136,-2.191600235711038,-9.28036110357344,-0.11298244206160482,-0.002197244670242071,0.0014331638813018799,2.2895792561650277,0.0009427666664123535
1746728790505803000,47.502802978515625,-0.2321834320160493,-0.0070758722722530365,-0.11872567118065357,-0.0023431198205798864,0.04534511882447986,0.9854224240570123,0.06433743833996959,left,-0.0006963610649108887,-0.235843164368847,-2.194073055565357,-9.279314809390902,-0.11309648903508307,-0.0026011343579739332,0.0013286620378494263,2.291450895255804,0.0004982650279998779
1746728790545803300,47.54280322265625,-0.2321834320160493,-0.010895103216171265,-0.11872567118065357,-0.0005617873976007104,0.04534511882447986,0.9854224240570123,0.06433743833996959,left,-0.0008502006530761719,-0.235843164368847,-2.194073055565357,-9.279314809390902,-0.11309648903508307,-0.0030050240457057953,0.0009720027446746826,2.291450895255804,0.0002446472644805908
1746728790585803300,47.58280322265625,-0.23235936772379742,-0.006549467798322439,-0.11878505553397176,0.010452956892549992,0.04511263842828031,0.9854111556320903,0.06382207668641234,left,-0.0012536048889160156,-0.23604962067443333,-2.195596611870825,-9.278467837172746,-0.11322492769871206,-0.0034270291216671467,0.0009710937738418579,2.2934195649802684,0.0007922053337097168
1746728790625803300,47.62280322265625,-0.23253547949614567,-0.0022038319148123264,-0.11884445071180921,0.021467700600624084,0.04488015803208057,0.9853998872071691,0.06330665708421011,left,-0.0016570687294006348,-0.2362560462579196,-2.197121483350545,-9.2776202804327,-0.1133533766137425,-0.003849034197628498,0.0009703338146209717,2.295387650182843,0.0013397932052612305
1746728790665803300,47.66280322265625,-0.232521100749244,-0.0031219609081745148,-0.11882238271953702,0.0022562146186828613,0.04474201210648049,0.9853863880447503,0.06298770729506,left,0.00040030479431152344,-0.2366116302446327,-2.196799850180745,-9.27685689484477,-0.11354800193857821,-0.008544987067580223,0.0015851408243179321,2.298777731012553,0.0013995915651321411
1746728790705803300,47.70280322265625,-0.23282883914616287,0.005795189179480076,-0.11897830934300152,-0.006567186675965786,0.04478534683189498,0.985332573163822,0.06297312167074208,left,0.0010859966278076172,-0.23720396758667958,-2.1993400361828503,-9.274853738328813,-0.11383407225131607,-0.00967137049883604,0.0005808919668197632,2.3044243585973976,0.0020673424005508423
1746728790745803000,47.74280297851563,-0.2331366193869789,0.014712339267134666,-0.1191342149786392,-0.015390588901937008,0.044828723874654815,0.985278716307232,0.06295845247684495,left,0.0017712712287902832,-0.2377963098913736,-2.201878760880232,-9.27284707468152,-0.1141201214053815,-0.010797753930091858,-0.0004234910011291504,2.310070109399408,0.0027351826429367065
1746728790785803300,47.78280322265625,-0.23372547236265132,0.014440859667956829,-0.11946695384623952,-0.018153488636016846,0.0452181846189901,0.9851904372051884,0.06360888881436602,left,0.000725865364074707,-0.238429456614526,-2.2069996110253034,-9.27012378719747,-0.11438024538332917,-0.009890695102512836,-0.0014132261276245117,2.3161039827361702,0.0024315863847732544
1746728790825803300,47.82280322265625,-0.23431398241297208,0.014169380068778992,-0.11979965007698325,-0.02091638743877411,0.04560764673006705,0.9851018209311208,0.0642590761804283,left,-0.00032019615173339844,-0.23906297205168997,-2.2121135930381715,-9.267394654494524,-0.11464032769981465,-0.008983636274933815,-0.0024036914110183716,2.322140486421436,0.0021277964115142822
1746728790865803300,47.86280322265625,-0.23510590777250726,0.012404723092913628,-0.1202233124266881,-0.025338321924209595,0.04593149031852954,0.9850120535792033,0.06476718203559416,left,-0.00020384788513183594,-0.239564109458486,-2.2191806088149546,-9.264507116359471,-0.11483876475380991,-0.006062502972781658,-0.0034647136926651,2.326914861216396,0.0021732300519943237
1746728790905803300,47.90280322265625,-0.2357254881923045,0.011189133860170841,-0.12055397589392879,-0.011202496476471424,0.04618374814507399,0.9849583690700505,0.06519495326907375,left,-0.0012061595916748047,-0.2396706932377996,-2.2248623077131806,-9.26288915976882,-0.11485128892975224,0.0030058054253458977,-0.003929361701011658,2.327930321869254,0.0018035322427749634
1746728790945803300,47.94280322265625,-0.23608446987494255,0.008477408438920975,-0.12075629282793134,-0.007868828251957893,0.04642590193311674,0.9849330929517388,0.06565803479487442,left,-0.0007423758506774902,-0.23955546138849151,-2.228250196585804,-9.262350230586529,-0.11475823470669116,0.006582833360880613,-0.0028409063816070557,2.32683244362995,0.001185387372970581
1746728790985803000,47.98280297851562,-0.23608446987494255,0.005593535955995321,-0.12075629282793134,-0.004653666168451309,0.04642590193311674,0.9849330929517388,0.06565803479487442,left,-0.0007107257843017578,-0.23955546138849151,-2.228250196585804,-9.262350230586529,-0.11475823470669116,0.008030812256038189,-0.0016032904386520386,2.32683244362995,0.00004437565803527832
1746728791182310100,48.17931005859375,-0.23534384652498733,-0.016354063525795937,-0.12036505712282587,0.0044238148257136345,0.04617007254508538,0.9850256648317135,0.06529908859235534,left,0,-0.23890631946821797,-2.2217413992136716,-9.265465147736668,-0.11447702951151577,0.00426030158996582,0,2.3206479097761212,0
1746728791222310100,48.21931005859375,-0.23534384652498733,-0.0014658821746706963,-0.12036505712282587,0.004166664555668831,0.04617007254508538,0.9850256648317135,0.06529908859235534,left,-0.0007241368293762207,-0.23890631946821797,-2.2217413992136716,-9.265465147736668,-0.11447702951151577,0.0005942475982010365,0.00039480626583099365,2.3206479097761212,0.0005265176296234131
1746728791262310100,48.25931005859375,-0.2351172153330563,0.0032226652838289738,-0.12027124979268228,0.001268613850697875,0.046307893663910187,0.9850257177276275,0.0655923886828801,left,-0.001389145851135254,-0.23901909499425172,-2.2195805679179728,-9.265713569539784,-0.11452021068567954,-0.0016935106832534075,0.000024870038032531738,2.3217224071398377,-0.0007767528295516968
1746728791302310000,48.299309814453125,-0.2351172153330563,-0.00010006781667470932,-0.12027124979268228,0.0033269706182181835,0.046307893663910187,0.9850257177276275,0.0655923886828801,left,-0.0009081363677978516,-0.23901909499425172,-2.2195805679179728,-9.265713569539784,-0.11452021068567954,-0.0027111931703984737,0.00013768672943115234,2.3217224071398377,-0.0003392249345779419
1746728791342310000,48.339309814453124,-0.2351172153330563,-0.0034228009171783924,-0.12027124979268228,0.005385327152907848,0.046307893663910187,0.9850257177276275,0.0655923886828801,left,-0.00042706727981567383,-0.23901909499425172,-2.2195805679179728,-9.265713569539784,-0.11452021068567954,-0.0037288754247128963,0.0002505183219909668,2.3217224071398377,0.00009831786155700684
1746728791382310000,48.37930981445312,-0.23482604953502567,-0.0056054373271763325,-0.1201242444648873,0.0054037184454500675,0.04625364173012327,0.985027815911912,0.06548255206660994,left,0.0007127523422241211,-0.23931312729208737,-2.216723571051657,-9.265695449361205,-0.11467849622035757,-0.0034259615931659937,0.0014034658670425415,2.324523874426633,-0.0003793984651565552
1746728791422310100,48.41931005859375,-0.23482604953502567,-0.01066568773239851,-0.1201242444648873,0.006222663912922144,0.04625364173012327,0.985027815911912,0.06548255206660994,left,0.0008202791213989258,-0.23931312729208737,-2.216723571051657,-9.265695449361205,-0.11467849622035757,-0.0012735594063997269,0.001905292272567749,2.324523874426633,-0.00006754696369171143
1746728791462310100,48.45931005859375,-0.23482604953502567,-0.00649885181337595,-0.1201242444648873,-0.006598230917006731,0.04625364173012327,0.985027815911912,0.06548255206660994,left,-0.0009553432464599609,-0.23931312729208737,-2.216723571051657,-9.265695449361205,-0.11467849622035757,-0.0025894378777593374,0.0016508698463439941,2.324523874426633,0.0013554394245147705
1746728791502310100,48.49931005859375,-0.23451538783608022,-0.0017668935470283031,-0.11996794755059344,-0.00735741900280118,0.04619848478515038,0.9850244312942177,0.06536059551654072,left,-0.0008106827735900879,-0.23971803943356587,-2.2136260434277353,-9.265467485824226,-0.1148926138205785,-0.004550890065729618,0.0013643354177474976,2.328381280507147,0.0005636662244796753
1746728791542310000,48.53930981445313,-0.2342047813047102,0.002965065184980631,-0.11981165063629955,-0.008116606622934341,0.046143327840177585,0.9850210466765233,0.06523876626235037,left,-0.0006663203239440918,-0.24012302416985093,-2.2105291003257035,-9.2652365996778,-0.11510673142079941,-0.00651234295219183,0.0010778456926345825,2.3322391249790786,-0.0002281665802001953
1746728791582310000,48.579309814453126,-0.2342047813047102,0.0021506301127374172,-0.11981165063629955,-0.003283359110355377,0.046143327840177585,0.9850210466765233,0.06523876626235037,left,0.000746309757232666,-0.24012302416985093,-2.2105291003257035,-9.2652365996778,-0.11510673142079941,-0.0030813419725745916,0.0008911937475204468,2.3322391249790786,0.0012414604425430298
1746728791740500700,48.73750073242188,-0.23484485579260228,0.00010620616376399994,-0.12018034648242683,-0.006660249084234238,0.04661504983300356,0.9849040616143737,0.06600932791622932,left,-0.00099385273642838,-0.24110938048005118,-2.215922629932314,-9.261578077170252,-0.11553188097741446,-0.010584533214569092,-0.0019427987281233072,2.3416332685291765,-0.00007849041139706969
1746728791780371700,48.77737182617187,-0.23534159450825762,-0.0013858354650437832,-0.12042652300162988,-0.017099127173423767,0.04664851851102781,0.9848511339783264,0.06597470566432206,left,-0.002355541568249464,-0.24149731756562945,-2.2203110741496084,-9.259591871789096,-0.11571359122071118,-0.005472518503665924,-0.0012963964836671948,2.3453274468719956,0.0011635497212409973
1746728792059466800,49.056466796875,-0.23500892094158146,-0.004095415119081736,-0.12020113020952759,-0.004134380258619785,0.04610085714978941,0.9848825053233774,0.06487551912277242,left,0.00016081606736406684,-0.2417262883806364,-2.217105409976095,-9.259807560366392,-0.11590028727721227,-0.0006831876235082746,0.00222566444426775,2.3475075673900543,0.0036249638069421053
1746728792099467000,49.09646704101562,-0.23535294577577504,0.005124280694872141,-0.12039068318605066,-0.0077771772630512714,0.046297942775972434,0.9848707865012097,0.06526868610886934,left,-0.00026035308837890625,-0.24143396839607154,-2.2204507748812436,-9.259711114254593,-0.11572460607030756,0.008015241473913193,0.0012734085321426392,2.3447242202818392,0.002121448516845703
1746728792139467000,49.13646704101563,-0.23565953611155557,0.0061637768521904945,-0.12056696503908096,-0.008807174861431122,0.0465396371163887,0.9848652755485149,0.06576912973533207,left,-0.00039380788803100586,-0.24103515404586034,-2.2235078243643045,-9.259938493269681,-0.11549076984096078,0.012193484231829643,0.001036331057548523,2.340926435434073,0.0005595684051513672
1746728792179467000,49.17646704101563,-0.2358729342607602,0.0009561409242451191,-0.12068927773531596,-0.005748198367655277,0.04670670686586905,0.9848656998861783,0.06612353838358909,left,-0.0012241005897521973,-0.24068457062442739,-2.2256753776617346,-9.260261149352788,-0.11529161931074994,0.010164913721382618,0.0003444552421569824,2.3375876464001832,-0.0007592141628265381
1746728792219467000,49.216467041015626,-0.23601517069583863,-0.0017510834150016308,-0.12074960887472302,-0.003293560352176428,0.046637837713799486,0.9848762525484139,0.06599710017997044,left,0.0000483393669128418,-0.24042233570994073,-2.2271358056031167,-9.260540550816058,-0.11516666891730933,0.0066446843557059765,0.00007541477680206299,2.3350899843655526,0.0005204379558563232
1746728792259467000,49.256467041015625,-0.23601517069583863,-0.004458307288587093,-0.12074960887472302,-0.0008389225695282221,0.046637837713799486,0.9848762525484139,0.06599710017997044,left,0.0012922883033752441,-0.24042233570994073,-2.2271358056031167,-9.260540550816058,-0.11516666891730933,0.003124454990029335,-0.0003425478935241699,2.3350899843655526,0.0015454143285751343
1746728792538156000,49.53515600585938,-0.2365624369878508,0.0021686358377337456,-0.12099208838479868,-0.012134511023759842,0.04644073615848309,0.9848607020773272,0.06554611103675566,left,0.001209496520459652,-0.2403067744504067,-2.2322667387507855,-9.259582519438862,-0.11512423692229018,0.01018014457076788,-0.0006867378833703697,2.333989329647273,0.0016834131674841046
1746728792578156000,49.57515600585938,-0.2368462726712116,0.0016586140263825655,-0.12113706664519784,-0.003229069523513317,0.04650484325271808,0.9848500036691428,0.0656601428957323,left,0.0012084245681762695,-0.24015891354193372,-2.2349757054485377,-9.259283828753233,-0.11503785385897929,0.00975300557911396,-0.0009789913892745972,2.332580924154073,0.000807344913482666
1746728792618156000,49.615156005859376,-0.2368462726712116,0.0011485922150313854,-0.12113706664519784,0.005676371976733208,0.04650484325271808,0.9848500036691428,0.0656601428957323,left,0.0012378096580505371,-0.24015891354193372,-2.2349757054485377,-9.259283828753233,-0.11503785385897929,0.009325866587460041,-0.001547485589981079,2.332580924154073,-0.0002123415470123291
1746728792658156000,49.655156005859375,-0.2368462726712116,-0.0021694235038012266,-0.12113706664519784,0.005320081952959299,0.04650484325271808,0.9848500036691428,0.0656601428957323,left,-0.00007289648056030273,-0.24015891354193372,-2.2349757054485377,-9.259283828753233,-0.11503785385897929,0.005934949032962322,-0.0009161680936813354,2.332580924154073,-0.00039055943489074707
1746728792698155800,49.69515576171875,-0.2368462726712116,-0.004822263494133949,-0.12113706664519784,0.005063666496425867,0.04650484325271808,0.9848500036691428,0.0656601428957323,left,-0.0003247261047363281,-0.24015891354193372,-2.2349757054485377,-9.259283828753233,-0.11503785385897929,0.0022895552683621645,-0.00023049116134643555,2.332580924154073,-0.0009588003158569336
1746728792738155800,49.73515576171875,-0.2368462726712116,-0.005981665104627609,-0.12113706664519784,0.005950380116701126,0.04650484325271808,0.9848500036691428,0.0656601428957323,left,-0.00022327899932861328,-0.24015891354193372,-2.2349757054485377,-9.259283828753233,-0.11503785385897929,0.001842199475504458,-0.00018940865993499756,2.332580924154073,-0.0007952451705932617
1746728792778156000,49.77515600585937,-0.23677171067688385,-0.0064979600720107555,-0.1210754156252874,0.006996934302151203,0.046293386746148295,0.9848821899149074,0.06527455902932958,left,-0.000030934810638427734,-0.23985367838076604,-2.2344522660963237,-9.260141906887291,-0.11491248210880008,-0.0024040029384195805,0.000589519739151001,2.3296733661442994,0.00011451542377471924
1746728792818156000,49.81515600585937,-0.236773706292858,-0.007983703166246414,-0.12104629814207227,0.002696861047297716,0.04603602375062368,0.9848956031705618,0.06475463491374193,left,-0.00019669532775878906,-0.23982815934539975,-2.2344847070612013,-9.260195098379254,-0.11493133197252235,-0.0016199839301407337,0.0009546279907226562,2.329430351168662,0.0006229579448699951
1746728792858156000,49.85515600585938,-0.23677570099904335,-0.009469445794820786,-0.1210171806588603,-0.0016032126732170582,0.045778703072444436,0.9849089744505563,0.0642348052972719,left,-0.000362396240234375,-0.23980267297795457,-2.234517001895606,-9.260248874393104,-0.11495018183624482,-0.0008359648054465652,0.0013197362422943115,2.3291874823234973,0.0011313706636428833
1746728792898156000,49.89515600585938,-0.23677570099904335,-0.0031200353987514973,-0.1210171806588603,-0.002360545564442873,0.045778703072444436,0.9849089744505563,0.0642348052972719,left,-0.00016987323760986328,-0.23980267297795457,-2.234517001895606,-9.260248874393104,-0.11495018183624482,-0.00013923441292718053,0.0010091215372085571,2.3291874823234973,0.0018331706523895264
1746728793056561200,50.05356103515625,-0.23745038720474523,-0.003660677932202816,-0.12133088316680285,0.0016956322360783815,0.045655016098314974,0.9848636706269174,0.06388144360732474,left,-0.002203349256888032,-0.24000560616249914,-2.240653020432591,-9.258279035624861,-0.11505620108276508,-0.0050681293942034245,-0.0012560609029605985,2.3311206423431634,-0.0017619036370888352
1746728793096561200,50.09356103515625,-0.23715375226429883,-0.009442166425287724,-0.1211552328734807,0.004664469510316849,0.04538319663821131,0.9848874777846831,0.0633523763575604,left,-0.00041371583938598633,-0.24010740563723795,-2.2378508224934337,-9.258712750867009,-0.11514519873158831,-0.005185993853956461,-0.0007309019565582275,2.3320903641581534,-0.0008436739444732666
1746728793136561200,50.13356103515625,-0.23702231088980952,-0.01453823409974575,-0.12104973198204906,0.007008575834333897,0.04502620951441904,0.9849083687345798,0.06263662582930765,left,-0.00012755393981933594,-0.24016122109528948,-2.2366044756941497,-9.258884600302576,-0.11521802917223076,-0.005628656130284071,0.00009591877460479736,2.332602843724936,-0.0005731135606765747
1746728793176561200,50.17356103515625,-0.23676960841055197,-0.004292117431759834,-0.12090354684131371,0.017568964511156082,0.044825664399905166,0.9849313268306288,0.06225732313494731,left,-0.0011023283004760742,-0.24017545579653,-2.234256889654696,-9.259417684265971,-0.115253662783354,-0.007339490577578545,-0.000116005539894104,2.3327384528033432,0.0006569325923919678
1746728793216561400,50.2135615234375,-0.23676960841055197,0.005953998304903507,-0.12090354684131371,0.028129352256655693,0.044825664399905166,0.9849313268306288,0.06225732313494731,left,-0.0021314024925231934,-0.24017545579653,-2.234256889654696,-9.259417684265971,-0.115253662783354,-0.009050325490534306,-0.00008854269981384277,2.3327384528033432,0.001900792121887207
1746728793256561200,50.25356103515625,-0.2362034474350996,0.0022142399102449417,-0.1206131739136386,0.013416143134236336,0.044688834610781054,0.9849466616764796,0.061999642468249114,left,-0.00005143880844116211,-0.24057639985603202,-2.2287951171174645,-9.259770735487342,-0.11547952313945783,-0.01400486845523119,0.0014779269695281982,2.3365574265696107,-0.0003043711185455322
1746728793296561200,50.29356103515625,-0.23606481310254243,-0.0038916650228202343,-0.12051228168591206,0.007945245131850243,0.044397777368387605,0.9849438802760173,0.06137806573399808,left,0.0006561279296875,-0.24098394516269098,-2.227288511946797,-9.259153480371833,-0.11572095840636759,-0.01080586388707161,0.001389533281326294,2.340438798047602,0.0013748705387115479
1746728793336561200,50.33356103515625,-0.23592641257729893,-0.009997569024562836,-0.12041136780915278,0.0024743471294641495,0.04410667883370496,0.9849408879721977,0.06075641052731654,left,0.0013634562492370605,-0.24139154531904372,-2.2257838064722715,-9.258533302646875,-0.11596237317048426,-0.007606859318912029,0.0013013333082199097,2.3443201695255933,0.0030540674924850464
1746728793376561200,50.37356103515625,-0.23593611487622906,-0.0063094813376665115,-0.12038705698786997,-0.001511741429567337,0.04385876388473906,0.9849421589902572,0.06023382980600743,left,0.0007519721984863281,-0.24154847320186254,-2.2257876058645545,-9.258153947940468,-0.1160709664880645,-0.004419686272740364,0.0015487223863601685,2.3458144997365773,0.0026787370443344116
1746728793416561200,50.41356103515625,-0.2362646158951313,0.0021445313468575478,-0.1205508148448156,-0.0093162190169096,0.04389044157156979,0.984894366050885,0.06020611328443719,left,0.001085042953491211,-0.24201182654467324,-2.228574167843163,-9.256364141914247,-0.11629381712998298,-0.007484301924705505,0.0006717443466186523,2.350226324829459,0.0031204819679260254
1746728793456561200,50.45356103515625,-0.236593206981584,0.010598544031381607,-0.12071457286706354,-0.01712069660425186,0.04392216123406054,0.984846615428858,0.06017833594766578,left,0.0014178156852722168,-0.24247523066026558,-2.2313601452998815,-9.254571997800468,-0.1165166676079309,-0.010548918507993221,-0.000205308198928833,2.3546380037918686,0.0035622119903564453
1746728793496561400,50.4935615234375,-0.23688811694410572,0.019039906561374664,-0.1208891316078148,-0.010977787896990776,0.04418303165253202,0.9847893411745536,0.06061766197469873,left,0.0009652376174926758,-0.24295693518997674,-2.233822736021131,-9.252809664303063,-0.1167210388256732,-0.004133026115596294,-0.0000629127025604248,2.3592234318859875,0.0035889148712158203
1746728793536561200,50.53356103515625,-0.23732278887230002,0.01846741884946823,-0.12115229952555366,-0.014833599328994751,0.04462281476464977,0.9847429917648185,0.061456815675468277,left,0.0007644295692443848,-0.2429785826694012,-2.2378325561843813,-9.251787920039892,-0.11667128725258197,0.0022118468768894672,-0.0006221383810043335,2.3594294758521017,0.002814248204231262
1746728793576561200,50.57356103515625,-0.23775750804545936,0.017894933000206947,-0.12141544629016322,-0.018689410760998726,0.04506255624279308,0.9846965157447313,0.06229591122876203,left,0.0005633234977722168,-0.2430006313247647,-2.241841937956214,-9.25076383768916,-0.11662151468479202,0.008556720800697803,-0.0011814385652542114,2.359639465340972,0.002039209008216858
1746728793734340900,50.7313408203125,-0.23919948805508243,-0.012268997728824615,-0.1222496149526107,0.0006976942531764507,0.04619565762008917,0.984557344761241,0.0644216635141921,left,-0.0000034495024010539055,-0.24304486652081195,-2.2551542778633533,-9.247419787958265,-0.11648093071954853,0.0023210947401821613,-0.0008741315104998648,2.3600604672320187,-0.002620166866108775
1746728793774341000,50.771341064453125,-0.23934723537788505,-0.010213115252554417,-0.12227916748045188,0.004085597116500139,0.04584524186852669,0.9845895156449118,0.063740268085164,left,-0.0009969472885131836,-0.24263334690569946,-2.2567506071440873,-9.248029444289207,-0.11631640876158085,0.0031022049952298403,-0.0019460171461105347,2.356143293788284,-0.00007055699825286865
1746728793814341000,50.811341064453124,-0.23926546186331127,-0.005860863719135523,-0.12220707629053791,0.006199331022799015,0.045573862946619643,0.984619014457228,0.06322236292437845,left,-0.0003877878189086914,-0.24243001193583025,-2.256107925326377,-9.248679432630539,-0.11624972944451951,-0.0021718868520110846,-0.0022892802953720093,2.354207503420114,0.0007711350917816162
1746728793854341000,50.85134106445312,-0.23909178103329465,-0.004314206540584564,-0.12210890181144439,0.00494040735065937,0.04545265439844308,0.9846173430147726,0.06296245007543877,left,0.0003756880760192871,-0.24272416838056943,-2.2543374085225163,-9.24839769307971,-0.11641450536417107,-0.003895508823916316,-0.0018606334924697876,2.3570078016631304,0.0008687227964401245
1746728793894340900,50.8913408203125,-0.23909178103329465,-0.002767549129202962,-0.12210890181144439,0.0036814832128584385,0.04545265439844308,0.9846173430147726,0.06296245007543877,left,0.001167893409729004,-0.24272416838056943,-2.2543374085225163,-9.24839769307971,-0.11641450536417107,-0.005619131028652191,-0.0012514442205429077,2.3570078016631304,0.0012518614530563354
1746728793934340900,50.9313408203125,-0.23909178103329465,-0.0023725961800664663,-0.12210890181144439,0.0029361099004745483,0.04545265439844308,0.9846173430147726,0.06296245007543877,left,0.00029724836349487305,-0.24272416838056943,-2.2543374085225163,-9.24839769307971,-0.11641450536417107,0.002125444356352091,-0.0005958229303359985,2.3570078016631304,0.0008852481842041016
1746728793974340900,50.9713408203125,-0.23909178103329465,-0.0019776432309299707,-0.12210890181144439,0.0021907363552600145,0.04545265439844308,0.9846173430147726,0.06296245007543877,left,-0.0005734562873840332,-0.24272416838056943,-2.2543374085225163,-9.24839769307971,-0.11641450536417107,0.009870020672678947,0.000059798359870910645,2.3570078016631304,0.0005186200141906738
1746728794133088000,51.130087890625,-0.23841831160347268,-0.006404752377420664,-0.1217091536380875,-0.011541289277374744,0.04484329873122108,0.984719229398105,0.061872561518081355,left,0.0003095587599091232,-0.242136708139414,-2.2484350526109336,-9.251257758685947,-0.11620666139366144,-0.009020114317536354,0.0013918684562668204,2.3514152423530814,-0.0019206563010811806
1746728794172963000,51.169963134765624,-0.2376342447945445,0.0021909340284764767,-0.12131002207514946,0.042250894010066986,0.04468523788398312,0.9847630118254979,0.06162657942467744,left,-0.002044257940724492,-0.2422879795452798,-2.241096964807808,-9.252672301658988,-0.11631370522571098,-0.01755405217409134,0.0005325376987457275,2.3528553581587968,0.0005529768532142043
1746728794212963000,51.20996313476562,-0.23722138810345347,0.003983639646321535,-0.12110352804771239,0.026912182569503784,0.044623289881874265,0.9847297594761575,0.06143277990089223,left,-0.0004462003707885742,-0.2432990944641227,-2.236716557766497,-9.251279385995865,-0.11683296096237625,-0.013911202549934387,0.0005067288875579834,2.3624802417248487,0.0012897104024887085
1746728794252963000,51.24996313476562,-0.23680863070192892,0.0057763452641665936,-0.12089699121811347,0.011573470197618008,0.044561300929161635,0.9846962119304533,0.06123931088316904,left,0.001150667667388916,-0.24431027499905317,-2.2323361507251858,-9.249874779894947,-0.11735217520154652,-0.01026835199445486,0.00048094987869262695,2.372103225594759,0.002026602625846863
1746728794292963300,51.28996337890625,-0.23663064042236404,0.0032772920094430447,-0.12081631495957816,0.006559022236615419,0.04460442050413892,0.9846746809189855,0.06129057361062315,left,0.00025665760040283203,-0.24480984657795957,-2.230411758533865,-9.249118993091583,-0.11759922669266616,-0.007809069007635117,0.00022996962070465088,2.3768565576016902,0.0018659085035324097
1746728794332963300,51.32996337890625,-0.23645265575665117,0.0007782389875501394,-0.12073563886634184,0.0015445742756128311,0.04464749776177092,0.9846531918831775,0.06134186085891954,left,-0.0006375312805175781,-0.24530944358201298,-2.2284870740815994,-9.24836028367877,-0.11784627801981822,-0.0053497860208153725,-0.00002104043960571289,2.3816095973476767,0.0017052292823791504
1746728794372963000,51.36996313476563,-0.23645265575665117,-0.0005270157707855105,-0.12073563886634184,-0.0055209556594491005,0.04464749776177092,0.9846531918831775,0.06134186085891954,left,-0.0001208186149597168,-0.24530944358201298,-2.2284870740815994,-9.24836028367877,-0.11784627801981822,-0.0014321557246148586,-0.0011992156505584717,2.3816095973476767,0.002569437026977539
1746728794412963000,51.409963134765626,-0.23645265575665117,-0.0020063607953488827,-0.12073563886634184,0.002513378858566284,0.04464749776177092,0.9846531918831775,0.06134186085891954,left,-0.0001093745231628418,-0.24530944358201298,-2.2284870740815994,-9.24836028367877,-0.11784627801981822,0.0034490153193473816,-0.001008555293083191,2.3816095973476767,0.0015807151794433594
1746728794452963000,51.449963134765625,-0.23645265575665117,-0.004121715202927589,-0.12073563886634184,0.005094639025628567,0.04464749776177092,0.9846531918831775,0.06134186085891954,left,-0.00017517805099487305,-0.24530944358201298,-2.2284870740815994,-9.24836028367877,-0.11784627801981822,0.005634743720293045,-0.0007572472095489502,2.3816095973476767,0.0009605884552001953
1746728794492963000,51.489963134765624,-0.23645265575665117,-0.006708644330501556,-0.12073563886634184,0.006611167453229427,0.04464749776177092,0.9846531918831775,0.06134186085891954,left,-0.0008881092071533203,-0.24530944358201298,-2.2284870740815994,-9.24836028367877,-0.11784627801981822,0.005999537650495768,0.000038743019104003906,2.3816095973476767,0.0002965480089187622
1746728794532963300,51.52996337890625,-0.23593694516525104,-0.008833515457808971,-0.12045737789099276,0.00963240209966898,0.0444167868194465,0.984714887402869,0.060976317756039164,left,-0.0004374980926513672,-0.24494942767047867,-2.2239175742089747,-9.250341228362917,-0.1177023958864311,0.006022817920893431,-0.00020290911197662354,2.378184591335058,-0.0005198270082473755
1746728794572963300,51.56996337890625,-0.23543355338168198,-0.010198898613452911,-0.12018512129481942,0.01040863711386919,0.044185464694267304,0.9847713963417617,0.06059952952961811,left,-0.0005620718002319336,-0.24466274253681145,-2.2194196782678364,-9.252122266560793,-0.11759493367699367,0.0037275683134794235,-0.00015746057033538818,2.375457066067308,-0.0006058663129806519
1746728794612963000,51.60996313476563,-0.2352356548865305,-0.007887101732194424,-0.12005691935865856,0.004600011743605137,0.04391617675410299,0.9847945394056498,0.06007591069351198,left,0.0008342266082763672,-0.24466573946241724,-2.217586909882724,-9.25255422823727,-0.1176322276208131,0.00048620603047311306,0.0003972947597503662,2.3754855615094304,0.0006604641675949097
1746728794652963000,51.64996313476563,-0.2350378220000438,-0.005575305316597223,-0.11992871758779668,-0.0012086131609976292,0.04364684649659342,0.984817724445198,0.059552220931370255,left,0.0022304654121398926,-0.24466888168259998,-2.2157547260195014,-9.25298560539186,-0.11766952140066494,-0.0027551562525331974,0.000952109694480896,2.3755153721258044,0.0019266307353973389
1746728794692963000,51.68996313476563,-0.2350378220000438,0.0015543978661298752,-0.11992871758779668,-0.005328065250068903,0.04364684649659342,0.984817724445198,0.059552220931370255,left,0.0014432668685913086,-0.24466888168259998,-2.2157547260195014,-9.25298560539186,-0.11766952140066494,0.0016780011355876923,0.0009682327508926392,2.3755153721258044,0.002642214298248291
1746728794732963000,51.729963134765626,-0.23526856734496054,0.0017662012251093984,-0.12004792014594617,-0.0049706255085766315,0.04370746551371008,0.9848045252146234,0.059652960374960456,left,0.0004909634590148926,-0.24462350786381423,-2.217914826662838,-9.252578778156638,-0.11763607494723699,0.005450437776744366,0.0005626827478408813,2.375083702710271,0.0012788623571395874
1746728794772963000,51.769963134765625,-0.23526856734496054,0.0019780045840889215,-0.12004792014594617,-0.004613185301423073,0.04370746551371008,0.9848045252146234,0.059652960374960456,left,-0.00041985511779785156,-0.24462350786381423,-2.217914826662838,-9.252578778156638,-0.11763607494723699,0.009222874417901039,-0.00006313621997833252,2.375083702710271,-0.0001285076141357422
1746728794812963300,51.80996337890625,-0.2356524376783945,-0.001203273655846715,-0.1202441056730984,-0.004983965773135424,0.04379200904461388,0.9847950476198831,0.05981005379851004,left,-0.0016853809356689453,-0.24435129680333945,-2.2216173344425854,-9.252354906272888,-0.11748408018799834,0.008223813958466053,-0.0002854764461517334,2.372493540086597,0.0000244826078414917
1746728795050162400,52.047162353515624,-0.2308533068100852,-0.33702483773231506,-0.11526974370251464,0.15891394019126892,0.023047035322530666,0.9848882282875211,0.016629837245600135,left,-0.0014808927662670612,-0.25872218390412677,-2.1691629245840014,-9.228764771848917,-0.12718814925987992,-0.34845131635665894,-0.008755083195865154,2.5089877307653428,0.016753824427723885
1746728795090036500,52.08703637695312,-0.22938395439305162,-0.3449048101902008,-0.1133699983623057,0.17464512586593628,0.014955550632081576,0.984530305796499,-0.0006763363996976956,left,-0.007947590202093124,-0.2679873516930902,-2.1502222234010695,-9.208908563256264,-0.13275373183730252,-0.3126579523086548,0.0029971401672810316,2.596715114057064,0.01429749745875597
1746728795130036500,52.12703637695312,-0.22769342156310354,-0.31268709897994995,-0.11152460775175653,0.1086558848619461,0.008093725195376362,0.984355861069934,-0.014993688237449806,left,0.0028114914894104004,-0.2732589643927471,-2.1315315514564515,-9.19906696819961,-0.13616295755095942,-0.21567559242248535,0.005304485559463501,2.6465301153227685,0.0032858848571777344
1746728795170036200,52.1670361328125,-0.2280293080937621,-0.26865532994270325,-0.1107576594311604,0.04398023337125778,0.0019821322891318506,0.9841263364626309,-0.027877189934166647,left,0.007790088653564453,-0.2768637167469554,-2.132450858258456,-9.188997994127869,-0.13865144621077813,-0.15117746591567993,-0.0011894553899765015,2.6805519196510312,0.002893298864364624
1746728795210036500,52.20703637695313,-0.23001924155702982,-0.19373053312301636,-0.11097460468391929,-0.0073588453233242035,-0.0028550140300492087,0.9838552787916189,-0.03826490718725528,left,0.006168007850646973,-0.2791988919589155,-2.149299117206782,-9.178616300845146,-0.1403759906507398,-0.11028642952442169,-0.007834330201148987,2.702572612801194,0.010796666145324707
1746728795250036500,52.247036376953126,-0.2326484151186618,-0.1253456026315689,-0.11190689353165995,-0.02733907848596573,-0.0049329497333774714,0.983604425194189,-0.043032045356752785,left,0.006475985050201416,-0.280594389902451,-2.172552128630876,-9.169255182781814,-0.14133268232648483,-0.06457120180130005,-0.009437307715415955,2.7157252321019767,0.012476950883865356
1746728795290036500,52.287036376953125,-0.23528552350559603,-0.05696067214012146,-0.11283849443185026,-0.04731931537389755,-0.007010818518019912,0.9833474605246675,-0.047804826292118616,left,0.006777644157409668,-0.2819778145562287,-2.1958469333700834,-9.159831520876288,-0.14228850324504558,-0.0188559852540493,-0.011036008596420288,2.728758901198208,0.014169394969940186
1746728795330036500,52.327036376953124,-0.23765591876514233,0.002815850079059601,-0.11387856002848563,-0.045719973742961884,-0.0075865313761158265,0.9831662963511475,-0.0493927388622289,left,0.0031342506408691406,-0.2825783938747326,-2.2171669309049844,-9.153006643292308,-0.14268216589148222,0.00015590153634548187,-0.009584188461303711,2.734415319524705,0.019803106784820557
1746728795370036500,52.36703637695312,-0.23890658190155817,0.051943592727184296,-0.11455791147582312,-0.015541693195700645,-0.006937368578156715,0.9830594293804622,-0.04832442645707416,left,-0.008069753646850586,-0.2831522240960916,-2.228240844235569,-9.148700470530986,-0.1429075319181043,0.0033273203298449516,-0.003946080803871155,2.7398192243948576,0.019852250814437866
1746728795410036200,52.4070361328125,-0.23837295179204318,0.057636622339487076,-0.11442576947851678,0.012571936473250389,-0.005794293982325547,0.9829969224193333,-0.04610026166463718,left,-0.0014113783836364746,-0.28460649908902524,-2.2224153529524804,-9.146006409141421,-0.14349273556400144,-0.02358538657426834,0.0009757131338119507,2.753509896095097,0.010264456272125244
1746728795568328200,52.565328125,-0.2344301751578824,0.04482865333557129,-0.1127937364884356,0.014893938787281513,-0.003530929729784618,0.9830653559982,-0.041211038372076285,left,0.005145820789039135,-0.28701071579774645,-2.1847934783056377,-9.148232268497347,-0.14438664747309649,0.05991485342383385,-0.001792148919776082,2.7761308932259676,0.0035029130522161722
1746728795608328200,52.605328125,-0.23423651676711232,0.043077562004327774,-0.11293066818031437,-0.0008301818743348122,-0.0023242061865623733,0.9832195328289018,-0.03848682450057727,left,0.003481745719909668,-0.2850108567441424,-2.184305987049639,-9.154037739905714,-0.14325021472292315,0.064729243516922,-0.0008912384510040283,2.7573157181188463,0.002227693796157837
1746728795648328200,52.645328125,-0.23404861328105042,0.04132647067308426,-0.1130672749026119,-0.016554303467273712,-0.0011174713677258208,0.9833709279904049,-0.035764587745929756,left,0.0018128156661987305,-0.28301046289186693,-2.1838607275001705,-9.159794695997238,-0.14211336972042926,0.06954363733530045,0.000013977289199829102,2.7384841763988135,0.0009541213512420654
1746728795688328200,52.685328125,-0.23427511942883206,0.03690614178776741,-0.11339729891409832,-0.025110431015491486,-0.000008408632114519251,0.9835265212768534,-0.03324874710734435,left,0.00011092424392700195,-0.28056974479842467,-2.187480525432527,-9.165773770406842,-0.14077153033480586,0.08070480078458786,0.0018734782934188843,2.715493176911771,0.0009500682353973389
1746728795728328200,52.725328125,-0.23466339412743104,0.03640437498688698,-0.11380530300659439,-0.023309169337153435,0.0010606431731631353,0.983695776652784,-0.03079232180178601,left,-0.002032756805419922,-0.2777531970866023,-2.1928088808484376,-9.172326260790229,-0.13924743988455812,0.09009408205747604,0.0030297935009002686,2.688941562333703,-0.0005955398082733154
1746728795768328200,52.765328125,-0.2349025425511918,0.03227429836988449,-0.1141453976479868,-0.027813129127025604,0.0021222374512945372,0.983895600653066,-0.028284711825618553,left,0.0007652044296264648,-0.2745595952566256,-2.196989819794893,-9.180106247141957,-0.1375341888703999,0.09993551671504974,0.0024909675121307373,2.6588094589203592,-0.0043059587478637695
1746728795808328200,52.805328125,-0.23511311291762796,0.03050590492784977,-0.11444309593062295,-0.02794133871793747,0.003004663019509703,0.9840956677695833,-0.026134745779513323,left,-0.000629127025604248,-0.2713428711451245,-2.2009037783682346,-9.18791312150061,-0.13582911642009876,0.09177732467651367,0.0013103634119033813,2.6284321485742925,-0.004459470510482788
1746728795848328200,52.845328125,-0.23533064137886367,0.028737511485815048,-0.1147403518270227,-0.028069550171494484,0.003887020012243951,0.9842918570661408,-0.023986101893691714,left,-0.002034902572631836,-0.26812652394972536,-2.204862160605192,-9.195607767656446,-0.13412351731243308,0.0836191326379776,0.00013427436351776123,2.5980311650916934,-0.004610538482666016
1746728795888328200,52.885328125,-0.23525829011331972,0.02802250348031521,-0.11487648054809492,-0.008818767964839935,0.004708912044507048,0.9844736398108711,-0.02197303185048832,left,-0.0029975175857543945,-0.2653414564437582,-2.205874844779074,-9.202768160805105,-0.13263783451451547,0.06377781927585602,0.00018171966075897217,2.571684717696905,-0.004524856805801392
1746728795928328200,52.925328125,-0.2351636756552724,0.01567496731877327,-0.1149518501353551,-0.008060291409492493,0.005306795520573335,0.9846025049037083,-0.02051146751284913,left,-0.0011262893676757812,-0.26338132496509203,-2.2061744122475386,-9.207861100029945,-0.13158950000711514,0.04251118749380112,-0.0002980828285217285,2.553130239352584,-0.0032067596912384033
1746728795968328200,52.965328125,-0.23535197347792144,0.009259659796953201,-0.11509389152277374,-0.009180902503430843,0.005459111168727894,0.9846867423315772,-0.020048450951517072,left,-0.0007926225662231445,-0.26188561677327565,-2.208796139053255,-9.211148451137543,-0.1308262329326648,0.04114982858300209,0.0003793090581893921,2.538965228138864,0.0006344318389892578
1746728796008328200,53.005328125,-0.23554092650777292,0.002844352275133133,-0.11523586342005938,-0.010301513597369194,0.0056114292086797924,0.9847703897084042,-0.019585317788297755,left,-0.00046128034591674805,-0.2603900133508114,-2.2114203500770033,-9.214413005891442,-0.1300628878676655,0.039788469672203064,0.001056969165802002,2.5247955407500267,0.004476040601730347
1746728796048328200,53.045328125,-0.23575254895755787,0.004033631179481745,-0.11538624943485604,-0.012293629348278046,0.005758715979089102,0.9848475260245219,-0.019144151319367256,left,0.003960728645324707,-0.25896953906262293,-2.2142057430118323,-9.217422709101438,-0.1293376022412254,0.03896652162075043,0.0012150108814239502,2.5113325403258204,0.006413817405700684
1746728796088328200,53.085328125,-0.23657150115763745,0.01002248004078865,-0.11585495411321849,-0.019493237137794495,0.006103878894069703,0.9848842866420425,-0.018387295352784102,left,0.002127707004547119,-0.257607898248512,-2.2225530078575013,-9.218922007748484,-0.12862109266482366,0.03909310698509216,-0.0003413259983062744,2.4984224976092575,0.005855947732925415
1746728796128328400,53.125328369140625,-0.23739117801515944,0.016011327505111694,-0.11632354897882136,-0.026692844927310944,0.006449087543248991,0.9849201623538428,-0.017629448466609573,left,0.0002918243408203125,-0.25624683298382783,-2.2309064101830125,-9.220393833866716,-0.12790446114086376,0.0392196923494339,-0.0018970221281051636,2.4855130394145846,0.005297988653182983
1746728796168328200,53.165328125,-0.2380708191367835,0.021493371576070786,-0.11673941561412886,-0.015367137268185616,0.00694056472032571,0.9849516576032391,-0.016576288425096865,left,-0.0012257695198059082,-0.25505851940468005,-2.23786748136729,-9.221739403256773,-0.12725576854881787,0.03737299516797066,-0.002303794026374817,2.474238488945365,0.004161149263381958
1746728796208328200,53.205328125,-0.23848639705492408,0.034217700362205505,-0.11705215263252475,-0.018162691965699196,0.007621975121654,0.9849995172117341,-0.015096583420479188,left,-0.0029094815254211426,-0.25381881316349325,-2.242422514323145,-9.223782307261228,-0.12655737400846692,0.05237394943833351,-0.004480466246604919,2.4624726478278633,0.0020214319229125977
1746728796248328200,53.245328125,-0.23846084536151402,0.05149482935667038,-0.11720561903824177,-0.013245729729533195,0.008682612369350433,0.9850923256285073,-0.012744070423651352,left,-0.003056168556213379,-0.2521965762605818,-2.2431274477221073,-9.227709125316142,-0.12562088971646435,0.058803342282772064,-0.0038214921951293945,2.447070203773677,0.000030994415283203125
1746728796288328200,53.285328125,-0.23798002598965903,0.03640001639723778,-0.11711592756115216,-0.0094029251486063,0.009644337089432561,0.9851834265367319,-0.010588846637236858,left,-0.0034489035606384277,-0.2510203649793319,-2.239367218405753,-9.231576906660198,-0.12491758234902399,0.04522725194692612,-0.00018891692161560059,2.4358988214179873,-0.0022456496953964233
1746728796328328200,53.325328125,-0.2375020328302012,0.021305201575160027,-0.1170260829732375,-0.005560120567679405,0.010606024959135103,0.9852732207325214,-0.008434907883171989,left,-0.003843545913696289,-0.24984320908724236,-2.2356274473555384,-9.235427152347564,-0.12421411202843925,0.03165115788578987,0.0034457147121429443,2.424714871841669,-0.004520997405052185
1746728796368328200,53.365328125,-0.2374938131224736,0.004224570468068123,-0.11708959401307922,-0.012451520189642906,0.011018686041738694,0.9853257229711695,-0.007484846211956218,left,-0.005867123603820801,-0.24891338610832267,-2.2360810363419352,-9.237632553437352,-0.12370053225669662,0.015184151008725166,0.008510962128639221,2.415878508304804,0.0049670785665512085
1746728796408328200,53.405328125,-0.23927942564192967,0.011129479855298996,-0.11805103512455382,-0.03884085267782211,0.011513605289530516,0.985339867531016,-0.006458142019679635,left,-0.003027617931365967,-0.24687224548530382,-2.253736227758974,-9.238396523547172,-0.12262461702593469,0.04818578064441681,0.006031215190887451,2.3964736967414617,0.00710451602935791
1746728796448328200,53.445328125,-0.24106629241060532,0.01803438924252987,-0.11901220769217416,-0.06523019075393677,0.012008491787167218,0.985351693862357,-0.005428223936592464,left,-0.00019609928131103516,-0.24483289042889253,-2.2714025250919163,-9.239081583201886,-0.12154842246936905,0.081187404692173,0.0035526007413864136,2.3770757533103226,0.00924120843410492
1746728796488328200,53.485328125,-0.24285197758985105,0.025233320891857147,-0.12001461148294813,-0.05495498329401016,0.012794488676829288,0.9853843829533612,-0.0037483442716335033,left,-0.0011200904846191406,-0.24234123180015635,-2.289314029357582,-9.24073110397458,-0.12020945996339237,0.08248625695705414,-0.00008247792720794678,2.3533622847676274,0.005043908953666687
1746728796528328200,53.525328125,-0.24400438888793669,0.01891210675239563,-0.12070983746249794,-0.039717357605695724,0.013601761378222086,0.9854503702659629,-0.0019471625088316954,left,0.001943826675415039,-0.23987125608381768,-2.301358979677409,-9.24369930613041,-0.11887652836800382,0.07953810691833496,-0.0012172013521194458,2.3298408316656944,0.00016210973262786865
1746728796568328200,53.565328125,-0.24498992592659402,0.018626870587468147,-0.12129599434639127,-0.03184058889746666,0.01422884058779752,0.9855094736688252,-0.0005253747207287373,left,0.0006105303764343262,-0.23769576704988976,-2.3116918653823433,-9.246322055849433,-0.11771170742893051,0.05828581005334854,-0.0024889707565307617,2.309111931891739,0.0007136166095733643
1746728796608328200,53.605328125,-0.2458104266777998,0.028509363532066345,-0.121798621731906,-0.024203315377235413,0.014916605121526223,0.9855390250046636,0.000962567506466556,left,-0.001973092555999756,-0.23615603932674306,-2.3201401063844562,-9.247859348419308,-0.11685658546452309,0.04331387206912041,-0.0043501704931259155,2.294434148850292,-0.0004998594522476196
1746728796648328200,53.645328125,-0.24637673120297918,0.04128255322575569,-0.12220058775262703,-0.022728517651557922,0.015838642133713166,0.98556404683916,0.0029248895597194036,left,0.002421557903289795,-0.23487610315283308,-2.326091123743355,-9.249384366029501,-0.11610179482650639,0.044936999678611755,-0.002871096134185791,2.282228747271746,-0.004161447286605835
1746728796844403500,53.841403564453124,-0.25001542682711986,-0.0065580871887505054,-0.12424337166235713,0.02171153761446476,0.018044471855132544,0.985373379186117,0.007122359846150322,left,-0.012462002225220203,-0.23368816171881987,-2.360400512841344,-9.243479525899886,-0.11522697727314128,-0.0083216093480587,-0.007032912690192461,2.2708973520487548,0.003818602068349719
1746728796884403500,53.88140356445312,-0.2497986929606612,-0.007203566841781139,-0.12412637109333428,0.019510123878717422,0.017912968461968912,0.9854055944928373,0.00691715519778493,left,-0.006738483905792236,-0.23339770231888385,-2.358559999541193,-9.24462986497879,-0.11509853786907132,0.0004683304578065872,-0.002263963222503662,2.2681261337697505,0.0022200793027877808
1746728796924403500,53.92140356445312,-0.24954121141568372,-0.004539008252322674,-0.12399215551154401,0.012066738680005074,0.017784787925684973,0.9854498773626871,0.006744781958539702,left,-0.002667665481567383,-0.2329362185065583,-2.356437892820686,-9.246250159657,-0.11488412084508191,0.008516522124409676,-0.0010121911764144897,2.263723076505214,0.0017970949411392212
1746728796964403500,53.96140356445313,-0.2493404378753843,0.004309320822358131,-0.12390843264817011,0.0020004520192742348,0.017827486678267838,0.9855009642385718,0.0069422992669096574,left,-0.0009809136390686035,-0.23223612573056832,-2.354971911921352,-9.248256823304295,-0.11452867554333987,0.022768236696720123,-0.000225752592086792,2.257042283567041,0.0018986612558364868
1746728797004403500,54.00140356445313,-0.24920543273152782,0.0163829755038023,-0.12392037764511316,-0.003514079377055168,0.01838887678899192,0.9855555445044061,0.008222567426900869,left,-0.000019490718841552734,-0.23123211626956344,-2.3542810070477427,-9.25076617577672,-0.1139557828732918,0.025205282494425774,-0.0012227296829223633,2.2474594855770467,-0.0005793124437332153
1746728797044403200,54.0414033203125,-0.24907177384514478,0.02845662832260132,-0.12393224554802817,-0.009028609842061996,0.01895026963319916,0.9856094504261936,0.009502421039551075,left,0.0009406805038452148,-0.2302279411742679,-2.3535996006548405,-9.253263253289461,-0.11338281975519955,0.027642330154776573,-0.0022187232971191406,2.2378728881947696,-0.0030568838119506836
1746728797084403500,54.081403564453126,-0.2488952809119911,0.021916955709457397,-0.12392860604557716,0.0006495360285043716,0.01958550662237326,0.9856524023805289,0.01091085915578955,left,-0.002139866352081299,-0.22943170278714406,-2.3524046917818486,-9.255402603405713,-0.11290478532090686,0.02036774531006813,-0.0012963712215423584,2.230269865845144,-0.006593629717826843
1746728797124403500,54.121403564453125,-0.24869108203089854,0.007351533509790897,-0.12384621759179747,0.0037894397974014282,0.01968541207235673,0.9856898968702955,0.011197113517291126,left,-0.001649320125579834,-0.22894808640800807,-2.3507798670589923,-9.256927036494016,-0.11265067123511656,0.013754569925367832,-0.0008985251188278198,2.2256511200033127,-0.004607111215591431
1746728797164403500,54.161403564453124,-0.24848700271936983,-0.007213887758553028,-0.12376380748898541,0.006929343566298485,0.019785360181370903,0.9857272650913955,0.011483327544253047,left,-0.0011590123176574707,-0.228464390916281,-2.349155188466608,-9.25844913149476,-0.11239653664652685,0.007141394540667534,-0.0005006492137908936,2.2210312051177024,-0.0026204437017440796
1746728797204403500,54.20140356445312,-0.24823079435661538,-0.011157337576150894,-0.12362686200072538,0.010348879732191563,0.019628215942742246,0.985773664356294,0.011255566579316997,left,-0.0013409256935119629,-0.2279660096825759,-2.3470547090560197,-9.260122033143043,-0.11216746998070314,0.007125666365027428,-0.0003824084997177124,2.21627056658715,-0.0005037933588027954
1746728797244403500,54.24140356445312,-0.24780288319991098,-0.01048707403242588,-0.12340488224219673,0.011150614358484745,0.019461935261962746,0.985828118845624,0.011023279750395285,left,-0.0010049939155578613,-0.2275110491874362,-2.3433390495337543,-9.262102393305302,-0.11196171637225712,0.005317015573382378,-0.000023379921913146973,2.2119240618154405,0.00006836652755737305
1746728797284403200,54.2814033203125,-0.2474831473328314,-0.010160744190216064,-0.12323282076526071,0.008875325322151184,0.0192888917690544,0.9858665299926892,0.010743337874341414,left,-0.0008397698402404785,-0.2272299413173144,-2.340529691201448,-9.263453807914257,-0.11184348158640489,0.00353625719435513,0.00015328824520111084,2.209238329862803,0.00034993886947631836
1746728797324403500,54.32140356445313,-0.24728219256932274,-0.008566352538764477,-0.12311749392111294,0.007553822360932827,0.019108591610451687,0.9858963558464461,0.010432097897686586,left,-0.0005030035972595215,-0.2269734026513119,-2.338806812931597,-9.26447262956798,-0.1117381064478607,0.0032147238962352276,0.0004108548164367676,2.2067871373184023,0.00012837350368499756
1746728797364403500,54.36140356445313,-0.24728219256932274,-0.006971961352974176,-0.12311749392111294,0.006232319865375757,0.019108591610451687,0.9858963558464461,0.010432097897686586,left,-0.0002701878547668457,-0.2269734026513119,-2.338806812931597,-9.26447262956798,-0.1117381064478607,0.0028931903652846813,0.0008440911769866943,2.2067871373184023,-0.00034314393997192383
1746728797404403500,54.401403564453126,-0.24711848995704697,-0.007170593366026878,-0.12301396174550626,0.0035672802478075027,0.018879380035302706,0.9859208836271371,0.01000851714906641,left,-0.0001258254051208496,-0.22678864751128247,-2.3373897857405246,-9.265250628203153,-0.11167463655458564,0.0035781848710030317,0.0008680671453475952,2.2050217350810764,-0.00033026933670043945
1746728797444403500,54.441403564453125,-0.24695465803696795,-0.007369224913418293,-0.12291039742694906,0.0009022403974086046,0.01865016880183934,0.9859453271148207,0.009584937314690229,left,0.000018596649169921875,-0.22660390791821503,-2.3359714433752,-9.266028626838326,-0.11161113557917465,0.004263179376721382,0.0008919090032577515,2.203256478974223,-0.0003174245357513428
1746728797484403500,54.481403564453124,-0.24689283190035555,-0.0034857408609241247,-0.12287018473061002,-0.0018371960613876581,0.01853506847694869,0.9859652176400819,0.009389640609766417,left,0.00016891956329345703,-0.22635154040630662,-2.335534367132187,-9.26671193292737,-0.11149927658455315,0.006653603166341782,0.001373291015625,2.200844741657376,-0.00046803057193756104
1746728797524403500,54.521403564453124,-0.24689283190035555,0.0026111106853932142,-0.12287018473061002,-0.005657628178596497,0.01853506847694869,0.9859652176400819,0.009389640609766417,left,0.0008316636085510254,-0.22635154040630662,-2.335534367132187,-9.26671193292737,-0.11149927658455315,0.006272405385971069,0.0007079988718032837,2.200844741657376,-0.0012568086385726929
1746728797564403500,54.56140356445312,-0.24689283190035555,0.00984971597790718,-0.12287018473061002,-0.008036820217967033,0.01853506847694869,0.9859652176400819,0.009389640609766417,left,0.00008434057235717773,-0.22635154040630662,-2.335534367132187,-9.26671193292737,-0.11149927658455315,0.0008864616975188255,-0.000023052096366882324,2.200844741657376,-0.0011525005102157593
1746728797604403500,54.60140356445312,-0.24746918105285262,0.020181424915790558,-0.12322213470948755,-0.0037022633478045464,0.0191523862666263,0.9859266264554497,0.010594983544183213,left,-0.0033549070358276367,-0.2262039600454701,-2.3409543463543057,-9.265679082748294,-0.11134693575291887,0.00020891992608085275,-0.0003018677234649658,2.1994344364680347,-0.0001628398895263672
1746728797644403500,54.64140356445313,-0.24804573659907977,0.030513133853673935,-0.1235740295739709,0.0006322935223579407,0.019769705764730985,0.9858876138057876,0.011800396107107352,left,-0.00679469108581543,-0.22605710088059247,-2.3463753484897314,-9.26464097187221,-0.11119454464809847,-0.00046862184535712004,-0.0005805790424346924,2.198030853280425,0.0008261203765869141
1746728797684403500,54.68140356445313,-0.24839553859241914,0.026113690808415413,-0.12381104676510662,-0.010098856873810291,0.020412962736777108,0.9858236287231353,0.012999191952512928,left,-0.0015941858291625977,-0.22659467333705915,-2.349325138206035,-9.262672886669636,-0.11138191913861462,-0.014279439114034176,-0.001589849591255188,2.2031682161688804,-0.0010512322187423706
1746728797724403500,54.72140356445313,-0.24894349293786994,0.012904106639325619,-0.12411122788245572,-0.010104973800480366,0.02078635729710985,0.9857373497114769,0.013593443992453878,left,-0.0009284615516662598,-0.2274100108826776,-2.353957035790384,-9.25963980258405,-0.11174139630410689,-0.02058015950024128,-0.001713484525680542,2.210958723914623,-0.00018925964832305908
1746728797764403500,54.761403564453126,-0.24943540989139412,0.005061706528067589,-0.12435652941934251,-0.008079910650849342,0.02091488267897864,0.9856599827020166,0.013698016742058183,left,-0.0004928112030029297,-0.22821622862866375,-2.358070900849998,-9.25675051088333,-0.11212718531463602,-0.01835625432431698,-0.0024580955505371094,2.218660822724551,0.0031014978885650635
1746728797804403200,54.8014033203125,-0.2497354071311035,-0.003021073527634144,-0.1244963119833024,-0.0011255471035838127,0.020914790789809373,0.9856098693307787,0.01359241537463368,left,-0.0008333921432495117,-0.22878767153839505,-2.360534076093137,-9.25481282081902,-0.11241228962109356,-0.010215341113507748,-0.0024383217096328735,2.2241190881304442,0.0022873729467391968
1746728797844403500,54.841403564453124,-0.2497354071311035,-0.011923902668058872,-0.1244963119833024,0.012949015013873577,0.020914790789809373,0.9856098693307787,0.01359241537463368,left,-0.0036272406578063965,-0.22878767153839505,-2.360534076093137,-9.25481282081902,-0.11241228962109356,0.002481592819094658,-0.0021525174379348755,2.2241190881304442,0.004600256681442261
1746728797884403500,54.88140356445312,-0.24924659306764443,-0.014729593880474567,-0.1242232721246023,0.018198611214756966,0.020571186280572223,0.9856669346597507,0.012995726107646762,left,-0.0018952488899230957,-0.2284281060465192,-2.3562070066742598,-9.256739989489317,-0.11227722787068635,0.017620014026761055,-0.0017552822828292847,2.2206847297675907,0.0032015740871429443
1746728797924403500,54.92140356445312,-0.2483276552186374,-0.01551103312522173,-0.12374927639074845,0.029971614480018616,0.020240826052745728,0.9857839026727068,0.012551283880007038,left,-0.0019705891609191895,-0.2274517157418163,-2.3482314977504313,-9.260998231455684,-0.11183284262710073,0.026772893965244293,-0.00010152161121368408,2.211357221712917,0.0031867921352386475
1746728797964403500,54.96140356445313,-0.2474390081149656,-0.011682967655360699,-0.1232978321328055,0.01871674880385399,0.019966422026104817,0.985904637868805,0.012232484049840555,left,0.0008487105369567871,-0.226343284695547,-2.3405996876977384,-9.265452288255094,-0.11131500193931358,0.029165826737880707,0.000021383166313171387,2.2007658312022684,0.0026360899209976196
1746728798004403500,55.00140356445313,-0.24675946762236295,-0.0015396932139992714,-0.12296482161439097,0.015046014450490475,0.01985615879084151,0.9859997385735711,0.012201596088042497,left,0.0005673766136169434,-0.2254022465908851,-2.334807660292834,-9.269044759789109,-0.1108596813356831,0.022894131019711494,0.0009697973728179932,2.191771792885661,0.0009328871965408325
1746728798044403200,55.0414033203125,-0.24620836207454233,0.00383706483989954,-0.1227088366696994,0.008836066350340843,0.019901312195172535,0.9860691272766237,0.012438334788202004,left,0.0004322528839111328,-0.2247260947030716,-2.330059735113382,-9.27176512466371,-0.11051721057487351,0.017229020595550537,0.0011915862560272217,2.185308295959979,-0.000566527247428894
1746728798084403500,55.081403564453126,-0.2459531717640555,-0.002302450593560934,-0.1225881303351499,0.0048573813401162624,0.01990134410602415,0.9861028451512134,0.01250807246623546,left,0.0005707144737243652,-0.2243919704188504,-2.3278712851583956,-9.273067439433932,-0.11035070084947889,0.011071283370256424,0.0006826668977737427,2.1821138838328418,-0.001595228910446167
1746728798124403500,55.121403564453125,-0.24569800188800017,-0.008441966027021408,-0.12246741284547985,0.0008786958642303944,0.01990137635856117,0.9861364787327972,0.01257772069363329,left,0.0007090568542480469,-0.22405780906890668,-2.3256822506815196,-9.274368000638484,-0.11018418120062098,0.0049135456793010235,0.00017370283603668213,2.178918887183815,-0.0026238709688186646
1746728798164403500,55.161403564453124,-0.24569800188800017,-0.01168030221015215,-0.12246741284547985,-0.0017443979158997536,0.01990137635856117,0.9861364787327972,0.01257772069363329,left,-0.0004342794418334961,-0.22405780906890668,-2.3256822506815196,-9.274368000638484,-0.11018418120062098,-0.00039587775245308876,-0.00006054341793060303,2.178918887183815,-0.002194806933403015
1746728798204403500,55.20140356445312,-0.2456970720572986,-0.008157135918736458,-0.12243792819690362,0.002117710653692484,0.019617731315934545,0.9861558967919969,0.012033314509600474,left,-0.00036829710006713867,-0.22380738623211185,-2.3258063154526054,-9.27489874651432,-0.11009402408843709,-0.002062802202999592,-0.0007645934820175171,2.176524393262714,-0.000018194317817687988
1746728798244403500,55.24140356445312,-0.2456970720572986,-0.0009447787888348103,-0.12243792819690362,0.002528082812204957,0.019617731315934545,0.9861558967919969,0.012033314509600474,left,0.00006961822509765625,-0.22380738623211185,-2.3258063154526054,-9.27489874651432,-0.11009402408843709,-0.0009505128255113959,-0.0007029473781585693,2.176524393262714,0.00044949352741241455
1746728798284403200,55.2814033203125,-0.2456970720572986,0.0042914883233606815,-0.12243792819690362,0.002782497787848115,0.019617731315934545,0.9861558967919969,0.012033314509600474,left,-0.0011758804321289062,-0.22380738623211185,-2.3258063154526054,-9.27489874651432,-0.11009402408843709,-0.002932795789092779,-0.00010764598846435547,2.176524393262714,0.0013880282640457153
1746728798324403500,55.32140356445313,-0.2453282212914728,0.0034653327893465757,-0.12226474191037696,0.005553915165364742,0.01969203402048387,0.98616698766025,0.012203533498489225,left,-0.001112818717956543,-0.22398398680506518,-2.322291731460392,-9.27538331516087,-0.11017432304935715,-0.00020261015743017197,0.00033608078956604004,2.1782130770020185,-0.0017995238304138184
1746728798364403500,55.36140356445313,-0.2453282212914728,-0.0052358126267790794,-0.12226474191037696,0.00919854175299406,0.01969203402048387,0.98616698766025,0.012203533498489225,left,-0.0008143186569213867,-0.22398398680506518,-2.322291731460392,-9.27538331516087,-0.11017432304935715,0.0010551231680437922,0.0014203786849975586,2.1782130770020185,-0.0015708208084106445
1746728798404403500,55.401403564453126,-0.24486313552241284,-0.00874367356300354,-0.12200697989945422,0.005491594783961773,0.01940308491920587,0.9862056033353751,0.011680794486125834,left,0.00253450870513916,-0.22389172885097747,-2.318026329100877,-9.276656988358496,-0.11016529658350042,0.0007005257066339254,0.0017622262239456177,2.177330887340009,-0.0013066977262496948
1746728798444403500,55.441403564453125,-0.24439804230649265,-0.012251534499228,-0.12174920739461946,0.001784648047760129,0.019114136159613337,0.9862441347174941,0.011158028438548658,left,0.005883157253265381,-0.22379973617208185,-2.313760049958527,-9.277928907990455,-0.11015625953831075,0.00034592815791256726,0.0021039843559265137,2.176451328026503,-0.0010428428649902344
1746728798484403500,55.481403564453124,-0.24439804230649265,-0.006254445295780897,-0.12174920739461946,0.003971564583480358,0.019114136159613337,0.9862441347174941,0.011158028438548658,left,-0.004793941974639893,-0.22379973617208185,-2.313760049958527,-9.277928907990455,-0.11015625953831075,0.0024207569658756256,0.0036759227514266968,2.176451328026503,0.00035193562507629395
1746728798524403500,55.521403564453124,-0.2438680685077096,0.004359356593340635,-0.12147482099386513,0.008030811324715614,0.018965547555500367,0.9862802004575111,0.010919286779435412,left,0.00004780292510986328,-0.223772061863838,-2.3088572264783083,-9.279211933538317,-0.11016217008139542,-0.008098897524178028,0.0020949989557266235,2.1761866857409475,0.0008108913898468018
1746728798564403500,55.56140356445312,-0.2438680685077096,0.006860429421067238,-0.12147482099386513,-0.001046561636030674,0.018965547555500367,0.9862802004575111,0.010919286779435412,left,-0.0015950202941894531,-0.223772061863838,-2.3088572264783083,-9.279211933538317,-0.11016217008139542,-0.012883306480944157,0.0027847737073898315,2.1761866857409475,0.001404881477355957
1746728798604403500,55.60140356445312,-0.24377426154751353,0.006494323723018169,-0.12142832197073965,-0.0059799798764288425,0.019038038395771905,0.9862391900654552,0.010976146474696212,left,0.0008116960525512695,-0.2245975207179633,-2.307552281359583,-9.277682239753007,-0.11056673559739534,-0.010602617636322975,0.0017899125814437866,2.184079046425968,0.001262962818145752
1746728798644403500,55.64140356445313,-0.24415974741524007,0.009901892393827438,-0.12163659431856122,-0.009526018984615803,0.019249243435580078,0.986196255270438,0.011326076120778648,left,-0.00011283159255981445,-0.22488562099971432,-2.310976410589367,-9.276181187540292,-0.11068387184650429,-0.006817306857556105,0.00042873620986938477,2.1868333135701716,0.0015765130519866943
1746728798684403500,55.68140356445313,-0.24454520530372445,0.013309460133314133,-0.12184486600517427,-0.013072057627141476,0.01946044847538841,0.9861533204754206,0.011675917292910955,left,-0.0010375380516052246,-0.2251739014421707,-2.314399078514427,-9.274677212718128,-0.11080100875148295,-0.0030319965444505215,-0.0009325593709945679,2.1895890420190987,0.0018898844718933105
1746728798724403500,55.72140356445313,-0.2450052276077498,0.011499026790261269,-0.12209164853667358,-0.011804746463894844,0.019697018927140583,0.9861017640332802,0.012060987114296987,left,0.0002893805503845215,-0.2255254266321919,-2.3184784567825494,-9.27286461033821,-0.11094637442742152,-0.007621266879141331,-0.002927333116531372,2.192949166101962,0.000523000955581665
1746728798764403500,55.761403564453126,-0.24559980654939237,0.006014941725879908,-0.12239514965901864,-0.007509462535381317,0.0198543352108549,0.9860441121673851,0.012271291943145073,left,-0.0033546090126037598,-0.22586659929075262,-2.3238094425469638,-9.27075799344778,-0.1110958844383871,-0.004322022199630737,-0.0021783262491226196,2.1962102137245236,-0.0006579160690307617
1746728798804403200,55.8014033203125,-0.24559980654939237,0.0024611493572592735,-0.12239514965901864,-0.004479073919355869,0.0198543352108549,0.9860441121673851,0.012271291943145073,left,-0.0021522045135498047,-0.22586659929075262,-2.3238094425469638,-9.27075799344778,-0.1110958844383871,-0.002427163301035762,-0.001500055193901062,2.1962102137245236,-0.0004249364137649536
1746728798844403500,55.841403564453124,-0.24559980654939237,-0.0010926430113613605,-0.12239514965901864,-0.001448685536161065,0.0198543352108549,0.9860441121673851,0.012271291943145073,left,-0.000949859619140625,-0.22586659929075262,-2.3238094425469638,-9.27075799344778,-0.1110958844383871,-0.0005323044024407864,-0.0008217692375183105,2.1962102137245236,-0.00019197165966033936
1746728798884403500,55.88140356445312,-0.24559980654939237,-0.0021481115836650133,-0.12239514965901864,0.0010205763392150402,0.0198543352108549,0.9860441121673851,0.012271291943145073,left,-0.001150667667388916,-0.22586659929075262,-2.3238094425469638,-9.27075799344778,-0.1110958844383871,-0.0005343833472579718,-0.0003613978624343872,2.1962102137245236,-0.00012934207916259766
1746728798924403500,55.92140356445312,-0.24559980654939237,-0.005437725223600864,-0.12239514965901864,-0.0040364740416407585,0.0198543352108549,0.9860441121673851,0.012271291943145073,left,-0.0004757046699523926,-0.22586659929075262,-2.3238094425469638,-9.27075799344778,-0.1110958844383871,-0.0009873139206320047,-0.00034402310848236084,2.1962102137245236,-0.00004400312900543213
1746728798964403500,55.96140356445313,-0.24559980654939237,-0.001901641022413969,-0.12239514965901864,-0.0036085022147744894,0.0198543352108549,0.9860441121673851,0.012271291943145073,left,-0.0005973577499389648,-0.22586659929075262,-2.3238094425469638,-9.27075799344778,-0.1110958844383871,-0.002275391947478056,-0.0005355626344680786,2.1962102137245236,0.0011997520923614502
1746728799004403500,56.00140356445313,-0.24604656257924323,-0.00035662506707012653,-0.12259220487200678,-0.005500340834259987,0.0196771254943822,0.9860185691508015,0.011856532395831997,left,0.001219332218170166,-0.22590708410595076,-2.3279294450864194,-9.269632788810133,-0.11113683500626896,0.0010094998870044947,-0.0002329498529434204,2.1965970210850236,0.001334264874458313
1746728799044403200,56.0414033203125,-0.2463738301717666,0.0006881607696413994,-0.12274835897313366,-0.0055948239751160145,0.019634979376447273,0.9860079036608312,0.011752442136407637,left,0.0005522370338439941,-0.22575862904093563,-2.3310424625404176,-9.269186798608303,-0.11106679833470427,0.004982194863259792,-0.00010545551776885986,2.195178240328282,0.0006042122840881348
1746728799197147000,56.19414697265625,-0.2461830062838618,0.022628461942076683,-0.1228148135160672,-0.004563445225358009,0.020954265026038366,0.9860509310090827,0.014581486235153145,left,0.0019808062352240086,-0.2246884239203184,-2.32984477718845,-9.271904240873456,-0.11036734190541278,0.009225425310432911,0.0021373345516622066,2.18494808434546,-0.005083352793008089
1746728799237024000,56.23402392578125,-0.2464756151695889,-0.002312786877155304,-0.1229791748752178,-0.010027075186371803,0.021174636137037496,0.9860134282082645,0.014961747394333558,left,0.0003043845063075423,-0.2249645392202674,-2.3324103898927566,-9.270636412894726,-0.11047705347554063,-0.009211057797074318,0.00008067116141319275,2.1875877851992844,-0.0058509064838290215
1746728799277024000,56.27402392578125,-0.2468557715012373,-0.014440479688346386,-0.12310446045434344,-0.004893183708190918,0.020684957780800973,0.9859748595267945,0.013867379634175921,left,0.00041621923446655273,-0.22543913142346916,-2.3356806437350808,-9.268741392928362,-0.11077441786948065,-0.017985794693231583,-0.00036147236824035645,2.1921244057156146,-0.002418026328086853
1746728799317024000,56.31402392578125,-0.24719532841141828,-0.020706478506326675,-0.12320139884767446,0.000005844049155712128,0.02012556227769173,0.9859376941317929,0.012631138852085283,left,-0.0020026564598083496,-0.22595214144557843,-2.3385522536486385,-9.266856309834122,-0.1111000264946368,-0.018407603725790977,-0.0005638450384140015,2.19702766758725,-0.00034146010875701904
1746728799357024000,56.35402392578125,-0.24742625466106435,-0.015098679810762405,-0.12325331109254645,-0.006168334279209375,0.019634373090545162,0.9859079280871628,0.011551105886411074,left,0.0017796754837036133,-0.22641786135443803,-2.3404412822656333,-9.265323108917475,-0.11139389949918005,-0.010388918220996857,-0.0022646933794021606,2.201478509516269,0.0015871673822402954
1746728799397024000,56.39402392578125,-0.24690308300276126,-0.0016560042276978493,-0.12300013745153747,0.00002396572381258011,0.019664253333116312,0.9859292492416609,0.011649049688766644,left,0.0028342604637145996,-0.22659433986434607,-2.3354985651664433,-9.26616949661374,-0.1114800171827565,-0.009052697569131851,-0.0018105655908584595,2.203165001298487,-0.00006617605686187744
1746728799437024000,56.43402392578125,-0.24637986114520258,0.011786671355366707,-0.12274694216148982,0.006216266192495823,0.019694091600027656,0.9859505280788121,0.01174701729025244,left,0.003888547420501709,-0.2267707394050229,-2.330555263545364,-9.267012961700559,-0.1115661143635332,-0.007716477382928133,-0.0013564974069595337,2.204850616297871,-0.001719444990158081
1746728799477024000,56.47402392578125,-0.2459302171807968,0.005479021463543177,-0.12253663922520698,0.007861994206905365,0.01981210353140912,0.9859505849742176,0.011982560298645405,left,0.0030835866928100586,-0.22721589609380208,-2.326148991410434,-9.267107069724798,-0.1117756007573011,-0.013754157349467278,0.001775488257408142,2.20910418208912,-0.0024040043354034424
1746728799517024000,56.51402392578125,-0.24590540295829474,-0.004995731171220541,-0.12250803649794219,-0.00420064851641655,0.019716574779102037,0.9859251201730175,0.011727593415578446,left,0.002560257911682129,-0.2277365927489133,-2.325638703800738,-9.266047916060685,-0.11204819495247877,-0.013458583503961563,0.001270890235900879,2.21407890176177,0.0005223304033279419
1746728799557024000,56.55402392578125,-0.2461009764074188,-0.0040102736093103886,-0.12258381752677747,-0.007143872790038586,0.01958397794100873,0.9858943631581591,0.011388451980597727,left,0.002143561840057373,-0.22812619849316063,-2.3272404399089512,-9.26475553816259,-0.11225914130872791,-0.009123087860643864,0.0000941157341003418,2.2178008448943496,0.0022791922092437744
1746728799597024000,56.59402392578125,-0.24641921614758616,0.0013356106355786324,-0.12273372745285577,-0.009025572799146175,0.019577860925876045,0.9858541720984514,0.01129296797578865,left,-0.0004926323890686035,-0.22850639323576535,-2.329983016615361,-9.263196033760904,-0.11244932245062579,-0.007945078425109386,-0.0002266913652420044,2.2214324793949722,0.0026943236589431763
1746728799637024000,56.63402392578125,-0.24682446719062404,0.003704415401443839,-0.12292909156346829,-0.010052178986370564,0.01961610463531584,0.985798187074664,0.011256347156162035,left,-0.0013324618339538574,-0.2290572424564276,-2.333437394852936,-9.261063113385438,-0.11271917218365847,-0.013737205415964127,-0.0021130740642547607,2.226693760924041,0.00273209810256958
1746728799677024000,56.67402392578125,-0.2468982561816254,-0.00009335321374237537,-0.12295260476930993,-0.004889112897217274,0.019568547537778532,0.9857603147207631,0.011075451027997342,left,-0.000651240348815918,-0.22967270267284182,-2.333785331507772,-9.259560307607055,-0.11303296643761293,-0.015832358971238136,-0.0016551762819290161,2.2325712746553124,0.0011536180973052979
1746728799717024000,56.71402392578125,-0.2469721534078425,-0.003891122294589877,-0.12297609632611585,0.0002739536575973034,0.019520948806266845,0.9857223157565103,0.01089440520697423,left,0.00002962350845336914,-0.2302881156611937,-2.334133268162608,-9.258053994697331,-0.11334674018877097,-0.017927512526512146,-0.0011972784996032715,2.2384474732123314,-0.0004247128963470459
1746728799757024000,56.75402392578125,-0.24682060379952578,-0.006979794707149267,-0.12287850606193591,0.007788265123963356,0.019371959500163193,0.9857012704413118,0.010536885353569708,left,0.000014662742614746094,-0.23087667270952528,-2.332407905674726,-9.257128112024068,-0.11366031190658689,-0.016008561477065086,-0.0005836933851242065,2.2440664821378884,-0.00020709633827209473
1746728799797024000,56.79402392578125,-0.24649990158955826,-0.003809187328442931,-0.12269775602095863,0.010726876556873322,0.019204314054803048,0.985697303405914,0.010175599289234376,left,-0.0006935000419616699,-0.23134803109892868,-2.3291806141912934,-9.256848710560797,-0.11391793166232442,-0.01289963349699974,-0.0004010051488876343,2.2485659855142233,-0.0008082389831542969
1746728799837024000,56.83402392578125,-0.24617075462752683,-0.0031292159110307693,-0.12251652985331532,0.009070036001503468,0.019068151534115056,0.9856935904291897,0.009880131619747266,left,-0.0001767277717590332,-0.23181288364560507,-2.325878650036454,-9.256600288757681,-0.11416832091370846,-0.01334067340940237,0.000745624303817749,2.2530029450483617,-0.000706598162651062
1746728799877024000,56.87402392578125,-0.2461605841881718,-0.016320042312145233,-0.12247986113793637,-0.006257965229451656,0.01884571026673892,0.9856699292783762,0.009367906612453401,left,0.0023382902145385742,-0.2323167591760932,-2.3255076247669755,-9.25552184587121,-0.11444816038192904,-0.017176160588860512,0.0010216087102890015,2.2578118066348134,-0.0035656243562698364
1746728799917024000,56.91402392578125,-0.24678953269118897,-0.027595851570367813,-0.12272520769671716,-0.016709648072719574,0.01838034900417615,0.9856110177827615,0.008285699503340398,left,0.0014524459838867188,-0.2328419648597796,-2.33103837088719,-9.252906110414862,-0.11476751804230259,-0.02351865917444229,0.0021560639142990112,2.2628236434474585,-0.003032281994819641
1746728799957024000,56.95402392578125,-0.24749774351763862,-0.019114036113023758,-0.12300134823166539,-0.007217569276690483,0.017867622642933206,0.9855396494610917,0.007079749958087704,left,-0.0016511082649230957,-0.23351162498909392,-2.3372189592182635,-9.249781840914487,-0.11516521880889112,-0.025185372680425644,0.0004000812768936157,2.2692130522236225,0.0002562999725341797
1746728799997024000,56.99402392578125,-0.24749981932280568,-0.005054770968854427,-0.12295680724364222,0.007985800504684448,0.017573870287005036,0.9854947099520524,0.006374465186529901,left,-0.002994835376739502,-0.2343898905447073,-2.3367490036189555,-9.247841228240727,-0.11564138587129992,-0.028463389724493027,-0.0001817643642425537,2.277591296729445,-0.0005023032426834106
1746728800037024000,57.03402392578125,-0.24698265024531815,-0.007552973926067352,-0.12266581723159571,0.016490843147039413,0.017361444584275756,0.9854644722937689,0.005863063547420693,left,-0.0012025833129882812,-0.23552900168076105,-2.3313303395710885,-9.246526638510822,-0.11623864152103139,-0.033486418426036835,0.0004283785820007324,2.2884552205711604,-0.0034340620040893555
1746728800077024000,57.07402392578125,-0.24674891326257464,-0.006463079247623682,-0.12249675969446662,0.011082423850893974,0.017006977354628777,0.9854251872807372,0.00504312496732881,left,-0.0010010004043579102,-0.23656478655395555,-2.328588785777986,-9.244767812144756,-0.11680129599213257,-0.031686633825302124,-0.0005219131708145142,2.2983311562888322,-0.00049591064453125
1746728800117024000,57.11402392578125,-0.24651596427990632,-0.005373184569180012,-0.12232763754084394,0.005674004554748535,0.016652470199434312,0.9853853541923244,0.004223166003130866,left,-0.000800788402557373,-0.23760071577246802,-2.3258527849428354,-9.242996126297117,-0.1173638886269133,-0.029886849224567413,-0.0014716237783432007,2.308205922962725,0.0024423748254776
1746728800157024000,57.15402392578125,-0.2463792420106588,0.0008351425640285015,-0.12222515926271442,0.003358873538672924,0.016470048117037055,0.98533559756681,0.0037391722601211315,left,-0.00038105249404907227,-0.23865278229275258,-2.3239956127688286,-9.24095380681455,-0.11791297272444136,-0.029894832521677017,-0.0002492070198059082,2.3182320808060464,0.0025349557399749756
1746728800197024000,57.19402392578125,-0.24632882320328292,-0.003528276924043894,-0.1221722096842019,0.0015853835502639413,0.016359357723876918,0.9852761428259603,0.003384103496100655,left,-0.00001811981201171875,-0.2397567064112212,-2.3229041642703114,-9.23858357055187,-0.11847895791869734,-0.025603920221328735,0.0010638236999511719,2.328749675428122,0.0015766173601150513
1746728800237024000,57.23402392578125,-0.24651611756459132,-0.004778717178851366,-0.12223394500794486,-0.014766552485525608,0.016209370379670757,0.9852205749221333,0.0029582467849256686,left,0.005340516567230225,-0.24055595879267,-2.3241795910336074,-9.236340175539254,-0.11889720380363954,-0.01359766349196434,0.000029280781745910645,2.3363626346498725,0.0020465105772018433
1746728800277024000,57.27402392578125,-0.24689995032614187,0.006959798280149698,-0.12241774989039089,0.0017246780917048454,0.016212927579701344,0.9851852278552888,0.0028932252671590403,left,-0.0035718679428100586,-0.2407652173354024,-2.327605035437643,-9.234973563361168,-0.11900114544995984,-0.0007531726732850075,0.00009874999523162842,2.338355562032759,0.006292715668678284
1746728800317024000,57.31402392578125,-0.24703520837689508,0.013548694550991058,-0.12252718219911635,-0.0031102700158953667,0.01660130074932641,0.9851572991124973,0.003637343524706883,left,-0.002574622631072998,-0.2409909378804105,-2.3287249793782827,-9.23414646488726,-0.1190656680738326,0.00015406613238155842,0.00047741830348968506,2.340505287412554,0.005241468548774719
1746728800357024000,57.35402392578125,-0.24717034115704434,0.020137591287493706,-0.12263660368332552,-0.007945218123495579,0.01698967426063696,0.9851292860766998,0.0043814759007070915,left,-0.0015773773193359375,-0.24121679682071692,-2.3298434620141983,-9.233318781891464,-0.11913018044630726,0.0010613049380481243,0.0008559376001358032,2.3426561818361282,0.004190072417259216
1746728800397024000,57.39402392578125,-0.2474373791056114,0.015307905152440071,-0.12281506225416708,-0.013338129036128521,0.01741664308272845,0.9850937165537599,0.005190649761042069,left,0.0006889104843139648,-0.24142141505301087,-2.332191486445069,-9.232231571176648,-0.11917902027845557,0.006206704303622246,0.00018492341041564941,2.344604685555398,0.002055644989013672
1746728800437024000,57.43402392578125,-0.24783839106558517,0.007924830541014671,-0.12304772380352988,-0.01470726914703846,0.017715722272446985,0.9850722536971145,0.005766529053557229,left,0.0017656683921813965,-0.24128316618561624,-2.3359730508103964,-9.23160963988602,-0.11907200662488117,0.014310936443507671,0.0003276020288467407,2.3432881961293517,0.002425253391265869
1746728800477024000,57.47402392578125,-0.24843831899499358,0.000662767793983221,-0.12336821738119094,-0.01590471714735031,0.01790500959137767,0.9850607982955617,0.006138433407656821,left,-0.0011289715766906738,-0.24080040363477856,-2.3417888974823056,-9.231301596850157,-0.11880596346043405,0.017503175884485245,0.000272899866104126,2.338690785336494,0.0037992745637893677
1746728800517024000,57.51402392578125,-0.24914158206624848,0.0031633828766644,-0.12373324905202826,-0.020665647462010384,0.01804364774581601,0.9850464401659089,0.006400722919961226,left,-0.0005799531936645508,-0.2402748485329066,-2.3485830876670777,-9.230842747166752,-0.1185245590567674,0.017705228179693222,-0.0017684847116470337,2.3336852321341635,0.0043477863073349
1746728800672379600,57.66937963867188,-0.25065684562543994,-0.008406692184507847,-0.1245778004518742,0.0024315710179507732,0.018634025305959347,0.9851138242300328,0.007785861911883872,left,-0.00273200124502182,-0.23733815076263576,-2.364257188269496,-9.233872908642887,-0.11697808653081991,0.018928561359643936,-0.000892524141818285,2.3057032924920318,-0.004066336899995804
1746728800712256500,57.70925659179687,-0.25061363493728306,-0.01416128221899271,-0.1245435777456995,0.010630471631884575,0.018416880733097548,0.9851767548591054,0.007472412124525846,left,-0.002047707559540868,-0.23636416757705372,-2.3644139862664044,-9.236146114271879,-0.11651819402534112,0.020559366792440414,-0.0003415938117541373,2.2964184545353055,-0.0020671901293098927
1746728800752256500,57.74925659179687,-0.25042225056113016,-0.010106189176440239,-0.12443197309483064,0.005774679593741894,0.018211162932526573,0.9852176888318608,0.007132729452865277,left,-0.001627206802368164,-0.23592339127502546,-2.362897005832195,-9.23757819290161,-0.11632393434549063,0.00883309543132782,0.00017429888248443604,2.2922158882789314,-0.0018747150897979736
1746728800792256300,57.78925634765625,-0.25042225056113016,-0.00571875274181366,-0.12443197309483064,-0.00045078061521053314,0.018211162932526573,0.9852176888318608,0.007132729452865277,left,-0.0008590221405029297,-0.23592339127502546,-2.362897005832195,-9.23757819290161,-0.11632393434549063,0.0034033539704978466,0.00007334351539611816,2.2922158882789314,-0.0011452436447143555
1746728800832256300,57.82925634765625,-0.25042225056113016,-0.00031651370227336884,-0.12443197309483064,-0.0030201973859220743,0.018211162932526573,0.9852176888318608,0.007132729452865277,left,-0.0005533695220947266,-0.23592339127502546,-2.362897005832195,-9.23757819290161,-0.11632393434549063,0.0034759235568344593,-0.0005023330450057983,2.2922158882789314,-0.0006912946701049805
1746728800872256300,57.86925634765625,-0.25042225056113016,0.003587410319596529,-0.12443197309483064,-0.005242945160716772,0.018211162932526573,0.9852176888318608,0.007132729452865277,left,-0.0007150769233703613,-0.23592339127502546,-2.362897005832195,-9.23757819290161,-0.11632393434549063,0.0019390160450711846,-0.0009936541318893433,2.2922158882789314,-0.0008434504270553589
1746728800912256500,57.909256591796876,-0.25042225056113016,0.0034638054203242064,-0.12443197309483064,-0.005789239425212145,0.018211162932526573,0.9852176888318608,0.007132729452865277,left,-0.0006834864616394043,-0.23592339127502546,-2.362897005832195,-9.23757819290161,-0.11632393434549063,0.0017128752078860998,-0.0011035054922103882,2.2922158882789314,-0.0017063170671463013
1746728800952256500,57.949256591796875,-0.25088177950129403,-0.0013584031257778406,-0.12466187692487452,-0.0023832672741264105,0.018236077873985096,0.9852058200243959,0.007165619841300671,left,-0.0011057853698730469,-0.23563244872389688,-2.367307077359408,-9.237136878874898,-0.11617436291701003,-0.0005786262918263674,-0.000902131199836731,2.2894416012600063,-0.0007239282131195068
1746728800992256500,57.989256591796874,-0.25088177950129403,-0.004001277033239603,-0.12466187692487452,0.0018560613971203566,0.018236077873985096,0.9852058200243959,0.007165619841300671,left,-0.0008504390716552734,-0.23563244872389688,-2.367307077359408,-9.237136878874898,-0.11617436291701003,-0.007153825834393501,-0.00020140409469604492,2.2894416012600063,0.0006331801414489746
1746728801032256300,58.02925634765625,-0.25088177950129403,-0.008227838203310966,-0.12466187692487452,0.006781171075999737,0.018236077873985096,0.9852058200243959,0.007165619841300671,left,-0.001655876636505127,-0.23563244872389688,-2.367307077359408,-9.237136878874898,-0.11617436291701003,-0.010021664202213287,0.0009600520133972168,2.2894416012600063,0.0016181319952011108
1746728801072256300,58.06925634765625,-0.2509902343569068,-0.005441172048449516,-0.1246754710057062,-0.0020543187856674194,0.017950971075228056,0.9851803454103318,0.006521418555623837,left,-0.00038826465606689453,-0.23605089631949108,-2.3680707552082834,-9.235951468482613,-0.11641968803649688,-0.0064952680841088295,0.001216590404510498,2.293431693809479,0.00165654718875885
1746728801112256300,58.10925634765625,-0.2509902343569068,0.0046567535027861595,-0.1246754710057062,0.013986336067318916,0.017950971075228056,0.9851803454103318,0.006521418555623837,left,-0.004003643989562988,-0.23605089631949108,-2.3680707552082834,-9.235951468482613,-0.11641968803649688,-0.0015547028742730618,0.0023208260536193848,2.293431693809479,0.0037533193826675415
1746728801152256500,58.14925659179688,-0.2505434108731981,0.009918724186718464,-0.124464997562879,0.0025703469291329384,0.018054398266459947,0.985180848952032,0.00672960219415128,left,-0.0007647275924682617,-0.2364856954429475,-2.363696193385869,-9.236041484853624,-0.11662493597084643,-0.0034944142680615187,0.0015763640403747559,2.297577123051137,0.0005808919668197632
1746728801192256500,58.18925659179688,-0.25068162824236173,0.011480658315122128,-0.12455190755671083,-0.00666388962417841,0.01826299666993129,0.9851467123522314,0.0070891205928461905,left,0.000773310661315918,-0.23686469997910542,-2.364756662224233,-9.234870687508582,-0.11678800837105331,-0.003825635649263859,0.0005080997943878174,2.301190198981762,0.001546129584312439
1746728801232256500,58.229256591796876,-0.2508196935302538,0.013042592443525791,-0.12463880672602952,-0.015898127108812332,0.018471637732433262,0.9851124494837652,0.0074487060965309874,left,0.002311229705810547,-0.23724375025568084,-2.3658149391055106,-9.233698136597871,-0.11695107051986225,-0.004156857263296843,-0.000560373067855835,2.304803567173332,0.002511352300643921
1746728801272256300,58.26925634765625,-0.25123572418123175,0.016222462058067322,-0.12487453249199666,-0.018929092213511467,0.01879630360060739,0.9850589741913406,0.008010926113288767,left,0.0008893013000488281,-0.23762173026042713,-2.3694394132129846,-9.231868583083152,-0.11709831565657904,-0.002097030868753791,-0.0016776323318481445,2.308406267840415,0.0016947537660598755
1746728801312256300,58.30925634765625,-0.2517762407364604,0.01203443668782711,-0.1251722963497391,-0.013660482130944729,0.019112609421208984,0.9850091739625634,0.008566137930114645,left,-0.00120466947555542,-0.237802258723094,-2.3743252855584025,-9.230182821953296,-0.11714741964054316,0.0010717208497226238,-0.002233341336250305,2.3101268080227078,0.0005541294813156128
1746728801352256300,58.34925634765625,-0.2522800516064786,0.0033652586862444878,-0.1254372717003746,-0.014139915816485882,0.019291765687206842,0.9849704082682413,0.00886060429291368,left,-0.0012561678886413574,-0.23787664753221746,-2.3789323409624394,-9.228819132384658,-0.11716077172955273,0.0005853591719642282,-0.0030232667922973633,2.3108358330748975,0.0005428940057754517
1746728801392256300,58.38925634765625,-0.2522800516064786,-0.005143420770764351,-0.1254372717003746,0.0038662413135170937,0.019291765687206842,0.9849704082682413,0.00886060429291368,left,-0.0007370114326477051,-0.23787664753221746,-2.3789323409624394,-9.228819132384658,-0.11716077172955273,0.0018031635554507375,-0.0026132017374038696,2.3108358330748975,0.0004999041557312012
1746728801432256500,58.42925659179687,-0.2523364328130119,-0.010375434532761574,-0.12544246947576823,0.005177889484912157,0.019088492880679025,0.9849800367956333,0.008461016653166445,left,-0.00008594989776611328,-0.23771942016128247,-2.3795433124676344,-9.22903657452762,-0.11710784605042411,0.002244075993075967,-0.0016794353723526,2.3093372650802135,0.0007545500993728638
1746728801472256500,58.46925659179688,-0.2520799253610088,-0.011662939563393593,-0.1252881411811095,0.011607566848397255,0.018817314273368337,0.9850121073961837,0.007965015622755109,left,-0.000040650367736816406,-0.23752837458850737,-2.377285888929665,-9.230074100881815,-0.11704726510943496,0.0031025768257677555,-0.0005873441696166992,2.30751647939384,0.0010412037372589111
1746728801512256300,58.50925634765625,-0.2517678623045869,-0.012448027729988098,-0.1251044904515861,0.015040417201817036,0.01852048291635488,0.9850509018558966,0.007429974946447688,left,-0.0000972747802734375,-0.23728603950354313,-2.3745446273975075,-9.231356541907786,-0.11696430599263735,0.0025736610405147076,-0.00007867813110351562,2.3052065950162706,0.002691999077796936
1746728801552256300,58.54925634765625,-0.2513448416462148,-0.011037608608603477,-0.12486971581221162,0.014049139805138111,0.018269617220750833,0.9850834762678701,0.0069750286409218576,left,-0.0006710290908813477,-0.23725304362427635,-2.3706582874834536,-9.232433815750479,-0.11698037356600442,-0.0010318243876099586,0.0007700026035308838,2.3048921222396195,0.001783519983291626
1746728801709166000,58.706166015625,-0.25053855028407385,0.004707633517682552,-0.12445899510887622,-0.004947266541421413,0.018084115644819276,0.985148768966197,0.006721454714341724,left,0.0009921279270201921,-0.23703567329149144,-2.363337735337019,-9.234827432888746,-0.11689643671247442,0.0017186615150421858,0.0015057330019772053,2.302820138271153,-0.0012315930798649788
1746728801748969200,58.74596923828125,-0.25097327838025635,-0.0033700913190841675,-0.1246727658192451,-0.014635941945016384,0.01813828554992683,0.9851045232683421,0.006743598330026584,left,0.0013634136412292719,-0.23732392484948978,-2.36718710424155,-9.233155700284241,-0.1170331163211181,-0.008483984507620335,-0.0002093365474138409,2.3055676834136247,0.00006804324220865965
1746728801788969500,58.785969482421876,-0.2513953380922312,0.0009920867159962654,-0.1248825974258459,-0.011703011579811573,0.018201789767677935,0.9850657945410052,0.006796868243326919,left,0.0002600550651550293,-0.23752654808317908,-2.3709676456935704,-9.23170316338837,-0.11712576544847189,-0.0019702515564858913,-0.0004008263349533081,2.3074990898676213,0.0004985183477401733
1746728801828969500,58.825969482421876,-0.2513953380922312,-0.0009330302709713578,-0.1248825974258459,-0.005178726278245449,0.018201789767677935,0.9850657945410052,0.006796868243326919,left,-0.0008486509323120117,-0.23752654808317908,-2.3709676456935704,-9.23170316338837,-0.11712576544847189,0.00366902444511652,-0.0008233189582824707,2.3074990898676213,-0.001481756567955017
1746728801868969500,58.865969482421875,-0.25167375436645356,-0.00495166564360261,-0.12501870101437942,-0.00276783830486238,0.018186002416906672,0.9850613893858251,0.006758575251431725,left,-0.00034505128860473633,-0.2373135798928608,-2.373660099647939,-9.23151845447123,-0.11702071142667034,0.004620660096406937,-0.0003886967897415161,2.3054691914752126,-0.0022082626819610596
1746728801908969500,58.905969482421874,-0.25167375436645356,-0.0059496634639799595,-0.12501870101437942,-0.0014890118036419153,0.018186002416906672,0.9850613893858251,0.006758575251431725,left,-0.0015763044357299805,-0.2373135798928608,-2.373660099647939,-9.23151845447123,-0.11702071142667034,0.007052478846162558,-0.0010819435119628906,2.3054691914752126,-0.004140898585319519
1746728801948969500,58.94596948242187,-0.25192489247868904,-0.0017928523011505604,-0.12513726231149308,-0.006256808526813984,0.018096493378727888,0.9850793184334565,0.006616399214169449,left,0.0018118023872375488,-0.2367639071416904,-2.376293955282867,-9.232147984546422,-0.11675656558955111,0.004612120799720287,-0.002764090895652771,2.3002293911255896,-0.00425034761428833
1746728801988969200,58.98596923828125,-0.25192489247868904,0.0021327659487724304,-0.12513726231149308,0.019342347979545593,0.018096493378727888,0.9850793184334565,0.006616399214169449,left,-0.007065713405609131,-0.2367639071416904,-2.376293955282867,-9.232147984546422,-0.11675656558955111,-0.007616044953465462,-0.0004983693361282349,2.3002293911255896,-0.0036407411098480225
1746728802028969500,59.02596948242188,-0.251187849314674,-0.007559044286608696,-0.12475551103574548,0.02004396729171276,0.017953035831079704,0.9850972816855567,0.006347391021277537,left,-0.0009958148002624512,-0.23728113643269153,-2.369192744975537,-9.232743027830123,-0.11703480440076508,-0.024138540029525757,-0.0011499226093292236,2.3051598332650958,-0.004816412925720215
1746728802068969500,59.06596948242188,-0.2506392071349805,-0.01835476979613304,-0.12442567297869218,0.022372767329216003,0.017514650833935937,0.9850898569563034,0.00541656686472113,left,0.00028210878372192383,-0.23812466850721334,-2.363643878676742,-9.232154414287209,-0.11751318052219754,-0.033797331154346466,0.0002340078353881836,2.3131994934663176,-0.0011647045612335205
1746728802108969500,59.10596948242188,-0.25024584324736854,-0.012046905234456062,-0.12417460948747,0.016042113304138184,0.017127008961963418,0.9850621543854533,0.004549859974269451,left,0.0013404488563537598,-0.2391337127546918,-2.359432836852968,-9.230817612725495,-0.11806747386794536,-0.030454983934760094,0.0006412863731384277,2.3228144401602444,0.0012736618518829346
1746728802148969500,59.145969482421876,-0.24985321616250472,-0.005739040672779083,-0.12392346989403279,0.009711459279060364,0.016739411799133935,0.9850338197879014,0.0036834579459138284,left,0.002397477626800537,-0.24014305237598718,-2.3552274941176177,-9.229466782638431,-0.11862169578184131,-0.02711263671517372,0.0010491609573364258,2.332429825245589,0.0037119686603546143
1746728802188969500,59.185969482421875,-0.24986082882764418,-0.004966020584106445,-0.12389106860557535,0.0016151722520589828,0.01657336003599748,0.9849694201532043,0.0032025778740532936,left,0.002227962017059326,-0.24128204048486115,-2.3546393189661203,-9.226868582838772,-0.11921240292918495,-0.027112193405628204,0.0005007684230804443,2.3432773824743927,0.0032589584589004517
1746728802228969200,59.22596923828125,-0.24986900342614893,-0.004193000495433807,-0.12385862401905579,-0.0064811138436198235,0.016407309981288067,0.9849045990534783,0.002721566369372596,left,0.0020571351051330566,-0.24242102507569702,-2.3540531896412373,-9.224257523557544,-0.11980306907093942,-0.027111751958727837,-0.000047400593757629395,2.3541220170937476,0.0028062760829925537
1746728802268969200,59.26596923828125,-0.2500306935218074,-0.0033802224788814783,-0.12391075802253938,0.00005618389695882797,0.016295314575964354,0.9848447596971331,0.0023645170994550484,left,-0.0010838508605957031,-0.2432969594638435,-2.3550335789807137,-9.22187501233518,-0.1202552274120207,-0.016212577000260353,0.0007448494434356689,2.362459929589182,0.002606600522994995
1746728802308969500,59.30596948242187,-0.2499058859364246,-0.0002508705947548151,-0.12383630098241558,0.0014389625284820795,0.016247576884637252,0.9848202472673945,0.0022131899999142807,left,0.0007889866828918457,-0.2438518545328421,-2.3535579534702,-9.220897691735624,-0.12053886351533087,-0.007676425389945507,-0.00009553134441375732,2.367740938732028,0.002168625593185425
1746728802348969500,59.34596948242187,-0.2499058859364246,0.0012167873792350292,-0.12383630098241558,0.00015495275147259235,0.016247576884637252,0.9848202472673945,0.0022131899999142807,left,0.0005742311477661133,-0.2438518545328421,-2.3535579534702,-9.220897691735624,-0.12053886351533087,0.00013080285862088203,0.0011583268642425537,2.367740938732028,0.001571744680404663
1746728802388969500,59.38596948242188,-0.2499058859364246,0.0034025234635919333,-0.12383630098241558,0.006946302950382233,0.016247576884637252,0.9848202472673945,0.0022131899999142807,left,-0.0011352896690368652,-0.2438518545328421,-2.3535579534702,-9.220897691735624,-0.12053886351533087,0.0018789895111694932,0.0011569410562515259,2.367740938732028,0.001464545726776123
1746728802428969500,59.42596948242188,-0.24944706068372208,-0.007120201364159584,-0.12359431923292982,0.007543264422565699,0.016135057988654927,0.9848271669260612,0.001992488176907709,left,-0.0002524852752685547,-0.24423802501691017,-2.349101120191812,-9.221089999437332,-0.12074638019991586,-0.006110224407166243,0.002208724617958069,2.371415681722015,0.00023598968982696533
1746728802468969500,59.465969482421876,-0.24898820479949255,-0.017642926424741745,-0.12335230550580163,0.008140225894749165,0.016022540117728915,0.9848338337057101,0.0017719577564923202,left,0.0006299018859863281,-0.24462422356219343,-2.3446438485220074,-9.22127821548581,-0.12095386563840424,-0.01409943774342537,0.0032604634761810303,2.375090424712002,-0.0009925514459609985
1746728802508969200,59.50596923828125,-0.24885696175657496,-0.02412983775138855,-0.12323221781143967,-0.0026645511388778687,0.015599563296587028,0.9848307704445175,0.0008916459021112472,left,0.0020668506622314453,-0.24492388791986067,-2.3432582393825054,-9.220895938169956,-0.12115672789380823,-0.011753814294934273,0.0018709450960159302,2.377941576359421,0.001298755407333374
1746728802548969500,59.545969482421874,-0.24912787411573023,-0.01188299898058176,-0.12331868603235302,-0.009721677750349045,0.015248886730806101,0.9848129115629434,0.00013159996337562972,left,0.00111311674118042,-0.24504012751837606,-2.34568795074746,-9.21999285185039,-0.12125872114500058,-0.005215856712311506,0.00044761598110198975,2.379047491774708,0.004167020320892334
1746728802588969500,59.58596948242187,-0.249480584813249,-0.002931557595729828,-0.12350969140339974,-0.0111942607909441,0.015399425930965754,0.9847947241351593,0.00040571867436658455,left,0.00026667118072509766,-0.2449458193352019,-2.3489951755993066,-9.219382026475667,-0.12119267051717118,0.0019705016165971756,0.00021691620349884033,2.378150250674039,0.002272859215736389
1746728802628969500,59.62596948242187,-0.249480584813249,0.006019883789122105,-0.12350969140339974,-0.012666844762861729,0.015399425930965754,0.9847947241351593,0.00040571867436658455,left,-0.0005174875259399414,-0.2449458193352019,-2.3489951755993066,-9.219382026475667,-0.12119267051717118,0.009156860411167145,-0.00035102665424346924,2.378150250674039,0.0002872049808502197
1746728802668969500,59.66596948242187,-0.2500693346022902,0.0008000507950782776,-0.12382746120803845,-0.012520781718194485,0.015625887545169075,0.9847727561843665,0.0008299857421140221,left,-0.0005221366882324219,-0.24465300542466062,-2.354594895302504,-9.218671832379698,-0.12101769080185526,0.012360731139779091,0.0002474486827850342,2.37536427321732,-0.0003787130117416382
1746728802708969500,59.70596948242188,-0.2506184057224693,-0.005339279770851135,-0.12409813559413482,-0.012094278819859028,0.01560631451672079,0.9847664812072104,0.0007797504735011394,left,-0.0014572739601135254,-0.24420038963542384,-2.359922666196525,-9.218418149879573,-0.12079365562229856,0.009262284263968468,0.0007303953170776367,2.371057662064582,-0.00018742680549621582
1746728802748969200,59.74596923828125,-0.25116736741190737,-0.011478610336780548,-0.12436878899240734,-0.011667775921523571,0.01558678414730316,0.9847600799613875,0.0007298703076081911,left,-0.002392888069152832,-0.24374774478606603,-2.3652494141772387,-9.218159791204332,-0.12056959928407275,0.0061638373881578445,0.0012132227420806885,2.366750174129009,0.000003948807716369629
1746728802788969500,59.785969482421876,-0.2517894626528782,-0.0053999884985387325,-0.12466321533951548,-0.02020413428544998,0.01550487125274943,0.9847340381420849,0.0005103275070193777,left,0.0035663247108459473,-0.24356605202668394,-2.3710905414208767,-9.21710297562778,-0.12048896760059302,0.0034929062239825726,0.00023247301578521729,2.3650210122488438,-0.00026875734329223633
1746728802828969500,59.825969482421876,-0.25253324007129724,0.0009957985021173954,-0.12502981837747354,-0.00602967943996191,0.015514676659399589,0.984706513629837,0.00047845442561342494,left,-0.005867481231689453,-0.24325706075562106,-2.3781278927117584,-9.216044406485556,-0.12033304802764473,0.0022612898610532284,0.0013540387153625488,2.362080136491358,0.001371145248413086
1746728802985051600,59.9820517578125,-0.2534670833932138,0.016846278682351112,-0.12555128618181463,-0.017325880005955696,0.016115583147607495,0.9846198924286663,0.0015434906639657609,left,0.0037806821055710316,-0.24358212875662535,-2.3865404778786004,-9.213075619807839,-0.12041900080509572,0.003863179823383689,-0.0020198780111968517,2.3651740108534693,0.0021247861441224813
1746728803024924200,60.02192407226563,-0.254078421049018,0.007142273243516684,-0.12590740946489928,-0.027144011110067368,0.016538962730792597,0.9846067728031347,0.0023969688128229953,left,0.003395598381757736,-0.24304743907726817,-2.3924898878023027,-9.212837719398737,-0.12009710983960005,0.03769482672214508,-0.003801334649324417,2.360084871020913,-0.009655517525970936
1746728803064924400,60.06192431640625,-0.2553346893859248,0.004752940498292446,-0.1265170439049634,-0.018063418567180634,0.0163920072274097,0.9846038590146735,0.0021031154302053245,left,0.00045752525329589844,-0.24181609253701603,-2.4047939274497327,-9.212629629606008,-0.11949909314263124,0.02508462779223919,-0.003580629825592041,2.3483625767841936,-0.0063164085149765015
1746728803104924400,60.10192431640625,-0.2565902335991078,0.0023636077530682087,-0.12712659141829266,-0.008982825092971325,0.01624497050619029,0.9846001862474743,0.00181079959049161,left,-0.0024833083152770996,-0.24058438240899097,-2.4170910989649594,-9.212394067284464,-0.11890099476241857,0.012474428862333298,-0.0033606290817260742,2.33663341441527,-0.0029765814542770386
1746728803144924400,60.14192431640625,-0.2572944047751912,0.0035044755786657333,-0.12746788425848266,-0.005434808786958456,0.01618180847524813,0.9845856844681249,0.0016606820461090295,left,-0.0018105506896972656,-0.2400952609868827,-2.423868191884458,-9.211793763303756,-0.1186640420783378,-0.0018799882382154465,-0.0028870105743408203,2.3319746288239953,-0.0007041245698928833
1746728803184924400,60.18192431640625,-0.25744758442096266,0.0008838255889713764,-0.12752804501138734,0.009810788556933403,0.016102424730387387,0.9845595686078672,0.0014414932061871044,left,-0.0015841126441955566,-0.2404004373928551,-2.425097879809886,-9.210733440595865,-0.11882701330320596,-0.020804746076464653,-0.0011050701141357422,2.3348814561814066,0.0002772808074951172
1746728803224924400,60.22192431640625,-0.257210083538667,-0.007404229138046503,-0.12737092113356266,0.016627565026283264,0.015878444095850736,0.9845205596434347,0.0008883468318202749,left,-0.0011273622512817383,-0.241381581696595,-2.4223263692699373,-9.209089180520177,-0.1193471662449221,-0.03453047573566437,-0.00038382411003112793,2.3442253308489915,0.00045089423656463623
1746728803264924200,60.26192407226562,-0.25685038959743955,-0.017996735870838165,-0.12712740341163783,0.018128272145986557,0.015454175087678882,0.9844827618679438,-0.0000770848713385123,left,-0.0014320611953735352,-0.24252127291795145,-2.418333500241488,-9.207370101642608,-0.11997242983577519,-0.033470749855041504,0.0012258142232894897,2.355076249078661,0.0008564889430999756
1746728803304924400,60.30192431640625,-0.25641762319781086,-0.026120280846953392,-0.12683038534530205,0.017516592517495155,0.014853472514314415,0.9844670926850009,-0.0013581718227481138,left,-0.0006251335144042969,-0.2434013432898153,-2.4138220141664144,-9.206407394090295,-0.12049024158920386,-0.024452678859233856,0.0015105456113815308,2.3634533245407043,0.0015956610441207886
1746728803344924400,60.34192431640625,-0.25625683528478094,-0.02462608553469181,-0.12666896168728803,0.008703992702066898,0.014224105128515616,0.9844629820763515,-0.0026681225396834127,left,-0.0003050565719604492,-0.24379712864340128,-2.4121043965935707,-9.205889507696032,-0.12076924082806807,-0.01001384761184454,0.0014091432094573975,2.367220129728317,0.0027806460857391357
1746728803384924400,60.38192431640625,-0.2562732301037315,-0.012009987607598305,-0.12662653477060537,0.002026722300797701,0.01381530245651205,0.984467183438062,-0.003502202640710588,left,0.0012396574020385742,-0.24380931574391873,-2.412248042847961,-9.205822287678718,-0.12082792709164067,-0.0003902353346347809,0.0013687312602996826,2.36733615732342,0.004100188612937927
1746728803424924400,60.42192431640625,-0.2562732301037315,0.0026828842237591743,-0.12662653477060537,-0.00782712735235691,0.01381530245651205,0.984467183438062,-0.003502202640710588,left,0.0016314983367919922,-0.24380931574391873,-2.412248042847961,-9.205822287678718,-0.12082792709164067,0.001775495009496808,0.00037436187267303467,2.36733615732342,0.00388316810131073
1746728803464924400,60.46192431640625,-0.2562732301037315,0.00858201552182436,-0.12662653477060537,-0.006783626042306423,0.01381530245651205,0.984467183438062,-0.003502202640710588,left,0.0005711913108825684,-0.24380931574391873,-2.412248042847961,-9.205822287678718,-0.12082792709164067,0.0007762743625789881,0.000041678547859191895,2.36733615732342,0.002369225025177002
1746728803504924400,60.50192431640625,-0.2566936943655602,0.0034377221018075943,-0.1268534127403418,-0.0073123713955283165,0.014031857195812547,0.9844249868298144,-0.0031418459944098248,left,0.0024466514587402344,-0.24402590305497124,-2.4159883984200654,-9.204311298593879,-0.12090876770549404,0.0034375947434455156,-0.0002796947956085205,2.369397181506455,-0.00023111701011657715
1746728803544924200,60.54192407226562,-0.2570023715960641,-0.0012490400113165379,-0.12700285957866536,-0.004064003936946392,0.013972991963454138,0.9844318289429087,-0.0032439431819009973,left,0.0010510087013244629,-0.2435976799520689,-2.4190870950877663,-9.204545107349754,-0.12070232638834978,0.007369862869381905,-0.0005855411291122437,2.3653220410220324,0.0004748404026031494
1746728803584924400,60.58192431640625,-0.25731102760874497,-0.00593580212444067,-0.12715230641698577,-0.0008156360127031803,0.013914084413750478,0.984438713031663,-0.003345978399138057,left,-0.00034481287002563477,-0.24316945967704143,-2.422185499494523,-9.204777162539958,-0.12049588507120534,0.011302130296826363,-0.0008914172649383545,2.36124631601572,0.0011808574199676514
1746728803624924400,60.62192431640625,-0.25737525991742066,-0.009165680035948753,-0.1271778794586415,-0.006776102818548679,0.013792954858395207,0.9844695373841217,-0.003527053020286608,left,0.0013914704322814941,-0.2426071671764816,-2.4231143047772346,-9.205903536221385,-0.12023019996217225,0.00839956197887659,-0.0012083947658538818,2.3558939952023326,-0.00025144219398498535
1746728803664924400,60.66192431640625,-0.25743946772528215,-0.012395558878779411,-0.12720346332481314,-0.012736569158732891,0.013671741010034716,0.9845003613948958,-0.0037082422109276283,left,0.0031273365020751953,-0.24204490533046427,-2.4240422332771123,-9.207027571815251,-0.1199645251045436,0.005496993660926819,-0.00152549147605896,2.3505412359975275,-0.0016836971044540405
1746728803704924400,60.70192431640625,-0.25743946772528215,-0.015099596232175827,-0.12720346332481314,0.011053037829697132,0.013671741010034716,0.9845003613948958,-0.0037082422109276283,left,-0.0045168399810791016,-0.24204490533046427,-2.4240422332771123,-9.207027571815251,-0.1199645251045436,-0.003998434171080589,0.00020393729209899902,2.3505412359975275,-0.0011237859725952148
1746728803744924400,60.74192431640625,-0.25729715426310573,-0.01439832802861929,-0.12706563904244117,0.01177805196493864,0.013151910844243017,0.9844970741237481,-0.004789266917164701,left,-0.0029230713844299316,-0.24237152383654395,-2.4225365048892793,-9.206629512408375,-0.12019497127137975,-0.014591640792787075,0.0008923560380935669,2.353650746320188,0.0004940330982208252
1746728803784924200,60.781924072265625,-0.2571552372716686,-0.013697059825062752,-0.12692778228652038,0.012503066100180149,0.012632081703507561,0.9844935339735825,-0.005870323068043081,left,-0.001329660415649414,-0.24269833512600494,-2.4210341375023123,-9.20622911491394,-0.12042538668402149,-0.02518484741449356,0.0015810877084732056,2.3567618640780448,0.002111688256263733
1746728803824924400,60.82192431640625,-0.2573341415509152,-0.011558366939425468,-0.12694962792125702,0.0023727966472506523,0.012251477639845545,0.9844244292486307,-0.006803103505050988,left,-0.0004075169563293457,-0.24375928184661685,-2.422043460675329,-9.203372556439042,-0.12100564719822776,-0.028792906552553177,0.0014169365167617798,2.3668599181137977,0.0027551352977752686
1746728803864924400,60.86192431640625,-0.2575140530827184,-0.00941967312246561,-0.126971398114984,-0.007757473737001419,0.011870875967981259,0.9843547344726372,-0.007736305169637245,left,0.0005133152008056641,-0.24482001358447134,-2.4230583368062972,-9.20050372300446,-0.12158583562471229,-0.03240096569061279,0.0012533515691757202,2.3769532959744333,0.0033990591764450073
1746728803904924400,60.90192431640625,-0.2579875097996987,-0.005068967118859291,-0.12714914058035073,-0.01073677372187376,0.011622854017737983,0.9842576335310886,-0.008452311542124773,left,-0.0016796588897705078,-0.2459994351122755,-2.426697277830541,-9.196638279747962,-0.122208918070737,-0.03082227148115635,0.000719115138053894,2.3881729013860222,0.004242941737174988
1746728803944924400,60.94192431640625,-0.2586002493048737,0.0019214693456888199,-0.1274125900573539,-0.017315557226538658,0.011534293349041833,0.9841455845139683,-0.008870441265883247,left,0.00029081106185913086,-0.24724082618359586,-2.431571898129582,-9.192276577407121,-0.12284279812827112,-0.028274860233068466,-0.0010921210050582886,2.3999784899920225,0.004785642027854919
1746728803984924400,60.98192431640625,-0.25920551930278296,0.004362715408205986,-0.12768901247315917,-0.011954884976148605,0.011553376158693623,0.9840440450100465,-0.009044527442204875,left,-0.0011665821075439453,-0.2482899976942185,-2.4364884578742085,-9.18836378787756,-0.12336657018313026,-0.020789066329598427,-0.0014469027519226074,2.409953063778579,0.003740668296813965
1746728804024924200,61.02192407226563,-0.2596487318050863,-0.0014508110471069813,-0.1278841530846159,-0.0074039967730641365,0.011478725618337316,0.9839835983816668,-0.009324082103620734,left,-0.0002980232238769531,-0.24884106236496528,-2.4402193149656055,-9.185998227789998,-0.12365297067885155,-0.013486994430422783,-0.0010222643613815308,2.415191110562533,0.002480342984199524
1746728804064924400,61.06192431640625,-0.2600922331942937,-0.007264337968081236,-0.12807929353077027,-0.0028531081043183804,0.011404033102321132,0.9839231094359419,-0.009604016703286438,left,0.0005700588226318359,-0.24939205103277254,-2.4439504643179473,-9.183627991527318,-0.12393937133854342,-0.006184922996908426,-0.0005975961685180664,2.4204276960417626,0.0012201517820358276
1746728804104924400,61.10192431640625,-0.26040522116341014,-0.005520434118807316,-0.12820461573967523,-0.004006258212029934,0.011237017772881832,0.9838884618036358,-0.010019301697906864,left,-0.0000940561294555664,-0.2496684719524476,-2.446652416753024,-9.182215786641835,-0.12410016907905985,-0.009662769734859467,-0.00016987323760986328,2.423054537414014,0.00122755765914917
1746728804144924400,61.14192431640625,-0.2607183424817798,-0.003776530735194683,-0.12832992728936624,-0.005159408785402775,0.011070044760787844,0.9838537721956688,-0.010434616245441715,left,-0.0007583498954772949,-0.24994478199695416,-2.449354807579517,-9.180801828190683,-0.12426095640420756,-0.01314061600714922,0.0002578943967819214,2.4256800636120137,0.0012350529432296753
1746728804184924400,61.18192431640625,-0.26130560517964574,-0.0026601983699947596,-0.12858651526467396,-0.010673297569155693,0.010956693925888012,0.9837747925223363,-0.010832247537380256,left,-0.00018614530563354492,-0.25064910006587066,-2.4543039544194936,-9.177709122872352,-0.12462967332057329,-0.015327665023505688,-0.000547260046005249,2.4323718163356185,0.002051129937171936
1746728804224924400,61.22192431640625,-0.26189333632262424,-0.001543866004794836,-0.12884309274606984,-0.016187187284231186,0.010843385408333479,0.9836957708733433,-0.011230292053717682,left,0.0003851652145385742,-0.2513532834911065,-2.459253393520415,-9.174608234247565,-0.12499837965760288,-0.01751471497118473,-0.0013523995876312256,2.4390610848411916,0.0028674453496932983
1746728804264924200,61.26192407226562,-0.262489530988477,0.006729190703481436,-0.1291173392866029,-0.011880766600370407,0.010851448961261981,0.9836092753931083,-0.01139463036346459,left,-0.00038743019104003906,-0.2521442837714634,-2.464221537321806,-9.171274705910681,-0.12539470590871646,-0.018657837063074112,-0.0030905306339263916,2.4465736524283885,0.005242452025413513
1746728804304924400,61.30192431640625,-0.2628777601594578,0.007715020328760147,-0.12930852551123048,-0.009233536198735237,0.010997793260933622,0.9835342144125135,-0.011251701885354766,left,0.00009429454803466797,-0.2529354255629814,-2.467278002282977,-9.168445035442709,-0.12577236209462114,-0.014096735045313835,-0.00211295485496521,2.4540859277546403,0.002310335636138916
1746728804500249000,61.4972490234375,-0.26515905680511737,-0.005364695098251104,-0.1302971575405176,-0.020033257082104683,0.01033140937142458,0.9833041291468965,-0.013096648260283637,left,-0.007809195667505264,-0.25441047176677284,-2.4872362099453804,-9.159289084562658,-0.12660507877063035,-0.01411784440279007,-0.0004590502940118313,2.4680884418830273,0.0008913769270293415
1746728804540249300,61.537249267578126,-0.26512383736026746,-0.00022427691146731377,-0.1302626412582455,-0.012008029036223888,0.010366869090245307,0.9832383125443686,-0.013166917874918773,left,-0.004138529300689697,-0.255505610931444,-2.486203944288194,-9.156762780955434,-0.12714812005540468,-0.02068272791802883,-0.0016192495822906494,2.4784809488207102,0.0034640729427337646
1746728804580249300,61.577249267578125,-0.26508866828118716,0.004916141275316477,-0.13022808233911684,-0.003982800059020519,0.010402330175807606,0.9831721587698166,-0.013237157684286403,left,-0.00046902894973754883,-0.2566007363378934,-2.485169340543449,-9.154225371432304,-0.12769111967871685,-0.027247611433267593,-0.0027796924114227295,2.4888702408879992,0.006037116050720215
1746728804620249300,61.617249267578124,-0.26519718097999784,0.010318482294678688,-0.13026914999754752,-0.0020752795971930027,0.010507242649666508,0.9830869831091422,-0.013203291992501377,left,0.0006715655326843262,-0.25783345896880316,-2.4853563875481486,-9.15098770468533,-0.1282941854748313,-0.026454541832208633,-0.003912389278411865,2.500561263203621,0.0053077638149261475
1746728804660249300,61.65724926757812,-0.2652006587718914,0.009830872528254986,-0.13027005267030908,0.0007833237759768963,0.010680515332173953,0.9830128320808504,-0.013005625023357276,left,0.0007079243659973145,-0.2589838741021918,-2.4846327494487164,-9.148197197183967,-0.1288466104413258,-0.01857532560825348,-0.0036690831184387207,2.5114684416651722,0.003942698240280151
1746728804700249000,61.6972490234375,-0.26509424331837117,0.003990232478827238,-0.13020988748061027,0.006810310762375593,0.01075291749088097,0.9829625068000462,-0.012964526546027855,left,0.00011616945266723633,-0.2598795174642637,-2.48306886113286,-9.14628697964847,-0.12928460790723484,-0.01743362471461296,-0.00298115611076355,2.5199577453300357,0.003076106309890747
1746728804740249000,61.7372490234375,-0.2650125578940934,-0.006444874685257673,-0.13014690599830714,0.011210847645998001,0.01066782472470536,0.982930720075459,-0.013207659238324659,left,-0.002623319625854492,-0.26048149733960496,-2.481924075011909,-9.145024412366748,-0.12959665534416678,-0.005623600445687771,-0.001251310110092163,2.5256626789733767,-0.0007578432559967041
1746728804780249300,61.77724926757813,-0.26466426871319226,-0.016442617401480675,-0.12994094697120187,0.015139056369662285,0.010382682185698065,0.982955653346026,-0.013742979077267665,left,-0.0012967586517333984,-0.26048943514011347,-2.4787334622770545,-9.145868461975455,-0.12963719895096906,0.001631160732358694,-0.0010603070259094238,2.5257377900362012,-0.0017006993293762207
1746728804820249300,61.81724926757813,-0.2644077874412356,-0.02063807100057602,-0.12976622719654474,0.015731384977698326,0.009961785193020973,0.9829905731260669,-0.014535565179050542,left,-0.001786947250366211,-0.26026565296328324,-2.476535367710888,-9.147049196192622,-0.12958001204823436,0.00040927715599536896,0.0006378293037414551,2.5236171446204185,-0.0027003884315490723
1746728804860249300,61.857249267578126,-0.2640312900113159,-0.018500011414289474,-0.12952721957039817,0.01284815464168787,0.00951210128968389,0.9830255869534026,-0.015387340391812505,left,-0.0015735030174255371,-0.2601647490782332,-2.4731577079713345,-9.14822700780034,-0.1295874754316544,-0.006208186503499746,-0.000023752450942993164,2.522660866808891,-0.002694070339202881
1746728804900249300,61.897249267578125,-0.26370262940013733,-0.013858651742339134,-0.12931026769218074,0.01348800864070654,0.0091110764265445,0.9830345824744161,-0.016193574190414287,left,-0.0017355084419250488,-0.2604167565922376,-2.4699852154150603,-9.148425160720944,-0.12976500116779055,-0.01788111962378025,0.0002797245979309082,2.5250492232501505,-0.0025303661823272705
